-- phpMyAdmin SQL Dump
-- version 3.3.9
-- http://www.phpmyadmin.net
--
-- Host: localhost
-- Erstellungszeit: 21. Januar 2015 um 11:53
-- Server Version: 5.5.8
-- PHP-Version: 5.3.5

SET SQL_MODE="NO_AUTO_VALUE_ON_ZERO";


/*!40101 SET @OLD_CHARACTER_SET_CLIENT=@@CHARACTER_SET_CLIENT */;
/*!40101 SET @OLD_CHARACTER_SET_RESULTS=@@CHARACTER_SET_RESULTS */;
/*!40101 SET @OLD_COLLATION_CONNECTION=@@COLLATION_CONNECTION */;
/*!40101 SET NAMES utf8 */;

--
-- Datenbank: `ingrid_portal`
--

-- --------------------------------------------------------

--
-- Tabellenstruktur für Tabelle `admin_activity`
--

DROP TABLE IF EXISTS `admin_activity`;
CREATE TABLE IF NOT EXISTS `admin_activity` (
  `ACTIVITY` varchar(40) COLLATE utf8_unicode_ci DEFAULT NULL,
  `CATEGORY` varchar(40) COLLATE utf8_unicode_ci DEFAULT NULL,
  `ADMIN` varchar(80) COLLATE utf8_unicode_ci DEFAULT NULL,
  `USER_NAME` varchar(80) COLLATE utf8_unicode_ci DEFAULT NULL,
  `TIME_STAMP` datetime DEFAULT NULL,
  `IPADDRESS` varchar(80) COLLATE utf8_unicode_ci DEFAULT NULL,
  `ATTR_NAME` varchar(200) COLLATE utf8_unicode_ci DEFAULT NULL,
  `ATTR_VALUE_BEFORE` varchar(1000) COLLATE utf8_unicode_ci DEFAULT NULL,
  `ATTR_VALUE_AFTER` varchar(1000) COLLATE utf8_unicode_ci DEFAULT NULL,
  `DESCRIPTION` varchar(128) COLLATE utf8_unicode_ci DEFAULT NULL
) ENGINE=InnoDB DEFAULT CHARSET=utf8 COLLATE=utf8_unicode_ci;

--
-- Daten für Tabelle `admin_activity`
--


-- --------------------------------------------------------

--
-- Tabellenstruktur für Tabelle `capability`
--

DROP TABLE IF EXISTS `capability`;
CREATE TABLE IF NOT EXISTS `capability` (
  `CAPABILITY_ID` int(11) NOT NULL,
  `CAPABILITY` varchar(80) COLLATE utf8_unicode_ci NOT NULL,
  PRIMARY KEY (`CAPABILITY_ID`)
) ENGINE=InnoDB DEFAULT CHARSET=utf8 COLLATE=utf8_unicode_ci;

--
-- Daten für Tabelle `capability`
--

INSERT INTO `capability` (`CAPABILITY_ID`, `CAPABILITY`) VALUES
(1, 'HTML_3_2'),
(2, 'HTML_4_0'),
(3, 'HTML_ACTIVEX'),
(4, 'HTML_CSS1'),
(5, 'HTML_CSS2'),
(6, 'HTML_CSSP'),
(7, 'HTML_DOM'),
(8, 'HTML_DOM_1'),
(9, 'HTML_DOM_2'),
(10, 'HTML_DOM_IE'),
(11, 'HTML_DOM_NS4'),
(12, 'HTML_FORM'),
(13, 'HTML_FRAME'),
(14, 'HTML_IFRAME'),
(15, 'HTML_IMAGE'),
(16, 'HTML_JAVA'),
(17, 'HTML_JAVA1_0'),
(18, 'HTML_JAVA1_1'),
(19, 'HTML_JAVA1_2'),
(20, 'HTML_JAVASCRIPT'),
(21, 'HTML_JAVASCRIPT_1_0'),
(22, 'HTML_JAVASCRIPT_1_1'),
(23, 'HTML_JAVASCRIPT_1_2'),
(24, 'HTML_JAVA_JRE'),
(25, 'HTML_JSCRIPT'),
(26, 'HTML_JSCRIPT1_0'),
(27, 'HTML_JSCRIPT1_1'),
(28, 'HTML_JSCRIPT1_2'),
(29, 'HTML_LAYER'),
(30, 'HTML_NESTED_TABLE'),
(31, 'HTML_PLUGIN'),
(32, 'HTML_PLUGIN_'),
(33, 'HTML_TABLE'),
(34, 'HTML_XML'),
(35, 'HTML_XSL'),
(36, 'HTTP_1_1'),
(37, 'HTTP_COOKIE'),
(38, 'WML_1_0'),
(39, 'WML_1_1'),
(40, 'WML_TABLE'),
(41, 'XML_XINCLUDE'),
(42, 'XML_XPATH'),
(43, 'XML_XSLT');

-- --------------------------------------------------------

--
-- Tabellenstruktur für Tabelle `client`
--

DROP TABLE IF EXISTS `client`;
CREATE TABLE IF NOT EXISTS `client` (
  `CLIENT_ID` int(11) NOT NULL,
  `EVAL_ORDER` int(11) NOT NULL,
  `NAME` varchar(80) COLLATE utf8_unicode_ci NOT NULL,
  `USER_AGENT_PATTERN` varchar(128) COLLATE utf8_unicode_ci DEFAULT NULL,
  `MANUFACTURER` varchar(80) COLLATE utf8_unicode_ci DEFAULT NULL,
  `MODEL` varchar(80) COLLATE utf8_unicode_ci DEFAULT NULL,
  `VERSION` varchar(40) COLLATE utf8_unicode_ci DEFAULT NULL,
  `PREFERRED_MIMETYPE_ID` int(11) NOT NULL,
  PRIMARY KEY (`CLIENT_ID`)
) ENGINE=InnoDB DEFAULT CHARSET=utf8 COLLATE=utf8_unicode_ci;

--
-- Daten für Tabelle `client`
--

INSERT INTO `client` (`CLIENT_ID`, `EVAL_ORDER`, `NAME`, `USER_AGENT_PATTERN`, `MANUFACTURER`, `MODEL`, `VERSION`, `PREFERRED_MIMETYPE_ID`) VALUES
(1, 1, 'ie5mac', '.*MSIE 5.*Mac.*', 'Microsoft', 'None', '5.*', 2),
(2, 2, 'safari', '.*Mac.*Safari.*', 'Apple', 'None', '5.*', 2),
(3, 3, 'ie6', '.*MSIE 6.*', 'Microsoft', 'None', '6.0', 2),
(4, 4, 'ie5', '.*MSIE 5.*', 'Microsoft', 'None', '5.5', 2),
(5, 5, 'ns4', '.*Mozilla/4.*', 'Netscape', 'None', '4.75', 2),
(6, 6, 'mozilla', '.*Mozilla/5.*', 'Mozilla', 'Mozilla', '1.x', 2),
(7, 7, 'lynx', 'Lynx.*', 'GNU', 'None', '', 2),
(8, 8, 'nokia_generic', 'Nokia.*', 'Nokia', 'Generic', '', 3),
(9, 9, 'xhtml-basic', 'DoCoMo/2.0.*|KDDI-.*UP.Browser.*|J-PHONE/5.0.*|Vodafone/1.0/.*', 'WAP', 'Generic', '', 1),
(10, 10, 'up', 'UP.*|.*UP.Browser.*', 'United Planet', 'Generic', '', 3),
(11, 11, 'sonyericsson', 'Ercis.*|SonyE.*', 'SonyEricsson', 'Generic', '', 3),
(12, 12, 'wapalizer', 'Wapalizer.*', 'Wapalizer', 'Generic', '', 3),
(13, 13, 'klondike', 'Klondike.*', 'Klondike', 'Generic', '', 3),
(14, 14, 'wml_generic', '.*WML.*|.*WAP.*|.*Wap.*|.*wml.*', 'Generic', 'Generic', '', 3),
(15, 15, 'vxml_generic', '.*VoiceXML.*', 'Generic', 'Generic', '', 4),
(16, 16, 'nuance', 'Nuance.*', 'Nuance', 'Generic', '', 4),
(17, 17, 'agentxml', 'agentxml/1.0.*', 'Unknown', 'Generic', '', 6),
(18, 18, 'opera7', '.*Opera/7.*', 'Opera', 'Opera7', '7.x', 2);

-- --------------------------------------------------------

--
-- Tabellenstruktur für Tabelle `client_to_capability`
--

DROP TABLE IF EXISTS `client_to_capability`;
CREATE TABLE IF NOT EXISTS `client_to_capability` (
  `CLIENT_ID` int(11) NOT NULL,
  `CAPABILITY_ID` int(11) NOT NULL,
  PRIMARY KEY (`CLIENT_ID`,`CAPABILITY_ID`)
) ENGINE=InnoDB DEFAULT CHARSET=utf8 COLLATE=utf8_unicode_ci;

--
-- Daten für Tabelle `client_to_capability`
--

INSERT INTO `client_to_capability` (`CLIENT_ID`, `CAPABILITY_ID`) VALUES
(1, 1),
(1, 4),
(1, 11),
(1, 12),
(1, 13),
(1, 15),
(1, 16),
(1, 20),
(1, 31),
(1, 33),
(1, 37),
(2, 1),
(2, 3),
(2, 4),
(2, 5),
(2, 6),
(2, 10),
(2, 12),
(2, 13),
(2, 14),
(2, 15),
(2, 16),
(2, 20),
(2, 30),
(2, 33),
(2, 37),
(3, 1),
(3, 3),
(3, 4),
(3, 5),
(3, 6),
(3, 10),
(3, 12),
(3, 13),
(3, 14),
(3, 15),
(3, 16),
(3, 20),
(3, 30),
(3, 33),
(3, 37),
(4, 1),
(4, 3),
(4, 4),
(4, 5),
(4, 6),
(4, 10),
(4, 12),
(4, 13),
(4, 14),
(4, 15),
(4, 16),
(4, 20),
(4, 30),
(4, 33),
(4, 37),
(5, 1),
(5, 4),
(5, 11),
(5, 12),
(5, 13),
(5, 15),
(5, 16),
(5, 20),
(5, 29),
(5, 31),
(5, 33),
(5, 37),
(6, 1),
(6, 2),
(6, 4),
(6, 5),
(6, 6),
(6, 8),
(6, 12),
(6, 13),
(6, 14),
(6, 15),
(6, 16),
(6, 20),
(6, 24),
(6, 30),
(6, 31),
(6, 33),
(6, 37),
(7, 12),
(7, 13),
(7, 30),
(7, 33),
(7, 37),
(18, 1),
(18, 2),
(18, 4),
(18, 5),
(18, 6),
(18, 8),
(18, 12),
(18, 13),
(18, 14),
(18, 15),
(18, 16),
(18, 20),
(18, 24),
(18, 30),
(18, 31),
(18, 33),
(18, 37);

-- --------------------------------------------------------

--
-- Tabellenstruktur für Tabelle `client_to_mimetype`
--

DROP TABLE IF EXISTS `client_to_mimetype`;
CREATE TABLE IF NOT EXISTS `client_to_mimetype` (
  `CLIENT_ID` int(11) NOT NULL,
  `MIMETYPE_ID` int(11) NOT NULL,
  PRIMARY KEY (`CLIENT_ID`,`MIMETYPE_ID`)
) ENGINE=InnoDB DEFAULT CHARSET=utf8 COLLATE=utf8_unicode_ci;

--
-- Daten für Tabelle `client_to_mimetype`
--

INSERT INTO `client_to_mimetype` (`CLIENT_ID`, `MIMETYPE_ID`) VALUES
(1, 2),
(2, 2),
(2, 5),
(2, 6),
(3, 2),
(3, 5),
(3, 6),
(4, 2),
(4, 6),
(5, 2),
(6, 2),
(6, 5),
(6, 6),
(7, 2),
(8, 3),
(9, 1),
(10, 3),
(11, 3),
(12, 3),
(13, 3),
(14, 3),
(15, 4),
(16, 4),
(17, 6),
(18, 2),
(18, 5),
(18, 6);

-- --------------------------------------------------------

--
-- Tabellenstruktur für Tabelle `clubs`
--

DROP TABLE IF EXISTS `clubs`;
CREATE TABLE IF NOT EXISTS `clubs` (
  `NAME` varchar(80) COLLATE utf8_unicode_ci NOT NULL,
  `COUNTRY` varchar(40) COLLATE utf8_unicode_ci NOT NULL,
  `CITY` varchar(40) COLLATE utf8_unicode_ci NOT NULL,
  `STADIUM` varchar(80) COLLATE utf8_unicode_ci NOT NULL,
  `CAPACITY` int(11) DEFAULT NULL,
  `FOUNDED` int(11) DEFAULT NULL,
  `PITCH` varchar(40) COLLATE utf8_unicode_ci DEFAULT NULL,
  `NICKNAME` varchar(40) COLLATE utf8_unicode_ci DEFAULT NULL,
  PRIMARY KEY (`NAME`)
) ENGINE=InnoDB DEFAULT CHARSET=utf8 COLLATE=utf8_unicode_ci;

--
-- Daten für Tabelle `clubs`
--


-- --------------------------------------------------------

--
-- Tabellenstruktur für Tabelle `custom_portlet_mode`
--

DROP TABLE IF EXISTS `custom_portlet_mode`;
CREATE TABLE IF NOT EXISTS `custom_portlet_mode` (
  `ID` int(11) NOT NULL,
  `APPLICATION_ID` int(11) NOT NULL,
  `CUSTOM_NAME` varchar(150) COLLATE utf8_unicode_ci NOT NULL,
  `MAPPED_NAME` varchar(150) COLLATE utf8_unicode_ci DEFAULT NULL,
  `PORTAL_MANAGED` smallint(6) NOT NULL,
  PRIMARY KEY (`ID`)
) ENGINE=InnoDB DEFAULT CHARSET=utf8 COLLATE=utf8_unicode_ci;

--
-- Daten für Tabelle `custom_portlet_mode`
--


-- --------------------------------------------------------

--
-- Tabellenstruktur für Tabelle `custom_window_state`
--

DROP TABLE IF EXISTS `custom_window_state`;
CREATE TABLE IF NOT EXISTS `custom_window_state` (
  `ID` int(11) NOT NULL,
  `APPLICATION_ID` int(11) NOT NULL,
  `CUSTOM_NAME` varchar(150) COLLATE utf8_unicode_ci NOT NULL,
  `MAPPED_NAME` varchar(150) COLLATE utf8_unicode_ci DEFAULT NULL,
  PRIMARY KEY (`ID`)
) ENGINE=InnoDB DEFAULT CHARSET=utf8 COLLATE=utf8_unicode_ci;

--
-- Daten für Tabelle `custom_window_state`
--


-- --------------------------------------------------------

--
-- Tabellenstruktur für Tabelle `event_alias`
--

DROP TABLE IF EXISTS `event_alias`;
CREATE TABLE IF NOT EXISTS `event_alias` (
  `ID` int(11) NOT NULL,
  `OWNER_ID` int(11) NOT NULL,
  `LOCAL_PART` varchar(80) COLLATE utf8_unicode_ci NOT NULL,
  `NAMESPACE` varchar(80) COLLATE utf8_unicode_ci DEFAULT NULL,
  `PREFIX` varchar(20) COLLATE utf8_unicode_ci DEFAULT NULL,
  PRIMARY KEY (`ID`)
) ENGINE=InnoDB DEFAULT CHARSET=utf8 COLLATE=utf8_unicode_ci;

--
-- Daten für Tabelle `event_alias`
--


-- --------------------------------------------------------

--
-- Tabellenstruktur für Tabelle `event_definition`
--

DROP TABLE IF EXISTS `event_definition`;
CREATE TABLE IF NOT EXISTS `event_definition` (
  `ID` int(11) NOT NULL,
  `APPLICATION_ID` int(11) NOT NULL,
  `LOCAL_PART` varchar(80) COLLATE utf8_unicode_ci NOT NULL,
  `NAMESPACE` varchar(80) COLLATE utf8_unicode_ci DEFAULT NULL,
  `PREFIX` varchar(20) COLLATE utf8_unicode_ci DEFAULT NULL,
  `VALUE_TYPE` varchar(255) COLLATE utf8_unicode_ci DEFAULT NULL,
  PRIMARY KEY (`ID`)
) ENGINE=InnoDB DEFAULT CHARSET=utf8 COLLATE=utf8_unicode_ci;

--
-- Daten für Tabelle `event_definition`
--


-- --------------------------------------------------------

--
-- Tabellenstruktur für Tabelle `filtered_portlet`
--

DROP TABLE IF EXISTS `filtered_portlet`;
CREATE TABLE IF NOT EXISTS `filtered_portlet` (
  `ID` int(11) NOT NULL,
  `OWNER_ID` int(11) NOT NULL,
  `NAME` varchar(150) COLLATE utf8_unicode_ci NOT NULL,
  PRIMARY KEY (`ID`)
) ENGINE=InnoDB DEFAULT CHARSET=utf8 COLLATE=utf8_unicode_ci;

--
-- Daten für Tabelle `filtered_portlet`
--


-- --------------------------------------------------------

--
-- Tabellenstruktur für Tabelle `filter_lifecycle`
--

DROP TABLE IF EXISTS `filter_lifecycle`;
CREATE TABLE IF NOT EXISTS `filter_lifecycle` (
  `ID` int(11) NOT NULL,
  `OWNER_ID` int(11) NOT NULL,
  `NAME` varchar(150) COLLATE utf8_unicode_ci NOT NULL,
  PRIMARY KEY (`ID`)
) ENGINE=InnoDB DEFAULT CHARSET=utf8 COLLATE=utf8_unicode_ci;

--
-- Daten für Tabelle `filter_lifecycle`
--


-- --------------------------------------------------------

--
-- Tabellenstruktur für Tabelle `filter_mapping`
--

DROP TABLE IF EXISTS `filter_mapping`;
CREATE TABLE IF NOT EXISTS `filter_mapping` (
  `ID` int(11) NOT NULL,
  `APPLICATION_ID` int(11) NOT NULL,
  `FILTER_NAME` varchar(150) COLLATE utf8_unicode_ci NOT NULL,
  PRIMARY KEY (`ID`)
) ENGINE=InnoDB DEFAULT CHARSET=utf8 COLLATE=utf8_unicode_ci;

--
-- Daten für Tabelle `filter_mapping`
--


-- --------------------------------------------------------

--
-- Tabellenstruktur für Tabelle `folder`
--

DROP TABLE IF EXISTS `folder`;
CREATE TABLE IF NOT EXISTS `folder` (
  `FOLDER_ID` int(11) NOT NULL,
  `PARENT_ID` int(11) DEFAULT NULL,
  `PATH` varchar(240) COLLATE utf8_unicode_ci NOT NULL,
  `NAME` varchar(80) COLLATE utf8_unicode_ci NOT NULL,
  `TITLE` varchar(100) COLLATE utf8_unicode_ci DEFAULT NULL,
  `SHORT_TITLE` varchar(40) COLLATE utf8_unicode_ci DEFAULT NULL,
  `IS_HIDDEN` smallint(6) NOT NULL,
  `SKIN` varchar(80) COLLATE utf8_unicode_ci DEFAULT NULL,
  `DEFAULT_LAYOUT_DECORATOR` varchar(80) COLLATE utf8_unicode_ci DEFAULT NULL,
  `DEFAULT_PORTLET_DECORATOR` varchar(80) COLLATE utf8_unicode_ci DEFAULT NULL,
  `DEFAULT_PAGE_NAME` varchar(80) COLLATE utf8_unicode_ci DEFAULT NULL,
  `SUBSITE` varchar(40) COLLATE utf8_unicode_ci DEFAULT NULL,
  `USER_PRINCIPAL` varchar(40) COLLATE utf8_unicode_ci DEFAULT NULL,
  `ROLE_PRINCIPAL` varchar(40) COLLATE utf8_unicode_ci DEFAULT NULL,
  `GROUP_PRINCIPAL` varchar(40) COLLATE utf8_unicode_ci DEFAULT NULL,
  `MEDIATYPE` varchar(15) COLLATE utf8_unicode_ci DEFAULT NULL,
  `LOCALE` varchar(20) COLLATE utf8_unicode_ci DEFAULT NULL,
  `EXT_ATTR_NAME` varchar(15) COLLATE utf8_unicode_ci DEFAULT NULL,
  `EXT_ATTR_VALUE` varchar(40) COLLATE utf8_unicode_ci DEFAULT NULL,
  `OWNER_PRINCIPAL` varchar(40) COLLATE utf8_unicode_ci DEFAULT NULL,
  PRIMARY KEY (`FOLDER_ID`),
  UNIQUE KEY `UN_FOLDER_1` (`PATH`),
  KEY `IX_FOLDER_1` (`PARENT_ID`)
) ENGINE=InnoDB DEFAULT CHARSET=utf8 COLLATE=utf8_unicode_ci;

--
-- Daten für Tabelle `folder`
--

INSERT INTO `folder` (`FOLDER_ID`, `PARENT_ID`, `PATH`, `NAME`, `TITLE`, `SHORT_TITLE`, `IS_HIDDEN`, `SKIN`, `DEFAULT_LAYOUT_DECORATOR`, `DEFAULT_PORTLET_DECORATOR`, `DEFAULT_PAGE_NAME`, `SUBSITE`, `USER_PRINCIPAL`, `ROLE_PRINCIPAL`, `GROUP_PRINCIPAL`, `MEDIATYPE`, `LOCALE`, `EXT_ATTR_NAME`, `EXT_ATTR_VALUE`, `OWNER_PRINCIPAL`) VALUES
(1, NULL, '/', '/', 'Root Folder', 'Root Folder', 0, NULL, NULL, NULL, NULL, NULL, NULL, NULL, NULL, NULL, NULL, NULL, NULL, NULL),
(2, 1, '/_role', '_role', 'Role', 'Role', 0, NULL, NULL, NULL, NULL, NULL, NULL, NULL, NULL, NULL, NULL, NULL, NULL, NULL),
(3, 2, '/_role/user', 'user', 'User', 'User', 0, NULL, NULL, NULL, NULL, NULL, NULL, 'user', NULL, NULL, NULL, NULL, NULL, NULL),
(4, 1, '/_user', '_user', 'User', 'User', 0, NULL, NULL, NULL, NULL, NULL, NULL, NULL, NULL, NULL, NULL, NULL, NULL, NULL),
(701, 4, '/_user/template', 'template', 'Template', 'Template', 0, NULL, NULL, NULL, NULL, NULL, 'template', NULL, NULL, NULL, NULL, NULL, NULL, NULL),
(771, 1, '/administration', 'administration', 'ingrid.page.administration', 'ingrid.page.administration', 0, NULL, NULL, NULL, 'admin-cms.psml', NULL, NULL, NULL, NULL, NULL, NULL, NULL, NULL, NULL),
(772, 1, '/application', 'application', 'ingrid.page.application', 'ingrid.page.application', 1, NULL, NULL, NULL, NULL, NULL, NULL, NULL, NULL, NULL, NULL, NULL, NULL, NULL),
(773, 1, '/cms', 'cms', 'ingrid.page.cms', 'ingrid.page.cms', 1, NULL, NULL, NULL, NULL, NULL, NULL, NULL, NULL, NULL, NULL, NULL, NULL, NULL),
(774, 1, '/mdek', 'mdek', 'ingrid.page.mdek', 'ingrid.page.mdek', 0, NULL, NULL, NULL, NULL, NULL, NULL, NULL, NULL, NULL, NULL, NULL, NULL, NULL),
(775, 1, '/search-catalog', 'search-catalog', 'Search Catalog', 'Search Catalog', 0, NULL, NULL, NULL, NULL, NULL, NULL, NULL, NULL, NULL, NULL, NULL, NULL, NULL),
(776, 1, '/search-extended', 'search-extended', 'Search Extended', 'Search Extended', 0, NULL, NULL, NULL, 'search-ext-env-topic-terms.psml', NULL, NULL, NULL, NULL, NULL, NULL, NULL, NULL, NULL);

-- --------------------------------------------------------

--
-- Tabellenstruktur für Tabelle `folder_constraint`
--

DROP TABLE IF EXISTS `folder_constraint`;
CREATE TABLE IF NOT EXISTS `folder_constraint` (
  `CONSTRAINT_ID` int(11) NOT NULL,
  `FOLDER_ID` int(11) NOT NULL,
  `APPLY_ORDER` int(11) NOT NULL,
  `USER_PRINCIPALS_ACL` varchar(120) COLLATE utf8_unicode_ci DEFAULT NULL,
  `ROLE_PRINCIPALS_ACL` varchar(120) COLLATE utf8_unicode_ci DEFAULT NULL,
  `GROUP_PRINCIPALS_ACL` varchar(120) COLLATE utf8_unicode_ci DEFAULT NULL,
  `PERMISSIONS_ACL` varchar(120) COLLATE utf8_unicode_ci DEFAULT NULL,
  PRIMARY KEY (`CONSTRAINT_ID`),
  KEY `IX_FOLDER_CONSTRAINT_1` (`FOLDER_ID`)
) ENGINE=InnoDB DEFAULT CHARSET=utf8 COLLATE=utf8_unicode_ci;

--
-- Daten für Tabelle `folder_constraint`
--

INSERT INTO `folder_constraint` (`CONSTRAINT_ID`, `FOLDER_ID`, `APPLY_ORDER`, `USER_PRINCIPALS_ACL`, `ROLE_PRINCIPALS_ACL`, `GROUP_PRINCIPALS_ACL`, `PERMISSIONS_ACL`) VALUES
(1, 774, 0, NULL, 'mdek', NULL, 'view');

-- --------------------------------------------------------

--
-- Tabellenstruktur für Tabelle `folder_constraints_ref`
--

DROP TABLE IF EXISTS `folder_constraints_ref`;
CREATE TABLE IF NOT EXISTS `folder_constraints_ref` (
  `CONSTRAINTS_REF_ID` int(11) NOT NULL,
  `FOLDER_ID` int(11) NOT NULL,
  `APPLY_ORDER` int(11) NOT NULL,
  `NAME` varchar(40) COLLATE utf8_unicode_ci NOT NULL,
  PRIMARY KEY (`CONSTRAINTS_REF_ID`),
  UNIQUE KEY `UN_FOLDER_CONSTRAINTS_REF_1` (`FOLDER_ID`,`NAME`),
  KEY `IX_FOLDER_CONSTRAINTS_REF_1` (`FOLDER_ID`)
) ENGINE=InnoDB DEFAULT CHARSET=utf8 COLLATE=utf8_unicode_ci;

--
-- Daten für Tabelle `folder_constraints_ref`
--

INSERT INTO `folder_constraints_ref` (`CONSTRAINTS_REF_ID`, `FOLDER_ID`, `APPLY_ORDER`, `NAME`) VALUES
(1, 1, 0, 'public-view'),
(2, 771, 0, 'admin'),
(3, 771, 1, 'admin-portal'),
(4, 771, 2, 'admin-partner'),
(5, 771, 3, 'admin-provider'),
(6, 774, 0, 'admin-portal');

-- --------------------------------------------------------

--
-- Tabellenstruktur für Tabelle `folder_menu`
--

DROP TABLE IF EXISTS `folder_menu`;
CREATE TABLE IF NOT EXISTS `folder_menu` (
  `MENU_ID` int(11) NOT NULL,
  `CLASS_NAME` varchar(100) COLLATE utf8_unicode_ci NOT NULL,
  `PARENT_ID` int(11) DEFAULT NULL,
  `FOLDER_ID` int(11) DEFAULT NULL,
  `ELEMENT_ORDER` int(11) DEFAULT NULL,
  `NAME` varchar(100) COLLATE utf8_unicode_ci DEFAULT NULL,
  `TITLE` varchar(100) COLLATE utf8_unicode_ci DEFAULT NULL,
  `SHORT_TITLE` varchar(40) COLLATE utf8_unicode_ci DEFAULT NULL,
  `TEXT` varchar(100) COLLATE utf8_unicode_ci DEFAULT NULL,
  `OPTIONS` varchar(255) COLLATE utf8_unicode_ci DEFAULT NULL,
  `DEPTH` int(11) DEFAULT NULL,
  `IS_PATHS` smallint(6) DEFAULT NULL,
  `IS_REGEXP` smallint(6) DEFAULT NULL,
  `PROFILE` varchar(80) COLLATE utf8_unicode_ci DEFAULT NULL,
  `OPTIONS_ORDER` varchar(255) COLLATE utf8_unicode_ci DEFAULT NULL,
  `SKIN` varchar(80) COLLATE utf8_unicode_ci DEFAULT NULL,
  `IS_NEST` smallint(6) DEFAULT NULL,
  PRIMARY KEY (`MENU_ID`),
  KEY `IX_FOLDER_MENU_1` (`PARENT_ID`),
  KEY `IX_FOLDER_MENU_2` (`FOLDER_ID`),
  KEY `UN_FOLDER_MENU_1` (`FOLDER_ID`,`NAME`)
) ENGINE=InnoDB DEFAULT CHARSET=utf8 COLLATE=utf8_unicode_ci;

--
-- Daten für Tabelle `folder_menu`
--

INSERT INTO `folder_menu` (`MENU_ID`, `CLASS_NAME`, `PARENT_ID`, `FOLDER_ID`, `ELEMENT_ORDER`, `NAME`, `TITLE`, `SHORT_TITLE`, `TEXT`, `OPTIONS`, `DEPTH`, `IS_PATHS`, `IS_REGEXP`, `PROFILE`, `OPTIONS_ORDER`, `SKIN`, `IS_NEST`) VALUES
(1, 'org.apache.jetspeed.om.folder.impl.FolderMenuDefinitionImpl', NULL, 1, 0, 'footer-menu', NULL, NULL, NULL, NULL, 0, 0, 0, NULL, NULL, NULL, NULL),
(2, 'org.apache.jetspeed.om.folder.impl.FolderMenuOptionsDefinitionImpl', 1, NULL, 0, NULL, NULL, NULL, NULL, '/disclaimer.psml', 0, 0, 0, NULL, NULL, NULL, NULL),
(3, 'org.apache.jetspeed.om.folder.impl.FolderMenuSeparatorDefinitionImpl', 1, NULL, 1, NULL, NULL, NULL, 'separator1', NULL, NULL, NULL, NULL, NULL, NULL, NULL, NULL),
(4, 'org.apache.jetspeed.om.folder.impl.FolderMenuOptionsDefinitionImpl', 1, NULL, 2, NULL, NULL, NULL, NULL, '/privacy.psml', 0, 0, 0, NULL, NULL, NULL, NULL),
(5, 'org.apache.jetspeed.om.folder.impl.FolderMenuSeparatorDefinitionImpl', 1, NULL, 3, NULL, NULL, NULL, 'separator1', NULL, NULL, NULL, NULL, NULL, NULL, NULL, NULL),
(6, 'org.apache.jetspeed.om.folder.impl.FolderMenuOptionsDefinitionImpl', 1, NULL, 4, NULL, NULL, NULL, NULL, '/webmaster.link', 0, 0, 0, NULL, NULL, NULL, NULL),
(7, 'org.apache.jetspeed.om.folder.impl.FolderMenuSeparatorDefinitionImpl', 1, NULL, 5, NULL, NULL, NULL, 'separator1', NULL, NULL, NULL, NULL, NULL, NULL, NULL, NULL),
(8, 'org.apache.jetspeed.om.folder.impl.FolderMenuOptionsDefinitionImpl', 1, NULL, 6, NULL, NULL, NULL, NULL, '/service-contact-newsletter.psml', 0, 0, 0, NULL, NULL, NULL, NULL),
(9, 'org.apache.jetspeed.om.folder.impl.FolderMenuDefinitionImpl', NULL, 1, 0, 'main-menu', NULL, NULL, NULL, NULL, 0, 0, 0, NULL, NULL, NULL, NULL),
(10, 'org.apache.jetspeed.om.folder.impl.FolderMenuOptionsDefinitionImpl', 9, NULL, 0, NULL, NULL, NULL, NULL, '/main-search.psml', 0, 0, 0, NULL, NULL, NULL, NULL),
(11, 'org.apache.jetspeed.om.folder.impl.FolderMenuOptionsDefinitionImpl', 9, NULL, 1, NULL, NULL, NULL, NULL, '/main-environment.psml', 0, 0, 0, NULL, NULL, NULL, NULL),
(12, 'org.apache.jetspeed.om.folder.impl.FolderMenuOptionsDefinitionImpl', 9, NULL, 2, NULL, NULL, NULL, NULL, '/main-measures.psml', 0, 0, 0, NULL, NULL, NULL, NULL),
(13, 'org.apache.jetspeed.om.folder.impl.FolderMenuOptionsDefinitionImpl', 9, NULL, 3, NULL, NULL, NULL, NULL, '/main-service.psml', 0, 0, 0, NULL, NULL, NULL, NULL),
(14, 'org.apache.jetspeed.om.folder.impl.FolderMenuOptionsDefinitionImpl', 9, NULL, 4, NULL, NULL, NULL, NULL, '/search-catalog/search-catalog-hierarchy.psml', 0, 0, 0, NULL, NULL, NULL, NULL),
(15, 'org.apache.jetspeed.om.folder.impl.FolderMenuOptionsDefinitionImpl', 9, NULL, 5, NULL, NULL, NULL, NULL, '/main-maps.psml', 0, 0, 0, NULL, NULL, NULL, NULL),
(16, 'org.apache.jetspeed.om.folder.impl.FolderMenuOptionsDefinitionImpl', 9, NULL, 6, NULL, NULL, NULL, NULL, '/main-chronicle.psml', 0, 0, 0, NULL, NULL, NULL, NULL),
(17, 'org.apache.jetspeed.om.folder.impl.FolderMenuOptionsDefinitionImpl', 9, NULL, 7, NULL, NULL, NULL, NULL, '/main-features.psml', 0, 0, 0, NULL, NULL, NULL, NULL),
(18, 'org.apache.jetspeed.om.folder.impl.FolderMenuOptionsDefinitionImpl', 9, NULL, 8, NULL, NULL, NULL, NULL, '/application/main-application.psml', 0, 0, 0, NULL, NULL, NULL, NULL),
(19, 'org.apache.jetspeed.om.folder.impl.FolderMenuOptionsDefinitionImpl', 9, NULL, 9, NULL, NULL, NULL, NULL, '/administration', 0, 0, 0, NULL, NULL, NULL, NULL),
(20, 'org.apache.jetspeed.om.folder.impl.FolderMenuOptionsDefinitionImpl', 9, NULL, 10, NULL, NULL, NULL, NULL, '/Administrative', 0, 0, 0, NULL, NULL, NULL, NULL),
(21, 'org.apache.jetspeed.om.folder.impl.FolderMenuOptionsDefinitionImpl', 9, NULL, 11, NULL, NULL, NULL, NULL, '/mdek', 0, 0, 0, NULL, NULL, NULL, NULL),
(22, 'org.apache.jetspeed.om.folder.impl.FolderMenuDefinitionImpl', NULL, 1, 0, 'service-menu', NULL, NULL, NULL, NULL, 0, 0, 0, NULL, NULL, NULL, NULL),
(23, 'org.apache.jetspeed.om.folder.impl.FolderMenuOptionsDefinitionImpl', 22, NULL, 0, NULL, NULL, NULL, NULL, '/default-page.psml', 0, 0, 0, NULL, NULL, NULL, NULL),
(24, 'org.apache.jetspeed.om.folder.impl.FolderMenuSeparatorDefinitionImpl', 22, NULL, 1, NULL, NULL, NULL, 'separator1', NULL, NULL, NULL, NULL, NULL, NULL, NULL, NULL),
(25, 'org.apache.jetspeed.om.folder.impl.FolderMenuOptionsDefinitionImpl', 22, NULL, 2, NULL, NULL, NULL, NULL, '/service-myportal.psml', 0, 0, 0, NULL, NULL, NULL, NULL),
(26, 'org.apache.jetspeed.om.folder.impl.FolderMenuSeparatorDefinitionImpl', 22, NULL, 3, NULL, NULL, NULL, 'separator2', NULL, NULL, NULL, NULL, NULL, NULL, NULL, NULL),
(27, 'org.apache.jetspeed.om.folder.impl.FolderMenuOptionsDefinitionImpl', 22, NULL, 4, NULL, NULL, NULL, NULL, '/service-sitemap.psml', 0, 0, 0, NULL, NULL, NULL, NULL),
(28, 'org.apache.jetspeed.om.folder.impl.FolderMenuSeparatorDefinitionImpl', 22, NULL, 5, NULL, NULL, NULL, 'separator2', NULL, NULL, NULL, NULL, NULL, NULL, NULL, NULL),
(29, 'org.apache.jetspeed.om.folder.impl.FolderMenuOptionsDefinitionImpl', 22, NULL, 6, NULL, NULL, NULL, NULL, '/help.psml', 0, 0, 0, NULL, NULL, NULL, NULL),
(30, 'org.apache.jetspeed.om.folder.impl.FolderMenuSeparatorDefinitionImpl', 22, NULL, 7, NULL, NULL, NULL, 'separator2', NULL, NULL, NULL, NULL, NULL, NULL, NULL, NULL),
(31, 'org.apache.jetspeed.om.folder.impl.FolderMenuOptionsDefinitionImpl', 22, NULL, 8, NULL, NULL, NULL, NULL, '/service-contact.psml', 0, 0, 0, NULL, NULL, NULL, NULL),
(32, 'org.apache.jetspeed.om.folder.impl.FolderMenuSeparatorDefinitionImpl', 22, NULL, 9, NULL, NULL, NULL, 'separator1', NULL, NULL, NULL, NULL, NULL, NULL, NULL, NULL),
(33, 'org.apache.jetspeed.om.folder.impl.FolderMenuOptionsDefinitionImpl', 22, NULL, 10, NULL, NULL, NULL, NULL, '/language.link', 0, 0, 0, NULL, NULL, NULL, NULL),
(34, 'org.apache.jetspeed.om.folder.impl.FolderMenuDefinitionImpl', NULL, 1, 0, 'sub-menu-about', NULL, NULL, NULL, NULL, 0, 0, 0, NULL, NULL, NULL, NULL),
(35, 'org.apache.jetspeed.om.folder.impl.FolderMenuOptionsDefinitionImpl', 34, NULL, 0, NULL, NULL, NULL, NULL, '/main-features.psml', 0, 0, 0, NULL, NULL, NULL, NULL),
(36, 'org.apache.jetspeed.om.folder.impl.FolderMenuOptionsDefinitionImpl', 34, NULL, 1, NULL, NULL, NULL, NULL, '/main-about.psml', 0, 0, 0, NULL, NULL, NULL, NULL),
(37, 'org.apache.jetspeed.om.folder.impl.FolderMenuOptionsDefinitionImpl', 34, NULL, 2, NULL, NULL, NULL, NULL, '/main-about-partner.psml', 0, 0, 0, NULL, NULL, NULL, NULL),
(38, 'org.apache.jetspeed.om.folder.impl.FolderMenuOptionsDefinitionImpl', 34, NULL, 3, NULL, NULL, NULL, NULL, '/main-about-data-source.psml', 0, 0, 0, NULL, NULL, NULL, NULL),
(39, 'org.apache.jetspeed.om.folder.impl.FolderMenuDefinitionImpl', NULL, 1, 0, 'sub-menu-application', NULL, NULL, NULL, NULL, 0, 0, 0, NULL, NULL, NULL, NULL),
(40, 'org.apache.jetspeed.om.folder.impl.FolderMenuOptionsDefinitionImpl', 39, NULL, 0, NULL, NULL, NULL, NULL, '/application/main-application.psml', 0, 0, 0, NULL, NULL, NULL, NULL),
(41, 'org.apache.jetspeed.om.folder.impl.FolderMenuOptionsDefinitionImpl', 39, NULL, 1, NULL, NULL, NULL, NULL, '/application/main-application-0.psml', 0, 0, 0, NULL, NULL, NULL, NULL),
(42, 'org.apache.jetspeed.om.folder.impl.FolderMenuOptionsDefinitionImpl', 39, NULL, 2, NULL, NULL, NULL, NULL, '/application/main-application-1.psml', 0, 0, 0, NULL, NULL, NULL, NULL),
(43, 'org.apache.jetspeed.om.folder.impl.FolderMenuOptionsDefinitionImpl', 39, NULL, 3, NULL, NULL, NULL, NULL, '/application/main-application-2.psml', 0, 0, 0, NULL, NULL, NULL, NULL),
(44, 'org.apache.jetspeed.om.folder.impl.FolderMenuDefinitionImpl', NULL, 1, 0, 'sub-menu-catalog', NULL, NULL, NULL, NULL, 0, 0, 0, NULL, NULL, NULL, NULL),
(45, 'org.apache.jetspeed.om.folder.impl.FolderMenuOptionsDefinitionImpl', 44, NULL, 0, NULL, NULL, NULL, NULL, '/search-catalog/search-catalog-hierarchy.psml', 0, 0, 0, NULL, NULL, NULL, NULL),
(46, 'org.apache.jetspeed.om.folder.impl.FolderMenuOptionsDefinitionImpl', 44, NULL, 1, NULL, NULL, NULL, NULL, '/search-catalog/search-catalog-thesaurus.psml', 0, 0, 0, NULL, NULL, NULL, NULL),
(47, 'org.apache.jetspeed.om.folder.impl.FolderMenuDefinitionImpl', NULL, 1, 0, 'sub-menu-search', NULL, NULL, NULL, NULL, 0, 0, 0, NULL, NULL, NULL, NULL),
(48, 'org.apache.jetspeed.om.folder.impl.FolderMenuDefinitionImpl', NULL, 1, 0, 'sub-menu-start', NULL, NULL, NULL, NULL, 0, 0, 0, NULL, NULL, NULL, NULL),
(49, 'org.apache.jetspeed.om.folder.impl.FolderMenuOptionsDefinitionImpl', 48, NULL, 0, NULL, NULL, NULL, NULL, '/default-page.psml', 0, 0, 0, NULL, NULL, NULL, NULL),
(50, 'org.apache.jetspeed.om.folder.impl.FolderMenuOptionsDefinitionImpl', 48, NULL, 1, NULL, NULL, NULL, NULL, '/cms/cms-0.psml', 0, 0, 0, NULL, NULL, NULL, NULL),
(51, 'org.apache.jetspeed.om.folder.impl.FolderMenuOptionsDefinitionImpl', 48, NULL, 2, NULL, NULL, NULL, NULL, '/cms/cms-1.psml', 0, 0, 0, NULL, NULL, NULL, NULL),
(52, 'org.apache.jetspeed.om.folder.impl.FolderMenuOptionsDefinitionImpl', 48, NULL, 3, NULL, NULL, NULL, NULL, '/cms/cms-2.psml', 0, 0, 0, NULL, NULL, NULL, NULL),
(53, 'org.apache.jetspeed.om.folder.impl.FolderMenuDefinitionImpl', NULL, 771, 0, 'sub-menu', NULL, NULL, NULL, NULL, 0, 0, 0, NULL, NULL, NULL, NULL),
(54, 'org.apache.jetspeed.om.folder.impl.FolderMenuOptionsDefinitionImpl', 53, NULL, 0, NULL, NULL, NULL, NULL, '/administration/admin-usermanagement.psml', 0, 0, 0, NULL, NULL, NULL, NULL),
(55, 'org.apache.jetspeed.om.folder.impl.FolderMenuOptionsDefinitionImpl', 53, NULL, 1, NULL, NULL, NULL, NULL, '/administration/admin-homepage.psml', 0, 0, 0, NULL, NULL, NULL, NULL),
(56, 'org.apache.jetspeed.om.folder.impl.FolderMenuOptionsDefinitionImpl', 53, NULL, 2, NULL, NULL, NULL, NULL, '/administration/admin-content-rss.psml', 0, 0, 0, NULL, NULL, NULL, NULL),
(57, 'org.apache.jetspeed.om.folder.impl.FolderMenuOptionsDefinitionImpl', 53, NULL, 3, NULL, NULL, NULL, NULL, '/administration/admin-content-partner.psml', 0, 0, 0, NULL, NULL, NULL, NULL),
(58, 'org.apache.jetspeed.om.folder.impl.FolderMenuOptionsDefinitionImpl', 53, NULL, 4, NULL, NULL, NULL, NULL, '/administration/admin-content-provider.psml', 0, 0, 0, NULL, NULL, NULL, NULL),
(59, 'org.apache.jetspeed.om.folder.impl.FolderMenuOptionsDefinitionImpl', 53, NULL, 5, NULL, NULL, NULL, NULL, '/administration/admin-iplugs.psml', 0, 0, 0, NULL, NULL, NULL, NULL),
(60, 'org.apache.jetspeed.om.folder.impl.FolderMenuOptionsDefinitionImpl', 53, NULL, 6, NULL, NULL, NULL, NULL, '/administration/admin-cms.psml', 0, 0, 0, NULL, NULL, NULL, NULL),
(61, 'org.apache.jetspeed.om.folder.impl.FolderMenuOptionsDefinitionImpl', 53, NULL, 7, NULL, NULL, NULL, NULL, '/administration/admin-wms.psml', 0, 0, 0, NULL, NULL, NULL, NULL),
(62, 'org.apache.jetspeed.om.folder.impl.FolderMenuOptionsDefinitionImpl', 53, NULL, 8, NULL, NULL, NULL, NULL, '/administration/admin-statistics.psml', 0, 0, 0, NULL, NULL, NULL, NULL),
(63, 'org.apache.jetspeed.om.folder.impl.FolderMenuOptionsDefinitionImpl', 53, NULL, 9, NULL, NULL, NULL, NULL, '/administration/admin-portal-profile.psml', 0, 0, 0, NULL, NULL, NULL, NULL),
(64, 'org.apache.jetspeed.om.folder.impl.FolderMenuOptionsDefinitionImpl', 53, NULL, 10, NULL, NULL, NULL, NULL, '/administration/admin-component-monitor.psml', 0, 0, 0, NULL, NULL, NULL, NULL);

-- --------------------------------------------------------

--
-- Tabellenstruktur für Tabelle `folder_menu_metadata`
--

DROP TABLE IF EXISTS `folder_menu_metadata`;
CREATE TABLE IF NOT EXISTS `folder_menu_metadata` (
  `METADATA_ID` int(11) NOT NULL,
  `MENU_ID` int(11) NOT NULL,
  `NAME` varchar(15) COLLATE utf8_unicode_ci NOT NULL,
  `LOCALE` varchar(20) COLLATE utf8_unicode_ci DEFAULT NULL,
  `VALUE` varchar(100) COLLATE utf8_unicode_ci NOT NULL,
  PRIMARY KEY (`METADATA_ID`),
  UNIQUE KEY `UN_FOLDER_MENU_METADATA_1` (`MENU_ID`,`NAME`,`LOCALE`,`VALUE`),
  KEY `IX_FOLDER_MENU_METADATA_1` (`MENU_ID`)
) ENGINE=InnoDB DEFAULT CHARSET=utf8 COLLATE=utf8_unicode_ci;

--
-- Daten für Tabelle `folder_menu_metadata`
--


-- --------------------------------------------------------

--
-- Tabellenstruktur für Tabelle `folder_metadata`
--

DROP TABLE IF EXISTS `folder_metadata`;
CREATE TABLE IF NOT EXISTS `folder_metadata` (
  `METADATA_ID` int(11) NOT NULL,
  `FOLDER_ID` int(11) NOT NULL,
  `NAME` varchar(15) COLLATE utf8_unicode_ci NOT NULL,
  `LOCALE` varchar(20) COLLATE utf8_unicode_ci DEFAULT NULL,
  `VALUE` varchar(100) COLLATE utf8_unicode_ci NOT NULL,
  PRIMARY KEY (`METADATA_ID`),
  UNIQUE KEY `UN_FOLDER_METADATA_1` (`FOLDER_ID`,`NAME`,`LOCALE`,`VALUE`),
  KEY `IX_FOLDER_METADATA_1` (`FOLDER_ID`)
) ENGINE=InnoDB DEFAULT CHARSET=utf8 COLLATE=utf8_unicode_ci;

--
-- Daten für Tabelle `folder_metadata`
--

INSERT INTO `folder_metadata` (`METADATA_ID`, `FOLDER_ID`, `NAME`, `LOCALE`, `VALUE`) VALUES
(1, 1, 'title', 'es,,', 'Carpeta raiz'),
(2, 1, 'title', 'fr,,', 'Répertoire racine');

-- --------------------------------------------------------

--
-- Tabellenstruktur für Tabelle `folder_order`
--

DROP TABLE IF EXISTS `folder_order`;
CREATE TABLE IF NOT EXISTS `folder_order` (
  `ORDER_ID` int(11) NOT NULL,
  `FOLDER_ID` int(11) NOT NULL,
  `SORT_ORDER` int(11) NOT NULL,
  `NAME` varchar(80) COLLATE utf8_unicode_ci NOT NULL,
  PRIMARY KEY (`ORDER_ID`),
  UNIQUE KEY `UN_FOLDER_ORDER_1` (`FOLDER_ID`,`NAME`),
  KEY `IX_FOLDER_ORDER_1` (`FOLDER_ID`)
) ENGINE=InnoDB DEFAULT CHARSET=utf8 COLLATE=utf8_unicode_ci;

--
-- Daten für Tabelle `folder_order`
--


-- --------------------------------------------------------

--
-- Tabellenstruktur für Tabelle `fragment`
--

DROP TABLE IF EXISTS `fragment`;
CREATE TABLE IF NOT EXISTS `fragment` (
  `FRAGMENT_ID` int(11) NOT NULL,
  `CLASS_NAME` varchar(100) COLLATE utf8_unicode_ci NOT NULL,
  `PARENT_ID` int(11) DEFAULT NULL,
  `PAGE_ID` int(11) DEFAULT NULL,
  `FRAGMENT_STRING_ID` varchar(80) COLLATE utf8_unicode_ci DEFAULT NULL,
  `FRAGMENT_STRING_REFID` varchar(80) COLLATE utf8_unicode_ci DEFAULT NULL,
  `NAME` varchar(100) COLLATE utf8_unicode_ci DEFAULT NULL,
  `TITLE` varchar(100) COLLATE utf8_unicode_ci DEFAULT NULL,
  `SHORT_TITLE` varchar(40) COLLATE utf8_unicode_ci DEFAULT NULL,
  `TYPE` varchar(40) COLLATE utf8_unicode_ci DEFAULT NULL,
  `SKIN` varchar(80) COLLATE utf8_unicode_ci DEFAULT NULL,
  `DECORATOR` varchar(80) COLLATE utf8_unicode_ci DEFAULT NULL,
  `STATE` varchar(10) COLLATE utf8_unicode_ci DEFAULT NULL,
  `PMODE` varchar(10) COLLATE utf8_unicode_ci DEFAULT NULL,
  `LAYOUT_ROW` int(11) DEFAULT NULL,
  `LAYOUT_COLUMN` int(11) DEFAULT NULL,
  `LAYOUT_SIZES` varchar(20) COLLATE utf8_unicode_ci DEFAULT NULL,
  `LAYOUT_X` float DEFAULT NULL,
  `LAYOUT_Y` float DEFAULT NULL,
  `LAYOUT_Z` float DEFAULT NULL,
  `LAYOUT_WIDTH` float DEFAULT NULL,
  `LAYOUT_HEIGHT` float DEFAULT NULL,
  `OWNER_PRINCIPAL` varchar(40) COLLATE utf8_unicode_ci DEFAULT NULL,
  PRIMARY KEY (`FRAGMENT_ID`),
  KEY `IX_FRAGMENT_1` (`PARENT_ID`),
  KEY `UN_FRAGMENT_1` (`PAGE_ID`),
  KEY `IX_FRAGMENT_2` (`FRAGMENT_STRING_REFID`),
  KEY `IX_FRAGMENT_3` (`FRAGMENT_STRING_ID`)
) ENGINE=InnoDB DEFAULT CHARSET=utf8 COLLATE=utf8_unicode_ci;

--
-- Daten für Tabelle `fragment`
--

INSERT INTO `fragment` (`FRAGMENT_ID`, `CLASS_NAME`, `PARENT_ID`, `PAGE_ID`, `FRAGMENT_STRING_ID`, `FRAGMENT_STRING_REFID`, `NAME`, `TITLE`, `SHORT_TITLE`, `TYPE`, `SKIN`, `DECORATOR`, `STATE`, `PMODE`, `LAYOUT_ROW`, `LAYOUT_COLUMN`, `LAYOUT_SIZES`, `LAYOUT_X`, `LAYOUT_Y`, `LAYOUT_Z`, `LAYOUT_WIDTH`, `LAYOUT_HEIGHT`, `OWNER_PRINCIPAL`) VALUES
(1, 'org.apache.jetspeed.om.page.impl.FragmentImpl', NULL, 1, '1', NULL, 'jetspeed-layouts::IngridTwoColumns', NULL, NULL, 'layout', NULL, NULL, NULL, NULL, -1, -1, NULL, -1, -1, -1, -1, -1, NULL),
(2, 'org.apache.jetspeed.om.page.impl.FragmentImpl', 1, NULL, '9701', NULL, 'ingrid-portal-apps::SearchSimple', NULL, NULL, 'portlet', NULL, 'ingrid-teaser', NULL, NULL, 0, 0, NULL, -1, -1, -1, -1, -1, NULL),
(3, 'org.apache.jetspeed.om.page.impl.FragmentImpl', 1, NULL, '9702', NULL, 'ingrid-portal-apps::EnvironmentTeaser', NULL, NULL, 'portlet', NULL, 'ingrid-teaser', NULL, NULL, 1, 0, NULL, -1, -1, -1, -1, -1, NULL),
(4, 'org.apache.jetspeed.om.page.impl.FragmentImpl', 1, NULL, '9703', NULL, 'ingrid-portal-apps::RssNewsTeaser', NULL, NULL, 'portlet', NULL, 'ingrid-teaser', NULL, NULL, 2, 0, NULL, -1, -1, -1, -1, -1, NULL),
(5, 'org.apache.jetspeed.om.page.impl.FragmentImpl', 1, NULL, '9704', NULL, 'ingrid-portal-apps::IngridInformPortlet', NULL, NULL, 'portlet', NULL, 'ingrid-marginal-teaser', NULL, NULL, 0, 1, NULL, -1, -1, -1, -1, -1, NULL),
(6, 'org.apache.jetspeed.om.page.impl.FragmentImpl', 1, NULL, '9706', NULL, 'ingrid-portal-apps::MeasuresTeaser', NULL, NULL, 'portlet', NULL, 'ingrid-marginal-teaser', NULL, NULL, 3, 1, NULL, -1, -1, -1, -1, -1, NULL),
(7, 'org.apache.jetspeed.om.page.impl.FragmentImpl', 1, NULL, '9707', NULL, 'ingrid-portal-apps::ChronicleTeaser', NULL, NULL, 'portlet', NULL, 'ingrid-marginal-teaser', NULL, NULL, 2, 1, NULL, -1, -1, -1, -1, -1, NULL),
(8, 'org.apache.jetspeed.om.page.impl.FragmentImpl', 1, NULL, '9708', NULL, 'ingrid-portal-apps::WeatherTeaser', NULL, NULL, 'portlet', NULL, 'ingrid-marginal-teaser', NULL, NULL, 1, 1, NULL, -1, -1, -1, -1, -1, NULL),
(9, 'org.apache.jetspeed.om.page.impl.FragmentImpl', 1, NULL, '9931', NULL, 'ingrid-portal-apps::ServiceTeaser', NULL, NULL, 'portlet', NULL, 'ingrid-marginal-teaser', NULL, NULL, 4, 1, NULL, -1, -1, -1, -1, -1, NULL),
(11, 'org.apache.jetspeed.om.page.impl.FragmentImpl', NULL, 2, '9', NULL, 'jetspeed-layouts::IngridClearLayout', NULL, NULL, 'layout', NULL, NULL, NULL, NULL, -1, -1, NULL, -1, -1, -1, -1, -1, NULL),
(12, 'org.apache.jetspeed.om.page.impl.FragmentImpl', 11, NULL, '10', NULL, 'ingrid-portal-apps::DetectJavaScriptPortlet', NULL, NULL, 'portlet', NULL, NULL, NULL, NULL, 0, 0, NULL, -1, -1, -1, -1, -1, NULL),
(14, 'org.apache.jetspeed.om.page.impl.FragmentImpl', NULL, 3, '11', NULL, 'jetspeed-layouts::IngridTwoColumns', NULL, NULL, 'layout', NULL, NULL, NULL, NULL, -1, -1, NULL, -1, -1, -1, -1, -1, NULL),
(15, 'org.apache.jetspeed.om.page.impl.FragmentImpl', 14, NULL, '12', NULL, 'ingrid-portal-apps::CMSPortlet', NULL, NULL, 'portlet', NULL, NULL, NULL, NULL, 0, 0, NULL, -1, -1, -1, -1, -1, NULL),
(16, 'org.apache.jetspeed.om.page.impl.FragmentImpl', 14, NULL, '13', NULL, 'ingrid-portal-apps::InfoPortlet', NULL, NULL, 'portlet', NULL, 'ingrid-marginal-teaser', NULL, NULL, 0, 1, NULL, -1, -1, -1, -1, -1, NULL),
(18, 'org.apache.jetspeed.om.page.impl.FragmentImpl', NULL, 4, '14', NULL, 'jetspeed-layouts::IngridClearLayout', NULL, NULL, 'layout', NULL, NULL, NULL, NULL, -1, -1, NULL, -1, -1, -1, -1, -1, NULL),
(19, 'org.apache.jetspeed.om.page.impl.FragmentImpl', 18, NULL, '15', NULL, 'ingrid-portal-apps::HelpPortlet', NULL, NULL, 'portlet', NULL, NULL, NULL, NULL, 0, 0, NULL, -1, -1, -1, -1, -1, NULL),
(21, 'org.apache.jetspeed.om.page.impl.FragmentImpl', NULL, 5, '11060', NULL, 'jetspeed-layouts::IngridTwoColumns', NULL, NULL, 'layout', NULL, NULL, NULL, NULL, -1, -1, NULL, -1, -1, -1, -1, -1, NULL),
(22, 'org.apache.jetspeed.om.page.impl.FragmentImpl', 21, NULL, '11061', NULL, 'ingrid-portal-apps::ShowDataSourcePortlet', NULL, NULL, 'portlet', NULL, 'ingrid-teaser', NULL, NULL, 0, 0, NULL, -1, -1, -1, -1, -1, NULL),
(24, 'org.apache.jetspeed.om.page.impl.FragmentImpl', NULL, 6, '16', NULL, 'jetspeed-layouts::IngridTwoColumns', NULL, NULL, 'layout', NULL, NULL, NULL, NULL, -1, -1, NULL, -1, -1, -1, -1, -1, NULL),
(25, 'org.apache.jetspeed.om.page.impl.FragmentImpl', 24, NULL, '17', NULL, 'ingrid-portal-apps::ShowPartnerPortlet', NULL, NULL, 'portlet', NULL, NULL, NULL, NULL, 0, 0, NULL, -1, -1, -1, -1, -1, NULL),
(27, 'org.apache.jetspeed.om.page.impl.FragmentImpl', NULL, 7, '18', NULL, 'jetspeed-layouts::IngridTwoColumns', NULL, NULL, 'layout', NULL, NULL, NULL, NULL, -1, -1, NULL, -1, -1, -1, -1, -1, NULL),
(28, 'org.apache.jetspeed.om.page.impl.FragmentImpl', 27, NULL, '19', NULL, 'ingrid-portal-apps::CMSPortlet', NULL, NULL, 'portlet', NULL, NULL, NULL, NULL, 0, 0, NULL, -1, -1, -1, -1, -1, NULL),
(29, 'org.apache.jetspeed.om.page.impl.FragmentImpl', 27, NULL, '20', NULL, 'ingrid-portal-apps::InfoPortlet', NULL, NULL, 'portlet', NULL, 'ingrid-marginal-teaser', NULL, NULL, 0, 1, NULL, -1, -1, -1, -1, -1, NULL),
(30, 'org.apache.jetspeed.om.page.impl.FragmentImpl', 27, NULL, '21', NULL, 'ingrid-portal-apps::InfoPortlet', NULL, NULL, 'portlet', NULL, 'ingrid-marginal-teaser', NULL, NULL, 1, 1, NULL, -1, -1, -1, -1, -1, NULL),
(32, 'org.apache.jetspeed.om.page.impl.FragmentImpl', NULL, 8, '22', NULL, 'jetspeed-layouts::IngridTwoColumns', NULL, NULL, 'layout', NULL, NULL, NULL, NULL, -1, -1, NULL, -1, -1, -1, -1, -1, NULL),
(33, 'org.apache.jetspeed.om.page.impl.FragmentImpl', 32, NULL, '23', NULL, 'ingrid-portal-apps::ChronicleSearch', NULL, NULL, 'portlet', NULL, NULL, NULL, NULL, 0, 0, NULL, -1, -1, -1, -1, -1, NULL),
(34, 'org.apache.jetspeed.om.page.impl.FragmentImpl', 32, NULL, '24', NULL, 'ingrid-portal-apps::ChronicleResult', NULL, NULL, 'portlet', NULL, 'clear', NULL, NULL, 1, 0, NULL, -1, -1, -1, -1, -1, NULL),
(35, 'org.apache.jetspeed.om.page.impl.FragmentImpl', 32, NULL, '25', NULL, 'ingrid-portal-apps::InfoPortlet', NULL, NULL, 'portlet', NULL, 'ingrid-marginal-header', NULL, NULL, 0, 1, NULL, -1, -1, -1, -1, -1, NULL),
(37, 'org.apache.jetspeed.om.page.impl.FragmentImpl', NULL, 9, '26', NULL, 'jetspeed-layouts::IngridTwoColumns', NULL, NULL, 'layout', NULL, NULL, NULL, NULL, -1, -1, NULL, -1, -1, -1, -1, -1, NULL),
(38, 'org.apache.jetspeed.om.page.impl.FragmentImpl', 37, NULL, '27', NULL, 'ingrid-portal-apps::EnvironmentSearch', NULL, NULL, 'portlet', NULL, NULL, NULL, NULL, 0, 0, NULL, -1, -1, -1, -1, -1, NULL),
(39, 'org.apache.jetspeed.om.page.impl.FragmentImpl', 37, NULL, '28', NULL, 'ingrid-portal-apps::EnvironmentResult', NULL, NULL, 'portlet', NULL, 'clear', NULL, NULL, 1, 0, NULL, -1, -1, -1, -1, -1, NULL),
(40, 'org.apache.jetspeed.om.page.impl.FragmentImpl', 37, NULL, '29', NULL, 'ingrid-portal-apps::InfoPortlet', NULL, NULL, 'portlet', NULL, 'ingrid-marginal-header', NULL, NULL, 0, 1, NULL, -1, -1, -1, -1, -1, NULL),
(42, 'org.apache.jetspeed.om.page.impl.FragmentImpl', NULL, 10, '9820', NULL, 'jetspeed-layouts::IngridOneColumn', NULL, NULL, 'layout', NULL, NULL, NULL, NULL, -1, -1, NULL, -1, -1, -1, -1, -1, NULL),
(43, 'org.apache.jetspeed.om.page.impl.FragmentImpl', 42, NULL, '9821', NULL, 'ingrid-portal-apps::ShowFeaturesPortlet', NULL, NULL, 'portlet', NULL, 'ingrid-teaser', NULL, NULL, 0, 0, NULL, -1, -1, -1, -1, -1, NULL),
(45, 'org.apache.jetspeed.om.page.impl.FragmentImpl', NULL, 11, '30', NULL, 'jetspeed-layouts::IngridClearLayout', NULL, NULL, 'layout', NULL, NULL, NULL, NULL, -1, -1, NULL, -1, -1, -1, -1, -1, NULL),
(46, 'org.apache.jetspeed.om.page.impl.FragmentImpl', 45, NULL, '31', NULL, 'ingrid-portal-apps::ShowMapsPortlet', NULL, NULL, 'portlet', NULL, NULL, NULL, NULL, 0, -1, NULL, -1, -1, -1, -1, -1, NULL),
(48, 'org.apache.jetspeed.om.page.impl.FragmentImpl', NULL, 12, '32', NULL, 'jetspeed-layouts::IngridTwoColumns', NULL, NULL, 'layout', NULL, NULL, NULL, NULL, -1, -1, NULL, -1, -1, -1, -1, -1, NULL),
(49, 'org.apache.jetspeed.om.page.impl.FragmentImpl', 48, NULL, '33', NULL, 'ingrid-portal-apps::MeasuresSearch', NULL, NULL, 'portlet', NULL, NULL, NULL, NULL, 0, 0, NULL, -1, -1, -1, -1, -1, NULL),
(50, 'org.apache.jetspeed.om.page.impl.FragmentImpl', 48, NULL, '34', NULL, 'ingrid-portal-apps::MeasuresResult', NULL, NULL, 'portlet', NULL, 'clear', NULL, NULL, 1, 0, NULL, -1, -1, -1, -1, -1, NULL),
(51, 'org.apache.jetspeed.om.page.impl.FragmentImpl', 48, NULL, '35', NULL, 'ingrid-portal-apps::InfoPortlet', NULL, NULL, 'portlet', NULL, 'ingrid-marginal-header', NULL, NULL, 0, 1, NULL, -1, -1, -1, -1, -1, NULL),
(53, 'org.apache.jetspeed.om.page.impl.FragmentImpl', NULL, 13, '36', NULL, 'jetspeed-layouts::IngridOneColumn', NULL, NULL, 'layout', NULL, NULL, NULL, NULL, -1, -1, NULL, -1, -1, -1, -1, -1, NULL),
(54, 'org.apache.jetspeed.om.page.impl.FragmentImpl', 53, NULL, '37', NULL, 'jetspeed-layouts::IngridTwoColumns', NULL, NULL, 'layout', NULL, NULL, NULL, NULL, 0, -1, NULL, -1, -1, -1, -1, -1, NULL),
(55, 'org.apache.jetspeed.om.page.impl.FragmentImpl', 54, NULL, '38', NULL, 'ingrid-portal-apps::SearchSimple', NULL, NULL, 'portlet', NULL, NULL, NULL, NULL, 0, 0, NULL, -1, -1, -1, -1, -1, NULL),
(56, 'org.apache.jetspeed.om.page.impl.FragmentImpl', 54, NULL, '39', NULL, 'ingrid-portal-apps::InfoPortlet', NULL, NULL, 'portlet', NULL, 'ingrid-marginal-header', NULL, NULL, 0, 1, NULL, -1, -1, -1, -1, -1, NULL),
(57, 'org.apache.jetspeed.om.page.impl.FragmentImpl', 54, NULL, '40', NULL, 'ingrid-portal-apps::SearchSimilar', NULL, NULL, 'portlet', NULL, 'clear', NULL, NULL, 1, 0, NULL, -1, -1, -1, -1, -1, NULL),
(58, 'org.apache.jetspeed.om.page.impl.FragmentImpl', 53, NULL, '41', NULL, 'jetspeed-layouts::IngridOneColumn', NULL, NULL, 'layout', NULL, NULL, NULL, NULL, 1, -1, NULL, -1, -1, -1, -1, -1, NULL),
(59, 'org.apache.jetspeed.om.page.impl.FragmentImpl', 58, NULL, '42', NULL, 'ingrid-portal-apps::SearchResult', NULL, NULL, 'portlet', NULL, 'clear', NULL, NULL, 0, -1, NULL, -1, -1, -1, -1, -1, NULL),
(61, 'org.apache.jetspeed.om.page.impl.FragmentImpl', NULL, 14, '43', NULL, 'jetspeed-layouts::IngridTwoColumns', NULL, NULL, 'layout', NULL, NULL, NULL, NULL, -1, -1, NULL, -1, -1, -1, -1, -1, NULL),
(62, 'org.apache.jetspeed.om.page.impl.FragmentImpl', 61, NULL, '44', NULL, 'ingrid-portal-apps::ServiceSearch', NULL, NULL, 'portlet', NULL, NULL, NULL, NULL, 0, 0, NULL, -1, -1, -1, -1, -1, NULL),
(63, 'org.apache.jetspeed.om.page.impl.FragmentImpl', 61, NULL, '45', NULL, 'ingrid-portal-apps::ServiceResult', NULL, NULL, 'portlet', NULL, 'clear', NULL, NULL, 1, 0, NULL, -1, -1, -1, -1, -1, NULL),
(64, 'org.apache.jetspeed.om.page.impl.FragmentImpl', 61, NULL, '46', NULL, 'ingrid-portal-apps::InfoPortlet', NULL, NULL, 'portlet', NULL, 'ingrid-marginal-header', NULL, NULL, 0, 1, NULL, -1, -1, -1, -1, -1, NULL),
(66, 'org.apache.jetspeed.om.page.impl.FragmentImpl', NULL, 15, '47', NULL, 'jetspeed-layouts::IngridTwoColumns', NULL, NULL, 'layout', NULL, NULL, NULL, NULL, -1, -1, NULL, -1, -1, -1, -1, -1, NULL),
(67, 'org.apache.jetspeed.om.page.impl.FragmentImpl', 66, NULL, '48', NULL, 'ingrid-portal-apps::MyPortalCreateAccountPortlet', NULL, NULL, 'portlet', NULL, NULL, NULL, NULL, 0, 0, NULL, -1, -1, -1, -1, -1, NULL),
(68, 'org.apache.jetspeed.om.page.impl.FragmentImpl', 66, NULL, '49', NULL, 'ingrid-portal-apps::InfoPortlet', NULL, NULL, 'portlet', NULL, 'ingrid-marginal-teaser', NULL, NULL, 0, 1, NULL, -1, -1, -1, -1, -1, NULL),
(70, 'org.apache.jetspeed.om.page.impl.FragmentImpl', NULL, 16, '50', NULL, 'jetspeed-layouts::IngridTwoColumns', NULL, NULL, 'layout', NULL, NULL, NULL, NULL, -1, -1, NULL, -1, -1, -1, -1, -1, NULL),
(71, 'org.apache.jetspeed.om.page.impl.FragmentImpl', 70, NULL, '51', NULL, 'ingrid-portal-apps::MyPortalPasswordForgottenPortlet', NULL, NULL, 'portlet', NULL, NULL, NULL, NULL, 0, 0, NULL, -1, -1, -1, -1, -1, NULL),
(72, 'org.apache.jetspeed.om.page.impl.FragmentImpl', 70, NULL, '52', NULL, 'ingrid-portal-apps::InfoPortlet', NULL, NULL, 'portlet', NULL, 'ingrid-marginal-teaser', NULL, NULL, 0, 1, NULL, -1, -1, -1, -1, -1, NULL),
(74, 'org.apache.jetspeed.om.page.impl.FragmentImpl', NULL, 17, '53', NULL, 'jetspeed-layouts::IngridTwoColumns', NULL, NULL, 'layout', NULL, NULL, NULL, NULL, -1, -1, NULL, -1, -1, -1, -1, -1, NULL),
(75, 'org.apache.jetspeed.om.page.impl.FragmentImpl', 74, NULL, '54', NULL, 'ingrid-portal-apps::CMSPortlet', NULL, NULL, 'portlet', NULL, NULL, NULL, NULL, 0, 0, NULL, -1, -1, -1, -1, -1, NULL),
(77, 'org.apache.jetspeed.om.page.impl.FragmentImpl', NULL, 18, '55', NULL, 'jetspeed-layouts::IngridTwoColumns', NULL, NULL, 'layout', NULL, NULL, NULL, NULL, -1, -1, NULL, -1, -1, -1, -1, -1, NULL),
(78, 'org.apache.jetspeed.om.page.impl.FragmentImpl', 77, NULL, '56', NULL, 'ingrid-portal-apps::RssNews', NULL, NULL, 'portlet', NULL, NULL, NULL, NULL, 0, 0, NULL, -1, -1, -1, -1, -1, NULL),
(80, 'org.apache.jetspeed.om.page.impl.FragmentImpl', NULL, 19, '57', NULL, 'jetspeed-layouts::IngridClearLayout', NULL, NULL, 'layout', NULL, NULL, NULL, NULL, -1, -1, NULL, -1, -1, -1, -1, -1, NULL),
(81, 'org.apache.jetspeed.om.page.impl.FragmentImpl', 80, NULL, '58', NULL, 'ingrid-portal-apps::SearchDetail', NULL, NULL, 'portlet', NULL, NULL, NULL, NULL, 0, 0, NULL, -1, -1, -1, -1, -1, NULL),
(83, 'org.apache.jetspeed.om.page.impl.FragmentImpl', NULL, 20, '59', NULL, 'jetspeed-layouts::IngridTwoColumns', NULL, NULL, 'layout', NULL, NULL, NULL, NULL, -1, -1, NULL, -1, -1, -1, -1, -1, NULL),
(84, 'org.apache.jetspeed.om.page.impl.FragmentImpl', 83, NULL, '60', NULL, 'ingrid-portal-apps::SearchSimple', NULL, NULL, 'portlet', NULL, NULL, NULL, NULL, 0, 0, NULL, -1, -1, -1, -1, -1, NULL),
(85, 'org.apache.jetspeed.om.page.impl.FragmentImpl', 83, NULL, '61', NULL, 'ingrid-portal-apps::SearchHistory', NULL, NULL, 'portlet', NULL, 'clear', NULL, NULL, 1, 0, NULL, -1, -1, -1, -1, -1, NULL),
(86, 'org.apache.jetspeed.om.page.impl.FragmentImpl', 83, NULL, '62', NULL, 'ingrid-portal-apps::InfoPortlet', NULL, NULL, 'portlet', NULL, 'ingrid-marginal-teaser', NULL, NULL, 0, 1, NULL, -1, -1, -1, -1, -1, NULL),
(88, 'org.apache.jetspeed.om.page.impl.FragmentImpl', NULL, 21, '63', NULL, 'jetspeed-layouts::IngridClearLayout', NULL, NULL, 'layout', NULL, NULL, NULL, NULL, -1, -1, NULL, -1, -1, -1, -1, -1, NULL),
(89, 'org.apache.jetspeed.om.page.impl.FragmentImpl', 88, NULL, '64', NULL, 'ingrid-portal-apps::SearchResult', NULL, NULL, 'portlet', NULL, NULL, NULL, NULL, 0, 0, NULL, -1, -1, -1, -1, -1, NULL),
(91, 'org.apache.jetspeed.om.page.impl.FragmentImpl', NULL, 22, '65', NULL, 'jetspeed-layouts::IngridTwoColumns', NULL, NULL, 'layout', NULL, NULL, NULL, NULL, -1, -1, NULL, -1, -1, -1, -1, -1, NULL),
(92, 'org.apache.jetspeed.om.page.impl.FragmentImpl', 91, NULL, '66', NULL, 'ingrid-portal-apps::SearchSimple', NULL, NULL, 'portlet', NULL, NULL, NULL, NULL, 0, 0, NULL, -1, -1, -1, -1, -1, NULL),
(93, 'org.apache.jetspeed.om.page.impl.FragmentImpl', 91, NULL, '67', NULL, 'ingrid-portal-apps::SearchSavePortlet', NULL, NULL, 'portlet', NULL, 'clear', NULL, NULL, 1, 0, NULL, -1, -1, -1, -1, -1, NULL),
(95, 'org.apache.jetspeed.om.page.impl.FragmentImpl', NULL, 23, '68', NULL, 'jetspeed-layouts::IngridTwoColumns', NULL, NULL, 'layout', NULL, NULL, NULL, NULL, -1, -1, NULL, -1, -1, -1, -1, -1, NULL),
(96, 'org.apache.jetspeed.om.page.impl.FragmentImpl', 95, NULL, '69', NULL, 'ingrid-portal-apps::SearchSimple', NULL, NULL, 'portlet', NULL, NULL, NULL, NULL, 0, 0, NULL, -1, -1, -1, -1, -1, NULL),
(97, 'org.apache.jetspeed.om.page.impl.FragmentImpl', 95, NULL, '70', NULL, 'ingrid-portal-apps::SearchSettings', NULL, NULL, 'portlet', NULL, 'clear', NULL, NULL, 1, 0, NULL, -1, -1, -1, -1, -1, NULL),
(98, 'org.apache.jetspeed.om.page.impl.FragmentImpl', 95, NULL, '71', NULL, 'ingrid-portal-apps::InfoPortlet', NULL, NULL, 'portlet', NULL, 'ingrid-marginal-teaser', NULL, NULL, 0, 1, NULL, -1, -1, -1, -1, -1, NULL),
(100, 'org.apache.jetspeed.om.page.impl.FragmentImpl', NULL, 24, '72', NULL, 'jetspeed-layouts::IngridTwoColumns', NULL, NULL, 'layout', NULL, NULL, NULL, NULL, -1, -1, NULL, -1, -1, -1, -1, -1, NULL),
(101, 'org.apache.jetspeed.om.page.impl.FragmentImpl', 100, NULL, '73', NULL, 'ingrid-portal-apps::ContactNewsletterPortlet', NULL, NULL, 'portlet', NULL, NULL, NULL, NULL, 0, 0, NULL, -1, -1, -1, -1, -1, NULL),
(102, 'org.apache.jetspeed.om.page.impl.FragmentImpl', 100, NULL, '74', NULL, 'ingrid-portal-apps::InfoPortlet', NULL, NULL, 'portlet', NULL, 'ingrid-marginal-teaser', NULL, NULL, 0, 1, NULL, -1, -1, -1, -1, -1, NULL),
(103, 'org.apache.jetspeed.om.page.impl.FragmentImpl', 100, NULL, '75', NULL, 'ingrid-portal-apps::InfoPortlet', NULL, NULL, 'portlet', NULL, 'ingrid-marginal-teaser', NULL, NULL, 1, 1, NULL, -1, -1, -1, -1, -1, NULL),
(105, 'org.apache.jetspeed.om.page.impl.FragmentImpl', NULL, 25, '76', NULL, 'jetspeed-layouts::IngridTwoColumns', NULL, NULL, 'layout', NULL, NULL, NULL, NULL, -1, -1, NULL, -1, -1, -1, -1, -1, NULL),
(106, 'org.apache.jetspeed.om.page.impl.FragmentImpl', 105, NULL, '9723', NULL, 'ingrid-portal-apps::Contact', NULL, NULL, 'portlet', NULL, 'ingrid-teaser', NULL, NULL, 0, 0, NULL, -1, -1, -1, -1, -1, NULL),
(107, 'org.apache.jetspeed.om.page.impl.FragmentImpl', 105, NULL, '9724', NULL, 'ingrid-portal-apps::InfoPortlet', NULL, NULL, 'portlet', NULL, 'ingrid-marginal-teaser', NULL, NULL, 0, 1, NULL, -1, -1, -1, -1, -1, NULL),
(109, 'org.apache.jetspeed.om.page.impl.FragmentImpl', NULL, 26, '79', NULL, 'jetspeed-layouts::IngridTwoColumns', NULL, NULL, 'layout', NULL, NULL, NULL, NULL, -1, -1, NULL, -1, -1, -1, -1, -1, NULL),
(110, 'org.apache.jetspeed.om.page.impl.FragmentImpl', 109, NULL, '80', NULL, 'ingrid-portal-apps::MyPortalLoginPortlet', NULL, NULL, 'portlet', NULL, NULL, NULL, NULL, 0, 0, NULL, -1, -1, -1, -1, -1, NULL),
(111, 'org.apache.jetspeed.om.page.impl.FragmentImpl', 109, NULL, '81', NULL, 'ingrid-portal-apps::InfoPortlet', NULL, NULL, 'portlet', NULL, 'ingrid-marginal-teaser', NULL, NULL, 0, 1, NULL, -1, -1, -1, -1, -1, NULL),
(113, 'org.apache.jetspeed.om.page.impl.FragmentImpl', NULL, 27, '82', NULL, 'jetspeed-layouts::IngridOneColumn', NULL, NULL, 'layout', NULL, NULL, NULL, NULL, -1, -1, NULL, -1, -1, -1, -1, -1, NULL),
(114, 'org.apache.jetspeed.om.page.impl.FragmentImpl', 113, NULL, '83', NULL, 'ingrid-portal-apps::InfoPortlet', NULL, NULL, 'portlet', NULL, NULL, NULL, NULL, 0, 0, NULL, -1, -1, -1, -1, -1, NULL),
(116, 'org.apache.jetspeed.om.page.impl.FragmentImpl', NULL, 28, '84', NULL, 'jetspeed-layouts::IngridTwoColumns', NULL, NULL, 'layout', NULL, NULL, NULL, NULL, -1, -1, NULL, -1, -1, -1, -1, -1, NULL),
(117, 'org.apache.jetspeed.om.page.impl.FragmentImpl', 116, NULL, '9709', NULL, 'ingrid-portal-apps::SearchSimple', NULL, NULL, 'portlet', NULL, 'ingrid-teaser', NULL, NULL, 0, 0, NULL, -1, -1, -1, -1, -1, NULL),
(118, 'org.apache.jetspeed.om.page.impl.FragmentImpl', 116, NULL, '9710', NULL, 'ingrid-portal-apps::EnvironmentTeaser', NULL, NULL, 'portlet', NULL, 'ingrid-teaser', NULL, NULL, 1, 0, NULL, -1, -1, -1, -1, -1, NULL),
(119, 'org.apache.jetspeed.om.page.impl.FragmentImpl', 116, NULL, '9711', NULL, 'ingrid-portal-apps::RssNewsTeaser', NULL, NULL, 'portlet', NULL, 'ingrid-teaser', NULL, NULL, 2, 0, NULL, -1, -1, -1, -1, -1, NULL),
(120, 'org.apache.jetspeed.om.page.impl.FragmentImpl', 116, NULL, '9712', NULL, 'ingrid-portal-apps::IngridInformPortlet', NULL, NULL, 'portlet', NULL, 'ingrid-marginal-teaser', NULL, NULL, 0, 1, NULL, -1, -1, -1, -1, -1, NULL),
(121, 'org.apache.jetspeed.om.page.impl.FragmentImpl', 116, NULL, '9714', NULL, 'ingrid-portal-apps::MeasuresTeaser', NULL, NULL, 'portlet', NULL, 'ingrid-marginal-teaser', NULL, NULL, 3, 1, NULL, -1, -1, -1, -1, -1, NULL),
(122, 'org.apache.jetspeed.om.page.impl.FragmentImpl', 116, NULL, '9715', NULL, 'ingrid-portal-apps::ChronicleTeaser', NULL, NULL, 'portlet', NULL, 'ingrid-marginal-teaser', NULL, NULL, 1, 1, NULL, -1, -1, -1, -1, -1, NULL),
(123, 'org.apache.jetspeed.om.page.impl.FragmentImpl', 116, NULL, '9900', NULL, 'ingrid-portal-apps::WeatherTeaser', NULL, NULL, 'portlet', NULL, 'ingrid-marginal-teaser', NULL, NULL, 2, 1, NULL, -1, -1, -1, -1, -1, NULL),
(125, 'org.apache.jetspeed.om.page.impl.FragmentImpl', NULL, 29, '92', NULL, 'jetspeed-layouts::IngridTwoColumns', NULL, NULL, 'layout', NULL, NULL, NULL, NULL, -1, -1, NULL, -1, -1, -1, -1, -1, NULL),
(126, 'org.apache.jetspeed.om.page.impl.FragmentImpl', 125, NULL, '9725', NULL, 'ingrid-portal-apps::MyPortalEditAccountPortlet', NULL, NULL, 'portlet', NULL, 'ingrid-teaser', NULL, NULL, 0, 0, NULL, -1, -1, -1, -1, -1, NULL),
(127, 'org.apache.jetspeed.om.page.impl.FragmentImpl', 125, NULL, '9726', NULL, 'ingrid-portal-apps::MyPortalEditAboutInfoPortlet', NULL, NULL, 'portlet', NULL, 'ingrid-marginal-teaser', NULL, NULL, 0, 1, NULL, -1, -1, -1, -1, -1, NULL),
(128, 'org.apache.jetspeed.om.page.impl.FragmentImpl', 125, NULL, '9727', NULL, 'ingrid-portal-apps::MyPortalEditNewsletterInfoPortlet', NULL, NULL, 'portlet', NULL, 'ingrid-marginal-teaser', NULL, NULL, 1, 1, NULL, -1, -1, -1, -1, -1, NULL),
(129, 'org.apache.jetspeed.om.page.impl.FragmentImpl', 125, NULL, '9728', NULL, 'ingrid-portal-apps::MyPortalEditAdvancedInfoPortlet', NULL, NULL, 'portlet', NULL, 'ingrid-marginal-teaser', NULL, NULL, 2, 1, NULL, -1, -1, -1, -1, -1, NULL),
(131, 'org.apache.jetspeed.om.page.impl.FragmentImpl', NULL, 30, '97', NULL, 'jetspeed-layouts::IngridTwoColumns', NULL, NULL, 'layout', NULL, NULL, NULL, NULL, -1, -1, NULL, -1, -1, -1, -1, -1, NULL),
(132, 'org.apache.jetspeed.om.page.impl.FragmentImpl', 131, NULL, '98', NULL, 'ingrid-portal-apps::MyPortalPersonalizeOverviewPortlet', NULL, NULL, 'portlet', NULL, NULL, NULL, NULL, 0, 0, NULL, -1, -1, -1, -1, -1, NULL),
(133, 'org.apache.jetspeed.om.page.impl.FragmentImpl', 131, NULL, '99', NULL, 'ingrid-portal-apps::MyPortalPersonalizeHomePortlet', NULL, NULL, 'portlet', NULL, NULL, NULL, NULL, 1, 0, NULL, -1, -1, -1, -1, -1, NULL),
(134, 'org.apache.jetspeed.om.page.impl.FragmentImpl', 131, NULL, '100', NULL, 'ingrid-portal-apps::MyPortalPersonalizePartnerPortlet', NULL, NULL, 'portlet', NULL, NULL, NULL, NULL, 2, 0, NULL, -1, -1, -1, -1, -1, NULL),
(135, 'org.apache.jetspeed.om.page.impl.FragmentImpl', 131, NULL, '101', NULL, 'ingrid-portal-apps::MyPortalPersonalizeSourcesPortlet', NULL, NULL, 'portlet', NULL, NULL, NULL, NULL, 3, 0, NULL, -1, -1, -1, -1, -1, NULL),
(136, 'org.apache.jetspeed.om.page.impl.FragmentImpl', 131, NULL, '102', NULL, 'ingrid-portal-apps::MyPortalPersonalizeSearchSettingsPortlet', NULL, NULL, 'portlet', NULL, NULL, NULL, NULL, 4, 0, NULL, -1, -1, -1, -1, -1, NULL),
(137, 'org.apache.jetspeed.om.page.impl.FragmentImpl', 131, NULL, '103', NULL, 'ingrid-portal-apps::InfoPortlet', NULL, NULL, 'portlet', NULL, 'ingrid-marginal-teaser', NULL, NULL, 0, 1, NULL, -1, -1, -1, -1, -1, NULL),
(138, 'org.apache.jetspeed.om.page.impl.FragmentImpl', 131, NULL, '104', NULL, 'ingrid-portal-apps::InfoPortlet', NULL, NULL, 'portlet', NULL, 'ingrid-marginal-teaser', NULL, NULL, 1, 1, NULL, -1, -1, -1, -1, -1, NULL),
(140, 'org.apache.jetspeed.om.page.impl.FragmentImpl', NULL, 31, '105', NULL, 'jetspeed-layouts::IngridTwoColumns', NULL, NULL, 'layout', NULL, NULL, NULL, NULL, -1, -1, NULL, -1, -1, -1, -1, -1, NULL),
(141, 'org.apache.jetspeed.om.page.impl.FragmentImpl', 140, NULL, '106', NULL, 'ingrid-portal-apps::MyPortalOverviewPortlet', NULL, NULL, 'portlet', NULL, NULL, NULL, NULL, 0, 0, NULL, -1, -1, -1, -1, -1, NULL),
(142, 'org.apache.jetspeed.om.page.impl.FragmentImpl', 140, NULL, '107', NULL, 'ingrid-portal-apps::InfoPortlet', NULL, NULL, 'portlet', NULL, 'ingrid-marginal-teaser', NULL, NULL, 0, 1, NULL, -1, -1, -1, -1, -1, NULL),
(6507, 'org.apache.jetspeed.om.page.impl.FragmentImpl', NULL, 728, '108', NULL, 'jetspeed-layouts::IngridTwoColumns', NULL, NULL, 'layout', NULL, NULL, NULL, NULL, -1, -1, NULL, -1, -1, -1, -1, -1, NULL),
(6508, 'org.apache.jetspeed.om.page.impl.FragmentImpl', 6507, NULL, '9716', NULL, 'ingrid-portal-apps::SearchSimple', NULL, NULL, 'portlet', NULL, 'ingrid-teaser', NULL, NULL, 0, 0, NULL, -1, -1, -1, -1, -1, NULL),
(6509, 'org.apache.jetspeed.om.page.impl.FragmentImpl', 6507, NULL, '9717', NULL, 'ingrid-portal-apps::EnvironmentTeaser', NULL, NULL, 'portlet', NULL, 'ingrid-teaser', NULL, NULL, 1, 0, NULL, -1, -1, -1, -1, -1, NULL),
(6510, 'org.apache.jetspeed.om.page.impl.FragmentImpl', 6507, NULL, '9718', NULL, 'ingrid-portal-apps::RssNewsTeaser', NULL, NULL, 'portlet', NULL, 'ingrid-teaser', NULL, NULL, 2, 0, NULL, -1, -1, -1, -1, -1, NULL),
(6511, 'org.apache.jetspeed.om.page.impl.FragmentImpl', 6507, NULL, '9719', NULL, 'ingrid-portal-apps::IngridInformPortlet', NULL, NULL, 'portlet', NULL, 'ingrid-marginal-teaser', NULL, NULL, 0, 1, NULL, -1, -1, -1, -1, -1, NULL),
(6512, 'org.apache.jetspeed.om.page.impl.FragmentImpl', 6507, NULL, '9721', NULL, 'ingrid-portal-apps::MeasuresTeaser', NULL, NULL, 'portlet', NULL, 'ingrid-marginal-teaser', NULL, NULL, 3, 1, NULL, -1, -1, -1, -1, -1, NULL),
(6513, 'org.apache.jetspeed.om.page.impl.FragmentImpl', 6507, NULL, '9722', NULL, 'ingrid-portal-apps::ChronicleTeaser', NULL, NULL, 'portlet', NULL, 'ingrid-marginal-teaser', NULL, NULL, 1, 1, NULL, -1, -1, -1, -1, -1, NULL),
(6514, 'org.apache.jetspeed.om.page.impl.FragmentImpl', 6507, NULL, '9901', NULL, 'ingrid-portal-apps::WeatherTeaser', NULL, NULL, 'portlet', NULL, 'ingrid-marginal-teaser', NULL, NULL, 2, 1, NULL, -1, -1, -1, -1, -1, NULL),
(6515, 'org.apache.jetspeed.om.page.impl.FragmentImpl', 6507, NULL, '11001', NULL, 'ingrid-portal-apps::WeatherTeaser', NULL, NULL, 'portlet', NULL, 'ingrid-marginal-teaser', NULL, NULL, 2, 1, NULL, -1, -1, -1, -1, -1, NULL),
(7138, 'org.apache.jetspeed.om.page.impl.FragmentImpl', NULL, 798, '116', NULL, 'jetspeed-layouts::IngridOneColumn', NULL, NULL, 'layout', NULL, NULL, NULL, NULL, -1, -1, NULL, -1, -1, -1, -1, -1, NULL),
(7139, 'org.apache.jetspeed.om.page.impl.FragmentImpl', 7138, NULL, '117', NULL, 'ingrid-portal-apps::AdminCMSPortlet', NULL, NULL, 'portlet', NULL, NULL, NULL, NULL, 0, -1, NULL, -1, -1, -1, -1, -1, NULL),
(7141, 'org.apache.jetspeed.om.page.impl.FragmentImpl', NULL, 799, '1278', NULL, 'jetspeed-layouts::IngridOneColumn', NULL, NULL, 'layout', NULL, NULL, NULL, NULL, -1, -1, NULL, -1, -1, -1, -1, -1, NULL),
(7142, 'org.apache.jetspeed.om.page.impl.FragmentImpl', 7141, NULL, '1279', NULL, 'ingrid-portal-apps::AdminComponentMonitorPortlet', NULL, NULL, 'portlet', NULL, NULL, NULL, NULL, 1, -1, NULL, -1, -1, -1, -1, -1, NULL),
(7144, 'org.apache.jetspeed.om.page.impl.FragmentImpl', NULL, 800, '118', NULL, 'jetspeed-layouts::IngridOneColumn', NULL, NULL, 'layout', NULL, NULL, NULL, NULL, -1, -1, NULL, -1, -1, -1, -1, -1, NULL),
(7145, 'org.apache.jetspeed.om.page.impl.FragmentImpl', 7144, NULL, '119', NULL, 'ingrid-portal-apps::ContentPartnerPortlet', NULL, NULL, 'portlet', NULL, NULL, NULL, NULL, 1, -1, NULL, -1, -1, -1, -1, -1, NULL),
(7147, 'org.apache.jetspeed.om.page.impl.FragmentImpl', NULL, 801, '120', NULL, 'jetspeed-layouts::IngridOneColumn', NULL, NULL, 'layout', NULL, NULL, NULL, NULL, -1, -1, NULL, -1, -1, -1, -1, -1, NULL),
(7148, 'org.apache.jetspeed.om.page.impl.FragmentImpl', 7147, NULL, '121', NULL, 'ingrid-portal-apps::ContentProviderPortlet', NULL, NULL, 'portlet', NULL, NULL, NULL, NULL, 1, -1, NULL, -1, -1, -1, -1, -1, NULL),
(7150, 'org.apache.jetspeed.om.page.impl.FragmentImpl', NULL, 802, '122', NULL, 'jetspeed-layouts::IngridOneColumn', NULL, NULL, 'layout', NULL, NULL, NULL, NULL, -1, -1, NULL, -1, -1, -1, -1, -1, NULL),
(7151, 'org.apache.jetspeed.om.page.impl.FragmentImpl', 7150, NULL, '123', NULL, 'ingrid-portal-apps::ContentRSSPortlet', NULL, NULL, 'portlet', NULL, NULL, NULL, NULL, 1, -1, NULL, -1, -1, -1, -1, -1, NULL),
(7153, 'org.apache.jetspeed.om.page.impl.FragmentImpl', NULL, 803, '124', NULL, 'jetspeed-layouts::IngridOneColumn', NULL, NULL, 'layout', NULL, NULL, NULL, NULL, -1, -1, NULL, -1, -1, -1, -1, -1, NULL),
(7154, 'org.apache.jetspeed.om.page.impl.FragmentImpl', 7153, NULL, '125', NULL, 'ingrid-portal-apps::AdminHomepagePortlet', NULL, NULL, 'portlet', NULL, NULL, NULL, NULL, 0, -1, NULL, -1, -1, -1, -1, -1, NULL),
(7156, 'org.apache.jetspeed.om.page.impl.FragmentImpl', NULL, 804, '126', NULL, 'jetspeed-layouts::IngridOneColumn', NULL, NULL, 'layout', NULL, NULL, NULL, NULL, -1, -1, NULL, -1, -1, -1, -1, -1, NULL),
(7157, 'org.apache.jetspeed.om.page.impl.FragmentImpl', 7156, NULL, '127', NULL, 'ingrid-portal-apps::AdminIPlugPortlet', NULL, NULL, 'portlet', NULL, NULL, NULL, NULL, 1, -1, NULL, -1, -1, -1, -1, -1, NULL),
(7159, 'org.apache.jetspeed.om.page.impl.FragmentImpl', NULL, 805, '128', NULL, 'jetspeed-layouts::IngridOneColumn', NULL, NULL, 'layout', NULL, NULL, NULL, NULL, -1, -1, NULL, -1, -1, -1, -1, -1, NULL),
(7160, 'org.apache.jetspeed.om.page.impl.FragmentImpl', 7159, NULL, '129', NULL, 'ingrid-portal-apps::AdminPortalProfilePortlet', NULL, NULL, 'portlet', NULL, NULL, NULL, NULL, 0, -1, NULL, -1, -1, -1, -1, -1, NULL),
(7162, 'org.apache.jetspeed.om.page.impl.FragmentImpl', NULL, 806, '130', NULL, 'jetspeed-layouts::IngridOneColumn', NULL, NULL, 'layout', NULL, NULL, NULL, NULL, -1, -1, NULL, -1, -1, -1, -1, -1, NULL),
(7163, 'org.apache.jetspeed.om.page.impl.FragmentImpl', 7162, NULL, '131', NULL, 'ingrid-portal-apps::AdminStatisticsPortlet', NULL, NULL, 'portlet', NULL, NULL, NULL, NULL, 0, -1, NULL, -1, -1, -1, -1, -1, NULL),
(7165, 'org.apache.jetspeed.om.page.impl.FragmentImpl', NULL, 807, '132', NULL, 'jetspeed-layouts::IngridOneColumn', NULL, NULL, 'layout', NULL, NULL, NULL, NULL, -1, -1, NULL, -1, -1, -1, -1, -1, NULL),
(7166, 'org.apache.jetspeed.om.page.impl.FragmentImpl', 7165, NULL, '133', NULL, 'ingrid-portal-apps::AdminUserPortlet', NULL, NULL, 'portlet', NULL, NULL, NULL, NULL, 0, -1, NULL, -1, -1, -1, -1, -1, NULL),
(7167, 'org.apache.jetspeed.om.page.impl.FragmentImpl', 7165, NULL, '134', NULL, 'ingrid-portal-apps::AdminUserMigrationPortlet', NULL, NULL, 'portlet', NULL, NULL, NULL, NULL, 1, -1, NULL, -1, -1, -1, -1, -1, NULL),
(7169, 'org.apache.jetspeed.om.page.impl.FragmentImpl', NULL, 808, '135', NULL, 'jetspeed-layouts::IngridOneColumn', NULL, NULL, 'layout', NULL, NULL, NULL, NULL, -1, -1, NULL, -1, -1, -1, -1, -1, NULL),
(7170, 'org.apache.jetspeed.om.page.impl.FragmentImpl', 7169, NULL, '136', NULL, 'ingrid-portal-apps::AdminWMSPortlet', NULL, NULL, 'portlet', NULL, NULL, NULL, NULL, 0, -1, NULL, -1, -1, -1, -1, -1, NULL),
(7172, 'org.apache.jetspeed.om.page.impl.FragmentImpl', NULL, 809, '11024', NULL, 'jetspeed-layouts::IngridOneColumn', NULL, NULL, 'layout', NULL, NULL, NULL, NULL, -1, -1, NULL, -1, -1, -1, -1, -1, NULL),
(7173, 'org.apache.jetspeed.om.page.impl.FragmentImpl', 7172, NULL, '11025', NULL, 'ingrid-portal-apps::IFramePortalPortlet', NULL, NULL, 'portlet', NULL, 'ingrid-teaser', NULL, NULL, 0, 0, NULL, -1, -1, -1, -1, -1, NULL),
(7175, 'org.apache.jetspeed.om.page.impl.FragmentImpl', NULL, 810, '11022', NULL, 'jetspeed-layouts::IngridOneColumn', NULL, NULL, 'layout', NULL, NULL, NULL, NULL, -1, -1, NULL, -1, -1, -1, -1, -1, NULL),
(7176, 'org.apache.jetspeed.om.page.impl.FragmentImpl', 7175, NULL, '11023', NULL, 'ingrid-portal-apps::IFramePortalPortlet', NULL, NULL, 'portlet', NULL, 'ingrid-teaser', NULL, NULL, 0, 0, NULL, -1, -1, -1, -1, -1, NULL),
(7178, 'org.apache.jetspeed.om.page.impl.FragmentImpl', NULL, 811, '11026', NULL, 'jetspeed-layouts::IngridOneColumn', NULL, NULL, 'layout', NULL, NULL, NULL, NULL, -1, -1, NULL, -1, -1, -1, -1, -1, NULL),
(7179, 'org.apache.jetspeed.om.page.impl.FragmentImpl', 7178, NULL, '11027', NULL, 'ingrid-portal-apps::IFramePortalPortlet', NULL, NULL, 'portlet', NULL, 'ingrid-teaser', NULL, NULL, 0, 0, NULL, -1, -1, -1, -1, -1, NULL),
(7181, 'org.apache.jetspeed.om.page.impl.FragmentImpl', NULL, 812, '11020', NULL, 'jetspeed-layouts::IngridOneColumn', NULL, NULL, 'layout', NULL, NULL, NULL, NULL, -1, -1, NULL, -1, -1, -1, -1, -1, NULL),
(7182, 'org.apache.jetspeed.om.page.impl.FragmentImpl', 7181, NULL, '11021', NULL, 'ingrid-portal-apps::IFramePortalPortlet', NULL, NULL, 'portlet', NULL, 'ingrid-teaser', NULL, NULL, 0, 0, NULL, -1, -1, -1, -1, -1, NULL),
(7184, 'org.apache.jetspeed.om.page.impl.FragmentImpl', NULL, 813, '11040', NULL, 'jetspeed-layouts::IngridOneColumn', NULL, NULL, 'layout', NULL, NULL, NULL, NULL, -1, -1, NULL, -1, -1, -1, -1, -1, NULL),
(7185, 'org.apache.jetspeed.om.page.impl.FragmentImpl', 7184, NULL, '11041', NULL, 'ingrid-portal-apps::CMSPortlet0', NULL, NULL, 'portlet', NULL, 'clear', NULL, NULL, 0, 0, NULL, -1, -1, -1, -1, -1, NULL),
(7187, 'org.apache.jetspeed.om.page.impl.FragmentImpl', NULL, 814, '11042', NULL, 'jetspeed-layouts::IngridOneColumn', NULL, NULL, 'layout', NULL, NULL, NULL, NULL, -1, -1, NULL, -1, -1, -1, -1, -1, NULL),
(7188, 'org.apache.jetspeed.om.page.impl.FragmentImpl', 7187, NULL, '11043', NULL, 'ingrid-portal-apps::CMSPortlet1', NULL, NULL, 'portlet', NULL, 'clear', NULL, NULL, 0, 0, NULL, -1, -1, -1, -1, -1, NULL),
(7190, 'org.apache.jetspeed.om.page.impl.FragmentImpl', NULL, 815, '11044', NULL, 'jetspeed-layouts::IngridOneColumn', NULL, NULL, 'layout', NULL, NULL, NULL, NULL, -1, -1, NULL, -1, -1, -1, -1, -1, NULL),
(7191, 'org.apache.jetspeed.om.page.impl.FragmentImpl', 7190, NULL, '11045', NULL, 'ingrid-portal-apps::CMSPortlet2', NULL, NULL, 'portlet', NULL, 'clear', NULL, NULL, 0, 0, NULL, -1, -1, -1, -1, -1, NULL),
(7193, 'org.apache.jetspeed.om.page.impl.FragmentImpl', NULL, 816, '2520', NULL, 'jetspeed-layouts::IngridOneColumn', NULL, NULL, 'layout', NULL, NULL, NULL, NULL, -1, -1, NULL, -1, -1, -1, -1, -1, NULL),
(7194, 'org.apache.jetspeed.om.page.impl.FragmentImpl', 7193, NULL, '2521', NULL, 'ingrid-portal-mdek::MdekPortalAdminPortlet', NULL, NULL, 'portlet', NULL, NULL, NULL, NULL, 0, -1, NULL, -1, -1, -1, -1, -1, NULL),
(7195, 'org.apache.jetspeed.om.page.impl.FragmentImpl', 7193, NULL, '2523', NULL, 'ingrid-portal-mdek::MdekEntryPortlet', NULL, NULL, 'portlet', NULL, NULL, NULL, NULL, 2, -1, NULL, -1, -1, -1, -1, -1, NULL),
(7196, 'org.apache.jetspeed.om.page.impl.FragmentImpl', 7193, NULL, '5380', NULL, 'ingrid-portal-mdek::MdekAdminLoginPortlet', NULL, NULL, 'portlet', NULL, NULL, NULL, NULL, 1, -1, NULL, -1, -1, -1, -1, -1, NULL),
(7198, 'org.apache.jetspeed.om.page.impl.FragmentImpl', NULL, 817, '1780', NULL, 'jetspeed-layouts::IngridOneColumn', NULL, NULL, 'layout', NULL, NULL, NULL, NULL, -1, -1, NULL, -1, -1, -1, -1, -1, NULL),
(7199, 'org.apache.jetspeed.om.page.impl.FragmentImpl', 7198, NULL, '1781', NULL, 'ingrid-portal-apps::SearchCatalogHierarchy', NULL, NULL, 'portlet', NULL, NULL, NULL, NULL, 0, -1, NULL, -1, -1, -1, -1, -1, NULL),
(7201, 'org.apache.jetspeed.om.page.impl.FragmentImpl', NULL, 818, '1782', NULL, 'jetspeed-layouts::IngridTwoColumns', NULL, NULL, 'layout', NULL, NULL, NULL, NULL, -1, -1, NULL, -1, -1, -1, -1, -1, NULL),
(7202, 'org.apache.jetspeed.om.page.impl.FragmentImpl', 7201, NULL, '1783', NULL, 'ingrid-portal-apps::SearchCatalogThesaurus', NULL, NULL, 'portlet', NULL, NULL, NULL, NULL, 0, 0, NULL, -1, -1, -1, -1, -1, NULL),
(7203, 'org.apache.jetspeed.om.page.impl.FragmentImpl', 7201, NULL, '1980', NULL, 'ingrid-portal-apps::SearchCatalogThesaurusResult', NULL, NULL, 'portlet', NULL, NULL, NULL, NULL, 0, 1, NULL, -1, -1, -1, -1, -1, NULL),
(7204, 'org.apache.jetspeed.om.page.impl.FragmentImpl', 7201, NULL, '2000', NULL, 'ingrid-portal-apps::InfoPortlet', NULL, NULL, 'portlet', NULL, 'ingrid-marginal-teaser', NULL, NULL, 1, 1, NULL, -1, -1, -1, -1, -1, NULL),
(7206, 'org.apache.jetspeed.om.page.impl.FragmentImpl', NULL, 819, '137', NULL, 'jetspeed-layouts::IngridTwoColumns', NULL, NULL, 'layout', NULL, NULL, NULL, NULL, -1, -1, NULL, -1, -1, -1, -1, -1, NULL),
(7207, 'org.apache.jetspeed.om.page.impl.FragmentImpl', 7206, NULL, '138', NULL, 'ingrid-portal-apps::SearchSimple', NULL, NULL, 'portlet', NULL, NULL, NULL, NULL, 0, 0, NULL, -1, -1, -1, -1, -1, NULL),
(7208, 'org.apache.jetspeed.om.page.impl.FragmentImpl', 7206, NULL, '139', NULL, 'ingrid-portal-apps::SearchExtAdrAreaPartner', NULL, NULL, 'portlet', NULL, 'clear', NULL, NULL, 1, 0, NULL, -1, -1, -1, -1, -1, NULL),
(7209, 'org.apache.jetspeed.om.page.impl.FragmentImpl', 7206, NULL, '140', NULL, 'ingrid-portal-apps::InfoPortlet', NULL, NULL, 'portlet', NULL, 'ingrid-marginal-teaser', NULL, NULL, 0, 1, NULL, -1, -1, -1, -1, -1, NULL),
(7211, 'org.apache.jetspeed.om.page.impl.FragmentImpl', NULL, 820, '141', NULL, 'jetspeed-layouts::IngridTwoColumns', NULL, NULL, 'layout', NULL, NULL, NULL, NULL, -1, -1, NULL, -1, -1, -1, -1, -1, NULL),
(7212, 'org.apache.jetspeed.om.page.impl.FragmentImpl', 7211, NULL, '142', NULL, 'ingrid-portal-apps::SearchSimple', NULL, NULL, 'portlet', NULL, NULL, NULL, NULL, 0, 0, NULL, -1, -1, -1, -1, -1, NULL),
(7213, 'org.apache.jetspeed.om.page.impl.FragmentImpl', 7211, NULL, '143', NULL, 'ingrid-portal-apps::SearchExtAdrPlaceReference', NULL, NULL, 'portlet', NULL, 'clear', NULL, NULL, 1, 0, NULL, -1, -1, -1, -1, -1, NULL),
(7214, 'org.apache.jetspeed.om.page.impl.FragmentImpl', 7211, NULL, '144', NULL, 'ingrid-portal-apps::InfoPortlet', NULL, NULL, 'portlet', NULL, 'ingrid-marginal-teaser', NULL, NULL, 0, 1, NULL, -1, -1, -1, -1, -1, NULL),
(7216, 'org.apache.jetspeed.om.page.impl.FragmentImpl', NULL, 821, '145', NULL, 'jetspeed-layouts::IngridTwoColumns', NULL, NULL, 'layout', NULL, NULL, NULL, NULL, -1, -1, NULL, -1, -1, -1, -1, -1, NULL),
(7217, 'org.apache.jetspeed.om.page.impl.FragmentImpl', 7216, NULL, '146', NULL, 'ingrid-portal-apps::SearchSimple', NULL, NULL, 'portlet', NULL, NULL, NULL, NULL, 0, 0, NULL, -1, -1, -1, -1, -1, NULL),
(7218, 'org.apache.jetspeed.om.page.impl.FragmentImpl', 7216, NULL, '147', NULL, 'ingrid-portal-apps::SearchExtAdrTopicMode', NULL, NULL, 'portlet', NULL, 'clear', NULL, NULL, 1, 0, NULL, -1, -1, -1, -1, -1, NULL),
(7219, 'org.apache.jetspeed.om.page.impl.FragmentImpl', 7216, NULL, '148', NULL, 'ingrid-portal-apps::InfoPortlet', NULL, NULL, 'portlet', NULL, 'ingrid-marginal-teaser', NULL, NULL, 0, 1, NULL, -1, -1, -1, -1, -1, NULL),
(7221, 'org.apache.jetspeed.om.page.impl.FragmentImpl', NULL, 822, '149', NULL, 'jetspeed-layouts::IngridTwoColumns', NULL, NULL, 'layout', NULL, NULL, NULL, NULL, -1, -1, NULL, -1, -1, -1, -1, -1, NULL),
(7222, 'org.apache.jetspeed.om.page.impl.FragmentImpl', 7221, NULL, '150', NULL, 'ingrid-portal-apps::SearchSimple', NULL, NULL, 'portlet', NULL, NULL, NULL, NULL, 0, 0, NULL, -1, -1, -1, -1, -1, NULL),
(7223, 'org.apache.jetspeed.om.page.impl.FragmentImpl', 7221, NULL, '151', NULL, 'ingrid-portal-apps::SearchExtAdrTopicTerms', NULL, NULL, 'portlet', NULL, 'clear', NULL, NULL, 1, 0, NULL, -1, -1, -1, -1, -1, NULL),
(7224, 'org.apache.jetspeed.om.page.impl.FragmentImpl', 7221, NULL, '152', NULL, 'ingrid-portal-apps::InfoPortlet', NULL, NULL, 'portlet', NULL, 'ingrid-marginal-teaser', NULL, NULL, 0, 1, NULL, -1, -1, -1, -1, -1, NULL),
(7226, 'org.apache.jetspeed.om.page.impl.FragmentImpl', NULL, 823, '153', NULL, 'jetspeed-layouts::IngridTwoColumns', NULL, NULL, 'layout', NULL, NULL, NULL, NULL, -1, -1, NULL, -1, -1, -1, -1, -1, NULL),
(7227, 'org.apache.jetspeed.om.page.impl.FragmentImpl', 7226, NULL, '154', NULL, 'ingrid-portal-apps::SearchSimple', NULL, NULL, 'portlet', NULL, NULL, NULL, NULL, 0, 0, NULL, -1, -1, -1, -1, -1, NULL),
(7228, 'org.apache.jetspeed.om.page.impl.FragmentImpl', 7226, NULL, '155', NULL, 'ingrid-portal-apps::SearchExtEnvAreaContents', NULL, NULL, 'portlet', NULL, 'clear', NULL, NULL, 1, 0, NULL, -1, -1, -1, -1, -1, NULL),
(7229, 'org.apache.jetspeed.om.page.impl.FragmentImpl', 7226, NULL, '156', NULL, 'ingrid-portal-apps::InfoPortlet', NULL, NULL, 'portlet', NULL, 'ingrid-marginal-teaser', NULL, NULL, 0, 1, NULL, -1, -1, -1, -1, -1, NULL),
(7231, 'org.apache.jetspeed.om.page.impl.FragmentImpl', NULL, 824, '157', NULL, 'jetspeed-layouts::IngridTwoColumns', NULL, NULL, 'layout', NULL, NULL, NULL, NULL, -1, -1, NULL, -1, -1, -1, -1, -1, NULL),
(7232, 'org.apache.jetspeed.om.page.impl.FragmentImpl', 7231, NULL, '158', NULL, 'ingrid-portal-apps::SearchSimple', NULL, NULL, 'portlet', NULL, NULL, NULL, NULL, 0, 0, NULL, -1, -1, -1, -1, -1, NULL),
(7233, 'org.apache.jetspeed.om.page.impl.FragmentImpl', 7231, NULL, '159', NULL, 'ingrid-portal-apps::SearchExtEnvAreaPartner', NULL, NULL, 'portlet', NULL, 'clear', NULL, NULL, 1, 0, NULL, -1, -1, -1, -1, -1, NULL),
(7234, 'org.apache.jetspeed.om.page.impl.FragmentImpl', 7231, NULL, '160', NULL, 'ingrid-portal-apps::InfoPortlet', NULL, NULL, 'portlet', NULL, 'ingrid-marginal-teaser', NULL, NULL, 0, 1, NULL, -1, -1, -1, -1, -1, NULL),
(7236, 'org.apache.jetspeed.om.page.impl.FragmentImpl', NULL, 825, '161', NULL, 'jetspeed-layouts::IngridTwoColumns', NULL, NULL, 'layout', NULL, NULL, NULL, NULL, -1, -1, NULL, -1, -1, -1, -1, -1, NULL),
(7237, 'org.apache.jetspeed.om.page.impl.FragmentImpl', 7236, NULL, '162', NULL, 'ingrid-portal-apps::SearchSimple', NULL, NULL, 'portlet', NULL, NULL, NULL, NULL, 0, 0, NULL, -1, -1, -1, -1, -1, NULL),
(7238, 'org.apache.jetspeed.om.page.impl.FragmentImpl', 7236, NULL, '163', NULL, 'ingrid-portal-apps::SearchExtEnvAreaSources', NULL, NULL, 'portlet', NULL, 'clear', NULL, NULL, 1, 0, NULL, -1, -1, -1, -1, -1, NULL),
(7239, 'org.apache.jetspeed.om.page.impl.FragmentImpl', 7236, NULL, '164', NULL, 'ingrid-portal-apps::InfoPortlet', NULL, NULL, 'portlet', NULL, 'ingrid-marginal-teaser', NULL, NULL, 0, 1, NULL, -1, -1, -1, -1, -1, NULL),
(7241, 'org.apache.jetspeed.om.page.impl.FragmentImpl', NULL, 826, '165', NULL, 'jetspeed-layouts::IngridTwoColumns', NULL, NULL, 'layout', NULL, NULL, NULL, NULL, -1, -1, NULL, -1, -1, -1, -1, -1, NULL),
(7242, 'org.apache.jetspeed.om.page.impl.FragmentImpl', 7241, NULL, '166', NULL, 'ingrid-portal-apps::SearchSimple', NULL, NULL, 'portlet', NULL, NULL, NULL, NULL, 0, 0, NULL, -1, -1, -1, -1, -1, NULL),
(7243, 'org.apache.jetspeed.om.page.impl.FragmentImpl', 7241, NULL, '167', NULL, 'ingrid-portal-apps::SearchExtEnvPlaceGeothesaurus', NULL, NULL, 'portlet', NULL, 'clear', NULL, NULL, 1, 0, NULL, -1, -1, -1, -1, -1, NULL),
(7244, 'org.apache.jetspeed.om.page.impl.FragmentImpl', 7241, NULL, '168', NULL, 'ingrid-portal-apps::InfoPortlet', NULL, NULL, 'portlet', NULL, 'ingrid-marginal-teaser', NULL, NULL, 0, 1, NULL, -1, -1, -1, -1, -1, NULL),
(7246, 'org.apache.jetspeed.om.page.impl.FragmentImpl', NULL, 827, '169', NULL, 'jetspeed-layouts::IngridOneColumn', NULL, NULL, 'layout', NULL, NULL, NULL, NULL, -1, -1, NULL, -1, -1, -1, -1, -1, NULL),
(7247, 'org.apache.jetspeed.om.page.impl.FragmentImpl', 7246, NULL, '170', NULL, 'jetspeed-layouts::IngridTwoColumns', NULL, NULL, 'layout', NULL, NULL, NULL, NULL, 0, -1, NULL, -1, -1, -1, -1, -1, NULL),
(7248, 'org.apache.jetspeed.om.page.impl.FragmentImpl', 7247, NULL, '171', NULL, 'ingrid-portal-apps::SearchSimple', NULL, NULL, 'portlet', NULL, NULL, NULL, NULL, 0, 0, NULL, -1, -1, -1, -1, -1, NULL),
(7249, 'org.apache.jetspeed.om.page.impl.FragmentImpl', 7246, NULL, '172', NULL, 'ingrid-portal-apps::SearchExtEnvPlaceMap', NULL, NULL, 'portlet', NULL, 'clear', NULL, NULL, 1, -1, NULL, -1, -1, -1, -1, -1, NULL),
(7251, 'org.apache.jetspeed.om.page.impl.FragmentImpl', NULL, 828, '173', NULL, 'jetspeed-layouts::IngridTwoColumns', NULL, NULL, 'layout', NULL, NULL, NULL, NULL, -1, -1, NULL, -1, -1, -1, -1, -1, NULL),
(7252, 'org.apache.jetspeed.om.page.impl.FragmentImpl', 7251, NULL, '174', NULL, 'ingrid-portal-apps::SearchSimple', NULL, NULL, 'portlet', NULL, NULL, NULL, NULL, 0, 0, NULL, -1, -1, -1, -1, -1, NULL),
(7253, 'org.apache.jetspeed.om.page.impl.FragmentImpl', 7251, NULL, '175', NULL, 'ingrid-portal-apps::SearchExtEnvTimeConstraint', NULL, NULL, 'portlet', NULL, 'clear', NULL, NULL, 1, 0, NULL, -1, -1, -1, -1, -1, NULL),
(7254, 'org.apache.jetspeed.om.page.impl.FragmentImpl', 7251, NULL, '176', NULL, 'ingrid-portal-apps::SearchExtEnvTimeChronicle', NULL, NULL, 'portlet', NULL, 'clear', NULL, NULL, 2, 0, NULL, -1, -1, -1, -1, -1, NULL),
(7255, 'org.apache.jetspeed.om.page.impl.FragmentImpl', 7251, NULL, '177', NULL, 'ingrid-portal-apps::InfoPortlet', NULL, NULL, 'portlet', NULL, 'ingrid-marginal-teaser', NULL, NULL, 0, 1, NULL, -1, -1, -1, -1, -1, NULL),
(7257, 'org.apache.jetspeed.om.page.impl.FragmentImpl', NULL, 829, '178', NULL, 'jetspeed-layouts::IngridTwoColumns', NULL, NULL, 'layout', NULL, NULL, NULL, NULL, -1, -1, NULL, -1, -1, -1, -1, -1, NULL),
(7258, 'org.apache.jetspeed.om.page.impl.FragmentImpl', 7257, NULL, '179', NULL, 'ingrid-portal-apps::SearchSimple', NULL, NULL, 'portlet', NULL, NULL, NULL, NULL, 0, 0, NULL, -1, -1, -1, -1, -1, NULL),
(7259, 'org.apache.jetspeed.om.page.impl.FragmentImpl', 7257, NULL, '180', NULL, 'ingrid-portal-apps::SearchExtEnvTopicTerms', NULL, NULL, 'portlet', NULL, 'clear', NULL, NULL, 1, 0, NULL, -1, -1, -1, -1, -1, NULL),
(7260, 'org.apache.jetspeed.om.page.impl.FragmentImpl', 7257, NULL, '181', NULL, 'ingrid-portal-apps::InfoPortlet', NULL, NULL, 'portlet', NULL, 'ingrid-marginal-teaser', NULL, NULL, 0, 1, NULL, -1, -1, -1, -1, -1, NULL),
(7262, 'org.apache.jetspeed.om.page.impl.FragmentImpl', NULL, 830, '182', NULL, 'jetspeed-layouts::IngridTwoColumns', NULL, NULL, 'layout', NULL, NULL, NULL, NULL, -1, -1, NULL, -1, -1, -1, -1, -1, NULL),
(7263, 'org.apache.jetspeed.om.page.impl.FragmentImpl', 7262, NULL, '183', NULL, 'ingrid-portal-apps::SearchSimple', NULL, NULL, 'portlet', NULL, NULL, NULL, NULL, 0, 0, NULL, -1, -1, -1, -1, -1, NULL),
(7264, 'org.apache.jetspeed.om.page.impl.FragmentImpl', 7262, NULL, '184', NULL, 'ingrid-portal-apps::SearchExtEnvTopicThesaurus', NULL, NULL, 'portlet', NULL, 'clear', NULL, NULL, 1, 0, NULL, -1, -1, -1, -1, -1, NULL),
(7265, 'org.apache.jetspeed.om.page.impl.FragmentImpl', 7262, NULL, '185', NULL, 'ingrid-portal-apps::InfoPortlet', NULL, NULL, 'portlet', NULL, 'ingrid-marginal-teaser', NULL, NULL, 0, 1, NULL, -1, -1, -1, -1, -1, NULL),
(7267, 'org.apache.jetspeed.om.page.impl.FragmentImpl', NULL, 831, '2248', NULL, 'jetspeed-layouts::IngridTwoColumns', NULL, NULL, 'layout', NULL, NULL, NULL, NULL, -1, -1, NULL, -1, -1, -1, -1, -1, NULL),
(7268, 'org.apache.jetspeed.om.page.impl.FragmentImpl', 7267, NULL, '2249', NULL, 'ingrid-portal-apps::SearchSimple', NULL, NULL, 'portlet', NULL, NULL, NULL, NULL, 0, 0, NULL, -1, -1, -1, -1, -1, NULL),
(7269, 'org.apache.jetspeed.om.page.impl.FragmentImpl', 7267, NULL, '2250', NULL, 'ingrid-portal-apps::SearchExtLawAreaPartner', NULL, NULL, 'portlet', NULL, 'clear', NULL, NULL, 1, 0, NULL, -1, -1, -1, -1, -1, NULL),
(7270, 'org.apache.jetspeed.om.page.impl.FragmentImpl', 7267, NULL, '2251', NULL, 'ingrid-portal-apps::InfoPortlet', NULL, NULL, 'portlet', NULL, 'ingrid-marginal-teaser', NULL, NULL, 0, 1, NULL, -1, -1, -1, -1, -1, NULL),
(7272, 'org.apache.jetspeed.om.page.impl.FragmentImpl', NULL, 832, '2240', NULL, 'jetspeed-layouts::IngridTwoColumns', NULL, NULL, 'layout', NULL, NULL, NULL, NULL, -1, -1, NULL, -1, -1, -1, -1, -1, NULL),
(7273, 'org.apache.jetspeed.om.page.impl.FragmentImpl', 7272, NULL, '2241', NULL, 'ingrid-portal-apps::SearchSimple', NULL, NULL, 'portlet', NULL, NULL, NULL, NULL, 0, 0, NULL, -1, -1, -1, -1, -1, NULL),
(7274, 'org.apache.jetspeed.om.page.impl.FragmentImpl', 7272, NULL, '2242', NULL, 'ingrid-portal-apps::SearchExtLawTopicTerms', NULL, NULL, 'portlet', NULL, 'clear', NULL, NULL, 1, 0, NULL, -1, -1, -1, -1, -1, NULL),
(7275, 'org.apache.jetspeed.om.page.impl.FragmentImpl', 7272, NULL, '2243', NULL, 'ingrid-portal-apps::InfoPortlet', NULL, NULL, 'portlet', NULL, 'ingrid-marginal-teaser', NULL, NULL, 0, 1, NULL, -1, -1, -1, -1, -1, NULL),
(7277, 'org.apache.jetspeed.om.page.impl.FragmentImpl', NULL, 833, '2244', NULL, 'jetspeed-layouts::IngridTwoColumns', NULL, NULL, 'layout', NULL, NULL, NULL, NULL, -1, -1, NULL, -1, -1, -1, -1, -1, NULL),
(7278, 'org.apache.jetspeed.om.page.impl.FragmentImpl', 7277, NULL, '2245', NULL, 'ingrid-portal-apps::SearchSimple', NULL, NULL, 'portlet', NULL, NULL, NULL, NULL, 0, 0, NULL, -1, -1, -1, -1, -1, NULL),
(7279, 'org.apache.jetspeed.om.page.impl.FragmentImpl', 7277, NULL, '2246', NULL, 'ingrid-portal-apps::SearchExtLawTopicThesaurus', NULL, NULL, 'portlet', NULL, 'clear', NULL, NULL, 1, 0, NULL, -1, -1, -1, -1, -1, NULL),
(7280, 'org.apache.jetspeed.om.page.impl.FragmentImpl', 7277, NULL, '2247', NULL, 'ingrid-portal-apps::InfoPortlet', NULL, NULL, 'portlet', NULL, 'ingrid-marginal-teaser', NULL, NULL, 0, 1, NULL, -1, -1, -1, -1, -1, NULL),
(7282, 'org.apache.jetspeed.om.page.impl.FragmentImpl', NULL, 834, '186', NULL, 'jetspeed-layouts::IngridTwoColumns', NULL, NULL, 'layout', NULL, NULL, NULL, NULL, -1, -1, NULL, -1, -1, -1, -1, -1, NULL),
(7283, 'org.apache.jetspeed.om.page.impl.FragmentImpl', 7282, NULL, '187', NULL, 'ingrid-portal-apps::SearchSimple', NULL, NULL, 'portlet', NULL, NULL, NULL, NULL, 0, 0, NULL, -1, -1, -1, -1, -1, NULL),
(7284, 'org.apache.jetspeed.om.page.impl.FragmentImpl', 7282, NULL, '188', NULL, 'ingrid-portal-apps::SearchExtResTopicAttributes', NULL, NULL, 'portlet', NULL, 'clear', NULL, NULL, 1, 0, NULL, -1, -1, -1, -1, -1, NULL),
(7285, 'org.apache.jetspeed.om.page.impl.FragmentImpl', 7282, NULL, '189', NULL, 'ingrid-portal-apps::InfoPortlet', NULL, NULL, 'portlet', NULL, 'ingrid-marginal-teaser', NULL, NULL, 0, 1, NULL, -1, -1, -1, -1, -1, NULL),
(7287, 'org.apache.jetspeed.om.page.impl.FragmentImpl', NULL, 835, '190', NULL, 'jetspeed-layouts::IngridTwoColumns', NULL, NULL, 'layout', NULL, NULL, NULL, NULL, -1, -1, NULL, -1, -1, -1, -1, -1, NULL),
(7288, 'org.apache.jetspeed.om.page.impl.FragmentImpl', 7287, NULL, '191', NULL, 'ingrid-portal-apps::SearchSimple', NULL, NULL, 'portlet', NULL, NULL, NULL, NULL, 0, 0, NULL, -1, -1, -1, -1, -1, NULL),
(7289, 'org.apache.jetspeed.om.page.impl.FragmentImpl', 7287, NULL, '192', NULL, 'ingrid-portal-apps::SearchExtResTopicTerms', NULL, NULL, 'portlet', NULL, 'clear', NULL, NULL, 1, 0, NULL, -1, -1, -1, -1, -1, NULL),
(7290, 'org.apache.jetspeed.om.page.impl.FragmentImpl', 7287, NULL, '193', NULL, 'ingrid-portal-apps::InfoPortlet', NULL, NULL, 'portlet', NULL, 'ingrid-marginal-teaser', NULL, NULL, 0, 1, NULL, -1, -1, -1, -1, -1, NULL);

-- --------------------------------------------------------

--
-- Tabellenstruktur für Tabelle `fragment_constraint`
--

DROP TABLE IF EXISTS `fragment_constraint`;
CREATE TABLE IF NOT EXISTS `fragment_constraint` (
  `CONSTRAINT_ID` int(11) NOT NULL,
  `FRAGMENT_ID` int(11) NOT NULL,
  `APPLY_ORDER` int(11) NOT NULL,
  `USER_PRINCIPALS_ACL` varchar(120) COLLATE utf8_unicode_ci DEFAULT NULL,
  `ROLE_PRINCIPALS_ACL` varchar(120) COLLATE utf8_unicode_ci DEFAULT NULL,
  `GROUP_PRINCIPALS_ACL` varchar(120) COLLATE utf8_unicode_ci DEFAULT NULL,
  `PERMISSIONS_ACL` varchar(120) COLLATE utf8_unicode_ci DEFAULT NULL,
  PRIMARY KEY (`CONSTRAINT_ID`),
  KEY `IX_FRAGMENT_CONSTRAINT_1` (`FRAGMENT_ID`)
) ENGINE=InnoDB DEFAULT CHARSET=utf8 COLLATE=utf8_unicode_ci;

--
-- Daten für Tabelle `fragment_constraint`
--

INSERT INTO `fragment_constraint` (`CONSTRAINT_ID`, `FRAGMENT_ID`, `APPLY_ORDER`, `USER_PRINCIPALS_ACL`, `ROLE_PRINCIPALS_ACL`, `GROUP_PRINCIPALS_ACL`, `PERMISSIONS_ACL`) VALUES
(1, 7195, 0, NULL, 'mdek', NULL, 'view'),
(2, 7195, 1, 'admin', 'admin-portal', NULL, NULL),
(3, 7195, 2, NULL, 'mdek', NULL, 'view');

-- --------------------------------------------------------

--
-- Tabellenstruktur für Tabelle `fragment_constraints_ref`
--

DROP TABLE IF EXISTS `fragment_constraints_ref`;
CREATE TABLE IF NOT EXISTS `fragment_constraints_ref` (
  `CONSTRAINTS_REF_ID` int(11) NOT NULL,
  `FRAGMENT_ID` int(11) NOT NULL,
  `APPLY_ORDER` int(11) NOT NULL,
  `NAME` varchar(40) COLLATE utf8_unicode_ci NOT NULL,
  PRIMARY KEY (`CONSTRAINTS_REF_ID`),
  UNIQUE KEY `UN_FRAGMENT_CONSTRAINTS_REF_1` (`FRAGMENT_ID`,`NAME`),
  KEY `IX_FRAGMENT_CONSTRAINTS_REF_1` (`FRAGMENT_ID`)
) ENGINE=InnoDB DEFAULT CHARSET=utf8 COLLATE=utf8_unicode_ci;

--
-- Daten für Tabelle `fragment_constraints_ref`
--

INSERT INTO `fragment_constraints_ref` (`CONSTRAINTS_REF_ID`, `FRAGMENT_ID`, `APPLY_ORDER`, `NAME`) VALUES
(1, 7167, 0, 'admin'),
(2, 7194, 0, 'admin-portal'),
(3, 7196, 0, 'admin');

-- --------------------------------------------------------

--
-- Tabellenstruktur für Tabelle `fragment_pref`
--

DROP TABLE IF EXISTS `fragment_pref`;
CREATE TABLE IF NOT EXISTS `fragment_pref` (
  `PREF_ID` int(11) NOT NULL,
  `FRAGMENT_ID` int(11) NOT NULL,
  `NAME` varchar(40) COLLATE utf8_unicode_ci NOT NULL,
  `IS_READ_ONLY` smallint(6) NOT NULL,
  PRIMARY KEY (`PREF_ID`),
  UNIQUE KEY `UN_FRAGMENT_PREF_1` (`FRAGMENT_ID`,`NAME`),
  KEY `IX_FRAGMENT_PREF_1` (`FRAGMENT_ID`)
) ENGINE=InnoDB DEFAULT CHARSET=utf8 COLLATE=utf8_unicode_ci;

--
-- Daten für Tabelle `fragment_pref`
--

INSERT INTO `fragment_pref` (`PREF_ID`, `FRAGMENT_ID`, `NAME`, `IS_READ_ONLY`) VALUES
(1, 8, 'titleKey', 0),
(2, 15, 'cmsKey', 0),
(3, 15, 'infoTemplate', 0),
(4, 15, 'titleKey', 0),
(5, 16, 'infoTemplate', 0),
(6, 16, 'titleKey', 0),
(7, 28, 'cmsKey', 0),
(8, 28, 'helpKey', 0),
(9, 28, 'infoTemplate', 0),
(10, 29, 'infoTemplate', 0),
(11, 29, 'titleKey', 0),
(12, 30, 'infoTemplate', 0),
(13, 30, 'titleKey', 0),
(14, 33, 'helpKey', 0),
(15, 35, 'infoTemplate', 0),
(16, 35, 'titleKey', 0),
(17, 38, 'helpKey', 0),
(18, 40, 'infoLink', 0),
(19, 40, 'infoTemplate', 0),
(20, 40, 'titleKey', 0),
(21, 49, 'helpKey', 0),
(22, 51, 'infoTemplate', 0),
(23, 51, 'titleKey', 0),
(24, 55, 'helpKey', 0),
(25, 55, 'titleKey', 0),
(26, 56, 'infoTemplate', 0),
(27, 56, 'titleKey', 0),
(28, 62, 'helpKey', 0),
(29, 64, 'infoLink', 0),
(30, 64, 'infoTemplate', 0),
(31, 64, 'titleKey', 0),
(32, 68, 'infoTemplate', 0),
(33, 68, 'titleKey', 0),
(34, 72, 'infoTemplate', 0),
(35, 72, 'titleKey', 0),
(36, 75, 'cmsKey', 0),
(37, 75, 'infoTemplate', 0),
(38, 78, 'startWithEntry', 0),
(39, 84, 'helpKey', 0),
(40, 84, 'titleKey', 0),
(41, 86, 'infoTemplate', 0),
(42, 86, 'titleKey', 0),
(43, 92, 'helpKey', 0),
(44, 92, 'titleKey', 0),
(45, 96, 'helpKey', 0),
(46, 96, 'titleKey', 0),
(47, 98, 'infoTemplate', 0),
(48, 98, 'titleKey', 0),
(49, 101, 'helpKey', 0),
(50, 102, 'infoTemplate', 0),
(51, 102, 'titleKey', 0),
(52, 103, 'infoTemplate', 0),
(53, 103, 'titleKey', 0),
(54, 107, 'infoTemplate', 0),
(55, 107, 'titleKey', 0),
(56, 111, 'helpKey', 0),
(57, 111, 'infoTemplate', 0),
(58, 111, 'titleKey', 0),
(59, 114, 'infoTemplate', 0),
(60, 114, 'titleKey', 0),
(61, 123, 'titleKey', 0),
(62, 132, 'titleKey', 0),
(63, 133, 'titleKey', 0),
(64, 134, 'titleKey', 0),
(65, 135, 'titleKey', 0),
(66, 136, 'titleKey', 0),
(67, 137, 'currPage', 0),
(68, 137, 'infoTemplate', 0),
(69, 137, 'titleKey', 0),
(70, 138, 'helpKey', 0),
(71, 138, 'infoTemplate', 0),
(72, 138, 'titleKey', 0),
(73, 142, 'infoTemplate', 0),
(74, 142, 'titleKey', 0),
(6534, 6514, 'titleKey', 0),
(6535, 6515, 'titleKey', 0),
(7219, 7173, 'HEIGHT', 0),
(7220, 7173, 'SRC', 0),
(7221, 7173, 'titleKey', 0),
(7222, 7173, 'WIDTH', 0),
(7223, 7176, 'HEIGHT', 0),
(7224, 7176, 'SRC', 0),
(7225, 7176, 'titleKey', 0),
(7226, 7176, 'WIDTH', 0),
(7227, 7179, 'HEIGHT', 0),
(7228, 7179, 'SRC', 0),
(7229, 7179, 'titleKey', 0),
(7230, 7179, 'WIDTH', 0),
(7231, 7204, 'infoTemplate', 0),
(7232, 7204, 'titleKey', 0),
(7233, 7207, 'helpKey', 0),
(7234, 7207, 'titleKey', 0),
(7235, 7209, 'infoTemplate', 0),
(7236, 7209, 'titleKey', 0),
(7237, 7212, 'helpKey', 0),
(7238, 7212, 'titleKey', 0),
(7239, 7214, 'infoTemplate', 0),
(7240, 7214, 'titleKey', 0),
(7241, 7217, 'helpKey', 0),
(7242, 7217, 'titleKey', 0),
(7243, 7219, 'infoTemplate', 0),
(7244, 7219, 'titleKey', 0),
(7245, 7222, 'helpKey', 0),
(7246, 7222, 'titleKey', 0),
(7247, 7224, 'infoTemplate', 0),
(7248, 7224, 'titleKey', 0),
(7249, 7227, 'helpKey', 0),
(7250, 7227, 'titleKey', 0),
(7251, 7229, 'infoTemplate', 0),
(7252, 7229, 'titleKey', 0),
(7253, 7232, 'helpKey', 0),
(7254, 7232, 'titleKey', 0),
(7255, 7234, 'infoTemplate', 0),
(7256, 7234, 'titleKey', 0),
(7257, 7237, 'helpKey', 0),
(7258, 7237, 'titleKey', 0),
(7259, 7239, 'infoTemplate', 0),
(7260, 7239, 'titleKey', 0),
(7261, 7242, 'helpKey', 0),
(7262, 7242, 'titleKey', 0),
(7263, 7244, 'infoTemplate', 0),
(7264, 7244, 'titleKey', 0),
(7265, 7248, 'helpKey', 0),
(7266, 7248, 'titleKey', 0),
(7267, 7252, 'helpKey', 0),
(7268, 7252, 'titleKey', 0),
(7269, 7255, 'infoTemplate', 0),
(7270, 7255, 'titleKey', 0),
(7271, 7258, 'helpKey', 0),
(7272, 7258, 'titleKey', 0),
(7273, 7260, 'infoTemplate', 0),
(7274, 7260, 'titleKey', 0),
(7275, 7263, 'helpKey', 0),
(7276, 7263, 'titleKey', 0),
(7277, 7265, 'infoTemplate', 0),
(7278, 7265, 'titleKey', 0),
(7279, 7268, 'helpKey', 0),
(7280, 7268, 'titleKey', 0),
(7281, 7270, 'infoTemplate', 0),
(7282, 7270, 'titleKey', 0),
(7283, 7273, 'helpKey', 0),
(7284, 7273, 'titleKey', 0),
(7285, 7275, 'infoTemplate', 0),
(7286, 7275, 'titleKey', 0),
(7287, 7278, 'helpKey', 0),
(7288, 7278, 'titleKey', 0),
(7289, 7280, 'infoTemplate', 0),
(7290, 7280, 'titleKey', 0),
(7291, 7283, 'helpKey', 0),
(7292, 7283, 'titleKey', 0),
(7293, 7285, 'infoTemplate', 0),
(7294, 7285, 'titleKey', 0),
(7295, 7288, 'helpKey', 0),
(7296, 7288, 'titleKey', 0),
(7297, 7290, 'infoTemplate', 0),
(7298, 7290, 'titleKey', 0);

-- --------------------------------------------------------

--
-- Tabellenstruktur für Tabelle `fragment_pref_value`
--

DROP TABLE IF EXISTS `fragment_pref_value`;
CREATE TABLE IF NOT EXISTS `fragment_pref_value` (
  `PREF_VALUE_ID` int(11) NOT NULL,
  `PREF_ID` int(11) NOT NULL,
  `VALUE_ORDER` int(11) NOT NULL,
  `VALUE` varchar(100) COLLATE utf8_unicode_ci NOT NULL,
  PRIMARY KEY (`PREF_VALUE_ID`),
  KEY `IX_FRAGMENT_PREF_VALUE_1` (`PREF_ID`)
) ENGINE=InnoDB DEFAULT CHARSET=utf8 COLLATE=utf8_unicode_ci;

--
-- Daten für Tabelle `fragment_pref_value`
--

INSERT INTO `fragment_pref_value` (`PREF_VALUE_ID`, `PREF_ID`, `VALUE_ORDER`, `VALUE`) VALUES
(1, 1, 0, 'teaser.weather.title'),
(2, 2, 0, 'portalu.disclaimer'),
(3, 3, 0, '/WEB-INF/templates/default_cms.vm'),
(4, 4, 0, 'disclaimer.title'),
(5, 5, 0, '/WEB-INF/templates/disclaimer_info.vm'),
(6, 6, 0, 'disclaimer.info.title'),
(7, 7, 0, 'portalu.about'),
(8, 8, 0, 'about-1'),
(9, 9, 0, '/WEB-INF/templates/default_cms.vm'),
(10, 10, 0, '/WEB-INF/templates/about_portalu_links.vm'),
(11, 11, 0, 'about.links.title'),
(12, 12, 0, '/WEB-INF/templates/about_portalu_partner.vm'),
(13, 13, 0, 'about.partner.title'),
(14, 14, 0, 'search-chronicle-1'),
(15, 15, 0, '/WEB-INF/templates/chronicle_info_new.vm'),
(16, 16, 0, 'chronicleSearch.info.title'),
(17, 17, 0, 'search-topics-1'),
(18, 18, 0, '/portal/search-extended/search-ext-env-area-contents.psml?select=2'),
(19, 19, 0, '/WEB-INF/templates/environment_info_new.vm'),
(20, 20, 0, 'envSearch.info.title'),
(21, 21, 0, 'search-measure-1'),
(22, 22, 0, '/WEB-INF/templates/measures_info_new.vm'),
(23, 23, 0, 'measuresSearch.info.title'),
(24, 24, 0, 'search-1'),
(25, 25, 0, 'searchSimple.title.result'),
(26, 26, 0, '/WEB-INF/templates/search_simple_info_new.vm'),
(27, 27, 0, 'searchSimple.info.title'),
(28, 28, 0, 'search-service-1'),
(29, 29, 0, '/portal/search-extended/search-ext-env-area-contents.psml?select=3'),
(30, 30, 0, '/WEB-INF/templates/service_info_new.vm'),
(31, 31, 0, 'serviceSearch.info.title'),
(32, 32, 0, '/WEB-INF/templates/myportal/login_teaser.vm'),
(33, 33, 0, 'teaser.login.title'),
(34, 34, 0, '/WEB-INF/templates/myportal/login_teaser.vm'),
(35, 35, 0, 'teaser.login.title'),
(36, 36, 0, 'portalu.privacy'),
(37, 37, 0, '/WEB-INF/templates/default_cms.vm'),
(38, 38, 0, '4'),
(39, 39, 0, 'search-history-1'),
(40, 40, 0, 'searchSimple.title.history'),
(41, 41, 0, '/WEB-INF/templates/search_history_info.vm'),
(42, 42, 0, 'searchHistory.info.title'),
(43, 43, 0, 'search-save-1'),
(44, 44, 0, 'searchSimple.title.save'),
(45, 45, 0, 'search-settings-1'),
(46, 46, 0, 'searchSimple.title.settings'),
(47, 47, 0, '/WEB-INF/templates/search_settings_info.vm'),
(48, 48, 0, 'searchSettings.info.title'),
(49, 49, 0, 'ingrid-newsletter-1'),
(50, 50, 0, '/WEB-INF/templates/contact_back.vm'),
(51, 51, 0, 'teaser.newsletter.contact'),
(52, 52, 0, '/WEB-INF/templates/myportal/login_teaser.vm'),
(53, 53, 0, 'teaser.newsletter.more_info'),
(54, 54, 0, '/WEB-INF/templates/newsletter_teaser.vm'),
(55, 55, 0, 'teaser.newsletter.title'),
(56, 56, 0, 'myingrid-1'),
(57, 57, 0, '/WEB-INF/templates/myportal/login_teaser.vm'),
(58, 58, 0, 'teaser.login.title'),
(59, 59, 0, '/WEB-INF/templates/sitemap.vm'),
(60, 60, 0, 'sitemap.title'),
(61, 61, 0, 'teaser.weather.title'),
(62, 62, 0, 'personalize.overview.title'),
(63, 63, 0, 'personalize.home.title'),
(64, 64, 0, 'personalize.partner.title'),
(65, 65, 0, 'personalize.sources.title'),
(66, 66, 0, 'personalize.settings.title'),
(67, 67, 0, 'personalize'),
(68, 68, 0, '/WEB-INF/templates/myportal/myportal_navigation.vm'),
(69, 69, 0, 'myPortal.info.navigation.title'),
(70, 70, 0, 'myingrid-1'),
(71, 71, 0, '/WEB-INF/templates/myportal/login_teaser.vm'),
(72, 72, 0, 'teaser.login.title'),
(73, 73, 0, '/WEB-INF/templates/myportal/myportal_navigation.vm'),
(74, 74, 0, 'myPortal.info.navigation.title'),
(6534, 6534, 0, 'teaser.weather.title'),
(6535, 6535, 0, 'teaser.weather.title'),
(7219, 7219, 0, '450'),
(7220, 7220, 0, ''),
(7221, 7221, 0, 'ingrid.application.0.title'),
(7222, 7222, 0, '883'),
(7223, 7223, 0, '450'),
(7224, 7224, 0, ''),
(7225, 7225, 0, 'ingrid.application.1.title'),
(7226, 7226, 0, '883'),
(7227, 7227, 0, '450'),
(7228, 7228, 0, ''),
(7229, 7229, 0, 'ingrid.application.2.title'),
(7230, 7230, 0, '883'),
(7231, 7231, 0, '/WEB-INF/templates/search_catalog/search_cat_thesaurus_info_sns.vm'),
(7232, 7232, 0, 'searchCatThesaurus.info.title'),
(7233, 7233, 0, 'ext-search-address-1'),
(7234, 7234, 0, 'searchSimple.title.extended'),
(7235, 7235, 0, '/WEB-INF/templates/search_extended/search_ext_adr_info.vm'),
(7236, 7236, 0, 'searchExtAdr.info.title'),
(7237, 7237, 0, 'ext-search-address-1'),
(7238, 7238, 0, 'searchSimple.title.extended'),
(7239, 7239, 0, '/WEB-INF/templates/search_extended/search_ext_adr_info.vm'),
(7240, 7240, 0, 'searchExtAdr.info.title'),
(7241, 7241, 0, 'ext-search-address-1'),
(7242, 7242, 0, 'searchSimple.title.extended'),
(7243, 7243, 0, '/WEB-INF/templates/search_extended/search_ext_adr_info.vm'),
(7244, 7244, 0, 'searchExtAdr.info.title'),
(7245, 7245, 0, 'ext-search-address-1'),
(7246, 7246, 0, 'searchSimple.title.extended'),
(7247, 7247, 0, '/WEB-INF/templates/search_extended/search_ext_adr_info.vm'),
(7248, 7248, 0, 'searchExtAdr.info.title'),
(7249, 7249, 0, 'ext-search-area-1'),
(7250, 7250, 0, 'searchSimple.title.extended'),
(7251, 7251, 0, '/WEB-INF/templates/search_extended/search_ext_env_area_contents_info.vm'),
(7252, 7252, 0, 'searchExtEnvAreaContents.info.title'),
(7253, 7253, 0, 'ext-search-area-1'),
(7254, 7254, 0, 'searchSimple.title.extended'),
(7255, 7255, 0, '/WEB-INF/templates/search_extended/search_ext_env_area_partner_info.vm'),
(7256, 7256, 0, 'searchExtEnvAreaPartner.info.title'),
(7257, 7257, 0, 'ext-search-area-1'),
(7258, 7258, 0, 'searchSimple.title.extended'),
(7259, 7259, 0, '/WEB-INF/templates/search_extended/search_ext_env_area_sources_info.vm'),
(7260, 7260, 0, 'searchExtEnvAreaSources.info.title'),
(7261, 7261, 0, 'ext-search-spacial-1'),
(7262, 7262, 0, 'searchSimple.title.extended'),
(7263, 7263, 0, '/WEB-INF/templates/search_extended/search_ext_env_place_geothesaurus_info.vm'),
(7264, 7264, 0, 'searchExtEnvPlaceGeothesaurus.info.title'),
(7265, 7265, 0, 'ext-search-spacial-1'),
(7266, 7266, 0, 'searchSimple.title.extended'),
(7267, 7267, 0, 'ext-search-time-1'),
(7268, 7268, 0, 'searchSimple.title.extended'),
(7269, 7269, 0, '/WEB-INF/templates/search_extended/search_ext_env_time_constraint_info.vm'),
(7270, 7270, 0, 'searchExtEnvTimeConstraint.info.title'),
(7271, 7271, 0, 'ext-search-subject-1'),
(7272, 7272, 0, 'searchSimple.title.extended'),
(7273, 7273, 0, '/WEB-INF/templates/search_extended/search_ext_env_topic_terms_info.vm'),
(7274, 7274, 0, 'searchExtEnvTopicTerms.info.title'),
(7275, 7275, 0, 'ext-search-subject-1'),
(7276, 7276, 0, 'searchSimple.title.extended'),
(7277, 7277, 0, '/WEB-INF/templates/search_extended/search_ext_env_topic_thesaurus_info.vm'),
(7278, 7278, 0, 'searchExtEnvTopicThesaurus.info.title'),
(7279, 7279, 0, 'ext-search-area-1'),
(7280, 7280, 0, 'searchSimple.title.extended'),
(7281, 7281, 0, '/WEB-INF/templates/search_extended/search_ext_law_area_partner_info.vm'),
(7282, 7282, 0, 'searchExtEnvAreaPartner.info.title'),
(7283, 7283, 0, 'ext-search-subject-1'),
(7284, 7284, 0, 'searchSimple.title.extended'),
(7285, 7285, 0, '/WEB-INF/templates/search_extended/search_ext_law_topic_terms_info.vm'),
(7286, 7286, 0, 'searchExtEnvTopicTerms.info.title'),
(7287, 7287, 0, 'ext-search-subject-1'),
(7288, 7288, 0, 'searchSimple.title.extended'),
(7289, 7289, 0, '/WEB-INF/templates/search_extended/search_ext_law_topic_thesaurus_info.vm'),
(7290, 7290, 0, 'searchExtEnvTopicThesaurus.info.title'),
(7291, 7291, 0, 'ext-search-research-2'),
(7292, 7292, 0, 'searchSimple.title.extended'),
(7293, 7293, 0, '/WEB-INF/templates/search_extended/search_ext_res_topic_attributes_info.vm'),
(7294, 7294, 0, 'searchExtResTopicAttributes.info.title'),
(7295, 7295, 0, 'ext-search-research-1'),
(7296, 7296, 0, 'searchSimple.title.extended'),
(7297, 7297, 0, '/WEB-INF/templates/search_extended/search_ext_res_topic_terms_info.vm'),
(7298, 7298, 0, 'searchExtResTopicTerms.info.title');

-- --------------------------------------------------------

--
-- Tabellenstruktur für Tabelle `fragment_prop`
--

DROP TABLE IF EXISTS `fragment_prop`;
CREATE TABLE IF NOT EXISTS `fragment_prop` (
  `PROP_ID` int(11) NOT NULL,
  `FRAGMENT_ID` int(11) NOT NULL,
  `NAME` varchar(40) COLLATE utf8_unicode_ci NOT NULL,
  `SCOPE` varchar(10) COLLATE utf8_unicode_ci DEFAULT NULL,
  `SCOPE_VALUE` varchar(40) COLLATE utf8_unicode_ci DEFAULT NULL,
  `VALUE` varchar(100) COLLATE utf8_unicode_ci NOT NULL,
  PRIMARY KEY (`PROP_ID`),
  UNIQUE KEY `UN_FRAGMENT_PROP_1` (`FRAGMENT_ID`,`NAME`,`SCOPE`,`SCOPE_VALUE`),
  KEY `IX_FRAGMENT_PROP_1` (`FRAGMENT_ID`)
) ENGINE=InnoDB DEFAULT CHARSET=utf8 COLLATE=utf8_unicode_ci;

--
-- Daten für Tabelle `fragment_prop`
--


-- --------------------------------------------------------

--
-- Tabellenstruktur für Tabelle `ingrid_anniversary`
--

DROP TABLE IF EXISTS `ingrid_anniversary`;
CREATE TABLE IF NOT EXISTS `ingrid_anniversary` (
  `id` mediumint(9) NOT NULL AUTO_INCREMENT,
  `topic_id` varchar(255) NOT NULL DEFAULT '',
  `topic_name` varchar(255) DEFAULT NULL,
  `date_from` varchar(255) DEFAULT NULL,
  `date_from_year` mediumint(9) DEFAULT NULL,
  `date_from_month` mediumint(9) DEFAULT NULL,
  `date_from_day` mediumint(9) DEFAULT NULL,
  `date_to` varchar(255) DEFAULT NULL,
  `date_to_year` mediumint(9) DEFAULT NULL,
  `date_to_month` mediumint(9) DEFAULT NULL,
  `date_to_day` mediumint(9) DEFAULT NULL,
  `administrative_id` varchar(255) DEFAULT NULL,
  `fetched` timestamp NOT NULL DEFAULT CURRENT_TIMESTAMP ON UPDATE CURRENT_TIMESTAMP,
  `fetched_for` datetime NOT NULL DEFAULT '0000-00-00 00:00:00',
  `language` varchar(5) DEFAULT 'de',
  PRIMARY KEY (`id`)
) ENGINE=MyISAM  DEFAULT CHARSET=utf8 AUTO_INCREMENT=18115 ;

--
-- Daten für Tabelle `ingrid_anniversary`
--

INSERT INTO `ingrid_anniversary` (`id`, `topic_id`, `topic_name`, `date_from`, `date_from_year`, `date_from_month`, `date_from_day`, `date_to`, `date_to_year`, `date_to_month`, `date_to_day`, `administrative_id`, `fetched`, `fetched_for`, `language`) VALUES
(18114, 'calendarEvent_180', 'Greenpeace action against French atomic tests', '1992-01-21', 1992, 1, 21, '1992-01-21', 1992, 1, 21, NULL, '2015-01-21 00:00:00', '2015-01-21 00:00:00', 'en'),
(18113, 't9c22ff_11f605c4a69_-f51', 'Cabinet decides on implementation of EU Batteries Directive', '2009-01-21', 2009, 1, 21, '2009-01-21', 2009, 1, 21, NULL, '2015-01-21 00:00:00', '2015-01-21 00:00:00', 'en'),
(18112, 't2cd728_12057cca378_1295', 'The 1968 Thule air crash', '1968-01-21', 1968, 1, 21, '1968-01-21', 1968, 1, 21, NULL, '2015-01-21 00:00:00', '2015-01-21 00:00:00', 'en'),
(18111, 't53da2896_13d1685ed61_3901', 'Permanent Secretariat of Arctic Council established in Tromsø', '2013-01-21', 2013, 1, 21, '2013-01-21', 2013, 1, 21, NULL, '2015-01-21 00:00:00', '2015-01-21 00:00:00', 'en'),
(18110, 't-6dadf813_143c097fe2a_-8ae', 'Long term exposure to air pollution linked to coronary events', '2014-01-21', 2014, 1, 21, '2014-01-21', 2014, 1, 21, NULL, '2015-01-21 00:00:00', '2015-01-21 00:00:00', 'en'),
(18105, 't-6dadf813_143c097fe2a_-8ae', 'Feinstaubbelastung führt zu erhöhtem Herzinfarkt-Risiko', '2014-01-21', 2014, 1, 21, '2014-01-21', 2014, 1, 21, NULL, '2015-01-21 00:00:00', '2015-01-21 00:00:00', 'de'),
(18106, 't2cd728_12057cca378_1295', 'Der Flugzeugabsturz  bei Thule 1968', '1968-01-21', 1968, 1, 21, '1968-01-21', 1968, 1, 21, NULL, '2015-01-21 00:00:00', '2015-01-21 00:00:00', 'de'),
(18107, 't9c22ff_11f605c4a69_-f51', 'Kabinett beschließt Umsetzung der EU-Batterierichtlinie', '2009-01-21', 2009, 1, 21, '2009-01-21', 2009, 1, 21, NULL, '2015-01-21 00:00:00', '2015-01-21 00:00:00', 'de'),
(18108, 't53da2896_13d1685ed61_3901', 'Ständiges Sekretariat für den Arktischen Rat in Tromsø gegründet', '2013-01-21', 2013, 1, 21, '2013-01-21', 2013, 1, 21, NULL, '2015-01-21 00:00:00', '2015-01-21 00:00:00', 'de'),
(18109, 'calendarEvent_180', 'Greenpeace Aktion gegen französische Atomtests', '1992-01-21', 1992, 1, 21, '1992-01-21', 1992, 1, 21, NULL, '2015-01-21 00:00:00', '2015-01-21 00:00:00', 'de');

-- --------------------------------------------------------

--
-- Tabellenstruktur für Tabelle `ingrid_chron_eventtypes`
--

DROP TABLE IF EXISTS `ingrid_chron_eventtypes`;
CREATE TABLE IF NOT EXISTS `ingrid_chron_eventtypes` (
  `id` mediumint(9) NOT NULL AUTO_INCREMENT,
  `form_value` varchar(255) NOT NULL DEFAULT '',
  `query_value` varchar(255) NOT NULL DEFAULT '',
  `sortkey` mediumint(9) NOT NULL DEFAULT '0',
  PRIMARY KEY (`id`)
) ENGINE=MyISAM  DEFAULT CHARSET=utf8 AUTO_INCREMENT=16 ;

--
-- Daten für Tabelle `ingrid_chron_eventtypes`
--

INSERT INTO `ingrid_chron_eventtypes` (`id`, `form_value`, `query_value`, `sortkey`) VALUES
(1, 'act', 'activity', 1),
(2, 'his', 'historical', 2),
(3, 'leg', 'legal', 3),
(5, 'dis', 'disaster', 4),
(6, 'cfe', 'conference', 5),
(8, 'yea', 'natureOfTheYear', 6),
(9, 'pub', 'publication', 7),
(13, 'ann', 'anniversary', 8),
(14, 'int', 'interYear', 9),
(15, 'obs', 'observation', 10);

-- --------------------------------------------------------

--
-- Tabellenstruktur für Tabelle `ingrid_cms`
--

DROP TABLE IF EXISTS `ingrid_cms`;
CREATE TABLE IF NOT EXISTS `ingrid_cms` (
  `id` mediumint(9) NOT NULL AUTO_INCREMENT,
  `item_key` varchar(255) NOT NULL DEFAULT '',
  `item_description` varchar(255) DEFAULT NULL,
  `item_changed` timestamp NOT NULL DEFAULT CURRENT_TIMESTAMP ON UPDATE CURRENT_TIMESTAMP,
  `item_changed_by` varchar(255) DEFAULT NULL,
  PRIMARY KEY (`id`)
) ENGINE=MyISAM  DEFAULT CHARSET=utf8 AUTO_INCREMENT=25 ;

--
-- Daten für Tabelle `ingrid_cms`
--

INSERT INTO `ingrid_cms` (`id`, `item_key`, `item_description`, `item_changed`, `item_changed_by`) VALUES
(1, 'portalu.teaser.inform', 'PortalU informiert Text', '2014-08-27 00:00:00', 'kst_su'),
(15, 'portalu.disclaimer', 'Impressum', '2013-07-09 00:00:00', 'admin'),
(16, 'portalu.about', 'Über PortalU', '2013-05-28 00:00:00', 'admin'),
(17, 'portalu.privacy', 'Haftungsausschluss', '2012-02-24 00:00:00', 'admin'),
(18, 'portalu.contact.intro.postEmail', 'Adresse auf der Kontaktseite', '2012-02-02 00:00:00', 'kst_cg'),
(19, 'ingrid.home.welcome', 'Ingrid Willkommens Portlet', '2008-07-09 00:00:00', 'kst_cg'),
(20, 'portal.teaser.shortcut', 'Anwendungen', '2012-07-19 15:36:12', 'admin'),
(21, 'portal.teaser.shortcut.query', 'Schnellsuche', '2012-07-19 15:36:12', 'admin'),
(22, 'portal.cms.portlet.0', 'CMSPortlet0', '2012-07-19 15:36:24', 'admin'),
(23, 'portal.cms.portlet.1', 'CMSPortlet1', '2012-07-19 15:36:24', 'admin'),
(24, 'portal.cms.portlet.2', 'CMSPortlet2', '2012-07-19 15:36:24', 'admin');

-- --------------------------------------------------------

--
-- Tabellenstruktur für Tabelle `ingrid_cms_item`
--

DROP TABLE IF EXISTS `ingrid_cms_item`;
CREATE TABLE IF NOT EXISTS `ingrid_cms_item` (
  `id` mediumint(9) NOT NULL AUTO_INCREMENT,
  `fk_ingrid_cms_id` mediumint(9) NOT NULL DEFAULT '0',
  `item_lang` varchar(6) NOT NULL DEFAULT '',
  `item_title` varchar(255) DEFAULT NULL,
  `item_value` text,
  `item_changed` timestamp NOT NULL DEFAULT CURRENT_TIMESTAMP ON UPDATE CURRENT_TIMESTAMP,
  `item_changed_by` varchar(255) DEFAULT NULL,
  PRIMARY KEY (`id`)
) ENGINE=MyISAM  DEFAULT CHARSET=utf8 AUTO_INCREMENT=47 ;

--
-- Daten für Tabelle `ingrid_cms_item`
--

INSERT INTO `ingrid_cms_item` (`id`, `fk_ingrid_cms_id`, `item_lang`, `item_title`, `item_value`, `item_changed`, `item_changed_by`) VALUES
(1, 1, 'de', '<span style="text-transform: none;">PORTALU INFORMIERT</span>', '<p style="background:url(/webstats/portalu_macht_zu.png); background-repeat: no-repeat;">\r\n<span style="color:#008000;">Die VwV UDK/GEIN wurde gekündigt.</span><br>Demzufolge wird PortalU Ende 2014 den Betrieb einstellen:<br>\r\n<img src="http://portalu.de/cgi-bin/count_days.pl" alt="das Ende von portalu.de naht."></p>', '2014-08-27 00:00:00', 'kst_su'),
(37, 20, 'de', 'Anwendungen', '', '2012-07-19 15:36:12', 'admin'),
(38, 20, 'en', 'Application', '', '2012-07-19 15:36:12', 'admin'),
(39, 21, 'de', 'Schnellsuche', '', '2012-07-19 15:36:12', 'admin'),
(2, 1, 'en', '<span style="text-transform: none;">PortalU informs</span>', '<p style="background:url(/webstats/portalu_macht_zu.png); background-repeat: no-repeat;">\r\n<span style="color:#008000;">The administrative agreement VwV UDK/GEIN is terminated.</span><br>Thus the information portal PortalU will be shut down:<br>\r\n<img src="http://portalu.de/cgi-bin/count_days.pl" alt="The end of portalu.de is near."></p>\r\n', '2014-08-27 00:00:00', 'kst_su'),
(40, 21, 'en', 'Quick Search', '', '2012-07-19 15:36:12', 'admin'),
(41, 22, 'de', 'CMSPortlet0', '', '2012-07-19 15:36:24', 'admin'),
(42, 22, 'en', 'CMSPortlet0', '', '2012-07-19 15:36:24', 'admin'),
(43, 23, 'de', 'CMSPortlet1', '', '2012-07-19 15:36:24', 'admin'),
(27, 15, 'en', 'Disclaimer', '<a name="herausgeber"></a>\r\n<h2>Publisher</h2>\r\n<p>PortalU is managed by the Coordination Center PortalU at the Environmental, Energy and Climate Protection Ministry of Lower Saxony, Hannover, Germany. Development and maintenance of the portal is financed by a administrative agreement between the German Federal States (Länder) and the Federal Government. </p>\r\n<h3><a href="http://www.kst.portalu.de/" target="_new" title="Link öffnet in neuem Fenster">Coordination Center PortalU</a></h3>\r\n<p>c/o Nieders. Ministerium für Umwelt, Energie und Klimaschutz<br>Archivstrasse 2<br>D-30169 Hannover<br>\r\n	<a href="/ingrid-portal/portal/service-contact.psml">Contact</a>\r\n</p>\r\n<br>\r\n<a name="verantwortlich"></a>\r\n<h2>Overall Responsibility</h2>\r\n<p>Dr. Fred Kruse</p>\r\n<br>\r\n<a name="realisierung"></a>\r\n<h2>Implementation</h2>\r\n<h3><a href="http://www.wemove.com/" target="_new" title="Link opens new window">wemove digital solutions GmbH</a></h3>\r\n<h3><a href="http://www.chives.de/" target="_new" title="Link opens new window">chives - Büro für Webdesign Plus</a></h3>\r\n<br>\r\n<a name="betrieb"></a>\r\n<h2>Operation</h2>     \r\n<h3><a href="http://www.its-technidata.de/" target="_new" title="Link opens new window">TechniData IT Service GmbH</a></h3>\r\n<br>\r\n<a name="haftung"></a>\r\n<h2>Liability Disclaimer</h2>     \r\n<p>The Environment Ministry of Lower Saxony (Niedersächsisches Umweltministerium) does not take any responisbility for the content of web-sites that can be reached through PortalU. Web-sites that are included in the portal are evaluated only technically. A continuous evaluation of the content of the included web-pages in neither possible nor intended. The Environment Ministry of Lower Saxony explicitly rejects all content that potentially infringes upon German legislation or general morality.</p>\r\n<p> </p>\r\n\r\n<h2>Nutzungsbedingungen</h2>\r\n\r\n<p class=MsoNormal>Die im PortalU-Kartenviewer eingebundenen Karten\r\n(Geodatendienste) stammen von behördlichen Anbietern auf Bundes- und\r\nLandesebene. Die Nutzung der kostenfrei angebotenen Geodatendienste ist hierbei\r\nan entsprechende Bedingungen geknüpft, die zu beachten sind.</p>\r\n\r\n<p class=MsoNormal> </p>\r\n\r\n<p class=MsoNormal>Für Dienste aus Bayern sind die Nutzugsbedingungen der\r\nGDI-BY zu beachten:</p>\r\n\r\n<p class=MsoNormal><a\r\nhref="http://www.gdi.bayern.de/Dokumente/Nutzungsbedingungen_allgemein.html">http://www.gdi.bayern.de/Dokumente/Nutzungsbedingungen_allgemein.html</a></p>\r\n\r\n<p class=MsoNormal> </p>\r\n', '2013-07-09 00:00:00', 'admin'),
(28, 15, 'de', 'Impressum', '<h2><a name=herausgeber></a>Herausgeber</h2>\r\n\r\n<p>PortalU wird von der Koordinierungsstelle PortalU im Niedersächsischen\r\nMinisterium für Umwelt, Energie und Klimaschutz auf der Grundlage der <a\r\nhref="http://www.kst.portalu.de/verwaltungskooperation/VVGEIN_endg.pdf"\r\ntarget="_new" title="Link öffnet in neuem Fenster">Bund-Länder-Verwaltungsvereinbarung\r\nUDK/GEIN</a> betrieben und weiterentwickelt.</p>\r\n\r\n<h3><a href="http://www.kst.portalu.de/" target="_new"\r\ntitle="Link \r\nöffnet in neuem Fenster">Koordinierungsstelle PortalU</a></h3>\r\n\r\n<p>Niedersächsisches Ministerium für Umwelt, Energie und Klimaschutz<br>\r\nArchivstrasse 2<br>\r\nD-30169 Hannover<br>\r\n<a href="http://www.portalu.de/ingrid-portal/portal/service-contact.psml">Kontakt</a>\r\n</p>\r\n\r\n<p class=MsoNormal><a name=verantwortlich></a> </p>\r\n\r\n<h2>Verantwortliche Gesamtredaktion</h2>\r\n\r\n<p>Dr. Fred Kruse</p>\r\n\r\n<p class=MsoNormal><a name=realisierung></a> </p>\r\n\r\n<h2>Realisierung</h2>\r\n\r\n\r\n\r\n<h3><a href="http://www.wemove.com/" target="_new"\r\ntitle="Link öffnet in neuem Fenster">wemove digital solutions GmbH</a></h3>\r\n\r\n<h3><a href="http://www.chives.de/" target="_new"\r\ntitle="Link öffnet in \r\nneuem Fenster">chives - Büro für Webdesign Plus\r\nDarmstadt</a></h3>\r\n\r\n<p class=MsoNormal><a name=betrieb></a> </p>\r\n\r\n<h2>Technischer Betrieb</h2>\r\n\r\n<h3><a href="http://www.its-technidata.de/" target="_new"\r\ntitle="Link \r\nöffnet in neuem Fenster">TechniData IT Service GmbH</a></h3>\r\n\r\n<p class=MsoNormal><a name=haftung></a> </p>\r\n\r\n<h2>Haftungsausschluss</h2>\r\n\r\n<p>Das Niedersächsische Ministerium für Umwelt, Energie und Klimaschutz übernimmt keine\r\nVerantwortung für die Inhalte von Websites, die über Links erreicht werden. Die\r\nLinks werden bei der Aufnahme nur kursorisch angesehen und bewertet. Eine\r\nkontinuierliche Prüfung der Inhalte ist weder beabsichtigt noch möglich. Das\r\nNiedersächsische Ministerium für Umwelt und Klimaschutz distanziert sich\r\nausdrücklich von allen Inhalten, die möglicherweise straf- oder\r\nhaftungsrechtlich relevant sind oder gegen die guten Sitten verstoßen.</p>\r\n\r\n<p> </p>\r\n\r\n<h2>Nutzungsbedingungen</h2>\r\n\r\n<p class=MsoNormal>Die im PortalU-Kartenviewer eingebundenen Karten\r\n(Geodatendienste) stammen von behördlichen Anbietern auf Bundes- und\r\nLandesebene. Die Nutzung der kostenfrei angebotenen Geodatendienste ist hierbei\r\nan entsprechende Bedingungen geknüpft, die zu beachten sind.</p>\r\n\r\n<p class=MsoNormal> </p>\r\n\r\n<p class=MsoNormal>Für Dienste aus Bayern sind die Nutzugsbedingungen der\r\nGDI-BY zu beachten:</p>\r\n\r\n<p class=MsoNormal><a\r\nhref="http://www.gdi.bayern.de/Dokumente/Nutzungsbedingungen_allgemein.html">http://www.gdi.bayern.de/Dokumente/Nutzungsbedingungen_allgemein.html</a></p>\r\n\r\n<p class=MsoNormal> </p>\r\n\r\n', '2013-07-09 00:00:00', 'admin'),
(29, 16, 'de', 'Porträt', '<p>Zur richtigen Einschätzung und Bewertung von Umweltsituationen werden umfassende Informationen über die Umwelt benötigt. In der öffentlichen Verwaltung wird eine Vielzahl von Umweltinformationen auf unterschiedlichster Ebene generiert. Diese Informationen sind aber zum Teil nur schwer auffindbar. Zur Verbesserung der Auffindbarkeit wurde deshalb das Umweltportal PortalU ins Leben gerufen. \r\n</p>\r\n<p>PortalU bietet einen zentralen Zugriff auf umweltrelevante Webseiten, Umweltdatenkataloge und Datenbanken von über 450 \r\n<a href="http://www.portalu.de/informationsanbieter" target="_new" title="PortalU - Informationsanbieter - Link öffnet in neuem Fenster">öffentlichen Institutionen</a> in Deutschland. Sie können im gesamten Informationsangebot oder gezielt nach einzelnen Umweltthemen, digitalen Karten, Umweltmesswerten, Presseinformationen oder historischen Ereignissen recherchieren. \r\n</p> \r\n<p>Die modular aufgebaute PortalU-Software InGrid kann man sich als Informationsnetz vorstellen, das Webseiten, Daten und Metadaten unter einem Dach bündelt. Die Software besteht aus einer flexibel konfigurierbaren Portaloberfläche, einem Web-Katalog-Service, einem Karten-Viewer sowie diversen An- und Abfrageschnittstellen zur Recherche in angeschlossenen Systemen bzw. für den Transfer von Informationen. Die PortalU-Software basiert auf Open-Source-Komponenten und Eigenentwicklungen und kann somit innerhalb der öffentlichen Verwaltung lizenzkostenfrei genutzt werden.\r\n</p>\r\n<p>PortalU basiert auf einer <a href="http://www.kst.portalu.de/verwaltungskooperation/VVGEIN_endg.pdf" target="_new" title="Zur Verwaltungsvereinbarung UDK/GEIN - Link öffnet in neuem Fenster">Verwaltungsvereinbarung</a> zwischen Bund und Ländern. Darin verständigen sich die Partner, dass ein gemeinsames Umweltportal zum Nachweis und zur aktiven Verbreitung von Umweltinformationen zum Einsatz kommen soll. Die Erfüllung der Anforderungen der Aarhus-Konvention und der EU-Richtlinie über den Zugang der Öffentlichkeit zu Umweltinformationen bzw. der entsprechenden Umweltinformationsgesetze von Bund und Ländern stehen hierbei im Mittelpunkt. Seit 2007 sind für die Datenkataloge zudem die Maßgaben der europäischen INSPIRE-Richtlinie ausschlaggebend. \r\n</p>\r\n<p>Technisch und inhaltlich wird das Portal von der Koordinierungsstelle PortalU im Niedersächsischen Umweltministerium betreut. Für Fragen und Anregungen wenden Sie sich bitte an die <a href="mailto:kst@portalu.de" title="Schreiben Sie uns - Email Programm startet automatisch">Koordinierungsstelle PortalU</a>. Weitere Hintergrundinformationen finden Sie außerdem auf der <a href="http://www.kst.portalu.de/" target="_new" title="Zur Homepage der Bund-Länder-Kooperation PortalU - Link öffnet in neuem Fenster">Homepage der Bund-Länder-Kooperation PortalU</a>. </p>', '2013-05-28 00:00:00', 'admin'),
(30, 16, 'en', 'Portrait', '<p>Commonly, a broad range of information about the environment is needed for estimating environmental situations accurately. A multiplicity of environmental information is generated by public administration on different hierarchical levels. Unfortunately the access to this information is mostly difficult. The environmental information portal PortalU aims to overcome this obstacle.\r\n</p>\r\n<p>PortalU offers central access to environmentally relevant web pages, data catalogues and databases from over 450 <a href="http://www.portalu.de/informationsanbieter" target="_new" title="PortalU - Information providers - Link opens in new window">public organisations</a> in Germany. You can search through the whole information range or search selectivly through single environmental topics, digital maps, measured data, press information or historical events. \r\n</p> \r\n<p>The PortalU software InGrid consists of several modules, which can be described as information grid. The information grid ties web pages, data and metadata under a single roof. The software consists of a portal surface, which can be configured flexibly, a web catalogue service, a map viewer and several technical interfaces to connect and transfer information. InGrid is based on open source components and internal developments. Therefore it can be used without external licence costs within the public administration.\r\n</p>\r\n<p>PortalU is based on an <a href="http://www.kst.portalu.de/verwaltungskooperation/VVGEIN_endg.pdf" target="_new" title="To the administrative agreement UDK/GEIN - Link opens in new window">administrative agreement</a> between the Federal Republic of Germany and the German Federal States. The agreement partners aim at improving the active dissemination of public environmental information through a common environmental information portal. The main focus is thereby set on the conformance of requirements of the Aarhus Convention and of the EU Directive 2003/4/EC which defines the public access to environmental information, respectively the German environmental information acts (Umweltinformationsgesetze). Besides this, the requirements of the EU INSPIRE Directive 2007/2/EC are crucial for the web catalogue service of PortalU (InGridCatalog).\r\n</p>\r\n<p> The project is managed by the Coordination Center PortalU at the Ministry of Environment of Lower Saxony in Hanover, Germany. For questions and suggestions please contact the <a href="mailto:kst@portalu.de" title="Write us - Email program starts automatically">Coordination Center PortalU</a>. For further background information please visit the <a href="http://www.kst.portalu.de/" target="_new" title="homepage of the Federal-State-Cooperation PortalU - Link opens in new window ">Homepage of the Federal-State-Cooperation PortalU </a>. \r\n</p>', '2013-05-28 00:00:00', 'admin'),
(31, 17, 'de', 'Datenschutz', '<p>PortalU enthält sowohl Inhalte, die als Teledienst nach § 2 Teledienstgesetz (TDG) als auch Inhalte, die als Mediendienst nach § 2 Mediendienste-Staatsvertrag (MDStV) zu bewerten sind. Hierbei werden folgende Verfahrensgrundsätze gewährleistet:<br></p>\r\n<ul>\r\n<li>Bei jedem Zugriff eines Nutzers auf eine Seite aus dem Angebot von PortalU und bei jedem Abruf einer Datei werden Daten über diesen Vorgang in einer Protokolldatei gespeichert. Diese Daten sind nicht personenbezogen. Wir können also nicht nachvollziehen, welcher Nutzer welche Daten abgerufen hat. Die Protokolldaten werden lediglich in anonymisierter Form statistisch ausgewertet und dienen damit der inhaltlichen Verbesserung unseres Angebotes.<br><br>\r\n<br>\r\n<a href="http://portalu.de/piwik-config/">Deaktivierung/Aktivierung der statistischen Erfassung</a>\r\n<br><br>\r\n</li>\r\n<li>Eine Ausnahme besteht innerhalb des Internetangebotes mit der Eingabe persönlicher oder geschäftlicher Daten (eMail-Adresse, Name, Anschrift) zur Anmeldung bei "Mein PortalU" oder der Bestellung des PortalU-Newsletters. Dabei erfolgt die Angabe dieser Daten durch Nutzerinnen und Nutzer ausdrücklich freiwillig. Ihre persönlichen Daten werden von uns selbstverständlich nicht an Dritte weitergegeben. Die Inanspruchnahme aller angebotenen Dienste ist, soweit dies technisch möglich und zumutbar ist, auch ohne Angabe solcher Daten beziehungsweise unter Angabe anonymisierter Daten oder eines Pseudonyms möglich.<br><br>\r\n</li>\r\n<li>Sie können alle allgemein zugänglichen PortalU-Seiten ohne den Einsatz von Cookies benutzen. Wenn Ihre Browser-Einstellungen das Setzen von Cookies zulassen, werden von PortalU sowohl Session-Cookies als auch permanente Cookies gesetzt. Diese dienen ausschließlich der Erhöhung des Bedienungskomforts.\r\n</li>\r\n</ul>', '2012-02-24 00:00:00', 'admin'),
(32, 17, 'en', 'Privacy Policy', '<p>PortalU contains content that is categorized as "Teledienst" (after § 2 Teledienstgesetz (TDG)), as well as content that is categorized as "Mediendienst" (after § 2 Mediendienste-Staatsvertrag (MDStV)). The following policies do apply:<br></p>\r\n<ul>\r\n<li>With each user-access to a content-page in PortalU, the relevant access-data are saved in a log file. This information is not personalized. Therefore it is not possible to reason which user has had access to which content page. The purpose of the log file is purely statistical. The evaluation of the log file helps to improve PortalU.<br><br>\r\n<a href="http://portalu.de/piwik-config/">Deactivation/activation of the statistic collection</a>\r\n<br><br>\r\n</li>\r\n<li>An exeption to our general privacy policy is made when personal data (e-mail, name, address) are provided to register for the PortalU newsletter. This information is provided by the user on a voluntary basis an is saved for internal purposes (mailing of newsletter). The information is not given to third-parties. The use of specific Portal functions does not, as far as technically feasible, depend on the provision of personal data.<br><br>\r\n</li>\r\n<li>You can take benefit of virtually all functions of PortalU without the use of cookies. However, if you choose to allow cookies in your browser, this will increase the useability of the application. \r\n</li>\r\n</ul>', '2012-02-24 00:00:00', 'admin'),
(33, 18, 'de', '', '.</p><p>Unsere Postadresse:</p>\r\n\r\n<p> Koordinierungsstelle PortalU<br />\r\nNiedersächs. Ministerium für Umwelt, Energie und Klimaschutz<br />\r\nArchivstrasse 2<br />\r\nD-30169 Hannover<br /></p>\r\n\r\n<p>Nehmen Sie online Kontakt mit uns auf! Wir werden Ihnen schnellstmöglichst per E-Mail antworten. Die eingegebenen Informationen und Daten werden nur zur Bearbeitung Ihrer Anfrage gespeichert und genutzt. Beachten Sie bitte, dass die Datenübermittlung über das Kontaktformular unverschlüsselt erfolgt. Für vertrauliche Nachrichten nutzen Sie bitte den herkömmlichen Postweg.</p>\r\n', '2012-02-02 00:00:00', 'kst_cg'),
(34, 18, 'en', '', '.</p><p>Our address:</p><p>Niedersächsisches Ministerium für Umwelt und Klimaschutz<br />Koordinierungsstelle PortalU<br />Archivstrasse 2<br />D-30169 Hannover<br /></p> <p>Please contact us! We will answer your request as soon as possible. All data you entered will be saved only to process your request.</p>', '2012-02-02 00:00:00', 'kst_cg'),
(35, 19, 'de', 'Willkommen bei PortalU', '<p>Willkommen bei PortalU, dem Umweltportal Deutschland! Wir bieten Ihnen einen zentralen Zugriff auf mehrere hunderttausend Internetseiten und Datenbankeinträge von öffentlichen Institutionen und Organisationen. Zusätzlich können Sie aktuelle Nachrichten und Veranstaltungshinweise, Umweltmesswerte, Hintergrundinformationen und historische Umweltereignisse über PortalU abrufen.</p><p>Die integrierte Suchmaschine ist eine zentrale Komponente von PortalU. Mit ihrer Hilfe können Sie Webseiten und Datenbankeinträge nach Stichworten durchsuchen. Über die Option "Erweiterte Suche" können Sie zusätzlich ein differenziertes Fachvokabular und deutschlandweite Hintergrundkarten zur Zusammenstellung Ihrer Suchanfrage nutzen.</p><p>PortalU ist eine Kooperation der Umweltverwaltungen im Bund und in den Ländern. Inhaltlich und technisch wird PortalU von der <a href="http://www.kst.portalu.de/" target="_new" title="Link öffnet in neuem Fenster">Koordinierungsstelle PortalU</a> im Niedersächsischen Ministerium für Umwelt und Klimaschutz verwaltet. Wir sind darum bemüht, das System kontinuierlich zu erweitern und zu optimieren. Bei Fragen und Verbesserungsvorschlägen wenden Sie sich bitte an die <a href="mailto:kst@portalu.de">Koordinierungsstelle PortalU</a>.</p>', '2008-07-09 00:00:00', 'kst_cg'),
(36, 19, 'en', 'Welcome to PortalU', '<p>Welcome to PortalU, the German Environmental Information Portal! We offer a comfortable and central access to over 1.000.000 web-pages and database entries from public agencies in Germany. We also guide you directly to up-to-date environmental news, upcoming and past environmental events, environmental monitoring data, and interesting background information on many environmental topics.</p><p>Core-component of PortalU is a powerful search-engine that you can use to look up your terms of interest in web-pages and databases. In the "Extended Search" mode, you can use an environmental thesaurus and a digital mapping tool to compose complex spatio-thematic queries.</p><p>PortalU is the result of a cooperation between the German "Länder" and the German Federal Government. The project is managed by the <a href="http://www.kst.portalu.de/" target="_new" title="Link opens new window">Coordination Center PortalU</a>, a group of environmental and IT experts attached to the Environment Ministry of Lower Saxony in Hannover, Germany. We strive to continuously improve and extend the portal. Please help us in this effort and mail your suggestions or questions to <a href="mailto:kst@portalu.de">Coordination Center PortalU</a>.</p>', '2008-07-09 00:00:00', 'kst_cg'),
(44, 23, 'en', 'CMSPortlet1', '', '2012-07-19 15:36:24', 'admin'),
(45, 24, 'de', 'CMSPortlet2', '', '2012-07-19 15:36:24', 'admin'),
(46, 24, 'en', 'CMSPortlet2', '', '2012-07-19 15:36:24', 'admin');

-- --------------------------------------------------------

--
-- Tabellenstruktur für Tabelle `ingrid_env_topic`
--

DROP TABLE IF EXISTS `ingrid_env_topic`;
CREATE TABLE IF NOT EXISTS `ingrid_env_topic` (
  `id` mediumint(9) NOT NULL AUTO_INCREMENT,
  `form_value` varchar(255) NOT NULL DEFAULT '',
  `query_value` varchar(255) NOT NULL DEFAULT '',
  `sortkey` mediumint(9) NOT NULL DEFAULT '0',
  PRIMARY KEY (`id`)
) ENGINE=MyISAM  DEFAULT CHARSET=utf8 AUTO_INCREMENT=22 ;

--
-- Daten für Tabelle `ingrid_env_topic`
--

INSERT INTO `ingrid_env_topic` (`id`, `form_value`, `query_value`, `sortkey`) VALUES
(1, 'abf', 'abfall', 1),
(2, 'alt', 'altlasten', 2),
(3, 'bau', 'bauen', 3),
(4, 'bod', 'boden', 4),
(5, 'che', 'chemikalien', 5),
(6, 'ene', 'energie', 6),
(7, 'for', 'forstwirtschaft', 7),
(8, 'gen', 'gentechnik', 8),
(9, 'geo', 'geologie', 9),
(10, 'ges', 'gesundheit', 10),
(11, 'lae', 'laermerschuetterung', 11),
(12, 'lan', 'landwirtschaft', 12),
(13, 'luf', 'luftklima', 13),
(14, 'nac', 'nachhaltigeentwicklung', 14),
(15, 'nat', 'naturlandschaft', 15),
(16, 'str', 'strahlung', 16),
(17, 'tie', 'tierschutz', 17),
(18, 'uin', 'umweltinformation', 18),
(19, 'uwi', 'umweltwirtschaft', 19),
(20, 'ver', 'verkehr', 20),
(21, 'was', 'wasser', 21);

-- --------------------------------------------------------

--
-- Tabellenstruktur für Tabelle `ingrid_lookup`
--

DROP TABLE IF EXISTS `ingrid_lookup`;
CREATE TABLE IF NOT EXISTS `ingrid_lookup` (
  `id` mediumint(9) NOT NULL DEFAULT '0',
  `item_key` varchar(255) NOT NULL DEFAULT '',
  `item_value` varchar(255) DEFAULT NULL,
  `item_date` timestamp NOT NULL DEFAULT CURRENT_TIMESTAMP,
  PRIMARY KEY (`id`)
) ENGINE=MyISAM DEFAULT CHARSET=utf8;

--
-- Daten für Tabelle `ingrid_lookup`
--

INSERT INTO `ingrid_lookup` (`id`, `item_key`, `item_value`, `item_date`) VALUES
(1, 'ingrid_db_version', '3.5', '2015-01-14 00:00:00');

-- --------------------------------------------------------

--
-- Tabellenstruktur für Tabelle `ingrid_measures_rubric`
--

DROP TABLE IF EXISTS `ingrid_measures_rubric`;
CREATE TABLE IF NOT EXISTS `ingrid_measures_rubric` (
  `id` mediumint(9) NOT NULL AUTO_INCREMENT,
  `form_value` varchar(255) NOT NULL DEFAULT '',
  `query_value` varchar(255) NOT NULL DEFAULT '',
  `sortkey` mediumint(9) NOT NULL DEFAULT '0',
  PRIMARY KEY (`id`)
) ENGINE=MyISAM  DEFAULT CHARSET=utf8 AUTO_INCREMENT=5 ;

--
-- Daten für Tabelle `ingrid_measures_rubric`
--

INSERT INTO `ingrid_measures_rubric` (`id`, `form_value`, `query_value`, `sortkey`) VALUES
(1, 'str', 'radiation', 1),
(2, 'luf', 'air', 2),
(3, 'was', 'water', 3),
(4, 'wei', 'misc', 4);

-- --------------------------------------------------------

--
-- Tabellenstruktur für Tabelle `ingrid_newsletter_data`
--

DROP TABLE IF EXISTS `ingrid_newsletter_data`;
CREATE TABLE IF NOT EXISTS `ingrid_newsletter_data` (
  `id` mediumint(9) NOT NULL AUTO_INCREMENT,
  `firstname` varchar(255) DEFAULT NULL,
  `lastname` varchar(255) DEFAULT NULL,
  `email` varchar(255) DEFAULT NULL,
  `created` timestamp NOT NULL DEFAULT CURRENT_TIMESTAMP ON UPDATE CURRENT_TIMESTAMP,
  PRIMARY KEY (`id`)
) ENGINE=MyISAM DEFAULT CHARSET=utf8 AUTO_INCREMENT=1 ;

--
-- Daten für Tabelle `ingrid_newsletter_data`
--


-- --------------------------------------------------------

--
-- Tabellenstruktur für Tabelle `ingrid_partner`
--

DROP TABLE IF EXISTS `ingrid_partner`;
CREATE TABLE IF NOT EXISTS `ingrid_partner` (
  `id` mediumint(9) NOT NULL AUTO_INCREMENT,
  `ident` varchar(255) NOT NULL DEFAULT '',
  `name` varchar(255) NOT NULL DEFAULT '',
  `sortkey` mediumint(9) NOT NULL DEFAULT '0',
  PRIMARY KEY (`id`)
) ENGINE=MyISAM  DEFAULT CHARSET=utf8 AUTO_INCREMENT=18 ;

--
-- Daten für Tabelle `ingrid_partner`
--

INSERT INTO `ingrid_partner` (`id`, `ident`, `name`, `sortkey`) VALUES
(1, 'bund', 'Bund', 1),
(2, 'bw', 'Baden-Württemberg', 2),
(3, 'by', 'Bayern', 3),
(4, 'be', 'Berlin', 4),
(5, 'bb', 'Brandenburg', 5),
(6, 'hb', 'Bremen', 6),
(7, 'hh', 'Hamburg', 7),
(8, 'he', 'Hessen', 8),
(9, 'mv', 'Mecklenburg-Vorpommern', 9),
(10, 'ni', 'Niedersachsen', 10),
(11, 'nw', 'Nordrhein-Westfalen', 11),
(12, 'rp', 'Rheinland-Pfalz', 12),
(13, 'sl', 'Saarland', 13),
(14, 'sn', 'Sachsen', 14),
(15, 'st', 'Sachsen-Anhalt', 15),
(16, 'sh', 'Schleswig-Holstein', 16),
(17, 'th', 'Thüringen', 17);

-- --------------------------------------------------------

--
-- Tabellenstruktur für Tabelle `ingrid_principal_pref`
--

DROP TABLE IF EXISTS `ingrid_principal_pref`;
CREATE TABLE IF NOT EXISTS `ingrid_principal_pref` (
  `id` mediumint(9) NOT NULL AUTO_INCREMENT,
  `principal_name` varchar(251) NOT NULL DEFAULT '',
  `pref_name` varchar(251) NOT NULL DEFAULT '',
  `pref_value` mediumtext,
  `modified_date` timestamp NOT NULL DEFAULT CURRENT_TIMESTAMP ON UPDATE CURRENT_TIMESTAMP,
  PRIMARY KEY (`id`)
) ENGINE=MyISAM DEFAULT CHARSET=utf8 AUTO_INCREMENT=1 ;

--
-- Daten für Tabelle `ingrid_principal_pref`
--


-- --------------------------------------------------------

--
-- Tabellenstruktur für Tabelle `ingrid_provider`
--

DROP TABLE IF EXISTS `ingrid_provider`;
CREATE TABLE IF NOT EXISTS `ingrid_provider` (
  `id` mediumint(9) NOT NULL AUTO_INCREMENT,
  `ident` varchar(255) NOT NULL DEFAULT '',
  `name` varchar(255) NOT NULL DEFAULT '',
  `url` varchar(255) NOT NULL DEFAULT '',
  `sortkey` mediumint(9) NOT NULL DEFAULT '0',
  `sortkey_partner` mediumint(9) NOT NULL DEFAULT '0',
  PRIMARY KEY (`id`)
) ENGINE=MyISAM  DEFAULT CHARSET=utf8 AUTO_INCREMENT=563 ;

--
-- Daten für Tabelle `ingrid_provider`
--

INSERT INTO `ingrid_provider` (`id`, `ident`, `name`, `url`, `sortkey`, `sortkey_partner`) VALUES
(1, 'bu_bmu', 'Bundesministerium für Umwelt, Naturschutz und Reaktorsicherheit', 'http://www.bmu.de/', 1, 1),
(2, 'bu_uba', 'Umweltbundesamt', 'http://www.umweltbundesamt.de/', 2, 1),
(3, 'bu_bfn', 'Bundesamt für Naturschutz', 'http://www.bfn.de/', 3, 1),
(4, 'bu_bfs', 'Bundesamt für Strahlenschutz', 'http://www.bfs.de/', 4, 1),
(5, 'bu_bmf', 'Bundesministerium der Finanzen', 'http://www.bundesfinanzministerium.de/', 5, 1),
(6, 'bu_bmbf', 'Bundesministerium für Bildung und Forschung', 'http://www.bmbf.de/', 6, 1),
(7, 'bu_bmelv', 'Bundesministerium für Ernährung, Landwirtschaft und Verbraucherschutz', 'http://www.bmelv.de/cln_044/DE/00-Home/__Homepage__node.html__nnn=true', 7, 1),
(8, 'bu_bmz', 'Bundesministerium für wirtschaftliche Zusammenarbeit und Entwicklung', 'http://www.bmz.de/', 8, 1),
(9, 'bu_aa', 'Auswärtiges Amt', 'http://www.auswaertiges-amt.de/', 10, 1),
(10, 'bu_bsh', 'Bundesamt für Seeschifffahrt und Hydrographie', 'http://www.bsh.de/', 11, 1),
(11, 'bu_bvl', 'Bundesamt für Verbraucherschutz und Lebensmittelsicherheit', 'http://www.bvl.bund.de/', 12, 1),
(12, 'bu_bgr', 'Bundesanstalt für Geowissenschaften und Rohstoffe', 'http://www.bgr.bund.de/', 13, 1),
(13, 'bu_bfg', 'Bundesanstalt für Gewässerkunde', 'http://www.bafg.de/', 14, 1),
(14, 'bu_nokis', 'Bundesanstalt für Wasserbau - Dienststelle Hamburg', 'http://www.hamburg.baw.de/', 15, 1),
(15, 'bu_bfr', 'Bundesinstitut für Risikobewertung', 'http://www.bfr.bund.de/', 16, 1),
(16, 'bu_bka', 'Bundeskriminalamt', 'http://www.bka.de/', 17, 1),
(18, 'bu_stba', 'Statistisches Bundesamt', 'http://www.destatis.de/', 19, 1),
(19, 'bu_ble', 'Bundesanstalt für Landwirtschaft und Ernährung', 'http://www.ble.de', 20, 1),
(20, 'bu_bpb', 'Bundeszentrale für politische Bildung', 'http://www.bpb.de/', 21, 1),
(21, 'bu_gtz', 'Deutsche Gesellschaft für Technische Zusammenarbeit (GTZ) GmbH', 'http://www.gtz.de/', 22, 1),
(22, 'bu_dwd', 'Deutscher Wetterdienst', 'http://www.dwd.de/', 23, 1),
(23, 'bu_dlr', 'Deutsches Zentrum für Luft- und Raumfahrt DLR e.V.', 'http://www.dlr.de/', 24, 1),
(24, 'bu_kug', 'Koordinierungsstelle PortalU', 'http://www.kst.portalu.de/', 25, 1),
(25, 'bu_labo', 'Länderarbeitsgemeinschaft Boden LABO', 'http://www.labo-deutschland.de/', 26, 1),
(26, 'bu_lawa', 'Länderarbeitsgemeinschaft Wasser', 'http://www.lawa.de/', 27, 1),
(27, 'bu_laofdh', 'Leitstelle des Bundes für Abwassertechnik, Boden- und Grundwasserschutz, Liegenschaftsinformationssystem Außenanlagen LISA', 'http://www.ofd-hannover.de/la/', 28, 1),
(537, 'he_lbhef', 'Landesbetrieb Hessen-Forst', 'http://www.hessen-forst.de/', 0, 8),
(28, 'bu_bpa', 'Presse- und Informationsamt der Bundesregierung', 'http://www.bundesregierung.de/', 29, 1),
(29, 'bu_blauerengel', 'RAL/Umweltbundesamt Umweltzeichen "Blauer Engel"', 'http://www.blauer-engel.de/', 30, 1),
(30, 'bu_sru', 'Rat von Sachverständigen für Umweltfragen (SRU)', 'http://www.umweltrat.de/', 31, 1),
(31, 'bu_ssk', 'Strahlenschutzkommission', 'http://www.ssk.de/', 32, 1),
(32, 'bu_umk', 'Umweltministerkonferenz', 'http://www.umweltministerkonferenz.de/', 33, 1),
(33, 'bu_wbgu', 'Wissenschaftlicher Beirat der Bundesregierung Globale Umweltveränderungen - WBGU', 'http://www.wbgu.de/', 34, 1),
(35, 'bu_uga', 'Umweltgutachterausschuss (UGA)', 'http://www.uga.de/', 36, 1),
(36, 'bu_co2', 'co2online gGmbH Klimaschutzkampagne', 'http://www.co2online.de/', 37, 1),
(38, 'bw_um', 'Ministerium für Umwelt, Klima und Energiewirtschaft Baden-Württemberg', 'http://www.um.baden-wuerttemberg.de/', 1, 2),
(39, 'bw_mi', 'Innenministerium Baden-Württemberg', 'http://www.innenministerium.baden-wuerttemberg.de/', 2, 2),
(40, 'bw_mlr', 'Ministerium für Ländlichen Raum und Verbraucherschutz Baden-Württemberg', 'http://www.mlr.baden-wuerttemberg.de/', 3, 2),
(41, 'bw_mw', 'Ministerium für Finanzen und Wirtschaft Baden-Württemberg', 'http://www.mfw.baden-wuerttemberg.de/', 4, 2),
(42, 'bw_lu', 'Landesanstalt für Umwelt, Messungen und Naturschutz Baden-Württemberg', 'http://www.lubw.baden-wuerttemberg.de/', 5, 2),
(43, 'bw_lgrb', 'Regierungspräsidium Freiburg - Landesamt für Geologie, Rohstoffe und Bergbau', 'http://www.lgrb.uni-freiburg.de', 6, 2),
(44, 'bw_lvm', 'Landesamt für Geoinformation und Landentwicklung Baden-Württemberg', 'http://www.lv-bw.de', 7, 2),
(514, 'bw_vm', 'Ministerium für Verkehr und Infrastruktur Baden-Württemberg', 'http://www.mvi.baden-wuerttemberg.de/', 139, 2),
(47, 'bw_stla', 'Statistisches Landesamt Baden-Württemberg', 'http://www.statistik-bw.de/', 10, 2),
(560, 'bu_fnb', 'Fachnetzwerk Boden', '', 0, 1),
(49, 'by_sugv', 'Bayerisches Staatsministerium für Umwelt und Gesundheit', 'http://www.stmug.bayern.de/', 1, 3),
(200, 'sn_sms', 'Sächsisches Staatsministerium für Soziales', 'http://www.sms.sachsen.de/', 25, 14),
(51, 'by_lfstad', 'Bayerisches Landesamt für Statistik und Datenverarbeitung', 'http://www.statistik.bayern.de/', 3, 3),
(371, 'bu_bbsr', 'Bundesinstitut für Bau-, Stadt- und Raumforschung', 'http://www.bbsr.bund.de', 0, 1),
(54, 'by_brrhoen', 'Biosphärenreservat Rhön', 'http://www.biosphaerenreservat-rhoen.de/', 6, 3),
(55, 'by_npbayw', 'Nationalpark Bayerischer Wald', 'http://www.nationalpark-bayerischer-wald.de/', 7, 3),
(56, 'by_npbg', 'Nationalpark Berchtesgaden', 'http://www.nationalpark-berchtesgaden.de/', 8, 3),
(57, 'be_senst', 'Senatsverwaltung für Stadtentwicklung und Umwelt', 'http://www.stadtentwicklung.berlin.de/', 1, 4),
(58, 'be_snb', 'Stiftung Naturschutz Berlin', 'http://www.stiftung-naturschutz.de/', 2, 4),
(146, 'bu_portalu', 'PortalU - Das Umweltportal Deutschland', 'http://www.portalu.de', 41, 1),
(147, 'st_lagb', 'Landesamt für Geologie und Bergwesen Sachsen-Anhalt (LAGB)', 'http://www.sachsen-anhalt.de/LPSA/index.php?id=15849', 8, 15),
(60, 'bb_mluv', 'Ministerium für Umwelt, Gesundheit und Verbraucherschutz des Landes Brandenburg', 'http://www.mugv.brandenburg.de', 1, 5),
(61, 'hb_sbu', 'Bremer Senator für Umwelt, Bau, Verkehr und Europa', 'http://www.umwelt.bremen.de', 1, 6),
(62, 'hh_su', 'Behörde für Stadtentwicklung und Umwelt Hamburg', 'http://www.hamburg.de/bsu/', 1, 7),
(63, 'hh_wa', 'Behörde für Wirtschaft, Verkehr und Innovation', 'http://www.hamburg.de/bwvi/', 2, 7),
(64, 'hh_bsg', 'Behörde für Gesundheit und Verbraucherschutz', 'http://www.hamburg.de/bgv/', 3, 7),
(65, 'hh_lgv', 'Landesbetrieb Geoinformation und Vermessung Hamburg', 'http://www.hamburg.de/startseite-landesbetrieb-geoinformation-und-vermessung/', 4, 7),
(66, 'hh_npwatt', 'Nationalparkverwaltung Hamburgisches Wattenmeer', 'http://www.nationalpark-wattenmeer.de/hh', 5, 7),
(67, 'hh_argeelbe', 'Flussgebietsgemeinschaft Elbe', 'http://www.fgg-elbe.de/', 6, 7),
(68, 'hh_sth', 'Statistisches Amt für Hamburg und Schleswig-Holstein', 'http://www.statistik-nord.de/', 7, 7),
(69, 'he_hmulv', 'Hessisches Ministerium für Umwelt, Klimaschutz, Landwirtschaft und Verbraucherschutz', 'http://www.umwelt.hessen.de/', 1, 8),
(70, 'he_hlug', 'Hessisches Landesamt für Umwelt und Geologie', 'http://www.hlug.de/', 2, 8),
(71, 'he_umwelt', 'Umweltatlas Hessen', 'http://atlas.umwelt.hessen.de/', 3, 8),
(72, 'mv_um', 'Ministerium für Landwirtschaft, Umwelt und Verbraucherschutz (LU)', 'http://www.lu.mv-regierung.de/', 1, 9),
(73, 'mv_sm', 'Ministerium für Arbeit, Gleichstellung und Soziales', 'http://www.sozial-mv.de/', 2, 9),
(74, 'mv_lung', 'Landesamt für Umwelt, Naturschutz und Geologie Mecklenburg-Vorpommern (LUNG)', 'http://www.lung.mv-regierung.de/', 3, 9),
(75, 'mv_lfmv', 'Landesforst Mecklenburg-Vorpommern AöR', 'http://www.wald-mv.de/', 4, 9),
(76, 'mv_schaalsee', 'Biosphärenreservat Schaalsee', 'http://www.schaalsee.de/', 5, 9),
(77, 'mv_npmueritz', 'Müritz-Nationalpark', 'http://www.nationalpark-mueritz.de/', 6, 9),
(78, 'mv_nvblmv', 'Nationalpark Vorpommersche Boddenlandschaft', 'http://www.nationalpark-vorpommersche-boddenlandschaft.de/', 7, 9),
(79, 'mv_fhstr', 'Fachhochschule Stralsund', 'http://www.fh-stralsund.de/', 8, 9),
(80, 'mv_fhnb', 'Hochschule Neubrandenburg', 'http://www.fh-nb.de/', 9, 9),
(81, 'mv_hswi', 'Hochschule Wismar', 'http://www.hs-wismar.de/', 10, 9),
(82, 'mv_iow', 'Institut für Ostseeforschung Warnemünde', 'http://www.io-warnemuende.de/', 11, 9),
(83, 'mv_unigr', 'Universität Greifswald', 'http://www.uni-greifswald.de/', 12, 9),
(84, 'mv_uniro', 'Universität Rostock', 'http://www.uni-rostock.de/', 13, 9),
(85, 'ni_mu', 'Niedersächsisches Ministerium für Umwelt und Klimaschutz', 'http://www.mu.niedersachsen.de/', 1, 10),
(86, 'ni_mw', 'Niedersächsisches Ministerium für Wirtschaft, Arbeit und Verkehr', 'http://www.mw.niedersachsen.de/', 2, 10),
(87, 'ni_ms', 'Niedersächsisches Ministerium für Soziales, Frauen, Familie, Gesundheit und Integration', 'http://www.ms.niedersachsen.de/', 3, 10),
(88, 'ni_mi', 'Niedersächsisches Ministerium für Inneres und Sport', 'http://www.mi.niedersachsen.de/', 4, 10),
(89, 'ni_ml', 'Niedersächsisches Ministerium für Ernährung, Landwirtschaft, Verbraucherschutz und Landesentwicklung', 'http://www.ml.niedersachsen.de/', 5, 10),
(90, 'ni_nlwkn', 'Niedersächsischer Landesbetrieb für Wasserwirtschaft, Küsten- und Naturschutz', 'http://www.nlwkn.niedersachsen.de/', 6, 10),
(91, 'ni_lbeg', 'Niedersächsisches Landesamt für Bergbau, Energie und Geologie', 'http://www.lbeg.niedersachsen.de', 7, 10),
(93, 'ni_laves', 'Niedersächsisches Landesamt für Verbraucherschutz und Lebensmittelsicherheit', 'http://www.laves.niedersachsen.de/', 9, 10),
(94, 'ni_lga', 'Niedersächsisches Landesgesundheitsamt', 'http://www.nlga.niedersachsen.de/', 10, 10),
(95, 'ni_sbv', 'Niedersächsische Landesbehörde für Straßenbau und Verkehr', 'http://www.strassenbau.niedersachsen.de/', 11, 10),
(96, 'ni_nna', 'Alfred Toepfer Akademie für Naturschutz', 'http://www.nna.niedersachsen.de/', 12, 10),
(97, 'ni_gll', 'Behörden für Geoinformation, Landentwicklung und Liegenschaften Niedersachsen', 'http://www.gll.niedersachsen.de', 13, 10),
(99, 'ni_lgn', 'Landesvermessung und Geobasisinformation Niedersachsen', 'http://www.lgn.niedersachsen.de/', 15, 10),
(100, 'ni_lwkh', 'Landwirtschaftskammer Niedersachsen', 'http://www.lwk-niedersachsen.de/', 16, 10),
(103, 'ni_gaa', 'Niedersächsische Gewerbeaufsicht', 'http://www.gewerbeaufsicht.niedersachsen.de', 19, 10),
(105, 'nw_munlv', 'Ministerium für Umwelt und Naturschutz, Landwirtschaft und Verbraucherschutz des Landes Nordrhein-Westfalen', 'http://www.umwelt.nrw.de/', 1, 11),
(176, 'mv_im', 'Ministerium für Inneres und Sport', 'http://www.mv-regierung.de/im/', 14, 9),
(177, 'mv_am', 'Ministerium für Wirtschaft, Bau und Tourismus', 'http://www.wm.mv-regierung.de/index.htm', 15, 9),
(108, 'nw_gd', 'Geologischer Dienst Nordrhein-Westfalen', 'http://www.gd.nrw.de/', 4, 11),
(111, 'nw_ldvst', 'Landesamt für Datenverarbeitung und Statistik Nordrhein-Westfalen', 'http://www.ugrdl.de/index.html', 7, 11),
(112, 'rp_mufv', 'Ministerium für Umwelt, Landwirtschaft, Ernährung, Weinbau und Forsten Rheinland-Pfalz (MULEWF) ', 'http://www.mulewf.rlp.de/', 1, 12),
(115, 'rp_forst', 'Landesforsten Rheinland-Pfalz', 'http://www.wald-rlp.de/', 2, 12),
(116, 'rp_lzu', 'Landeszentrale für Umweltaufklärung Rheinland-Pfalz', 'http://www.umdenken.de/', 3, 12),
(117, 'sl_mfu', 'Ministerium für Umwelt und Verbraucherschutz des Saarland', 'http://www.saarland.de/ministerium_umwelt_verbraucherschutz.htm', 1, 13),
(118, 'sl_lua', 'Landesamt für Umwelt- und Arbeitsschutz des Saarlandes', 'http://www.lua.saarland.de/', 2, 13),
(119, 'sn_smul', 'Sächsisches Staatsministerium für Umwelt und Landwirtschaft', 'http://www.smul.sachsen.de/smul/index.html', 0, 14),
(263, 'bu_sgd', 'Staatliche Geologische Dienste Deutschlands', 'http://www.infogeo.de', 0, 1),
(121, 'sn_lanu', 'Sächsische Landesstiftung Natur und Umwelt', 'http://www.lanu.de/templates/intro.php', 1, 14),
(122, 'st_mlu', 'Ministerium für Landwirtschaft und Umwelt Sachsen-Anhalt (MLU)', 'http://www.mlu.sachsen-anhalt.de', 1, 15),
(496, 'rp_luwg', 'Landesamt für Umwelt, Wasserwirtschaft und Gewerbeaufsicht Rheinland-Pfalz', 'http://www.luwg.rlp.de/', 0, 12),
(123, 'st_lau', 'Landesamt für Umweltschutz Sachsen-Anhalt (LAU)', 'http://www.sachsen-anhalt.de/LPSA/index.php?id=lau', 7, 15),
(124, 'st_lue', 'Luftüberwachungssystem Sachsen-Anhalt (LÜSA)', 'http://www.mu.sachsen-anhalt.de/lau/luesa/', 22, 15),
(125, 'st_unimd', 'Otto-von-Guericke Universität Magdeburg', 'http://www.uni-magdeburg.de/', 23, 15),
(126, 'sh_munl', 'Ministerium für Landwirtschaft, Umwelt und ländliche Räume des Landes Schleswig-Holstein', 'http://www.schleswig-holstein.de/MLUR/DE/MLUR__node.html', 1, 16),
(127, 'sh_lanu', 'Landesamt für Landwirtschaft, Umwelt und ländliche Räume Schleswig-Holstein', 'http://www.schleswig-holstein.de/LLUR/DE/LLUR__node.html', 2, 16),
(128, 'sh_luesh', 'Lufthygienische Überwachung Schleswig-Holstein', 'http://www.umwelt.schleswig-holstein.de/?196', 3, 16),
(129, 'sh_kfue', 'Kernreaktorfernüberwachung Schleswig-Holstein', 'http://www.kfue-sh.de/', 4, 16),
(130, 'sh_umweltaka', 'Bildungszentrum für Natur, Umwelt und ländliche Räume der Landes Schleswig-Holstein', 'http://www.umweltakademie-sh.de/', 5, 16),
(131, 'sh_npa', 'Nationalpark Schleswig-Holsteinisches Wattenmeer', 'http://www.nationalpark-wattenmeer.de/sh', 6, 16),
(132, 'th_tmlnu', 'Thüringer Ministerium für Landwirtschaft, Forsten, Umwelt und Naturschutz', 'http://www.thueringen.de/th8/tmlfun/', 1, 17),
(133, 'th_tlug', 'Thüringer Landesanstalt für Umwelt und Geologie', 'http://www.tlug-jena.de/de/tlug/', 2, 17),
(138, 'rp_lua', 'Landesuntersuchungsamt Rheinland-Pfalz', 'http://www.lua.rlp.de/', 5, 12),
(139, 'bw_saa', 'SAA Sonderabfallagentur Baden-Württemberg', 'http://www.saa.de/', 13, 2),
(140, 'bw_rp', 'Regierungspräsidien Baden-Württemberg', 'http://www.rp.baden-wuerttemberg.de/', 14, 2),
(141, 'bw_rps', 'Regierungspräsidium Stuttgart', 'http://www.rp.baden-wuerttemberg.de/servlet/PB/menu/1007480/index.html', 15, 2),
(142, 'bu_lai', 'Bund/Länder Arbeitsgemeinschaft für Immissionsschutz - LAI', 'http://www.lai-immissionsschutz.de', 39, 1),
(369, 'hb_gi', 'GeoInformation Bremen', 'http://www.geo.bremen.de', 0, 6),
(145, 'he_hvbg', 'Hessische Verwaltung für Bodenmanagement und Geoinformation', 'http://www.hvbg.hessen.de/', 5, 8),
(150, 'sn_lfp', 'Staatsbetrieb Sachsenforst', 'http://www.sachsenforst.de', 5, 14),
(151, 'sn_np-saechsische-schweiz', 'Nationalpark Sächsische Schweiz', 'http://www.nationalpark-saechsische-schweiz.de/startseite/index.php', 6, 14),
(152, 'sn_ltv', 'Landestalsperrenverwaltung Sachsen', 'http://www.smul.sachsen.de/de/wu/organisation/staatsbetriebe/ltv/index_start.html', 7, 14),
(153, 'sn_brv', 'Biosphärenreservatsverwaltung Oberlausitzer Heide- und Teichlandschaft', 'http://www.biosphaerenreservat-oberlausitz.de/index.html', 8, 14),
(154, 'sn_statistik', 'Statistisches Landesamt Sachsen', 'http://www.statistik.sachsen.de/', 26, 14),
(155, 'st_ms', 'Ministerium für Arbeit und Soziales Sachsen-Anhalt (MS) ', 'http://www.ms.sachsen-anhalt.de', 2, 15),
(156, 'st_mw', 'Ministerium für Wissenschaft und Wirtschaft  Sachsen-Anhalt (MW)', 'http://www.mw.sachsen-anhalt.de', 3, 15),
(157, 'st_mlv', 'Ministerium für Landesentwicklung und Verkehr (MLV)', 'http://www.mlv.sachsen-anhalt.de', 4, 15),
(158, 'st_mi', 'Ministerium des Innern Sachsen-Anhalt (MI)', 'http://www.mi.sachsen-anhalt.de', 5, 15),
(159, 'st_mj', 'Ministerium der Justiz und Gleichstellung Sachsen-Anhalt (MJ)', 'http://www.mj.sachsen-anhalt.de', 6, 15),
(160, 'st_lvermgeo', 'Landesamt für Vermessung und Geoinformationen (LVermGeo)', 'http://www.lvermgeo.sachsen-anhalt.de', 9, 15),
(161, 'st_stala', 'Statistisches Landesamt Sachsen-Anhalt (StaLa)', 'http://www.stala.sachsen-anhalt.de', 10, 15),
(162, 'st_lav', 'Landesamt für Verbraucherschutz Sachsen-Anhalt (LAV)', 'http://www.verbraucherschutz.sachsen-anhalt.de', 11, 15),
(163, 'st_lfa', 'Landesamt für Denkmalpflege und Archäologie (LDA)', 'http://www.archlsa.de', 12, 15),
(164, 'st_laf', 'Landesanstalt für Altlastenfreistellung Sachsen-Anhalt (LAF)', 'http://www.laf-lsa.de', 13, 15),
(165, 'st_llfg', 'Landesanstalt für Landwirtschaft, Forsten und Gartenbau Sachsen-Anhalt (LLFG)', 'http://www.llg-lsa.de', 14, 15),
(166, 'st_lhw', 'Landesbetrieb für Hochwasserschutz und Wasserwirtschaft Sachsen-Anhalt (LHW)', 'http://www.sachsen-anhalt.de/LPSA/index.php?id=13427', 15, 15),
(167, 'st_talsperren', 'Talsperrenbetrieb Sachsen-Anhalt (TSB-LSA)', 'http://www.talsperren-lsa.de', 16, 15),
(168, 'st_landesforstbetrieb', 'Landesforstbetrieb Sachsen-Anhalt (LFB)', 'http://www.landesforstbetrieb.sachsen-anhalt.de', 17, 15),
(169, 'st_lvwa', 'Landesverwaltungsamt Sachsen-Anhalt (LVwA)', 'http://www.landesverwaltungsamt.sachsen-anhalt.de', 18, 15),
(170, 'st_bioreskarstsuedharz', 'Biosphärenreservat Karstlandschaft Südharz', 'http://www.bioreskarstsuedharz.de', 19, 15),
(171, 'st_biosphaerenreservatmittlereelbe', 'Biosphärenreservat Mittelelbe/Flusslandschaft Elbe', 'http://www.biosphaerenreservatmittlereelbe.de', 20, 15),
(172, 'st_nationalpark-harz', 'Nationalparkverwaltung Harz', 'http://www.nationalpark-harz.de', 21, 15),
(173, 'be_senges', 'Senatsverwaltung für Gesundheit, Umwelt und Verbraucherschutz Berlin', 'http://www.berlin.de/sen/umwelt/index.shtml', 3, 4),
(174, 'nw_lanuv', 'Landesamt für Natur, Umwelt und Verbraucherschutz NRW  (LANUV)', 'http://www.lanuv.nrw.de/', 8, 11),
(202, 'bu_bdj', 'Bundesministerium der Justiz', 'http://www.bmj.bund.de', 0, 1),
(178, 'mv_jm', 'Justizministerium Mecklenburg-Vorpommern', 'http://www.jm.mv-regierung.de/', 16, 9),
(179, 'mv_bm', 'Ministerium für Bildung, Wissenschaft und Kultur', 'http://www.bm.regierung-mv.de', 17, 9),
(180, 'mv_vm', 'Ministerium für Energie, Infrastruktur und Landesentwicklung', 'http://www.mv-regierung.de/vm/', 18, 9),
(181, 'mv_sta', 'Statistisches Amt Mecklenburg-Vorpommern', 'http://www.statistik-mv.de/', 19, 9),
(511, 'sh_masg', 'Ministerium für Arbeit, Soziales und Gesundheit', 'http://www.schleswig-holstein.de/MASG/DE/MASG_node.html', 0, 16),
(184, 'mv_stnb', 'Staatliches Amt für Landwirtschaft und Umwelt Mecklenburgische Seenplatte (StALU MS)', 'http://www.mv-regierung.de/staeun/neubrandenburg/', 21, 9),
(185, 'mv_sthst', 'Staatliches Amt für Landwirtschaft und Umwelt Vorpommern (StALU VP)', 'http://www.mv-regierung.de/staeun/stralsund_n/', 22, 9),
(186, 'mv_sthro', 'Staatliches Amt für Landwirtschaft und Umwelt Mittleres Mecklenburg (StALU MM)', 'http://www.mv-regierung.de/staeun/rostock/', 23, 9),
(187, 'mv_stsn', 'Staatliches Amt für Landwirtschaft und Umwelt Westmecklenburg (StALU WM)', 'http://www.mv-regierung.de/staeun/schwerin/', 24, 9),
(188, 'mv_lallf', 'Landesamt für Landwirtschaft, Lebensmittelsicherheit und Fischerei', 'http://www.lallf.de/', 25, 9),
(189, 'mv_afrl', 'Ämter für Raumordnung und Landesplanung Mecklenburg-Vorpommern', 'http://cms.mvnet.de/cms2/AFRL_prod/AFRL/index.jsp', 26, 9),
(196, 'bu_fli', 'Friedrich-Löffler-Institut', 'http://www.fli.bund.de', 42, 1),
(197, 'bu_nrat', 'Rat für Nachhaltige Entwicklung', 'http://www.nachhaltigkeitsrat.de', 43, 1),
(195, 'ni_fho', 'Fachhochschule Osnabrück', 'http://www.hs-osnabrueck.de/', 22, 10),
(194, 'be_npb', 'Naturpark Barnim', 'http://www.np-barnim.de/', 4, 4),
(198, 'bu_baw', 'Bundesanstalt für Wasserbau', 'http://www.baw.de/', 0, 1),
(199, 'by_lumsch', 'Bayerisches Landesamt für Umwelt', 'http://www.lfu.bayern.de', 9, 3),
(201, 'sn_lus', 'Landesuntersuchungsanstalt Sachsen', 'http://www.lua.sachsen.de/', 16, 14),
(204, 'by_sdj', 'Bayerisches Staatsministerium der Justiz', 'http://www.justiz.bayern.de/', 0, 3),
(494, 'bu_dena', 'Deutsche Energie-Agentur GmbH (dena)', 'http://www.dena.de/', 0, 1),
(206, 'hh_bserv', 'Hamburger Gerichte', 'http://justiz.hamburg.de/gerichte/', 0, 7),
(207, 'hh_justiz', 'Behörde für Justiz und Gleichstellung', 'http://www.hamburg.de/justizbehoerde/', 0, 7),
(208, 'he_stk', 'Hessische Staatskanzlei', 'http://www.stk.hessen.de/', 0, 8),
(209, 'ni_stk', 'Niedersächsische Staatskanzlei', 'http://www.stk.niedersachsen.de', 0, 10),
(210, 'nw_im', 'Innenministerium des Landes Nordrhein-Westfalen', 'http://www.im.nrw.de/', 0, 11),
(212, 'sl_justiz', 'Ministerium der Justiz des Saarlandes', 'http://www.saarland.de/ministerium_justiz.htm', 0, 13),
(370, 'bu_dbu', 'Deutsche Bundesstiftung Umwelt', 'http://www.dbu.de/', 0, 1),
(214, 'sh_lreg', 'Landesregierung Schleswig-Holstein', 'http://www.schleswig-holstein.de', 0, 16),
(215, 'th_geo', 'Thüringer Landesamt für Vermessung und Geoinformation', 'http://www.thueringen.de/th9/tlvermgeo/index.aspx', 0, 17),
(216, 'th_justiz', 'Justizministerium des Freistaats Thüringen', 'http://www.thueringen.de/de/justiz/', 0, 17),
(217, 'mv_bergamt', 'Bergamt Mecklenburg-Vorpommern', 'http://www.bergamt-mv.de/', 0, 9),
(218, 'mv_npjasm', 'Nationalpark Jasmund', 'http://www.nationalpark-vorpommersche-boddenlandschaft.de/jasmund/', 0, 9),
(219, 'mv_natnat', 'Nationale Naturlandschaften', 'http://www.natur-mv.de/', 0, 9),
(221, 'bu_bmwi', 'Bundesministerium für Wirtschaft und Technologie', 'http://www.bmwi.de/', 0, 1),
(222, 'nw_brarn', 'Bezirksregierung Arnsberg', 'http://www.bezreg-arnsberg.nrw.de/', 0, 11),
(223, 'nw_brdet', 'Bezirksregierung Detmold', 'http://www.bezreg-detmold.nrw.de', 0, 11),
(224, 'nw_brdue', 'Bezirksregierung Düsseldorf', 'http://www.bezreg-duesseldorf.nrw.de', 0, 11),
(225, 'nw_brkoe', 'Bezirksregierung Köln', 'http://www.bezreg-koeln.nrw.de', 0, 11),
(226, 'nw_brmue', 'Bezirksregierung Münster', 'http://www.bezreg-muenster.nrw.de', 0, 11),
(227, 'nw_lbwuh', 'Landesbetrieb Wald und Holz NRW', 'http://www.wald-und-holz.nrw.de', 0, 11),
(228, 'nw_lwk', 'Landwirtschaftskammer Nordrhein-Westfalen', 'http://www.landwirtschaftskammer.de', 0, 11),
(229, 'rp_sgds', 'Struktur- und Genehmigungsdirektion Süd Rheinland-Pfalz', 'http://www.sgdsued.rlp.de', 6, 12),
(230, 'rp_sgdn', 'Struktur- und Genehmigungsdirektion Nord Rheinland-Pfalz', 'http://www.sgdnord.rlp.de', 7, 12),
(231, 'rp_mwvlw', 'Ministerium für Wirtschaft, Klimaschutz, Energie und Landesplanung Rheinland-Pfalz', 'http://www.mwkel.rlp.de/Startseite/', 8, 12),
(232, 'rp_lgb', 'Landesamt für Geologie und Bergbau Rheinland-Pfalz', 'http://www.lgb-rlp.de', 9, 12),
(233, 'rp_lbm', 'Landesbetrieb Mobilität Rheinland-Pfalz', 'http://www.lbm.rlp.de', 10, 12),
(234, 'rp_ism', 'Ministerium des Innern, für Sport und Infrastruktur Rheinland-Pfalz', 'http://www.isim.rlp.de/', 11, 12),
(235, 'rp_lvermgeo', 'Landesamt für Vermessung und Geobasisinformationen Rheinland-Pfalz', 'http://www.lvermgeo.rlp.de', 12, 12),
(236, 'rp_sla', 'Statistisches Landesamt Rheinland-Pfalz', 'http://www.statistik.rlp.de', 13, 12),
(237, 'rp_lfks', 'Feuerwehr- und Katastrophenschutzschule Rheinland-Pfalz', 'http://www.lfks-rlp.de', 14, 12),
(238, 'rp_masgff', 'Ministerium für Soziales, Arbeit, Gesundheit und Demografie Rheinland-Pfalz', 'http://msagd.rlp.de/', 15, 12),
(240, 'bu_baua', 'Bundesanstalt für Arbeitsschutz und Arbeitsmedizin', 'http://www.baua.bund.de', 0, 1),
(241, 'ni_lk_row', 'Landkreis Rotenburg-Wümme', 'http://www.lk-row.de', 0, 10),
(242, 'ni_lk_nh', 'Landkreis Northeim', 'http://www.landkreis-northeim.de/', 0, 10),
(243, 'ni_reg-hann', 'Region Hannover', 'http://www.hannover.de', 0, 10),
(244, 'ni_lhst-hann', 'Landeshauptstadt Hannover', 'http://www.hannover.de', 0, 10),
(245, 'ni_wb', 'Stadt Wolfsburg', 'http://www.wolfsburg.de', 0, 10),
(246, 'ni_li', 'Stadt Lingen', 'http://www.lingen.de', 0, 10),
(247, 'ni_lk_row_gb', 'Gemeinde Gnarrenburg', 'http://www.gnarrenburg.de', 0, 10),
(248, 'ni_lk_row_se', 'Samtgemeinde Selsingen', 'http://www.selsingen.de', 0, 10),
(249, 'ni_lk_row_si', 'Samtgemeinde Sittensen', 'http://www.sittensen.de', 0, 10),
(250, 'ni_lk_row_rw', 'Stadt Rotenburg (Wümme)', 'http://www.rotenburg-wuemme.de', 0, 10),
(251, 'ni_lk_row_vi', 'Stadt Visselhövede', 'http://www.visselhoevede.de', 0, 10),
(252, 'ni_lk_row_so', 'Samtgemeinde Sottrum', 'http://www.sottrum.de', 0, 10),
(253, 'ni_lk_row_ze', 'Samtgemeinde Zeven', 'http://www.zeven.de', 0, 10),
(254, 'ni_lk_row_fi', 'Samtgemeinde Fintel', 'http://www.fintel.de', 0, 10),
(255, 'ni_lk_row_bo', 'Samtgemeinde Bothel', 'http://www.bothel.de', 0, 10),
(256, 'ni_lk_row_ta', 'Samtgemeinde Tarmstedt', 'http://www.tarmstedt.de', 0, 10),
(257, 'ni_lk_row_bv', 'Stadt Bremervörde', 'http://www.bremervoerde.de', 0, 10),
(258, 'ni_lk_row_sc', 'Gemeinde Scheeßel', 'http://www.scheessel.de', 0, 10),
(259, 'bw_fva', 'Forstliche Versuchs- und Forschungsanstalt Baden-Württemberg', 'http://www.fva-bw.de', 16, 2),
(260, 'rp_kgstgdi', 'Kompetenz- und Geschäftsstelle GDI Rheinland-Pfalz', 'http://www.geoportal.rlp.de/portal/ueber-uns/kompetenz-und-geschaeftsstelle.html', 0, 12),
(562, 'ni_st_rinteln', 'Stadt Rinteln', 'http://www.rinteln.de/', 0, 10),
(262, 'sn_lfulg', 'Sächsisches Landesamt für Umwelt, Landwirtschaft und Geologie', 'http://www.umwelt.sachsen.de/lfulg/', 3, 14),
(264, 'ni_st_bu', 'Stadt Buchholz i. d. N.', 'http://www.buchholz.de', 0, 10),
(265, 'ni_lk_ue', 'Landkreis Uelzen', 'http://www.uelzen.de', 0, 10),
(266, 'ni_st_lg', 'Hansestadt Lüneburg', 'http://www.lueneburg.de', 0, 10),
(267, 'ni_sg_ldf', 'Samtgemeinde Lachendorf', 'http://www.lachendorf.de', 0, 10),
(268, 'ni_st_ce', 'Stadt Celle', 'http://www.celle.de', 0, 10),
(269, 'ni_lk_ce', 'Landkreis Celle', 'http://www.landkreis-celle.de', 0, 10),
(270, 'ni_lk_ld', 'Landkreis Lüchow-Dannenberg', 'http://www.luechow-dannenberg.de', 0, 10),
(271, 'ni_sg_oh', 'Samtgemeinde Oberharz', 'http://www.samtgemeinde-oberharz.de', 0, 10),
(272, 'ni_st_cux', 'Stadt Cuxhaven', 'http://www.cuxhaven.de', 0, 10),
(273, 'ni_st_ach', 'Stadt Achim', 'http://www.achim.de', 0, 10),
(274, 'ni_lk_ost', 'Landkreis Osterholz', 'http://www.landkreis-osterholz.de', 0, 10),
(275, 'ni_lk_ver', 'Landkreis Verden', 'http://www.landkreis-verden.de', 0, 10),
(276, 'ni_st_ver', 'Stadt Verden', 'http://www.verden.de', 0, 10),
(277, 'ni_lk_wolf', 'Landkreis Wolfenbüttel', 'http://www.lk-wf.de', 0, 10),
(278, 'ni_st_salz', 'Stadt Salzgitter', 'http://www.salzgitter.de', 0, 10),
(279, 'ni_st_koe', 'Stadt Königslutter', 'http://www.koenigslutter.de', 0, 10),
(280, 'ni_lk_pe', 'Landkreis Peine', 'http://www.landkreis-peine.de', 0, 10),
(281, 'ni_lk_helm', 'Landkreis Helmstedt', 'http://www.landkreis-helmstedt.de', 0, 10),
(282, 'ni_st_goe', 'Stadt Göttingen', 'http://www.goettingen.de', 0, 10),
(283, 'ni_st_oster', 'Stadt Osterode', 'http://www.osterode.de', 0, 10),
(284, 'ni_lk_gos', 'Landkreis Goslar', 'http://www.landkreis-goslar.de', 0, 10),
(285, 'ni_lk_goe', 'Landkreis Göttingen', 'http://www.landkreisgoettingen.de', 0, 10),
(286, 'ni_st_see', 'Stadt Seelze', 'http://www.stadt-seelze.de', 0, 10),
(287, 'ni_lk_oster', 'Landkreis Osterode', 'http://www.landkreis-osterode.de', 0, 10),
(288, 'ni_st_lang', 'Stadt Langelsheim', 'http://www.langelsheim.de', 0, 10),
(289, 'bu_bbr', 'Bundesamt für Bauwesen und Raumordnung', 'http://www.bbr.bund.de', 0, 1),
(290, 'ni_lk_hi', 'Landkreis Hildesheim', 'http://www.landkreishildesheim.de', 0, 10),
(291, 'ni_st_wu', 'Stadt Wunstorf', 'http://www.wunstorf.de', 0, 10),
(292, 'ni_st_neust', 'Stadt Neustadt a. Rbge.', 'http://www.neustadt-a-rbge.de', 0, 10),
(293, 'ni_lk_schaum', 'Landkreis Schaumburg', 'http://www.landkreis-schaumburg.de', 0, 10),
(294, 'ni_sg_sachs', 'Samtgemeinde Sachsenhagen', 'http://www.sachsenhagen.de', 0, 10),
(295, 'ni_st_ham', 'Stadt Hameln', 'http://www.hameln.de', 0, 10),
(296, 'ni_lk_ham', 'Landkreis Hameln-Pyrmont', 'http://www.hameln-pyrmont.de', 0, 10),
(297, 'ni_lk_nien', 'Landkreis Nienburg/Weser', 'http://www.kreis-ni.de', 0, 10),
(298, 'ni_st_bars', 'Stadt Barsinghausen', 'http://www.stadt-barsinghausen.de', 0, 10),
(299, 'ni_st_spri', 'Stadt Springe', 'http://www.springe.de', 0, 10),
(300, 'ni_lk_weser', 'Landkreis Wesermarsch', 'http://www.lkbra.de', 0, 10),
(301, 'ni_lk_clop', 'Landkreis Cloppenburg', 'http://www.lkclp.de', 0, 10),
(302, 'ni_lk_ammer', 'Landkreis Ammerland', 'http://www.ammerland.de', 0, 10),
(303, 'ni_st_jever', 'Stadt Jever', 'http://www.stadt-jever.de', 0, 10),
(304, 'ni_lk_fries', 'Landkreis Friesland', 'http://www.landkreis-friesland.de', 0, 10),
(305, 'ni_lk_old', 'Landkreis Oldenburg', 'http://www.oldenburg-kreis.de', 0, 10),
(306, 'ni_lk_leer', 'Landkreis Leer', 'http://www.lkleer.de', 0, 10),
(307, 'ni_st_wil', 'Stadt Wilhelmshaven', 'http://www.wilhelmshaven.de', 0, 10),
(308, 'ni_lk_ems', 'Landkreis Emsland', 'http://www.emsland.de', 0, 10),
(309, 'ni_st_pap', 'Stadt Papenburg', 'http://www.papenburg.de', 0, 10),
(310, 'ni_lk_osn', 'Landkreis Osnabrück', 'http://www.lkos.de', 0, 10),
(311, 'ni_st_bram', 'Stadt Bramsche', 'http://www.stadt-bramsche.de', 0, 10),
(312, 'ni_ge_belm', 'Gemeinde Belm', 'http://www.belm.de', 0, 10),
(313, 'ni_st_bers', 'Stadt Bersenbrück', 'http://www.bersenbrueck.de', 0, 10),
(314, 'ni_lk_vech', 'Landkreis Vechta', 'http://www.landkreis-vechta.de', 0, 10),
(316, 'sn_av', 'Anglerverband Sachsen e.V.', 'http://www.av-sachsen.de/data/home.htm', 49, 14),
(317, 'sn_bund', 'Bund für Umwelt und Naturschutz Deutschland (BUND) - Landeverband Sachsen e.V.', 'http://www.bund-sachsen.de', 44, 14),
(318, 'sn_gls', 'Grüne Liga Sachsen e.V.', 'http://www.grueneliga.de/sachsen', 45, 14),
(319, 'bu_dekade', 'UN-Dekade - Bildung für nachhaltige Entwicklung', 'http://www.bne-portal.de', 0, 1),
(320, 'bu_ki', 'Gemeinnützigen Kinderumwelt GmbH', 'http://www.allum.de/', 0, 1),
(322, 'sn_dd', 'Stadt Dresden', 'http://www.dresden.de/', 2, 14),
(324, 'sn_sgv', 'Sächsische Gestütsverwaltung', 'http://www.smul.sachsen.de/sgv/index.html', 11, 14),
(325, 'sn_burgstaedt', 'Stadt Burgstädt', 'http://www.burgstaedt.de/', 12, 14),
(326, 'sn_chemnitz', 'Stadt Chemnitz', 'http://www.chemnitz.de/', 13, 14),
(497, 'rp_jm', 'Ministerium der Justiz und für Verbraucherschutz Rheinland Pfalz', 'http://www.mjv.rlp.de/Startseite/', 0, 12),
(328, 'sn_lk_mittelsachsen', 'Landkreis Mittelsachsen', 'http://www.landkreis-mittelsachsen.de/', 65, 14),
(330, 'sn_lk_zwickau', 'Landkreis Zwickau', 'http://www.landkreis-zwickau.de/', 18, 14),
(544, 'ni_bubmj', 'Bundesministerium der Justiz', '', 0, 10),
(333, 'sn_smwa', 'Sächsisches Staatsministerium für Wirtschaft und Arbeit', 'http://www.smwa.sachsen.de/', 21, 14),
(335, 'sn_ldc', 'Landesdirektion Chemnitz', 'http://www.ldc.sachsen.de/', 23, 14),
(336, 'sn_ldl', 'Landesdirektion Leipzig', 'http://www.ldl.sachsen.de/', 24, 14),
(337, 'sn_tu_dd', 'Technische Universität Dresden', 'http://www.tu-dresden.de/', 27, 14),
(338, 'sn_tu_fg', 'Technische Universität Bergakademie Freiberg', 'http://www.tu-freiberg.de/', 28, 14),
(339, 'sn_uni_l', 'Universität Leipzig', 'http://www.uni-leipzig.de/', 29, 14),
(340, 'sn_tu_c', 'Technische Universität Chemnitz', 'http://www.tu-chemnitz.de/', 30, 14),
(341, 'sn_l', 'Stadt Leipzig', 'http://www.leipzig.de/', 32, 14),
(342, 'sn_smi', 'Sächsisches Staatsministerium des Innern', 'http://www.smi.sachsen.de/', 33, 14),
(345, 'sn_aue', 'Stadt Aue', 'http://www.aue.de/', 34, 14),
(346, 'sn_coswig', 'Stadt Coswig', 'http://www.coswig.de/', 35, 14),
(347, 'sn_freital', 'Stadt Freital', 'http://www.freital.de/', 36, 14),
(348, 'sn_glauchau', 'Stadt Glauchau', 'http://www.glauchau.de/', 37, 14),
(349, 'sn_goerlitz', 'Stadt Görlitz', 'http://www.goerlitz.de/', 38, 14),
(350, 'sn_limbach-oberfrohna', 'Stadt Limbach-Oberfrohna', 'http://www.limbach-oberfrohna.de/', 39, 14),
(351, 'sn_limbach-oberfrohna', 'Stadt Limbach-Oberfrohna', 'http://www.limbach-oberfrohna.de/', 39, 14),
(352, 'sn_markkleeberg', 'Stadt Markkleeberg', 'http://www.markkleeberg.de', 40, 14),
(353, 'sn_lk_meissen', 'Landkreis Meißen', 'http://www.kreis-meissen.org/', 41, 14),
(354, 'sn_lk_vogtland', 'Landkreis Vogtland', 'http://www.vogtlandkreis.de/', 42, 14),
(355, 'sn_nabu', 'Naturschutzbund Deutschlands (NABU) - Landesverband Sachsen', 'http://www.nabu-sachsen.de/', 43, 14),
(356, 'sn_lsh', 'Landesverein Sächsischer Heimatschutz e.V.', 'http://www.saechsischer-heimatschutz.de/', 46, 14),
(357, 'sn_sdw', 'Schutzgemeinschaft Deutscher Wald - Landesverband Sachsen', 'http://www.sdw-sachsen.de', 47, 14),
(375, 'bw_cvua', 'Chemische und Veterinäruntersuchungsämter (CVUA)', 'http://www.untersuchungsaemter-bw.de', 17, 2),
(360, 'sn_grimma', 'Stadt Grimma', 'http://www.grimma.de/', 52, 14),
(361, 'sn_naturparke', 'Naturparke in Sachsen', 'http://www.naturparke.de', 53, 14),
(362, 'sn_smk', 'Sächsisches Staatsministerium für Kultus', 'http://www.sachsen-macht-schule.de/smk/', 54, 14),
(363, 'sn_saena', 'Sächsische Energieagentur - SAENA GmbH', 'http://www.saena.de/', 55, 14),
(364, 'sn_lk_bautzen', 'Landkreis Bautzen', 'http://www.landkreis-bautzen.de/', 59, 14),
(365, 'sn_lk_nordsachsen', 'Landkreis Nordsachsen', 'http://www.landkreis-nordsachsen.de/', 63, 14),
(366, 'sn_lk_leipzig', 'Landkreis Leipzig', 'http://www.landkreisleipzig.de/', 69, 14),
(367, 'sn_freiberg', 'Stadt Freiberg', 'http://www.freiberg.de', 62, 14),
(368, 'sn_lk_goerlitz', 'Landkreis Görlitz', 'http://www.kreis-goerlitz.de/', 67, 14),
(372, 'ni_nbue', 'Niedersächsische Bingostiftung für Umwelt und Entwicklungszusammenarbeit', 'http://www.umweltstiftung.niedersachsen.de', 0, 10),
(373, 'ni_mf', 'Niedersächsisches Finanzministerium', 'http://www.mf.niedersachsen.de/', 5, 10),
(374, 'rp_geoportal', 'Geoportal Rheinland-Pfalz', 'http://www.geoportal.rlp.de/', 0, 12),
(492, 'bw_nvbw', 'Nahverkehrsgesellschaft Baden-Württemberg', 'http://www.nvbw.de/', 138, 2),
(376, 'bw_nsz', 'Naturschutzzentren Baden-Württemberg', 'http://www.naturschutzzentren-bw.de', 18, 2),
(378, 'bw_rpk', 'Regierungspräsidium Karlsruhe', 'http://www.rp-karlsruhe.de', 19, 2),
(379, 'bw_rpt', 'Regierungspräsidium Tübingen', 'http://www.rp-tuebingen.de ', 20, 2),
(513, 'hb_mbhv', 'Magistrat Bremerhaven', 'http://www.bremerhaven.de/stadt-und-politik/politik/magistrat/', 0, 6),
(381, 'bw_mj', 'Justizministerium Baden-Württemberg', 'http://www.jum.baden-wuerttemberg.de', 22, 2),
(382, 'bw_lga', 'Landesgesundheitsamt (LGA) im Regierungspräsidium Stuttgart', 'http://www.rp.baden-wuerttemberg.de', 23, 2),
(383, 'bw_mas', 'Ministerium für Arbeit und Sozialordnung, Familie, Frauen und Senioren Baden-Württemberg', 'http://www.sm.baden-wuerttemberg.de/', 24, 2),
(384, 'bw_unifreifor', 'Fakultät für Forst- und Umweltwissenschaften der UNI-Freiburg', 'http://www.ffu.uni-freiburg.de', 25, 2),
(385, 'bw_unifreilan', 'Institut für Landespflege der Universität Freiburg', 'http://www.landespflege-freiburg.de/', 26, 2),
(386, 'bw_unikarlmet', 'Institut für Meteorologie und Klimaforschung am Karlsruher Institut für Technologie (KIT)', 'http://www.imk.kit.edu/', 27, 2),
(388, 'bw_stadtwald', 'Stadt Waldshut-Tiengen', 'http://www.waldshut-tiengen.de/', 113, 2),
(495, 'bu_afee', 'Agentur für Erneuerbare Energien e. V.', 'http://www.unendlich-viel-energie.de', 0, 1),
(389, 'bw_unistutt', 'Universität Stuttgart', 'http://www.uni-stuttgart.de', 29, 2),
(390, 'bw_laal', 'Landratsamt Alb-Donau-Kreis', 'http://www.alb-donau-kreis.de', 30, 2),
(391, 'bw_labi', 'Landratsamt Biberach', 'http://www.biberach.de', 31, 2),
(392, 'bw_labo', 'Landratsamt Bodenseekreis', 'http://www.bodenseekreis.de', 32, 2),
(393, 'bw_laboe', 'Landratsamt Böblingen', 'http://www.landkreis-boeblingen.de', 33, 2),
(394, 'bw_labr', 'Landratsamt Breisgau-Hochschwarzwald', 'http://www.breisgau-hochschwarzwald.de', 34, 2),
(395, 'bw_laca', 'Landratsamt Calw', 'http://www.kreis-calw.de', 35, 2),
(396, 'bw_laem', 'Landratsamt Emmendingen', 'http://www.landkreis-emmendingen.de', 36, 2),
(397, 'bw_laen', 'Landratsamt Enzkreis', 'http://www.enzkreis.de', 37, 2),
(398, 'bw_laes', 'Landratsamt Esslingen', 'http://www.landkreis-esslingen.de', 38, 2),
(399, 'bw_lafr', 'Landratsamt Freudenstadt', 'http://www.landkreis-freudenstadt.de', 39, 2),
(400, 'bw_lago', 'Landratsamt Göppingen', 'http://www.landkreis-goeppingen.de', 40, 2),
(401, 'bw_laheid', 'Landratsamt Heidenheim', 'http://www.landkreis-heidenheim.de', 41, 2),
(402, 'bw_laheil', 'Landratsamt Heilbronn', 'http://www.landkreis-heilbronn.de', 42, 2),
(403, 'bw_laho', 'Landratsamt Hohenlohekreis', 'http://www.hohenlohekreis.de/', 43, 2),
(404, 'bw_laka', 'Landratsamt Karlsruhe', 'http://www.landkreis-karlsruhe.de', 44, 2),
(405, 'bw_lako', 'Landratsamt Konstanz', 'http://www.landkreis-konstanz.de/', 45, 2),
(406, 'bw_laloe', 'Landratsamt Lörrach', 'http://www.loerrach-landkreis.de', 46, 2),
(407, 'bw_lalu', 'Landratsamt Ludwigsburg', 'http://www.landkreis-ludwigsburg.de', 47, 2),
(408, 'bw_lama', 'Landratsamt Main-Tauber-Kreis', 'http://www.main-tauber-kreis.de', 48, 2),
(409, 'bw_lane', 'Landratsamt Neckar-Odenwald-Kreis', 'http://www.neckar-odenwald-kreis.de', 49, 2),
(410, 'bw_laor', 'Landratsamt Ortenaukreis', 'http://www.ortenaukreis.de', 50, 2),
(411, 'bw_laos', 'Landratsamt Ostalbkreis', 'http://www.ostalbkreis.de', 51, 2),
(412, 'bw_laras', 'Landratsamt Rastatt', 'http://www.landkreis-rastatt.de', 52, 2),
(413, 'bw_larav', 'Landratsamt Ravensburg', 'http://www.landkreis-ravensburg.de', 53, 2),
(414, 'bw_larem', 'Landratsamt Rems-Murr-Kreis', 'http://www.rems-murr-kreis.de', 54, 2),
(415, 'bw_lareu', 'Landratsamt Reutlingen', 'http://www.kreis-reutlingen.de', 55, 2),
(416, 'bw_larhe', 'Landratsamt Rhein-Neckar-Kreis', 'http://www.rhein-neckar-kreis.de', 56, 2),
(417, 'bw_laro', 'Landratsamt Rottweil', 'http://www.landkreis-rottweil.de', 57, 2),
(418, 'bw_laschwae', 'Landratsamt Schwäbisch Hall', 'http://www.landkreis-schwaebisch-hall.de', 58, 2),
(419, 'bw_laschwa', 'Landratsamt Schwarzwald-Baar-Kreis', 'http://www.schwarzwald-baar-kreis.de', 59, 2),
(420, 'bw_lasi', 'Landratsamt Sigmaringen', 'http://www.landkreis-sigmaringen.de', 60, 2),
(421, 'bw_latue', 'Landratsamt Tübingen', 'http://www.kreis-tuebingen.de', 61, 2),
(422, 'bw_latu', 'Landratsamt Tuttlingen', 'http://www.landkreis-tuttlingen.de', 62, 2),
(423, 'bw_lawa', 'Landratsamt Waldshut', 'http://www.landkreis-waldshut.de', 63, 2),
(424, 'bw_lazo', 'Landratsamt Zollernalbkreis', 'http://www.zollernalbkreis.de', 64, 2),
(425, 'bw_muell', 'Müllabfuhr-Zweckverband von Gemeinden des Landkreises Konstanz', 'http://www.mzv-hegau.de', 65, 2),
(426, 'bw_pro', 'Proregio Oberschwaben Gesellschaft zur Landschaftsentwicklung mbH', 'http://www.proregio-oberschwaben.de/', 66, 2),
(427, 'bw_zweckab', 'Zweckverband Abfallverwertung Reutlingen/Tübingen', 'http://www.zav-rt-tue.de', 67, 2),
(428, 'bw_azvb', 'Abwasserzweckverband Breisgauer Bucht', 'http://www.azv-breisgau.de/', 68, 2),
(429, 'bw_azvh', 'Abwasserzweckverband Heidelberg', 'http://www.azv-heidelberg.de', 69, 2),
(430, 'bw_azvo', 'Abwasserzweckverband Raum Offenburg', 'http://www.azv-offenburg.de/', 70, 2),
(432, 'bw_gruen', 'Geschäftsstelle Grüne Nachbarschaft', 'http://www.gruene-nachbarschaft.de/', 72, 2),
(433, 'bw_landess', 'Landeshauptstadt Stuttgart', 'http://www.stuttgart.de', 73, 2),
(434, 'bw_now', 'NOW Zweckverband Wasserversorgung Nordostwürttemberg', 'http://www.now-wasser.de/', 74, 2),
(435, 'bw_stadta', 'Stadt Aalen', 'http://www.sw-aalen.de/', 75, 2),
(436, 'bw_stadtbb', 'Stadt Baden-Baden', 'http://www.baden-baden.de', 76, 2),
(437, 'bw_stadtba', 'Stadt Balingen', 'http://www.balingen.de', 77, 2),
(438, 'bw_stadtbi', 'Stadt Biberach', 'http://www.biberach-riss.de//index.phtml?object=tx|1.300.1&org_obj=nav|383.10.1', 78, 2),
(439, 'bw_stadtboe', 'Stadt Böblingen', 'http://www.boeblingen.kdrs.de', 79, 2),
(441, 'bw_stadtem', 'Stadt Emmendingen', 'http://www.emmendingen.de', 81, 2),
(442, 'bw_stadtes', 'Stadt Esslingen am Neckar', 'http://www.esslingen.de', 82, 2),
(443, 'bw_stadtfrei', 'Stadt Freiburg', 'http://www.freiburg.de', 83, 2),
(444, 'bw_stadtfreu', 'Stadt Freudenstadt', 'http://www.freudenstadt.info/index.phtml?La=1&NavID=611.110', 84, 2),
(445, 'bw_stadtfrie', 'Stadt Friedrichshafen', 'http://www.friedrichshafen.de', 85, 2),
(446, 'bw_stadtgoe', 'Stadt Göppingen', 'http://www.goeppingen.de', 86, 2),
(447, 'bw_stadtheidel', 'Stadt Heidelberg', 'http://www.heidelberg.de', 87, 2),
(448, 'bw_stadtheiden', 'Stadt Heidenheim', 'http://www.heidenheim.de', 88, 2),
(449, 'bw_stadtheil', 'Stadt Heilbronn', 'http://www.heilbronn.de', 89, 2),
(450, 'bw_stadtka', 'Stadt Karlsruhe', 'http://www.karlsruhe.de', 90, 2),
(451, 'bw_stadtko', 'Stadt Konstanz', 'http://www.konstanz.de', 91, 2),
(550, 'bw_techno', 'Technologie- und Innovationszentrum Umwelttechnik und Ressourceneffizienz Baden-Württemberg GmbH', 'http://www.umwelttechnik-bw.de/', 0, 2),
(453, 'bw_stadtloe', 'Stadt Lörrach', 'http://www.loerrach.de', 93, 2),
(454, 'bw_stadtlu', 'Stadt Ludwigsburg', 'http://www.ludwigsburg.de', 94, 2),
(455, 'bw_stadtma', 'Stadt Mannheim', 'http://www.mannheim.de', 95, 2),
(456, 'bw_stadtmo', 'Stadt Mosbach', 'http://www.mosbach.de', 96, 2),
(457, 'bw_stadtof', 'Stadt Offenburg', 'http://www.offenburg.de', 97, 2),
(458, 'bw_stadtpf', 'Stadt Pforzheim', 'http://www.pforzheim.de', 98, 2),
(459, 'bw_stadtras', 'Stadt Rastatt', 'http://www.rastatt.de', 99, 2),
(460, 'bw_stadtrav', 'Stadt Ravensburg', 'http://www.ravensburg.de', 100, 2),
(461, 'bw_stadtreu', 'Stadt Reutlingen', 'http://www.reutlingen.de', 101, 2),
(462, 'bw_stadtrot', 'Stadt Rottweil', 'http://www.rottweil.de', 102, 2),
(463, 'bw_stadtsg', 'Stadt Schwäbisch Gmünd', 'http://www.schwaebisch-gmuend.de', 103, 2),
(464, 'bw_stadtsh', 'Stadt Schwäbisch Hall', 'http://www.schwaebischhall.de', 104, 2),
(465, 'bw_stadtsig', 'Stadt Sigmaringen', 'http://www.sigmaringen.de/', 105, 2),
(466, 'bw_stadtsin', 'Stadt Sindelfingen', 'http://www.sindelfingen.de', 106, 2),
(467, 'bw_stadttau', 'Stadt Tauberbischofsheim', 'http://www.tauberbischofsheim.de', 107, 2),
(468, 'bw_stadttue', 'Stadt Tübingen', 'http://www.tuebingen.de', 108, 2),
(469, 'bw_stadttut', 'Stadt Tuttlingen', 'http://www.tuttlingen.de', 109, 2),
(470, 'bw_stadtulm', 'Stadt Ulm', 'http://www.ulm.de', 110, 2),
(471, 'bw_stadtvill', 'Stadt Villingen-Schwenningen', 'http://www.svs-energie.de', 111, 2),
(472, 'bw_stadtwaib', 'Stadt Waiblingen', 'http://www.waiblingen.de', 112, 2),
(473, 'bw_geopark', 'Verein Geopark Schwäbische Alb e. V.', 'http://www.geopark-alb.de', 114, 2),
(474, 'bw_zweckba', 'Zweckverband Abwasserreinigung Balingen', 'http://www.klaeranlage-balingen.de', 115, 2),
(475, 'bw_zweckbo', 'Zweckverband Bodensee-Wasserversorgung (BWV)', 'http://www.zvbwv.de/', 116, 2),
(476, 'bw_zweckla', 'Zweckverband Landeswasserversorgung', 'http://www.lw-online.de/', 117, 2),
(552, 'ni_gd_ostercap', 'Ostercappeln, Gemeinde', 'http://www.ostercappeln.de/', 0, 10),
(553, 'ni_lk_dieph', 'Diepholz, Landkreis', 'http://www.diepholz.de/', 0, 10),
(479, 'bw_igkb', 'IGKB Internationale Gewässerschutzkommission Bodensee', 'http://www.igkb.org/', 120, 2),
(551, 'ni_buwsv', 'Wasser- und Schifffahrtsverwaltung des Bundes', '', 0, 10),
(481, 'bw_see', 'Internationale Bodenseekonferenz', 'http://www.bodenseekonferenz.org', 122, 2),
(482, 'bw_kea', 'KEA Klimaschutz- und Energieagentur Baden-Württemberg GmbH', 'http://www.keabw.de/', 123, 2),
(485, 'bw_museum', 'Staatliches Museum für Naturkunde in Stuttgart', 'http://www.wildbienen-kataster.de/', 126, 2),
(486, 'bw_rpf', 'Regierungspräsidium Freiburg', 'http://www.rp.baden-wuerttemberg.de/servlet/PB/menu/1007481/index.html', 137, 2),
(493, 'bu_bzga', 'Bundeszentrale für gesundheitliche Aufklärung', 'http://www.bzga.de', 44, 1),
(487, 'sn_geosn', 'Staatsbetrieb Geobasisinformation und Vermessung Sachsen (GeoSN)', 'http://www.landesvermessung.sachsen.de', 70, 14),
(498, 'bu_iksr', 'Internationale Kommission für den Schutz des Rheins', 'http://www.iksr.org/', 0, 1),
(499, 'bu_icpdr', 'Internationale Kommission für den Schutz der Donau', 'http://www.icpdr.org/', 0, 1),
(500, 'bu_moko', 'Moselkommission', 'http://www.moselkommission.org/', 0, 1),
(501, 'bu_ikso', 'Internationale Kommission für den Schutz der Oder gegen Verunreinigung', 'http://www.mkoo.pl/index.php?lang=DE', 0, 1),
(502, 'sh_lbknm', 'Landesbetrieb für Küstenschutz, Nationalpark und Meeresschutz Schleswig-Holstein', 'http://www.schleswig-holstein.de/LKN/DE/LKN_node.html', 0, 16),
(503, 'sh_lva', 'Landesvermessungsamt Schleswig-Holstein ', 'http://www.schleswig-holstein.de/LVERMA/DE/LVERMA_node.html', 0, 16),
(504, 'bu_jki', 'Julius Kühn-Institut, Bundesforschungsinstitut für Kulturpflanzen (JKI)', 'http://oekologischerlandbau.jki.bund.de/index.php?menuid=1', 0, 1),
(505, 'ni_geo', 'Geodatenportal Niedersachsen', 'http://www.geodaten.niedersachsen.de', 0, 10),
(506, 'ni_liag', 'Leibniz-Institut für Angewandte Geophysik', 'http://www.liag-hannover.de', 0, 10),
(507, 'ni_nph', 'Nationalparkverwaltung Harz', 'http://www.nationalpark-harz.de/', 0, 10),
(508, 'ni_lskn', 'Landesbetrieb für Statistik und Kommunikationstechnologie Niedersachsen', 'http://www.lskn.niedersachsen.de/', 0, 10),
(509, 'ni_bre', 'Biosphärenreservat Elbtalaue', 'http://www.elbtalaue.niedersachsen.de', 0, 10),
(510, 'ni_npw', 'Nationalparkverwaltung Niedersächisches Wattenmeer', 'http://www.nationalpark-wattenmeer.de/nds', 0, 10),
(512, 'sl_lkvk', 'Landesamt für Kataster-, Vermessungs- und Kartenwesen des Saarlandes', 'http://www.saarland.de/kataster_vermessung_karten.htm', 0, 13),
(515, 'hh_bsb', 'Behörde für Schule und Berufsbildung Hamburg', ' http://www.hamburg.de/bsb/ ', 0, 7),
(516, 'hh_hu', 'Institut für Hygiene und Umwelt', 'http://www.hamburg.de/hu/ ', 0, 7),
(519, 'sn_landratsamt-pirna.de ', 'Landkreis Sächsische Schweiz-Osterzgebirge', 'http://www.saechsische-schweiz-osterzgebirge.de/', 0, 14),
(520, 'sn_hoyerswerda.de', 'Stadt Hoyerswerda', 'http://www.hoyerswerda.de/', 0, 14),
(521, 'sn_werdau.de', 'Stadt Werdau', 'http://www.werdau.de/werdau/willkommen.asp', 0, 14),
(522, 'sn_riesa.de', 'Stadt Riesa', 'http://www.riesa.de/deu/', 0, 14),
(523, 'sn_crimmitschau.de', 'Stadt Crimmitschau', 'http://www.crimmitschau.de', 0, 14),
(524, 'sn_doebeln.de', 'Stadt Döbeln', 'http://www.doebeln.de/', 0, 14),
(525, 'sn_zittau.de', 'Stadt Zittau', 'http://www.zittau.eu', 0, 14),
(526, 'sn_auerbach', 'Stadt Auerbach', 'http://www.stadt-auerbach.de', 0, 14),
(527, 'sn_radebeul.de', 'Stadt Radebeul', 'http://www.radebeul.de', 0, 14),
(528, 'sn_plauen.de', 'Stadt Plauen', 'http://www.plauen.de/', 0, 14),
(529, 'sn_stadt-meissen.de', 'Stadt Meißen', 'http://www.stadt-meissen.de', 0, 14),
(530, 'sn_bautzen', 'Stadt Bautzen', 'http://www.bautzen.de', 0, 14),
(531, 'sn_pirna.de', 'Stadt Pirna', 'http://www.pirna.de', 0, 14),
(532, 'sn_zwickau.de', 'Stadt Zwickau', 'http://www.zwickau.de/', 0, 14),
(533, 'sn_delitzsch.de', 'Stadt Delitzsch', 'http://www.delitzsch.de/', 0, 14),
(534, 'sn_annaberg-buchholz', 'Stadt Annaberg-Buchholz', 'http://www.annaberg-buchholz.de/', 0, 14),
(535, 'sn_reichenbach-vogtland.de', 'Stadt Reichenbach i. Vogtland', 'http://www.reichenbach-vogtland.de', 0, 14),
(536, 'sn_erzgebirgskreis.de', 'Erzgebirgskreis', 'http://www.erzgebirgskreis.de/', 0, 14),
(538, 'he_lbla', 'Landesbetrieb Landwirtschaft Hessen', 'http://www.llh.hessen.de/', 0, 8),
(540, 'ni_uol', 'Carl von Ossietzky Universität Oldenburg', 'http://www.uni-oldenburg.de', 0, 10),
(545, 'mv_flusselbe', 'Biosphärenreservat Flusslandschaft Elbe-MV ', 'http://www.elbetal-mv.de/', 0, 9),
(546, 'mv_soruegen', 'Biosphärenreservat Südost-Rügen', 'http://www.biosphaerenreservat-suedostruegen.de/', 0, 1),
(547, 'ni_euafv', 'Amt für Veröffentlichungen der Europäischen Union', 'http://publications.europa.eu/index_de.htm', 0, 10),
(548, 'he_uni_kassel', 'Universität Kassel', 'http://www.uni-kassel.de/uni/', 0, 8),
(549, 'sn_landesdirektion.de', 'Landesdirektion Sachsen', 'http://www.lds.sachsen.de/', 0, 14),
(555, 'be_sejv', 'Senatsverwaltung für Justiz und Verbraucherschutz', 'www.berlin.de/sen/justiz/', 5, 4),
(556, 'be_segessoz', 'Senatsverwaltung für Gesundheit und Soziales ', 'www.berlin.de/sen/gessoz', 6, 1),
(557, 'bu_wsv', 'Wasser- und Schifffahrtsverwaltung des Bundes', 'http://www.wsv.de/', 0, 1),
(558, 'bw_kit', 'Karlsruher Institut für Technologie', 'http://www.kit.edu/', 0, 2),
(559, 'bu_vti', 'Johann Heinrich von Thünen-Institut (vTI)', 'http://www.ti.bund.de/', 0, 1);

-- --------------------------------------------------------

--
-- Tabellenstruktur für Tabelle `ingrid_rss_source`
--

DROP TABLE IF EXISTS `ingrid_rss_source`;
CREATE TABLE IF NOT EXISTS `ingrid_rss_source` (
  `id` mediumint(9) NOT NULL AUTO_INCREMENT,
  `provider` varchar(255) NOT NULL DEFAULT '',
  `description` varchar(1023) DEFAULT NULL,
  `url` varchar(255) NOT NULL DEFAULT '',
  `lang` varchar(255) NOT NULL DEFAULT '',
  `categories` varchar(255) DEFAULT NULL,
  `error` varchar(255) DEFAULT NULL,
  `numLastCount` smallint(3) DEFAULT NULL,
  `lastUpdate` timestamp NOT NULL DEFAULT CURRENT_TIMESTAMP,
  PRIMARY KEY (`id`)
) ENGINE=MyISAM  DEFAULT CHARSET=utf8 AUTO_INCREMENT=65 ;

--
-- Daten für Tabelle `ingrid_rss_source`
--

INSERT INTO `ingrid_rss_source` (`id`, `provider`, `description`, `url`, `lang`, `categories`, `error`, `numLastCount`, `lastUpdate`) VALUES
(1, 'bu_uba', 'Umweltbundesamt', 'http://www.umweltbundesamt.de/rss/presse', 'de', 'all', NULL, 3, '2015-01-21 11:11:33');

-- --------------------------------------------------------

--
-- Tabellenstruktur für Tabelle `ingrid_rss_store`
--

DROP TABLE IF EXISTS `ingrid_rss_store`;
CREATE TABLE IF NOT EXISTS `ingrid_rss_store` (
  `link` varchar(255) NOT NULL DEFAULT '',
  `author` varchar(1023) DEFAULT NULL,
  `categories` varchar(255) DEFAULT NULL,
  `copyright` varchar(255) DEFAULT NULL,
  `description` mediumtext,
  `language` varchar(255) DEFAULT NULL,
  `published_date` timestamp NOT NULL DEFAULT CURRENT_TIMESTAMP ON UPDATE CURRENT_TIMESTAMP,
  `title` varchar(1023) DEFAULT NULL,
  PRIMARY KEY (`link`)
) ENGINE=MyISAM DEFAULT CHARSET=utf8;

--
-- Daten für Tabelle `ingrid_rss_store`
--

INSERT INTO `ingrid_rss_store` (`link`, `author`, `categories`, `copyright`, `description`, `language`, `published_date`, `title`) VALUES
('http://www.umweltbundesamt.de/presse/presseinformationen/kaffeemaschinen-it-geraete-sparsamer-im', 'Umweltbundesamt', NULL, NULL, 'Ab Beginn des neuen Jahres gelten in der Europ&auml;ischen Union niedrigere Verbrauchswerte f&uuml;r eine Reihe von Elektroger&auml;ten des allt&auml;glichen Bedarfs, wenn sie neu auf den Markt gebracht werden. Strengere technische Anforderungen m&uuml;ssen zum Beispiel Kaffeemaschinen und IT-Ger&auml;te wie Modems und Router erf&uuml;llen. F&uuml;r elektrische Back&ouml;fen gilt zudem, dass die Informationen &uuml;ber ihren Energieverbrauch transparenter gestaltet sein m&uuml;ssen.', 'de', '2014-12-23 12:30:00', 'Kaffeemaschinen und IT-Ger&auml;te sparsamer im Stromverbrauch'),
('http://www.umweltbundesamt.de/presse/presseinformationen/gold-fuer-uba-neubau', 'Umweltbundesamt', NULL, NULL, 'Noch klingt der Name nach Zukunft: Das &#8222;Haus 2019&#8220; &#8211; doch schon heute erf&uuml;llt das B&uuml;rogeb&auml;ude des Umweltbundesamtes (UBA) die Anforderungen der europ&auml;ischen Geb&auml;uderichtlinie f&uuml;r das Jahr 2019. Auf der Bau 2015 in M&uuml;nchen &uuml;berreichte daher der Parlamentarische Staatssekret&auml;r im Bundesbauministerium, Florian Pronold, heute die Zertifizierungsurkunde f&uuml;r das neue B&uuml;rogeb&auml;ude des UBA in Berlin-Marienfelde. &#8222;Das &#8218;Haus 2019&#8216; ist das erste Bundesgeb&auml;ude, das mit den anspruchsvollen Vorgaben des &#8218;Bewertungssystems Nachhaltiges Bauen f&uuml;r Bundesgeb&auml;ude&#8216; (BNB) von Beginn an geplant und bewertet wurde&#8220;, so Florian Pronold bei der &Uuml;bergabe der Urkunde. &#8222;Darauf k&ouml;nnen wir zu Recht stolz sein, und ich danke allen Projektbeteiligten f&uuml;r Ihr besonderes Engagement.&#8220; Der gesamte Rohbau, einschlie&szlig;lich der Fassade, ist aus dem nachwachsenden Rohstoff Holz gefertigt. Zudem versorgt sich das Geb&auml;ude komplett selbst mit Energie. &#8222;Mit dem &#8218;Haus 2019&#8216; setzen wir nicht nur ein Zeichen f&uuml;r vorbildliches, nachhaltiges Bauen, sondern zeigen auch beispielhaft, wie Null-Energie-Geb&auml;ude k&uuml;nftig geplant und gebaut werden k&ouml;nnen&#8220;, betonte Maria Krautzberger, Pr&auml;sidentin des Umweltbundesamtes.', 'de', '2015-01-19 19:00:00', '&#8222;Gold&#8220; f&uuml;r UBA-Neubau'),
('http://www.umweltbundesamt.de/presse/presseinformationen/stickstoffueberschuss-ein-umweltproblem-neuem', 'Umweltbundesamt', NULL, NULL, 'In der EU sind fast zwei Drittel aller nat&uuml;rlichen Lebensr&auml;ume &uuml;berd&uuml;ngt. Verantwortlich f&uuml;r den &Uuml;berschuss an N&auml;hrstoffen ist vor allem der Stickstoff aus der Landwirtschaft, der als G&uuml;lle oder Minerald&uuml;nger auf die Felder kommt. Die EU-Kommission hat wiederholt angemahnt, die Stickstoffeintr&auml;ge zu minimieren. Maria Krautzberger, Pr&auml;sidentin des Umweltbundesamtes (UBA): &#8222;Es ist wichtig, dass die EU weiter Impulse f&uuml;r eine Reduzierung der Stickstoff&uuml;bersch&uuml;sse setzt. Gleichzeitig m&uuml;ssen wir auf nationaler Ebene handeln. Dabei ist die D&uuml;ngeverordnung ein wichtiger Ansatz, um Luft, Boden und Grundwasser besser vor zu viel Stickstoff zu sch&uuml;tzen.&#8220;', 'de', '2015-01-08 15:00:00', 'Stickstoff&uuml;berschuss &#8211; ein Umweltproblem mit neuem Ausma&szlig;');

-- --------------------------------------------------------

--
-- Tabellenstruktur für Tabelle `ingrid_service_rubric`
--

DROP TABLE IF EXISTS `ingrid_service_rubric`;
CREATE TABLE IF NOT EXISTS `ingrid_service_rubric` (
  `id` mediumint(9) NOT NULL AUTO_INCREMENT,
  `form_value` varchar(255) NOT NULL DEFAULT '',
  `query_value` varchar(255) NOT NULL DEFAULT '',
  `sortkey` mediumint(9) NOT NULL DEFAULT '0',
  PRIMARY KEY (`id`)
) ENGINE=MyISAM  DEFAULT CHARSET=utf8 AUTO_INCREMENT=4 ;

--
-- Daten für Tabelle `ingrid_service_rubric`
--

INSERT INTO `ingrid_service_rubric` (`id`, `form_value`, `query_value`, `sortkey`) VALUES
(1, 'pre', 'press', 1),
(2, 'pub', 'publication', 2),
(3, 'ver', 'event', 3);

-- --------------------------------------------------------

--
-- Tabellenstruktur für Tabelle `ingrid_sys_codelist`
--

DROP TABLE IF EXISTS `ingrid_sys_codelist`;
CREATE TABLE IF NOT EXISTS `ingrid_sys_codelist` (
  `codelist_id` bigint(20) NOT NULL DEFAULT '0',
  `name` varchar(50) DEFAULT NULL,
  `default_enabled` mediumint(9) DEFAULT NULL,
  `maintainable` mediumint(9) DEFAULT NULL,
  PRIMARY KEY (`codelist_id`)
) ENGINE=MyISAM DEFAULT CHARSET=utf8;

--
-- Daten für Tabelle `ingrid_sys_codelist`
--

INSERT INTO `ingrid_sys_codelist` (`codelist_id`, `name`, `default_enabled`, `maintainable`) VALUES
(100, 'Raumbezugssystem (EPSG)', 1, 1),
(101, 'Vertikales Datum', 1, 1),
(102, 'Höhe', 1, 1),
(502, 'Zeitbezug des Datensatzes (Typ)', 1, 1),
(505, 'Adresse', 1, 1),
(510, 'Zeichensatz', 1, 1),
(515, 'Vektorformat (Geometrie)', 1, 1),
(517, 'Schlüsselwort', 1, 1),
(518, 'Periodizität', 1, 1),
(520, 'Medium', 1, 1),
(523, 'Status', 1, 1),
(525, 'Datensatz/Datenserie', 1, 1),
(526, 'Digitale Repräsentation', 1, 1),
(527, 'Klassifikation', 1, 1),
(528, 'Vektorformat (Topologie)', 1, 1),
(99999999, 'Sprache', 1, 0);

-- --------------------------------------------------------

--
-- Tabellenstruktur für Tabelle `ingrid_sys_codelist_domain`
--

DROP TABLE IF EXISTS `ingrid_sys_codelist_domain`;
CREATE TABLE IF NOT EXISTS `ingrid_sys_codelist_domain` (
  `codelist_id` bigint(20) NOT NULL DEFAULT '0',
  `domain_id` bigint(20) NOT NULL DEFAULT '0',
  `lang_id` bigint(20) NOT NULL DEFAULT '0',
  `name` varchar(255) DEFAULT NULL,
  `description` varchar(255) DEFAULT NULL,
  `def_domain` mediumint(9) DEFAULT NULL,
  PRIMARY KEY (`codelist_id`,`domain_id`,`lang_id`)
) ENGINE=MyISAM DEFAULT CHARSET=utf8;

--
-- Daten für Tabelle `ingrid_sys_codelist_domain`
--

INSERT INTO `ingrid_sys_codelist_domain` (`codelist_id`, `domain_id`, `lang_id`, `name`, `description`, `def_domain`) VALUES
(100, 4178, 94, 'EPSG:4178 / Pulkovo 1942(83) / geographisch', 'Pulkovo 1942(83) / geographisch', 0),
(100, 4178, 121, 'EPSG:4178 / Pulkovo 1942(83) / geographisch', 'Pulkovo 1942(83) / geographisch', 0),
(100, 4230, 94, 'EPSG:4230 / ED50 / geographisch', 'ED50 / geographisch', 0),
(100, 4230, 121, 'EPSG:4230 / ED50 / geographisch', 'ED50 / geographisch', 0),
(100, 4258, 94, 'EPSG:4258 / ETRS89 / geographisch', 'ETRS89 / geographisch', 0),
(100, 4258, 121, 'EPSG:4258 / ETRS89 / geographisch', 'ETRS89 / geographisch', 0),
(100, 4284, 94, 'EPSG:4284 / Pulkovo 1942 / geographisch', 'Pulkovo 1942 / geographisch', 0),
(100, 4284, 121, 'EPSG:4284 / Pulkovo 1942 / geographisch', 'Pulkovo 1942 / geographisch', 0),
(100, 4314, 94, 'EPSG:4314 / DHDN / geographisch', 'DHDN / geographisch', 0),
(100, 4314, 121, 'EPSG:4314 / DHDN / geographisch', 'DHDN / geographisch', 0),
(100, 4326, 94, 'EPSG:4326 / WGS 84 / geographisch', 'WGS 84 / geographisch', 0),
(100, 4326, 121, 'EPSG:4326 / WGS 84 / geographisch', 'WGS 84 / geographisch', 0),
(100, 23031, 94, 'EPSG:23031 / ED50 / UTM Zone 31N', 'ED50 / UTM Zone 31N', 0),
(100, 23031, 121, 'EPSG:23031 / ED50 / UTM Zone 31N', 'ED50 / UTM Zone 31N', 0),
(100, 23032, 94, 'EPSG:23032 / ED50 / UTM Zone 32N', 'ED50 / UTM Zone 32N', 0),
(100, 23032, 121, 'EPSG:23032 / ED50 / UTM Zone 32N', 'ED50 / UTM Zone 32N', 0),
(100, 23033, 94, 'EPSG:23033 / ED50 / UTM Zone 33N', 'ED50 / UTM Zone 33N', 0),
(100, 23033, 121, 'EPSG:23033 / ED50 / UTM Zone 33N', 'ED50 / UTM Zone 33N', 0),
(100, 23631, 94, 'EPSG:32631 / WGS 84 / UTM Zone 31N', 'WGS 84 / UTM Zone 31N', 0),
(100, 23631, 121, 'EPSG:32631 / WGS 84 / UTM Zone 31N', 'WGS 84 / UTM Zone 31N', 0),
(100, 23632, 94, 'EPSG:32632 / WGS 84 / UTM Zone 32N/33N', 'WGS 84 / UTM Zone 32N/33N', 0),
(100, 23632, 121, 'EPSG:32632 / WGS 84 / UTM Zone 32N/33N', 'WGS 84 / UTM Zone 32N/33N', 0),
(100, 25831, 94, 'EPSG:25831 / ETRS89 / UTM Zone 31N', 'ETRS89 / UTM Zone 31N', 0),
(100, 25831, 121, 'EPSG:25831 / ETRS89 / UTM Zone 31N', 'ETRS89 / UTM Zone 31N', 0),
(100, 25832, 94, 'EPSG:25832 / ETRS89 / UTM Zone 32N', 'ETRS89 / UTM Zone 32N', 0),
(100, 25832, 121, 'EPSG:25832 / ETRS89 / UTM Zone 32N', 'ETRS89 / UTM Zone 32N', 0),
(100, 25833, 94, 'EPSG:25833 / ETRS89 / UTM Zone 33N', 'ETRS89 / UTM Zone 33N', 0),
(100, 25833, 121, 'EPSG:25833 / ETRS89 / UTM Zone 33N', 'ETRS89 / UTM Zone 33N', 0),
(100, 28463, 94, 'EPSG:28463 / Pulkovo 1942 / Gauss-Krüger 2N/3N', 'Pulkovo 1942 / Gauss-Krüger 2N/3N', 0),
(100, 28463, 121, 'EPSG:28463 / Pulkovo 1942 / Gauss-Krüger 2N/3N', 'Pulkovo 1942 / Gauss-Krüger 2N/3N', 0),
(100, 31281, 94, 'EPSG:31281 / MGI (Ferro) / Austria West Zone', '-', 0),
(100, 31281, 121, 'EPSG:31281 / MGI (Ferro) / Austria West Zone', '-', 0),
(100, 31282, 94, 'EPSG:31282 / MGI (Ferro) / Austria Central Zone', '-', 0),
(100, 31282, 121, 'EPSG:31282 / MGI (Ferro) / Austria Central Zone', '-', 0),
(100, 31283, 94, 'EPSG:31283 / MGI (Ferro) / Austria East Zone', '-', 0),
(100, 31283, 121, 'EPSG:31283 / MGI (Ferro) / Austria East Zone', '-', 0),
(100, 31284, 94, 'EPSG:31284 / MGI / M28', '-', 0),
(100, 31284, 121, 'EPSG:31284 / MGI / M28', '-', 0),
(100, 31285, 94, 'EPSG:31285 / MGI / M31', '-', 0),
(100, 31285, 121, 'EPSG:31285 / MGI / M31', '-', 0),
(100, 31286, 94, 'EPSG:31286 / MGI / M34', '-', 0),
(100, 31286, 121, 'EPSG:31286 / MGI / M34', '-', 0),
(100, 31287, 94, 'EPSG:31287 / MGI / Austria Lambert', '-', 0),
(100, 31287, 121, 'EPSG:31287 / MGI / Austria Lambert', '-', 0),
(100, 31288, 94, 'EPSG:31288 / MGI (Ferro) / M28', '-', 0),
(100, 31288, 121, 'EPSG:31288 / MGI (Ferro) / M28', '-', 0),
(100, 31289, 94, 'EPSG:31289 / MGI (Ferro) / M31', '-', 0),
(100, 31289, 121, 'EPSG:31289 / MGI (Ferro) / M31', '-', 0),
(100, 31290, 94, 'EPSG:31290 / MGI (Ferro) / M34', '-', 0),
(100, 31290, 121, 'EPSG:31290 / MGI (Ferro) / M34', '-', 0),
(100, 31291, 94, 'EPSG:31291 / MGI (Ferro) / Austria West Zone', '-', 0),
(100, 31291, 121, 'EPSG:31291 / MGI (Ferro) / Austria West Zone', '-', 0),
(100, 31292, 94, 'EPSG:31292 / MGI (Ferro) / Austria Central Zone', '-', 0),
(100, 31292, 121, 'EPSG:31292 / MGI (Ferro) / Austria Central Zone', '-', 0),
(100, 31293, 94, 'EPSG:31293 / MGI (Ferro) / Austria East Zone', '-', 0),
(100, 31293, 121, 'EPSG:31293 / MGI (Ferro) / Austria East Zone', '-', 0),
(100, 31466, 94, 'EPSG:31466 / DHDN / Gauss-Krüger Zone 2', 'DHDN / Gauss-Krüger Zone 2', 0),
(100, 31466, 121, 'EPSG:31466 / DHDN / Gauss-Krüger Zone 2', 'DHDN / Gauss-Krüger Zone 2', 0),
(100, 31467, 94, 'EPSG:31467 /DHDN / Gauss-Krüger Zone 3', 'DHDN / Gauss-Krüger Zone 3', 0),
(100, 31467, 121, 'EPSG:31467 /DHDN / Gauss-Krüger Zone 3', 'DHDN / Gauss-Krüger Zone 3', 0),
(100, 31468, 94, 'EPSG:31468 / DHDN / Gauss-Krüger Zone 4', 'DHDN / Gauss-Krüger Zone 4', 0),
(100, 31468, 121, 'EPSG:31468 / DHDN / Gauss-Krüger Zone 4', 'DHDN / Gauss-Krüger Zone 4', 0),
(100, 31469, 94, 'EPSG:31469 / DHDN / Gauss-Krüger Zone 5', 'DHDN / Gauss-Krüger Zone 5', 0),
(100, 31469, 121, 'EPSG:31469 / DHDN / Gauss-Krüger Zone 5', 'DHDN / Gauss-Krüger Zone 5', 0),
(100, 31491, 94, 'EPSG:31491 / DHDN / Germany zone 1', 'DHDN / Germany zone 1', 0),
(100, 31491, 121, 'EPSG:31491 / DHDN / Germany zone 1', 'DHDN / Germany zone 1', 0),
(100, 31492, 94, 'EPSG:31492 /DHDN / Germany zone 2', 'DHDN / Germany zone 2', 0),
(100, 31492, 121, 'EPSG:31492 /DHDN / Germany zone 2', 'DHDN / Germany zone 2', 0),
(100, 31493, 94, 'EPSG:31493 / DHDN / Germany zone 3', 'DHDN / Germany zone 3', 1),
(100, 31493, 121, 'EPSG:31493 / DHDN / Germany zone 3', 'DHDN / Germany zone 3', 1),
(100, 31494, 94, 'EPSG:31494 / DHDN / Germany zone 4', 'DHDN / Germany zone 4', 0),
(100, 31494, 121, 'EPSG:31494 / DHDN / Germany zone 4', 'DHDN / Germany zone 4', 0),
(100, 31495, 94, 'EPSG:31495 / DHDN / Germany zone 5', 'DHDN / Germany zone 5', 0),
(100, 31495, 121, 'EPSG:31495 / DHDN / Germany zone 5', 'DHDN / Germany zone 5', 0),
(100, 9000001, 94, 'DE_42/83 / GK_3', 'Datum 42/83 with Gauss-Krüger-System', 0),
(100, 9000001, 121, 'DE_42/83 / GK_3', 'Datum 42/83 with Gauss-Krüger-System', 0),
(100, 9000002, 94, 'DE_DHDN / GK_3', 'Datum DHDN with Gauss-Krüger-System (also known as Rauenberg or Potsdam Datum)', 0),
(100, 9000002, 121, 'DE_DHDN / GK_3', 'Datum DHDN with Gauss-Krüger-System (also known as Rauenberg or Potsdam Datum)', 0),
(100, 9000003, 94, 'DE_ETRS89 / UTM', 'Datum ETRS89 for Federal State Brandenburg with UTM Projection (one zone extended)', 0),
(100, 9000003, 121, 'DE_ETRS89 / UTM', 'Datum ETRS89 for Federal State Brandenburg with UTM Projection (one zone extended)', 0),
(100, 9000004, 94, 'DE_PD/83 / GK_3', 'Datum PD/83 with Gauss-Krüger-System (realisation of Postdam Datum for Federal State Thüringen)', 0),
(100, 9000005, 121, 'DE_PD/83 / GK_3', 'Datum PD/83 with Gauss-Krüger-System (realisation of Postdam Datum for Federal State Thüringen)', 0),
(100, 9000006, 94, 'DE_RD/83 / GK_3', 'Datum RD/83 with Gauss-Krüger-System (realisation of Rauenberg Datum for Federal State Sachsen)', 0),
(100, 9000006, 121, 'DE_RD/83 / GK_3', 'Datum RD/83 with Gauss-Krüger-System (realisation of Rauenberg Datum for Federal State Sachsen)', 0),
(101, 62, 94, 'Mean Sea Level', '-', 0),
(101, 62, 121, 'Mean Sea Level', '-', 0),
(101, 63, 94, 'Ordnance Datum Newlyn', '-', 0),
(101, 63, 121, 'Ordnance Datum Newlyn', '-', 0),
(101, 64, 94, 'National Geodetic Vertical Datum 1929', '26 tide gauges in the US and Canada.', 0),
(101, 64, 121, 'National Geodetic Vertical Datum 1929', '26 tide gauges in the US and Canada.', 0),
(101, 65, 94, 'North American Vertical Datum 1988', 'Father''s Point, Rimouski, Quebec.', 0),
(101, 65, 121, 'North American Vertical Datum 1988', 'Father''s Point, Rimouski, Quebec.', 0),
(101, 5105, 94, 'Baltic Sea', 'Average water level at Kronshtadt', 0),
(101, 5105, 121, 'Baltic Sea', 'Average water level at Kronshtadt', 0),
(101, 5107, 94, 'Nivellement general de la France', 'Mean sea level at Marseille', 0),
(101, 5107, 121, 'Nivellement general de la France', 'Mean sea level at Marseille', 0),
(101, 5109, 94, 'Normaal Amsterdams Peil', 'wird in alten Bundesländern genutzt', 1),
(101, 5109, 121, 'Amsterdamer Pegel (NN)', 'wird in alten Bundesländern genutzt', 1),
(101, 5110, 94, 'Oostende', 'Mean low water during 1958', 0),
(101, 5110, 121, 'Oostende', 'Mean low water during 1958', 0),
(101, 5113, 94, 'Sea Level', '-', 0),
(101, 5113, 121, 'Sea Level', '-', 0),
(101, 5114, 94, 'Canadian Vertical Datum of 1928', '-', 0),
(101, 5114, 121, 'Canadian Vertical Datum of 1928', '-', 0),
(101, 5115, 94, 'Piraeus Harbour 1986', 'MSL determined during 1986.', 0),
(101, 5115, 121, 'Piraeus Harbour 1986', 'MSL determined during 1986.', 0),
(101, 5116, 94, 'Helsinki 1960', 'MSL at Helsinki during 1960.', 0),
(101, 5116, 121, 'Helsinki 1960', 'MSL at Helsinki during 1960.', 0),
(101, 5117, 94, 'Rikets hojdsystem 1970', '-', 0),
(101, 5117, 121, 'Rikets hojdsystem 1970', '-', 0),
(101, 5118, 94, 'Nivellement general de la France - Lalle', 'Mean sea level at Marseille.', 0),
(101, 5118, 121, 'Nivellement general de la France - Lalle', 'Mean sea level at Marseille.', 0),
(101, 5119, 94, 'Nivellement general de la France - IGN69', 'Mean sea level at Marseille.', 0),
(101, 5119, 121, 'Nivellement general de la France - IGN69', 'Mean sea level at Marseille.', 0),
(101, 5120, 94, 'Nivellement general de la France - IGN78', '-', 0),
(101, 5120, 121, 'Nivellement general de la France - IGN78', '-', 0),
(101, 5123, 94, 'PDO Height Datum 1993', '-', 0),
(101, 5123, 121, 'PDO Height Datum 1993', '-', 0),
(101, 5127, 94, 'Landesnivellement 1902', 'Origin at Repere Pierre du Niton (RPN) 373.6 metres above msl derived at Marseille.', 0),
(101, 5127, 121, 'Landesnivellement 1902', 'Origin at Repere Pierre du Niton (RPN) 373.6 metres above msl derived at Marseille.', 0),
(101, 5128, 94, 'Landeshohennetz 1995', 'Origin at Repere Pierre du Niton (RPN) 373.6 metres above msl derived at Marseille.', 0),
(101, 5128, 121, 'Landeshohennetz 1995', 'Origin at Repere Pierre du Niton (RPN) 373.6 metres above msl derived at Marseille.', 0),
(101, 5129, 94, 'European Vertical Reference Frame 2000', 'Geopotential number at Normaal Amsterdams Peil is zero.', 0),
(101, 5129, 121, 'European Vertical Reference Frame 2000', 'Geopotential number at Normaal Amsterdams Peil is zero.', 0),
(101, 5130, 94, 'Malin Head', 'Mean sea level between January 1960 and December 1969.', 0),
(101, 5130, 121, 'Malin Head', 'Mean sea level between January 1960 and December 1969.', 0),
(101, 5131, 94, 'Belfast Lough', 'Mean sea level between 1951 and 1956 at Clarendon Dock, Belfast.', 0),
(101, 5131, 121, 'Belfast Lough', 'Mean sea level between 1951 and 1956 at Clarendon Dock, Belfast.', 0),
(101, 5132, 94, 'Dansk Normal Nul', '-', 0),
(101, 5132, 121, 'Dansk Normal Nul', '-', 0),
(101, 5138, 94, 'Ordnance Datum Newlyn (Orkney Isles)', '-', 0),
(101, 5138, 121, 'Ordnance Datum Newlyn (Orkney Isles)', '-', 0),
(101, 5139, 94, 'Fair Isle', '-', 0),
(101, 5139, 121, 'Fair Isle', '-', 0),
(101, 5140, 94, 'Lerwick', '-', 0),
(101, 5140, 121, 'Lerwick', '-', 0),
(101, 5141, 94, 'Foula', '-', 0),
(101, 5141, 121, 'Foula', '-', 0),
(101, 5142, 94, 'Sule Skerry', '-', 0),
(101, 5142, 121, 'Sule Skerry', '-', 0),
(101, 5143, 94, 'North Rona', '-', 0),
(101, 5143, 121, 'North Rona', '-', 0),
(101, 5144, 94, 'Stornoway', '-', 0),
(101, 5144, 121, 'Stornoway', '-', 0),
(101, 5145, 94, 'St. Kilda', '-', 0),
(101, 5145, 121, 'St. Kilda', '-', 0),
(101, 5146, 94, 'Flannan Isles', '-', 0),
(101, 5146, 121, 'Flannan Isles', '-', 0),
(101, 5147, 94, 'St. Marys', '-', 0),
(101, 5147, 121, 'St. Marys', '-', 0),
(101, 5148, 94, 'Douglas', '-', 0),
(101, 5148, 121, 'Douglas', '-', 0),
(101, 5149, 94, 'Fao', '-', 0),
(101, 5149, 121, 'Fao', '-', 0),
(101, 5151, 94, 'Nivellement General Nouvelle Caledonie', '-', 0),
(101, 5151, 121, 'Nivellement General Nouvelle Caledonie', '-', 0),
(101, 900001, 94, 'Kronstädter Pegel (HN)', 'wird in neuen Bundesländern genutzt', 0),
(101, 900001, 121, 'Kronstädter Pegel (HN)', 'wird in neuen Bundesländern genutzt', 0),
(101, 900002, 94, 'DE_AMST / NH', 'normal heights referred to tide gauge Amsterdam (also known as DHHN92)', 0),
(101, 900002, 121, 'DE_AMST / NH', 'normal heights referred to tide gauge Amsterdam (also known as DHHN92)', 0),
(101, 900003, 94, 'DE_AMST / NOH', 'normal-orthometric heights referred to tide gauge Amsterdam (also known as DHHN85)', 0),
(101, 900003, 121, 'DE_AMST / NOH', 'normal-orthometric heights referred to tide gauge Amsterdam (also known as DHHN85)', 0),
(101, 900004, 94, 'DE_KRON / NH', 'normal heights referred to tide gauge Kronstadt (also known as SNN76)', 0),
(101, 900004, 121, 'DE_KRON / NH', 'normal heights referred to tide gauge Kronstadt (also known as SNN76)', 0),
(102, 4, 94, 'Zoll', 'Zoll', 0),
(102, 4, 121, 'Inch', 'Inch', 0),
(102, 9001, 94, 'Metre', 'Metre', 1),
(102, 9001, 121, 'Meter', 'Meter', 1),
(102, 9002, 94, 'Foot', 'Foot', 0),
(102, 9002, 121, 'Fuss', 'Fuss', 0),
(102, 9036, 94, 'Kilometre', 'Kilometre', 0),
(102, 9036, 121, 'Kilometer', 'Kilometer', 0),
(502, 1, 94, 'creation', 'date identifies when the resource was brought into existence', 1),
(502, 1, 121, 'Erstellung', 'Datum, wann die Quelle geschaffen wurde', 1),
(502, 2, 94, 'publication', 'date identifies when the resource was issued', 0),
(502, 2, 121, 'Publikation', 'Dateum, wann die Quelle publiziert wurde', 0),
(502, 3, 94, 'revision', 'date identifies when the resource was examined or re-examined and improved or amended', 0),
(502, 3, 121, 'letzte Änderung', 'Datum, wann eine Revision durchgeführt wurde', 0),
(505, 1, 94, 'Provider', 'Party that supplies the resource', 0),
(505, 1, 121, 'Anbieter', 'Anbieter der Datenquelle', 0),
(505, 2, 94, 'Custodian', 'Party that accepts accountability and responsibility for the data and ensures appropriate care and maintenance of the resource', 0),
(505, 2, 121, 'Datenverantwortung', 'Verantworlicher für die Datenquelle und deren Pflege', 0),
(505, 3, 94, 'Owner', 'Party that owns the resource', 0),
(505, 3, 121, 'Halter', 'Halter der Datenquelle', 0),
(505, 4, 94, 'User', 'Party who uses the resource', 0),
(505, 4, 121, 'Benutzer', 'Benutzer der Datenquelle', 0),
(505, 5, 94, 'Distributor', 'Party who distributes the resource', 0),
(505, 5, 121, 'Vertrieb', 'Vertreiber der Datenquelle', 0),
(505, 6, 94, 'Originator', 'Party who created the resource', 0),
(505, 6, 121, 'Herkunft', 'Ersteller der Datenquelle', 0),
(505, 7, 94, 'Point of Contact', 'Party who can be contacted for acquiring knowledge about or acquisition of the resource', 1),
(505, 7, 121, 'Auskunft', 'Kontaktperson, die Informationen über die Datenqulle geben kann', 1),
(505, 8, 94, 'Principal Investigator', 'Key party responsible for gathering information and conducting research', 0),
(505, 8, 121, 'Datenerfassung', 'Verantworlicher für die Zusammenstellung der Informationen und Durchführung von Forschung', 0),
(505, 9, 94, 'Processor', 'Party who has processed the data in a manner such that the resource has been modified', 0),
(505, 9, 121, 'Auswertung', 'Bearbeiter der Daten in einer Art, dass die Quelle modifiziert wurde.', 0),
(505, 10, 94, 'Publisher', 'Party who published the resource', 0),
(505, 10, 121, 'Herausgeber', 'Phblizierer der Datenquelle', 0),
(510, 1, 94, 'ucs2', '16-bit fixed size Universal Character Set, based on ISO/IEC 10646', 0),
(510, 1, 121, 'ucs2', '16-bit fixierte Größe Universal Character Set, basierend auf ISO/IEC 10646', 0),
(510, 2, 94, 'ucs4', '32-bit fixed size Universal Character Set, based on ISO/IEC 10646', 0),
(510, 2, 121, 'ucs4', '32-bit fixierte Größe Universal Character Set, basierend auf ISO/IEC 10646', 0),
(510, 3, 94, 'utf7', '7-bit variable size UCS Transfer Format, based on ISO/IEC 10646', 0),
(510, 3, 121, 'utf7', '7-bit variable Größe UCS Transfer Format, basierend auf ISO/IEC 10646', 0),
(510, 4, 94, 'utf8', '8-bit variable size UCS Transfer Format, based on ISO/IEC 10646', 0),
(510, 4, 121, 'utf8', '8-bit variable Größe UCS Transfer Format, basierend auf ISO/IEC 10646', 0),
(510, 5, 94, 'utf16', '16-bit variable size UCS Transfer Format, based on ISO/IEC 10646', 0),
(510, 5, 121, 'utf16', '16-bit variable Größe UCS Transfer Format, basierend auf ISO/IEC 10646', 0),
(510, 6, 94, '8859part1', 'latin-1, west European', 0),
(510, 6, 121, '8859part1', 'latin-1, Westeuropäischer', 0),
(510, 7, 94, '8859part2', 'latin-2, central European', 0),
(510, 7, 121, '8859part2', 'latin-2, Zentraleuropäischer', 0),
(510, 8, 94, '8859part3', 'latin-3, south European', 0),
(510, 8, 121, '8859part3', 'latin-3, Südeuropäischer', 0),
(510, 9, 94, '8859part4', 'latin-4, north European', 0),
(510, 9, 121, '8859part4', 'latin-4, Nordeuropäischer', 0),
(510, 10, 94, '8859part5', 'cyrillic code set', 0),
(510, 10, 121, '8859part5', 'Cyrillisch', 0),
(510, 11, 94, '8859part6', 'arabic code set', 0),
(510, 11, 121, '8859part6', 'Arabisch', 0),
(510, 12, 94, '8859part7', 'greek code set', 0),
(510, 12, 121, '8859part7', 'Griechisch', 0),
(510, 13, 94, '8859part8', 'hebrew code set', 0),
(510, 13, 121, '8859part8', 'Hebräisch', 0),
(510, 14, 94, '8859part9', 'latin-5, Turkish code set', 0),
(510, 14, 121, '8859part9', 'latin-5, Türkisch', 0),
(510, 15, 94, '8859part11', 'thai code set', 0),
(510, 15, 121, '8859part11', 'Tailändisch', 0),
(510, 16, 94, '8859part14', 'latin-8 code set', 0),
(510, 16, 121, '8859part14', 'latin-8', 0),
(510, 17, 94, '8859part15', 'latin-9 code set', 0),
(510, 17, 121, '8859part15', 'latin-9', 0),
(510, 18, 94, 'Jis', 'japanese code set used for electronic transmission', 0),
(510, 18, 121, 'Jis', 'Japanisch', 0),
(510, 19, 94, 'ShiftJIS', 'japanese code set used on MS-DOS based machines', 0),
(510, 19, 121, 'ShiftJIS', 'Japanisch (MS-DOS)', 0),
(510, 20, 94, 'EucJP', 'japanese code set used on UNIX based machines', 0),
(510, 20, 121, 'EucJP', 'Japanisch (UNIX)', 0),
(510, 21, 94, 'UsAscii', 'united states ASCII code set (ISO 646 US)', 0),
(510, 21, 121, 'UsAscii', 'USA ASCII', 0),
(510, 22, 94, 'Ebcdic', 'ibm mainframe code set', 0),
(510, 22, 121, 'Ebcdic', 'IBM Mainfraime', 0),
(510, 23, 94, 'EucKR', 'korean code set', 0),
(510, 23, 121, 'EucKR', 'Koreanisch', 0),
(510, 24, 94, 'big5', 'taiwanese code set', 0),
(510, 24, 121, 'big5', 'Tawainesisch', 0),
(515, 1, 94, 'complexes', 'set of geometric primitives such that their boundaries can be represented as a union of other primitives', 0),
(515, 1, 121, 'Komplex', 'Satz geometrischer Primitiver, wobei deren Grenzen durch ein Zusammenschluss anderer Primitiver gebildet werden können', 0),
(515, 2, 94, 'composites', 'connected set of curves, solids or surfaces', 0),
(515, 2, 121, 'Verbund', 'verbundener Satz von Kurven, Körpern oder Oberflächen', 0),
(515, 3, 94, 'curve', 'bounded, 1-dimensional geometric primitive, representing the continuous image of a line', 0),
(515, 3, 121, 'Kurve', 'beschränkte, 1-D geometrische Primitive, die ein continuierliches Bild einer Linie darstellt', 0),
(515, 4, 94, 'point', 'zero-dimensional geometric primitive, representing a position but not having an extent', 0),
(515, 4, 121, 'Punkt', '0-D geometrische Primitive, welche eine Position beschreibt ohne eine Ausdehnung zu haben', 0),
(515, 5, 94, 'solid', 'bounded, connected 3-dimensional geometric primitive, representing the continuous image of a region of space', 0),
(515, 5, 121, 'Körper', 'begrenzte, verbundene 3-D geometrische Primitive, welche ein kontinuierliches Bild eines Raumes beschreibt', 0),
(515, 6, 94, 'surface', 'bounded, connected 2-dimensional geometric, representing the continuous image of a region of a plane', 0),
(515, 6, 121, 'Oberfläche', 'begrenzte, verbundene 2-D geometrische Primitive, welche ein kontinuierliches Bild einer Ebene oder Region beschreibt', 0),
(517, 1, 94, 'Discipline', 'keyword identifies a branch of instruction or specialized learning', 0),
(517, 1, 121, 'Wissenszweig', 'Zweig einer Ausbildung oder spezialisierten Lernens', 0),
(517, 2, 94, 'Place', 'keyword identifies a location', 0),
(517, 2, 121, 'Ortsangabe', 'Ortsangabe', 0),
(517, 3, 94, 'Stratum', 'keyword identifies the layer(s) of any deposited substance', 0),
(517, 3, 121, 'Schicht', 'Schichten einer hinterlegten Substanz', 0),
(517, 4, 94, 'Temporal', 'keyword identifies a time period related to the dataset', 0),
(517, 4, 121, 'Zeitraum', 'Zeitraum in Bezug auf den Datensatz', 0),
(517, 5, 94, 'Theme', 'keyword identifies a particular subject or topic', 0),
(517, 5, 121, 'Themenbereich', 'Spezielles Fachgebiet oder Thema', 0),
(518, 1, 94, 'continual', 'data is repeatedly and frequently updated', 1),
(518, 1, 121, 'kontinuierlich', 'Datenupdate  häufig', 1),
(518, 2, 94, 'daily', 'Data is updated each day', 0),
(518, 2, 121, 'täglich', 'Datenupdate täglich', 0),
(518, 3, 94, 'weekly', 'Ddata is updated on a weekly basis', 0),
(518, 3, 121, 'wöchentlich', 'Datenupdate wöchentlich', 0),
(518, 4, 94, 'fortnightly', 'Data is updated every two weeks', 0),
(518, 4, 121, 'vierzehntägig', 'Datenupdate alle 2 Wochen', 0),
(518, 5, 94, 'monthly', 'Data is updated each month', 0),
(518, 5, 121, 'monatlich', 'Datenupdate monatlich', 0),
(518, 6, 94, 'quarterly', 'Data is updated every three months', 0),
(518, 6, 121, 'vierteljährlich', 'Datenupdate alle 3 Monate', 0),
(518, 7, 94, 'biannually', 'Data is updated twice each year', 0),
(518, 7, 121, 'halbjährlich', 'Datenupdate halbjährlich', 0),
(518, 8, 94, 'annually', 'Data is updated every year', 0),
(518, 8, 121, 'jährlich', 'Datenupdate jährlich', 0),
(518, 9, 94, 'as Needed', 'Data is updated as deemed necessary', 0),
(518, 9, 121, 'bei Bedarf', 'Datenupdate wenn nötig', 0),
(518, 10, 94, 'irregular', 'Data is updated in intervals that are uneven in duration', 0),
(518, 10, 121, 'unregelmäßig', 'Datenupdate in unregelmäßigen Abständen', 0),
(518, 11, 94, 'notPlanned', 'There are no plans to update the data', 0),
(518, 11, 121, 'einmalig', 'Datenupdate nicht geplant', 0),
(518, 12, 94, 'unknown', 'Frequency of maintenance for the data is not known', 0),
(518, 12, 121, 'unbekannt', 'Datenupdate unbekannt', 0),
(520, 1, 94, 'CD Rom', 'CD Rom', 0),
(520, 1, 121, 'CD-ROM', 'CD-ROM', 0),
(520, 2, 94, 'dvd', 'dvd', 0),
(520, 2, 121, 'DVD', 'DVD', 0),
(520, 3, 94, 'dvd Rom', 'dvd Rom', 0),
(520, 3, 121, 'DVD-ROM', 'DVD-ROM', 0),
(520, 4, 94, '3.5-inch diskette', '3'''' Floppy', 0),
(520, 4, 121, '3,5-Zoll Diskette', '3Â¿Â¿ Floppy', 0),
(520, 5, 94, '5.25-inch diskette', '5 Â¼Â¿Â¿ Floppy', 0),
(520, 5, 121, '5,25-Zoll Diskette', '5 Â¼Â¿Â¿ Floppy', 0),
(520, 6, 94, '7 trackTape', '7 trackTape', 0),
(520, 6, 121, '7 Spur Band', '7 Spur Tape', 0),
(520, 7, 94, '9 track Tape', '9 track Tape', 0),
(520, 7, 121, '9 Spur Band', '9 Spur Tape', 0),
(520, 8, 94, '3480 Cartridge', '3480Cartridge', 0),
(520, 8, 121, '3480 Bandkassette', '3480 Cartridge', 0),
(520, 9, 94, '3490 Cartridge', '3490 Cartridge', 0),
(520, 9, 121, '3490 Bandkassette', '3490 Cartridge', 0),
(520, 10, 94, '3580 Cartridge', '3580Cartridge', 0),
(520, 10, 121, '3580 Bandkassette', '3580 Cartridge', 0),
(520, 11, 94, '4mm Cartridge Tape', '4mm Cartridge Tape', 0),
(520, 11, 121, '4mm Bandkassette', '4mm Cartridge Tape', 0),
(520, 12, 94, '8mm Cartridge Tape', '8mm Cartridge Tape', 0),
(520, 12, 121, '8mm Bandkassette', '8mm Cartridge Tape', 0),
(520, 13, 94, '0.25-inch Cartridge Tape', 'Â¼ `Â¿ Cartridge Tape', 0),
(520, 13, 121, '1/4-Zoll Bandkassette', 'Â¼ `Â¿ Cartridge Tape', 0),
(520, 14, 94, 'Digital Linear Tape', 'digital Linear Tape', 0),
(520, 14, 121, 'Digitales Band', 'Digitales Tape', 0),
(520, 15, 94, 'Online', 'online', 0),
(520, 15, 121, 'Online Link', 'Online Link', 0),
(520, 16, 94, 'Satellite', 'Satellite', 0),
(520, 16, 121, 'Satellitenverbindung', 'Satellitenverbindung', 0),
(520, 17, 94, 'Telephone Link', 'telephone Link', 0),
(520, 17, 121, 'Telefon', 'Telefonverbindung', 0),
(520, 18, 94, 'Hardcopy', 'hardcopy', 1),
(520, 18, 121, 'Papier', 'Kopie (Papier), Druckerzeugnisse usw.', 1),
(520, 900001, 94, 'unknown', '-', 0),
(520, 900001, 121, 'unbekannt (*)', 'für Altdatenübernahme', 0),
(520, 900002, 94, 'faxback', 'faxback', 0),
(520, 900002, 121, 'Faxabruf', 'Faxabruf', 0),
(520, 900003, 94, 'mobile radio', 'mobile radio', 0),
(520, 900003, 121, 'Mobilfunk', 'Mobilfunk', 0),
(520, 900004, 94, 'broadcast', 'broadcast', 0),
(520, 900004, 121, 'Rundfunk', 'Rundfunk und Fernsehen', 0),
(520, 900005, 94, 'video text', 'video text', 0),
(520, 900005, 121, 'Videotext', 'Videotext', 0),
(520, 900006, 94, 'Analog Photography', '-', 0),
(520, 900006, 121, 'analoge Fotografie', '-', 0),
(520, 900007, 94, 'microfilm', '-', 0),
(520, 900007, 121, 'Mikrofilm', '-', 0),
(520, 900008, 94, 'Zip Drive', '-', 0),
(520, 900008, 121, 'ZIP-Laufwerk', '-', 0),
(520, 900009, 94, 'e-mail', '-', 0),
(520, 900009, 121, 'E-Mail', '-', 0),
(520, 900010, 94, 'Info Kiosk', '-', 0),
(520, 900010, 121, 'Infokiosk', '-', 0),
(523, 1, 94, 'completed', 'production of the data has been completed', 1),
(523, 1, 121, 'abgeschlossen', 'Datenproduktion ist abgeschlossen', 1),
(523, 2, 94, 'historicalArchive', 'Data has been stored in an offline storage facility', 0),
(523, 2, 121, 'archiviert', 'Die Daten sind in einem Archiv abgelegt', 0),
(523, 3, 94, 'obsolete', 'Data is no longer relevant', 0),
(523, 3, 121, 'obsolet', 'Die Daten sind nicht mehr länger relevant', 0),
(523, 4, 94, 'onGoing', 'Data is continually being updated', 0),
(523, 4, 121, 'kontinuierlich', 'Daten werden kontinuierlich erneuert', 0),
(523, 5, 94, 'planned', 'fixed date has been established upon or by which the data will be created or updated', 0),
(523, 5, 121, 'geplant', 'Ein Zeitpunkt wurde festgelegt, an dem die Daten kreiert werden', 0),
(523, 6, 94, 'required', 'Data needs to be generated or updated', 0),
(523, 6, 121, 'benötigt', 'Die Daten müssen generiert bzw. erneuert werden', 0),
(523, 7, 94, 'underdevelopment', 'Data is currently in the process of being created', 0),
(523, 7, 121, 'in Erstellung', 'Die Daten werden gerade kreiert', 0),
(523, 900001, 94, 'inOperation', '-', 0),
(523, 900001, 121, 'in Produktion', 'Informationssystem als produktiv genutztes System', 0),
(525, 5, 94, 'Dataset', 'information applies to the dataset', 1),
(525, 5, 121, 'Datensatz', 'Information zu dem Datensatz', 1),
(525, 6, 94, 'Dataseries', 'information applies to the series', 0),
(525, 6, 121, 'Datenserie', 'Information zu der Datenserie', 0),
(526, 1, 94, 'vector', 'vector data is used to represent geographic data', 0),
(526, 1, 121, 'Vektor', 'Geographische Daten werden mittels Verktordaten präsentiert', 0),
(526, 2, 94, 'grid', 'grid data is used to represent geographic data', 0),
(526, 2, 121, 'Rasterdaten', 'Geographische Daten werden mittels Rasterdaten dargestellt', 0),
(526, 3, 94, 'textTable', 'textual or tabular data is used to represent geographic data', 0),
(526, 3, 121, 'Texttabelle', 'Geographische Daten werden mittels Texttabellen dargestellt', 0),
(526, 4, 94, 'TIN', 'triangulated irregular network', 0),
(526, 4, 121, 'TIN', 'Geographische Daten werden mittels eines trinangulären irregulären Netzes dargestellt dargestellt', 0),
(526, 5, 94, 'stereoModel', 'three-dimensional view formed by the intersecting homologous rays of an overlapping pair of images', 0),
(526, 5, 121, 'Stereomodell', 'Geographische Daten werden mittels eines stereosehenden Models dargestellt', 0),
(526, 6, 94, 'video', 'scene from a video recording', 0),
(526, 6, 121, 'Video', 'Geographische Daten werden mittels einer Videoaufnahme dargestellt', 0),
(527, 1, 94, 'Farming', 'rearing of animals and/or cultivation of plants', 0),
(527, 1, 121, 'Landwirtschaft', 'Landwirtschaft (Tierzucht oder Pflanzenanbau)', 0),
(527, 2, 94, 'Biota', 'flora and/or fauna in natural environment. Examples: wildlife, vegetation, biological sciences, ecology, wilderness, sealife, wetlands, habitat', 0),
(527, 2, 121, 'Flora, Fauna, Habitate', 'Flora und Fauna in der natürlichen Umwelt', 0),
(527, 3, 94, 'Boundaries', 'legal land descriptions. Examples: political and administrative boundaries', 0),
(527, 3, 121, 'Grenzen', 'Rechtl. Beschreibungen und Grenzen von Land', 0),
(527, 4, 94, 'Climatology MeteorologyAtmosphere', 'processes and phenomena of the atmosphere. Examples: cloud cover, weather, climate, atmospheric conditions, climate change, precipitation', 0),
(527, 4, 121, 'Klima und Atmosphäre', 'Prozesse und Phänomene der Atmosphäre', 0),
(527, 5, 94, 'Economy', 'economic activities, conditions and employment. Examples: production, labour, revenue, commerce, industry, tourism and ecotourism, forestry, fisheries, commercial or subsistence hunting, etc.', 0),
(527, 5, 121, 'Ökonomie', 'Ökonomische Aktivitäten, Konditionen und beschäftigung', 0),
(527, 6, 94, 'Elevation', 'height above or below sea level. Examples: altitude, bathymetry, digital elevation models, slope, derived products', 0),
(527, 6, 121, 'Höhe', 'Höhe über oder unter NN', 0),
(527, 7, 94, 'Environment', 'environmental resources, protection and conservation. Examples: environmental pollution, waste storage and treatment, environmental impact assessment, monitoring environmental risk, nature reserves, landscape', 1),
(527, 7, 121, 'Umwelt', 'Umweltresourcen, -schutz und -erhaltung', 1),
(527, 8, 94, 'Geoscientific Information', 'information pertaining to earth sciences. Examples: geophysical features and processes, geology, minerals, sciences dealing with the composition, structure and origin of the earthÂ¿s rocks, risks of earthquakes', 0),
(527, 8, 121, 'Geowissenschaft', 'Information die Geowissenshaften betreffend', 0),
(527, 9, 94, 'Health', 'health, health services, human ecology, and safety. Examples: disease and illness, factors affecting health, hygiene, substance abuse, mental and physical health, health services', 0),
(527, 9, 121, 'Gesundheit', 'Gesundheit, Gesundheitsservices, Humanökologie und Sicherheit', 0),
(527, 10, 94, 'Imagery Base Maps EarthCover', 'base maps. Examples: land cover, topographic maps, imagery, unclassified images, annotations', 0),
(527, 10, 121, 'Karten', 'Karten', 0),
(527, 11, 94, 'Intelligence Military', 'military bases, structures, activities. Examples: barracks, training grounds, military transportation, information', 0),
(527, 11, 121, 'Militär', 'Militärische Stützpunkte, Strikturen und Aktivitäten', 0),
(527, 12, 94, 'Inland Waters', 'inland water features, drainage systems and their characteristics. Examples: rivers and glaciers, salt lakes, water utilization plans, dams, currents, floods, water quality, hydrographic charts', 0),
(527, 12, 121, 'Binnengewässer', 'Inlandwasser, Abflüsse und deren Eigenschaften und Charakteristika', 0),
(527, 13, 94, 'Location', 'positional information and services. Examples: addresses, geodetic networks, control points, postal zones and services, place names', 0),
(527, 13, 121, 'Ortsangabe', 'Ortsangaben und -services', 0),
(527, 14, 94, 'Oceans', 'features and characteristics of salt water bodies (excluding inland waters): Examples: tides, tidal waves, coastal information, reefs', 0),
(527, 14, 121, 'Ozeane', 'Ozeane und deren Charakteristika und Eigenschaften', 0),
(527, 15, 94, 'PlanningCadastre', 'information used for appropriate actions for future use of the land Examples: land use maps, zoning maps, cadastral surveys, land ownership', 0),
(527, 15, 121, 'Kataster', 'Informationen zu angemessenem Handeln für die zukünftige Nutzung des Landes', 0),
(527, 16, 94, 'Society', 'characteristics of society and cultures. Examples: settlements, anthropology, archaeology, education, traditionalbeliefs, manners and customs, demographic data, recreational areas and activities,', 0),
(527, 16, 121, 'Gesellschaft', 'Charakteristika von Gesellschaft und Kulturen', 0),
(527, 17, 94, 'Structure', 'man-made construction. Examples: buildings, museums, churches, factories, housing, monuments, shops, towers', 0),
(527, 17, 121, 'Bau', 'Kontsruktionen (von Menschen geshaffen)', 0),
(527, 18, 94, 'Transportation', 'means and aids for conveying persons and/or goods. Examples: roads, airports/airstrips, shipping routes, tunnels, nautical charts, vehicle or vessel location, aeronautical charts, railways', 0),
(527, 18, 121, 'Transport', 'Hilfsmittel und Geräte zum Befördern von Personen und/oder Gütern', 0),
(527, 19, 94, 'Utilities Communication', 'energy, water and waste systems and communications infrastructure and services. Examples: hydroelectricity, geothermal, solar and nuclear sources of energy, water purification and distribution, sewage collection and disposal, etc.', 0),
(527, 19, 121, 'Energie und Kommunikation', 'Energie-, Wasser- und Abfallsysteme sowie Kommunikationsinfrastruktur und Services.', 0),
(528, 1, 94, 'geometryOnly', 'geometry objects without any additional structure which describes topology', 1),
(528, 1, 121, 'geometrisch', 'Geometrisch Objekte ohn jegliche Struktur, die die Topologie beschreibt', 1),
(528, 2, 94, 'topology1D', '1-dimensional topological complex', 0),
(528, 2, 121, 'Topologie (1D)', '1-dimensionaler topologischer Komplex', 0),
(528, 3, 94, 'planarGraph', '1-dimensional topological complex which is planar', 0),
(528, 3, 121, 'Planar (1D)', '1-dimensionaler topologischer Komplex, der eine Fläche ist', 0),
(528, 4, 94, 'fullPlanarGraph', '2-dimensional topological complex which is planar', 0),
(528, 4, 121, 'Planar (2D)', '2-dimensionaler topologischer Komplex, der eine Fläche ist', 0),
(528, 5, 94, 'surfaceGraph', '1-dimensional topological complex which is isomorphic to a subset of a surface', 0),
(528, 5, 121, 'Oberflächengraph (1D)', '1-dimensionaler topologischer Komplex, der isomorph zu einer Untermenge einer Oberfläche ist', 0),
(528, 6, 94, 'fullSurfaceGraph', '2-dimensional topological complex which is isomorphic to a subset of a surface', 0),
(528, 6, 121, 'Oberfläche(2D)', '2-dimensionaler topologischer Komplex, der isomorph zu einer Untermenge einer Oberfläche ist', 0),
(528, 7, 94, 'topology3D', '3-dimensional topological complex', 0),
(528, 7, 121, 'Topologie (3D)', '3-dimensionaler topologischer Komplex', 0),
(528, 8, 94, 'fullTopology3D', 'complete coverage of a 3D coordinate space', 0),
(528, 8, 121, 'Raum (3D)', 'Komplette Abdeckung eines 3-D Koordinatenraumes', 0),
(528, 9, 94, 'abstract', 'topological complex without any specified geometric realization', 0),
(528, 9, 121, 'Abstrakte Topologie', 'Topologischer Komplex ohne jegliche spezifische geometrische Realisierung', 0),
(99999999, 94, 94, 'English', '-', 0),
(99999999, 94, 121, 'Englisch', '-', 0),
(99999999, 121, 94, 'German', '-', 1),
(99999999, 121, 121, 'Deutsch', '-', 1);

-- --------------------------------------------------------

--
-- Tabellenstruktur für Tabelle `ingrid_tiny_url`
--

DROP TABLE IF EXISTS `ingrid_tiny_url`;
CREATE TABLE IF NOT EXISTS `ingrid_tiny_url` (
  `id` int(11) NOT NULL AUTO_INCREMENT,
  `user_ref` varchar(254) NOT NULL,
  `tiny_key` varchar(254) NOT NULL,
  `tiny_name` varchar(254) NOT NULL,
  `tiny_date` timestamp NOT NULL DEFAULT CURRENT_TIMESTAMP ON UPDATE CURRENT_TIMESTAMP,
  `tiny_config` mediumtext NOT NULL,
  PRIMARY KEY (`id`)
) ENGINE=MyISAM DEFAULT CHARSET=utf8 AUTO_INCREMENT=1 ;

--
-- Daten für Tabelle `ingrid_tiny_url`
--


-- --------------------------------------------------------

--
-- Tabellenstruktur für Tabelle `jetspeed_service`
--

DROP TABLE IF EXISTS `jetspeed_service`;
CREATE TABLE IF NOT EXISTS `jetspeed_service` (
  `ID` int(11) NOT NULL,
  `APPLICATION_ID` int(11) NOT NULL,
  `NAME` varchar(150) COLLATE utf8_unicode_ci DEFAULT NULL,
  PRIMARY KEY (`ID`)
) ENGINE=InnoDB DEFAULT CHARSET=utf8 COLLATE=utf8_unicode_ci;

--
-- Daten für Tabelle `jetspeed_service`
--

INSERT INTO `jetspeed_service` (`ID`, `APPLICATION_ID`, `NAME`) VALUES
(1, 1, 'IdGenerator'),
(2, 1, 'PortletRegistryComponent'),
(3, 1, 'PageManager'),
(4, 1, 'TemplateLocator'),
(5, 1, 'DecorationLocator'),
(6, 1, 'Powertools'),
(7, 1, 'DecorationFactory'),
(8, 1, 'EntityAccessor'),
(9, 1, 'WindowAccessor'),
(10, 1, 'Desktop'),
(11, 1, 'decorationContentCache'),
(12, 1, 'portletContentCache'),
(13, 1, 'PortalConfiguration'),
(22, 3, 'UserManager'),
(23, 3, 'RoleManager'),
(24, 3, 'GroupManager'),
(25, 3, 'Profiler'),
(26, 3, 'PortletRegistryComponent'),
(27, 3, 'PageManager'),
(28, 3, 'PortalAdministration'),
(29, 3, 'PermissionManager'),
(41, 21, 'UserManager'),
(42, 21, 'RoleManager'),
(43, 21, 'GroupManager'),
(44, 21, 'Profiler'),
(45, 21, 'PortletRegistryComponent'),
(46, 21, 'PageManager'),
(47, 21, 'PortalAdministration'),
(48, 21, 'PermissionManager');

-- --------------------------------------------------------

--
-- Tabellenstruktur für Tabelle `language`
--

DROP TABLE IF EXISTS `language`;
CREATE TABLE IF NOT EXISTS `language` (
  `ID` int(11) NOT NULL,
  `PORTLET_ID` int(11) NOT NULL,
  `LOCALE_STRING` varchar(50) COLLATE utf8_unicode_ci NOT NULL,
  `SUPPORTED_LOCALE` smallint(6) NOT NULL,
  `TITLE` varchar(100) COLLATE utf8_unicode_ci DEFAULT NULL,
  `SHORT_TITLE` varchar(100) COLLATE utf8_unicode_ci DEFAULT NULL,
  `KEYWORDS` mediumtext COLLATE utf8_unicode_ci,
  PRIMARY KEY (`ID`)
) ENGINE=InnoDB DEFAULT CHARSET=utf8 COLLATE=utf8_unicode_ci;

--
-- Daten für Tabelle `language`
--

INSERT INTO `language` (`ID`, `PORTLET_ID`, `LOCALE_STRING`, `SUPPORTED_LOCALE`, `TITLE`, `SHORT_TITLE`, `KEYWORDS`) VALUES
(1, 1, 'en,,', 0, 'IngridClearLayout', 'IngridClearLayout', NULL),
(2, 2, 'en,,', 0, 'IngridOneColumn', 'OneColumn', NULL),
(3, 3, 'en,,', 0, 'IngridTwoColumns', 'IngridTwoColumns', NULL),
(4, 4, 'en,,', 0, 'SimpleLayoutPortlet', 'SimpleLayout', NULL),
(5, 5, 'en,,', 0, 'One Column', 'OneColumn', NULL),
(6, 6, 'en,,', 0, 'One Column with Tables', 'OneColumnTable', NULL),
(7, 7, 'en,,', 0, 'Two Columns', 'TwoColumns', NULL),
(8, 8, 'en,,', 0, 'Two Columns (15%/85%)', 'Two Columns (15%/85%)', NULL),
(9, 9, 'en,,', 0, 'Three Columns', 'ThreeColumns', NULL),
(10, 10, 'en,,', 0, 'Three Columns with Tables', 'ThreeColumnsTable', NULL),
(11, 11, 'en,,', 0, 'One Column - No Actions', 'OneColumnNoActions', NULL),
(12, 12, 'en,,', 0, 'Two Columns - No Actions', 'TwoColumnsNoActions', NULL),
(13, 13, 'en,,', 0, 'Three Columns - No Actions', 'ThreeColumnsNoActions', NULL),
(14, 14, 'en,,', 0, 'Two Columns (25%/75%) No Actions', 'VelocityTwoColumns2575NoActions', NULL),
(15, 15, 'en,,', 0, 'Two Columns (25%/75%)', 'VelocityTwoColumns2575', NULL),
(16, 16, 'en,,', 0, 'Two Columns (15%,85%) No Actions', '2 Columns 15,85 No Actions', NULL),
(17, 17, 'en,,', 0, 'Two Columns with Tables', 'Two Columns Tables', NULL),
(18, 18, 'en,,', 0, 'Four Columns', 'FourColumns', NULL),
(121, 101, 'en,,', 0, 'mdek', 'mdek', 'mdek'),
(122, 102, 'en,,', 0, 'mdek', 'mdek', 'mdek'),
(123, 103, 'en,,', 0, 'mdek', 'mdek', 'mdek'),
(141, 121, 'en,,', 0, 'Info Portlet', 'Info Portlet', 'Information'),
(142, 122, 'en,,', 0, 'javascript detection portlet', 'javascript detection portlet', NULL),
(143, 123, 'en,,', 0, 'Help Portlet', 'Help Portlet', 'Help Portlet'),
(144, 124, 'en,,', 0, 'Jobübersicht', 'Jobübersicht', NULL),
(145, 125, 'en,,', 0, 'RSS Feeds administrieren', 'RSS Feeds administrieren', NULL),
(146, 126, 'en,,', 0, 'Partner administrieren', 'Partner administrieren', NULL),
(147, 127, 'en,,', 0, 'Anbieter administrieren', 'Anbieter administrieren', NULL),
(148, 128, 'en,,', 0, 'Benutzer administrieren', 'Benutzer administrieren', NULL),
(149, 129, 'en,,', 0, 'iPlugs/iBus administrieren', 'iPlugs/iBus administrieren', NULL),
(150, 130, 'en,,', 0, 'Inhalte administrieren', 'Inhalte administrieren', NULL),
(151, 131, 'en,,', 0, 'WMS Administration', 'WMS Administration', NULL),
(152, 132, 'en,,', 0, 'Statistiken', 'Statistiken', NULL),
(153, 133, 'en,,', 0, 'Startseite administrieren', 'Startseite administrieren', NULL),
(154, 134, 'en,,', 0, 'Portal Profile', 'Portal Profile', NULL),
(155, 135, 'en,,', 0, 'Info Portlet', 'Info Portlet', 'Information'),
(156, 136, 'en,,', 0, 'Info Portlet', 'Info Portlet', 'Information'),
(157, 137, 'en,,', 0, 'Info Portlet', 'Info Portlet', 'Information'),
(158, 138, 'en,,', 0, 'Portal User Migration', 'Portal User Migration', NULL),
(159, 139, 'en,,', 0, 'Search', 'Search', 'Search'),
(160, 140, 'en,,', 0, 'Environmental Topics', 'Environmental Topics', 'Environmental Topics'),
(161, 141, 'en,,', 0, 'Other News', 'RssNews', 'RssNews'),
(162, 142, 'en,,', 1, 'Other News', 'RssNews', 'RssNews'),
(163, 142, 'de,,', 1, 'Weitere Meldungen', 'RssNews', 'RssNews'),
(164, 143, 'en,,', 0, 'Info Portlet', 'Info Portlet', 'Information'),
(165, 144, 'en,,', 0, 'Info Portlet', 'Info Portlet', 'Information'),
(166, 145, 'en,,', 0, 'Info Portlet', 'Info Portlet', 'Information'),
(167, 146, 'en,,', 0, 'Service', 'Service', 'Service'),
(168, 147, 'en,,', 0, 'Environmental Monitoring Data', 'Environmental Monitoring Data', 'Environmental Monitoring Data'),
(169, 148, 'en,,', 0, 'Environmental Almanac', 'Environmental Almanac', 'Environmental Almanac'),
(170, 149, 'en,,', 0, 'Weather warning', 'Weather warning', 'Weather warning'),
(171, 150, 'en,,', 1, 'Contact', 'Contact', 'Contact'),
(172, 150, 'de,,', 1, 'Kontakt', 'Kontakt', 'Kontakt'),
(173, 151, 'en,,', 1, 'Newsletter', 'Newsletter', 'Newsletter'),
(174, 151, 'de,,', 1, 'Newsletter', 'Newsletter', 'Newsletter'),
(175, 152, 'en,,', 1, 'Login', 'Login', 'Login'),
(176, 152, 'de,,', 1, 'Anmeldung', 'Anmeldung', 'Anmeldung'),
(177, 153, 'en,,', 1, 'Login', 'Login', 'Login'),
(178, 153, 'de,,', 1, 'Anmeldung', 'Anmeldung', 'Anmeldung'),
(179, 154, 'en,,', 1, 'Login', 'Login', 'Login'),
(180, 154, 'de,,', 1, 'Anmeldung', 'Anmeldung', 'Anmeldung'),
(181, 155, 'en,,', 1, 'Login', 'Login', 'Login'),
(182, 155, 'de,,', 1, 'Anmeldung', 'Anmeldung', 'Anmeldung'),
(183, 156, 'en,,', 1, 'Login', 'Login', 'Login'),
(184, 156, 'de,,', 1, 'Anmeldung', 'Anmeldung', 'Anmeldung'),
(185, 157, 'en,,', 1, 'Login', 'Login', 'Login'),
(186, 157, 'de,,', 1, 'Anmeldung', 'Anmeldung', 'Anmeldung'),
(187, 158, 'en,,', 1, 'Login', 'Login', 'Login'),
(188, 158, 'de,,', 1, 'Anmeldung', 'Anmeldung', 'Anmeldung'),
(189, 159, 'en,,', 1, 'Login', 'Login', 'Login'),
(190, 159, 'de,,', 1, 'Anmeldung', 'Anmeldung', 'Anmeldung'),
(191, 160, 'en,,', 1, 'Login', 'Login', 'Login'),
(192, 160, 'de,,', 1, 'Anmeldung', 'Anmeldung', 'Anmeldung'),
(193, 161, 'en,,', 1, 'Login', 'Login', 'Login'),
(194, 161, 'de,,', 1, 'Anmeldung', 'Anmeldung', 'Anmeldung'),
(195, 162, 'en,,', 1, 'Information Providers', 'Information Providers', 'Information Providers'),
(196, 162, 'de,,', 1, 'Informationsanbieter', 'Informationsanbieter', 'Informationsanbieter'),
(197, 163, 'en,,', 1, 'Data sources', 'Data sources', 'Data sources'),
(198, 163, 'de,,', 1, 'Datenquellen', 'Datenquellen', 'Datenquellen'),
(199, 164, 'en,,', 1, 'Service', 'Service', 'Service'),
(200, 164, 'de,,', 1, 'Service', 'Service', 'Service'),
(201, 165, 'en,,', 0, 'Service', 'Service', 'Service'),
(202, 166, 'en,,', 1, 'Environmental Monitoring Data', 'Environmental Monitoring Data', 'Environmental Monitoring Data'),
(203, 166, 'de,,', 1, 'Messwerte', 'Messwerte', 'Messwerte'),
(204, 167, 'en,,', 0, 'Environmental Monitoring Data', 'Environmental Monitoring Data', 'Environmental Monitoring Data'),
(205, 168, 'en,,', 1, 'Environmental Topics', 'Environmental Topics', 'Environmental Topics'),
(206, 168, 'de,,', 1, 'Themen', 'Themen', 'Themen'),
(207, 169, 'en,,', 0, 'Environmental Topics', 'Environmental Topics', 'Environmental Topics'),
(208, 170, 'en,,', 0, 'Kartenabschnitt als feste URLs', 'SaveMapsPortlet', NULL),
(209, 171, 'en,,', 0, 'Karten', 'ShowMapsPortlet', NULL),
(210, 172, 'en,,', 1, 'Environmental Almanac', 'Environmental Almanac', 'Environmental Almanac'),
(211, 172, 'de,,', 1, 'Chronik', 'Chronik', 'Chronik'),
(212, 173, 'en,,', 0, 'Environmental Almanac', 'Environmental Almanac', 'Environmental Almanac'),
(213, 174, 'en,,', 0, 'Search', 'Search', 'Search'),
(214, 175, 'en,,', 0, 'Search', 'Search', 'Search'),
(215, 176, 'en,,', 0, 'Search', 'Search', 'Search'),
(216, 177, 'en,,', 0, 'Search Result', 'Search Result', 'Search Result'),
(217, 178, 'en,,', 0, 'Search Result', 'Search Result', 'Search Result'),
(218, 179, 'en,,', 0, 'Search', 'Search', 'Search'),
(219, 180, 'en,,', 0, 'Data Catalogues', 'Data Catalogues', 'Data Catalogues'),
(220, 181, 'en,,', 0, 'Data Catalogues', 'Data Catalogues', 'Data Catalogues'),
(221, 182, 'en,,', 0, 'Data Catalogues', 'Data Catalogues', 'Data Catalogues'),
(222, 183, 'en,,', 0, 'Advanced Search', 'Advanced', 'Advanced'),
(223, 184, 'en,,', 0, 'Advanced Search', 'Advanced', 'Advanced'),
(224, 185, 'en,,', 0, 'Advanced Search', 'Advanced', 'Advanced'),
(225, 186, 'en,,', 0, 'Advanced Search', 'Advanced', 'Advanced'),
(226, 187, 'en,,', 0, 'Advanced Search', 'Advanced', 'Advanced'),
(227, 188, 'en,,', 0, 'Advanced Search', 'Advanced', 'Advanced'),
(228, 189, 'en,,', 0, 'Advanced Search', 'Advanced', 'Advanced'),
(229, 190, 'en,,', 0, 'Advanced Search', 'Advanced', 'Advanced'),
(230, 191, 'en,,', 0, 'Advanced Search', 'Advanced', 'Advanced'),
(231, 192, 'en,,', 0, 'Advanced Search', 'Advanced', 'Advanced'),
(232, 193, 'en,,', 0, 'Advanced Search', 'Advanced', 'Advanced'),
(233, 194, 'en,,', 0, 'Advanced Search', 'Advanced', 'Advanced'),
(234, 195, 'en,,', 0, 'Advanced Search', 'Advanced', 'Advanced'),
(235, 196, 'en,,', 0, 'Advanced Search', 'Advanced', 'Advanced'),
(236, 197, 'en,,', 0, 'Advanced Search', 'Advanced', 'Advanced'),
(237, 198, 'en,,', 0, 'Advanced Search', 'Advanced', 'Advanced'),
(238, 199, 'en,,', 0, 'Advanced Search', 'Advanced', 'Advanced'),
(239, 200, 'en,,', 0, 'Advanced Search', 'Advanced', 'Advanced'),
(240, 201, 'en,,', 0, 'Advanced Search', 'Advanced', 'Advanced'),
(241, 202, 'en,,', 1, 'Feature Overview', 'Feature', 'feature'),
(242, 202, 'de,,', 1, 'Funktionen in der Übersicht', 'Feature', 'feature');

-- --------------------------------------------------------

--
-- Tabellenstruktur für Tabelle `link`
--

DROP TABLE IF EXISTS `link`;
CREATE TABLE IF NOT EXISTS `link` (
  `LINK_ID` int(11) NOT NULL,
  `PARENT_ID` int(11) NOT NULL,
  `PATH` varchar(240) COLLATE utf8_unicode_ci NOT NULL,
  `NAME` varchar(80) COLLATE utf8_unicode_ci NOT NULL,
  `VERSION` varchar(40) COLLATE utf8_unicode_ci DEFAULT NULL,
  `TITLE` varchar(100) COLLATE utf8_unicode_ci DEFAULT NULL,
  `SHORT_TITLE` varchar(40) COLLATE utf8_unicode_ci DEFAULT NULL,
  `IS_HIDDEN` smallint(6) NOT NULL,
  `SKIN` varchar(80) COLLATE utf8_unicode_ci DEFAULT NULL,
  `TARGET` varchar(80) COLLATE utf8_unicode_ci DEFAULT NULL,
  `URL` varchar(255) COLLATE utf8_unicode_ci DEFAULT NULL,
  `SUBSITE` varchar(40) COLLATE utf8_unicode_ci DEFAULT NULL,
  `USER_PRINCIPAL` varchar(40) COLLATE utf8_unicode_ci DEFAULT NULL,
  `ROLE_PRINCIPAL` varchar(40) COLLATE utf8_unicode_ci DEFAULT NULL,
  `GROUP_PRINCIPAL` varchar(40) COLLATE utf8_unicode_ci DEFAULT NULL,
  `MEDIATYPE` varchar(15) COLLATE utf8_unicode_ci DEFAULT NULL,
  `LOCALE` varchar(20) COLLATE utf8_unicode_ci DEFAULT NULL,
  `EXT_ATTR_NAME` varchar(15) COLLATE utf8_unicode_ci DEFAULT NULL,
  `EXT_ATTR_VALUE` varchar(40) COLLATE utf8_unicode_ci DEFAULT NULL,
  `OWNER_PRINCIPAL` varchar(40) COLLATE utf8_unicode_ci DEFAULT NULL,
  PRIMARY KEY (`LINK_ID`),
  UNIQUE KEY `UN_LINK_1` (`PATH`),
  KEY `IX_LINK_1` (`PARENT_ID`)
) ENGINE=InnoDB DEFAULT CHARSET=utf8 COLLATE=utf8_unicode_ci;

--
-- Daten für Tabelle `link`
--

INSERT INTO `link` (`LINK_ID`, `PARENT_ID`, `PATH`, `NAME`, `VERSION`, `TITLE`, `SHORT_TITLE`, `IS_HIDDEN`, `SKIN`, `TARGET`, `URL`, `SUBSITE`, `USER_PRINCIPAL`, `ROLE_PRINCIPAL`, `GROUP_PRINCIPAL`, `MEDIATYPE`, `LOCALE`, `EXT_ATTR_NAME`, `EXT_ATTR_VALUE`, `OWNER_PRINCIPAL`) VALUES
(1, 1, '/language.link', 'language.link', NULL, 'ingrid.page.language', 'ingrid.page.language', 0, NULL, 'top', '/default-page.psml', NULL, NULL, NULL, NULL, NULL, NULL, NULL, NULL, NULL),
(2, 1, '/webmaster.link', 'webmaster.link', NULL, 'ingrid.page.webmaster.tooltip', 'ingrid.page.webmaster', 0, NULL, 'top', 'mailto:webmaster@portalu.de', NULL, NULL, NULL, NULL, NULL, NULL, NULL, NULL, NULL);

-- --------------------------------------------------------

--
-- Tabellenstruktur für Tabelle `link_constraint`
--

DROP TABLE IF EXISTS `link_constraint`;
CREATE TABLE IF NOT EXISTS `link_constraint` (
  `CONSTRAINT_ID` int(11) NOT NULL,
  `LINK_ID` int(11) NOT NULL,
  `APPLY_ORDER` int(11) NOT NULL,
  `USER_PRINCIPALS_ACL` varchar(120) COLLATE utf8_unicode_ci DEFAULT NULL,
  `ROLE_PRINCIPALS_ACL` varchar(120) COLLATE utf8_unicode_ci DEFAULT NULL,
  `GROUP_PRINCIPALS_ACL` varchar(120) COLLATE utf8_unicode_ci DEFAULT NULL,
  `PERMISSIONS_ACL` varchar(120) COLLATE utf8_unicode_ci DEFAULT NULL,
  PRIMARY KEY (`CONSTRAINT_ID`),
  KEY `IX_LINK_CONSTRAINT_1` (`LINK_ID`)
) ENGINE=InnoDB DEFAULT CHARSET=utf8 COLLATE=utf8_unicode_ci;

--
-- Daten für Tabelle `link_constraint`
--


-- --------------------------------------------------------

--
-- Tabellenstruktur für Tabelle `link_constraints_ref`
--

DROP TABLE IF EXISTS `link_constraints_ref`;
CREATE TABLE IF NOT EXISTS `link_constraints_ref` (
  `CONSTRAINTS_REF_ID` int(11) NOT NULL,
  `LINK_ID` int(11) NOT NULL,
  `APPLY_ORDER` int(11) NOT NULL,
  `NAME` varchar(40) COLLATE utf8_unicode_ci NOT NULL,
  PRIMARY KEY (`CONSTRAINTS_REF_ID`),
  UNIQUE KEY `UN_LINK_CONSTRAINTS_REF_1` (`LINK_ID`,`NAME`),
  KEY `IX_LINK_CONSTRAINTS_REF_1` (`LINK_ID`)
) ENGINE=InnoDB DEFAULT CHARSET=utf8 COLLATE=utf8_unicode_ci;

--
-- Daten für Tabelle `link_constraints_ref`
--


-- --------------------------------------------------------

--
-- Tabellenstruktur für Tabelle `link_metadata`
--

DROP TABLE IF EXISTS `link_metadata`;
CREATE TABLE IF NOT EXISTS `link_metadata` (
  `METADATA_ID` int(11) NOT NULL,
  `LINK_ID` int(11) NOT NULL,
  `NAME` varchar(15) COLLATE utf8_unicode_ci NOT NULL,
  `LOCALE` varchar(20) COLLATE utf8_unicode_ci DEFAULT NULL,
  `VALUE` varchar(100) COLLATE utf8_unicode_ci NOT NULL,
  PRIMARY KEY (`METADATA_ID`),
  UNIQUE KEY `UN_LINK_METADATA_1` (`LINK_ID`,`NAME`,`LOCALE`,`VALUE`),
  KEY `IX_LINK_METADATA_1` (`LINK_ID`)
) ENGINE=InnoDB DEFAULT CHARSET=utf8 COLLATE=utf8_unicode_ci;

--
-- Daten für Tabelle `link_metadata`
--


-- --------------------------------------------------------

--
-- Tabellenstruktur für Tabelle `locale_encoding_mapping`
--

DROP TABLE IF EXISTS `locale_encoding_mapping`;
CREATE TABLE IF NOT EXISTS `locale_encoding_mapping` (
  `ID` int(11) NOT NULL,
  `APPLICATION_ID` int(11) NOT NULL,
  `LOCALE_STRING` varchar(50) COLLATE utf8_unicode_ci NOT NULL,
  `ENCODING` varchar(50) COLLATE utf8_unicode_ci NOT NULL,
  PRIMARY KEY (`ID`)
) ENGINE=InnoDB DEFAULT CHARSET=utf8 COLLATE=utf8_unicode_ci;

--
-- Daten für Tabelle `locale_encoding_mapping`
--


-- --------------------------------------------------------

--
-- Tabellenstruktur für Tabelle `localized_description`
--

DROP TABLE IF EXISTS `localized_description`;
CREATE TABLE IF NOT EXISTS `localized_description` (
  `ID` int(11) NOT NULL,
  `OWNER_ID` int(11) NOT NULL,
  `OWNER_CLASS_NAME` varchar(255) COLLATE utf8_unicode_ci NOT NULL,
  `DESCRIPTION` mediumtext COLLATE utf8_unicode_ci NOT NULL,
  `LOCALE_STRING` varchar(50) COLLATE utf8_unicode_ci NOT NULL,
  PRIMARY KEY (`ID`)
) ENGINE=InnoDB DEFAULT CHARSET=utf8 COLLATE=utf8_unicode_ci;

--
-- Daten für Tabelle `localized_description`
--

INSERT INTO `localized_description` (`ID`, `OWNER_ID`, `OWNER_CLASS_NAME`, `DESCRIPTION`, `LOCALE_STRING`) VALUES
(1, 4, 'org.apache.jetspeed.om.portlet.impl.PortletDefinitionImpl', 'The SimpleLayoutPortlet requires a ViewPage layout template set through the portlet preferences which provides its own layout algorithm', 'en,,'),
(2, 1, 'org.apache.jetspeed.om.portlet.impl.PortletApplicationDefinitionImpl', 'Jetspeed 2 Layout Portlets Applications', ',,'),
(177, 179, 'org.apache.jetspeed.om.portlet.impl.InitParamImpl', 'Entry point to the mdek application', 'en,,'),
(178, 180, 'org.apache.jetspeed.om.portlet.impl.InitParamImpl', 'Catalog administration portlet for the portal admin', 'en,,'),
(179, 181, 'org.apache.jetspeed.om.portlet.impl.InitParamImpl', 'SuperAdmin-Login to each Catalog with each User', 'en,,'),
(180, 3, 'org.apache.jetspeed.om.portlet.impl.PortletApplicationDefinitionImpl', 'PortalU Application', ',,'),
(181, 201, 'org.apache.jetspeed.om.portlet.impl.InitParamImpl', 'This parameter sets the template used in view mode.', 'en,,'),
(182, 121, 'org.apache.jetspeed.om.portlet.impl.PortletDefinitionImpl', 'The Info Portlet displays useful information to the user. The Information template and title can be set via preferences.', 'en,,'),
(183, 122, 'org.apache.jetspeed.om.portlet.impl.PortletDefinitionImpl', 'The Portlet is called only via javascript', 'en,,'),
(184, 202, 'org.apache.jetspeed.om.portlet.impl.InitParamImpl', 'This parameter sets the template used in view mode.', 'en,,'),
(185, 123, 'org.apache.jetspeed.om.portlet.impl.PortletDefinitionImpl', 'The Portlet displays help content.', 'en,,'),
(186, 203, 'org.apache.jetspeed.om.portlet.impl.InitParamImpl', 'This parameter sets the template used in view mode.', 'en,,'),
(187, 124, 'org.apache.jetspeed.om.portlet.impl.PortletDefinitionImpl', 'The Portlet displays the monitor component of the portlet.', 'en,,'),
(188, 204, 'org.apache.jetspeed.om.portlet.impl.InitParamImpl', 'This parameter sets the template used in view mode.', 'en,,'),
(189, 125, 'org.apache.jetspeed.om.portlet.impl.PortletDefinitionImpl', 'The Portlet displays the editor for the RSS feeds.', 'en,,'),
(190, 205, 'org.apache.jetspeed.om.portlet.impl.InitParamImpl', 'This parameter sets the template used in view mode.', 'en,,'),
(191, 126, 'org.apache.jetspeed.om.portlet.impl.PortletDefinitionImpl', 'The Portlet displays the editor for the Partners.', 'en,,'),
(192, 206, 'org.apache.jetspeed.om.portlet.impl.InitParamImpl', 'This parameter sets the template used in view mode.', 'en,,'),
(193, 127, 'org.apache.jetspeed.om.portlet.impl.PortletDefinitionImpl', 'The Portlet displays the editor for the Providers.', 'en,,'),
(194, 207, 'org.apache.jetspeed.om.portlet.impl.InitParamImpl', 'This parameter sets the template used in view mode.', 'en,,'),
(195, 208, 'org.apache.jetspeed.om.portlet.impl.InitParamImpl', 'This is the template in which you setup an email to be sent after user exists', 'en,,'),
(196, 209, 'org.apache.jetspeed.om.portlet.impl.InitParamImpl', 'This option defines the roles a new user will be registered with', 'en,,'),
(197, 210, 'org.apache.jetspeed.om.portlet.impl.InitParamImpl', 'This option defines the groups a new user will be registered with', 'en,,'),
(198, 211, 'org.apache.jetspeed.om.portlet.impl.InitParamImpl', 'This option defines the rule names a new user will be registered with', 'en,,'),
(199, 212, 'org.apache.jetspeed.om.portlet.impl.InitParamImpl', 'This option defines the rule values a new user will be registered with', 'en,,'),
(200, 128, 'org.apache.jetspeed.om.portlet.impl.PortletDefinitionImpl', 'The Portlet displays the user administration.', 'en,,'),
(201, 213, 'org.apache.jetspeed.om.portlet.impl.InitParamImpl', 'This parameter sets the template used in view mode.', 'en,,'),
(202, 129, 'org.apache.jetspeed.om.portlet.impl.PortletDefinitionImpl', 'The Portlet displays the editor for the iPlugs.', 'en,,'),
(203, 214, 'org.apache.jetspeed.om.portlet.impl.InitParamImpl', 'This parameter sets the template used in view mode.', 'en,,'),
(204, 130, 'org.apache.jetspeed.om.portlet.impl.PortletDefinitionImpl', 'The Portlet displays the editor for the free text content.', 'en,,'),
(205, 215, 'org.apache.jetspeed.om.portlet.impl.InitParamImpl', 'This parameter sets the template used in view mode.', 'en,,'),
(206, 131, 'org.apache.jetspeed.om.portlet.impl.PortletDefinitionImpl', 'The Portlet displays the wms admin interface links.', 'en,,'),
(207, 216, 'org.apache.jetspeed.om.portlet.impl.InitParamImpl', 'This parameter sets the template used in view mode.', 'en,,'),
(208, 132, 'org.apache.jetspeed.om.portlet.impl.PortletDefinitionImpl', 'The Portlet displays the links to several statistics.', 'en,,'),
(209, 217, 'org.apache.jetspeed.om.portlet.impl.InitParamImpl', 'This parameter sets the template used in view mode.', 'en,,'),
(210, 133, 'org.apache.jetspeed.om.portlet.impl.PortletDefinitionImpl', 'This portlet displays the home page personalization dialog.', 'en,,'),
(211, 218, 'org.apache.jetspeed.om.portlet.impl.InitParamImpl', 'This parameter sets the template used in view mode.', 'en,,'),
(212, 134, 'org.apache.jetspeed.om.portlet.impl.PortletDefinitionImpl', 'The Portlet displays the portal profile admin interface.', 'en,,'),
(213, 219, 'org.apache.jetspeed.om.portlet.impl.InitParamImpl', 'This parameter sets the template used in view mode.', 'en,,'),
(214, 135, 'org.apache.jetspeed.om.portlet.impl.PortletDefinitionImpl', 'The Info Portlet displays useful information to the user. The Information template and title can be set via preferences.', 'en,,'),
(215, 220, 'org.apache.jetspeed.om.portlet.impl.InitParamImpl', 'This parameter sets the template used in view mode.', 'en,,'),
(216, 136, 'org.apache.jetspeed.om.portlet.impl.PortletDefinitionImpl', 'The Info Portlet displays useful information to the user. The Information template and title can be set via preferences.', 'en,,'),
(217, 221, 'org.apache.jetspeed.om.portlet.impl.InitParamImpl', 'This parameter sets the template used in view mode.', 'en,,'),
(218, 137, 'org.apache.jetspeed.om.portlet.impl.PortletDefinitionImpl', 'The Info Portlet displays useful information to the user. The Information template and title can be set via preferences.', 'en,,'),
(219, 222, 'org.apache.jetspeed.om.portlet.impl.InitParamImpl', 'This parameter sets the template used in view mode.', 'en,,'),
(220, 138, 'org.apache.jetspeed.om.portlet.impl.PortletDefinitionImpl', 'The Portlet displays the portal user migration interface.', 'en,,'),
(221, 223, 'org.apache.jetspeed.om.portlet.impl.InitParamImpl', 'This parameter sets the template used in view mode.', 'en,,'),
(222, 139, 'org.apache.jetspeed.om.portlet.impl.PortletDefinitionImpl', 'This portlet displayes a search box for the home AND main search page.', 'en,,'),
(223, 224, 'org.apache.jetspeed.om.portlet.impl.InitParamImpl', 'This parameter sets the template used in view mode.', 'en,,'),
(224, 140, 'org.apache.jetspeed.om.portlet.impl.PortletDefinitionImpl', 'This portlet displays the rubrics of the Environment catalogue page on the home page for quick search.', 'en,,'),
(225, 225, 'org.apache.jetspeed.om.portlet.impl.InitParamImpl', 'This parameter sets the template used in view mode.', 'en,,'),
(226, 141, 'org.apache.jetspeed.om.portlet.impl.PortletDefinitionImpl', 'This portlet displays the rss news list.', 'en,,'),
(227, 226, 'org.apache.jetspeed.om.portlet.impl.InitParamImpl', 'This parameter sets the template used in view mode.', 'en,,'),
(228, 142, 'org.apache.jetspeed.om.portlet.impl.PortletDefinitionImpl', 'This portlet displays the rss news list.', 'en,,'),
(229, 227, 'org.apache.jetspeed.om.portlet.impl.InitParamImpl', 'This parameter sets the template used in view mode.', 'en,,'),
(230, 143, 'org.apache.jetspeed.om.portlet.impl.PortletDefinitionImpl', 'This portlet displays a content entry from the cms, specified by the preference ''cmsKey''.', 'en,,'),
(231, 228, 'org.apache.jetspeed.om.portlet.impl.InitParamImpl', 'This parameter sets the template used in view mode.', 'en,,'),
(232, 144, 'org.apache.jetspeed.om.portlet.impl.PortletDefinitionImpl', 'The Info Portlet displays useful information to the user. The Information template and title can be set via preferences.', 'en,,'),
(233, 229, 'org.apache.jetspeed.om.portlet.impl.InitParamImpl', 'This parameter sets the template used in view mode.', 'en,,'),
(234, 145, 'org.apache.jetspeed.om.portlet.impl.PortletDefinitionImpl', 'The Info Portlet displays useful information to the user. The Information template and title can be set via preferences.', 'en,,'),
(235, 230, 'org.apache.jetspeed.om.portlet.impl.InitParamImpl', 'This parameter sets the template used in view mode.', 'en,,'),
(236, 146, 'org.apache.jetspeed.om.portlet.impl.PortletDefinitionImpl', 'This portlet displays the rubrics of the Service page on the home page for quick search.', 'en,,'),
(237, 231, 'org.apache.jetspeed.om.portlet.impl.InitParamImpl', 'This parameter sets the template used in view mode.', 'en,,'),
(238, 147, 'org.apache.jetspeed.om.portlet.impl.PortletDefinitionImpl', 'This portlet displays the rubrics of the Measures page on the home page for quick search.', 'en,,'),
(239, 232, 'org.apache.jetspeed.om.portlet.impl.InitParamImpl', 'This parameter sets the template used in view mode.', 'en,,'),
(240, 148, 'org.apache.jetspeed.om.portlet.impl.PortletDefinitionImpl', 'This portlet displays an anniversary event on the home page.', 'en,,'),
(241, 233, 'org.apache.jetspeed.om.portlet.impl.InitParamImpl', 'This parameter sets the template used in view mode.', 'en,,'),
(242, 149, 'org.apache.jetspeed.om.portlet.impl.PortletDefinitionImpl', 'This portlet displays the weather.', 'en,,'),
(243, 234, 'org.apache.jetspeed.om.portlet.impl.InitParamImpl', 'This parameter sets the template used in view mode.', 'en,,'),
(244, 150, 'org.apache.jetspeed.om.portlet.impl.PortletDefinitionImpl', 'This portlet displayes an environment search box.', 'en,,'),
(245, 235, 'org.apache.jetspeed.om.portlet.impl.InitParamImpl', 'This parameter sets the template used in view mode.', 'en,,'),
(246, 151, 'org.apache.jetspeed.om.portlet.impl.PortletDefinitionImpl', 'TODO: Describe the portlet.', 'en,,'),
(247, 236, 'org.apache.jetspeed.om.portlet.impl.InitParamImpl', 'This parameter sets the template used in view mode.', 'en,,'),
(248, 152, 'org.apache.jetspeed.om.portlet.impl.PortletDefinitionImpl', 'This portlet displayes the login dialog.', 'en,,'),
(249, 237, 'org.apache.jetspeed.om.portlet.impl.InitParamImpl', 'This parameter sets the template used in view mode.', 'en,,'),
(250, 153, 'org.apache.jetspeed.om.portlet.impl.PortletDefinitionImpl', 'This portlet displays the myportal overview.', 'en,,'),
(251, 238, 'org.apache.jetspeed.om.portlet.impl.InitParamImpl', 'This parameter sets the template used in view mode.', 'en,,'),
(252, 239, 'org.apache.jetspeed.om.portlet.impl.InitParamImpl', 'This parameter sets the url to which folks will return after they receive an email', 'en,,'),
(253, 240, 'org.apache.jetspeed.om.portlet.impl.InitParamImpl', 'This is the template in which you setup an email to be sent after user exists', 'en,,'),
(254, 241, 'org.apache.jetspeed.om.portlet.impl.InitParamImpl', 'This option defines the rule names a new user will be registered with', 'en,,'),
(255, 242, 'org.apache.jetspeed.om.portlet.impl.InitParamImpl', 'This option defines the rule values a new user will be registered with', 'en,,'),
(256, 154, 'org.apache.jetspeed.om.portlet.impl.PortletDefinitionImpl', 'This portlet displays the myportal create account dialog.', 'en,,'),
(257, 243, 'org.apache.jetspeed.om.portlet.impl.InitParamImpl', 'This parameter sets the template used in view mode.', 'en,,'),
(258, 155, 'org.apache.jetspeed.om.portlet.impl.PortletDefinitionImpl', 'This portlet displays the myportal edit account dialog.', 'en,,'),
(259, 244, 'org.apache.jetspeed.om.portlet.impl.InitParamImpl', 'This parameter sets the template used in view mode.', 'en,,'),
(260, 245, 'org.apache.jetspeed.om.portlet.impl.InitParamImpl', 'This is the template in which you setup an email to be sent after user exists', 'en,,'),
(261, 156, 'org.apache.jetspeed.om.portlet.impl.PortletDefinitionImpl', 'This portlet displays the myportal password forgotten dialog.', 'en,,'),
(262, 246, 'org.apache.jetspeed.om.portlet.impl.InitParamImpl', 'This parameter sets the template used in view mode.', 'en,,'),
(263, 157, 'org.apache.jetspeed.om.portlet.impl.PortletDefinitionImpl', 'This portlet displays the myportal personalization dialog: OverView.', 'en,,'),
(264, 247, 'org.apache.jetspeed.om.portlet.impl.InitParamImpl', 'This parameter sets the template used in view mode.', 'en,,'),
(265, 158, 'org.apache.jetspeed.om.portlet.impl.PortletDefinitionImpl', 'This portlet displays the myportal personalization dialog: home.', 'en,,'),
(266, 248, 'org.apache.jetspeed.om.portlet.impl.InitParamImpl', 'This parameter sets the template used in view mode.', 'en,,'),
(267, 159, 'org.apache.jetspeed.om.portlet.impl.PortletDefinitionImpl', 'This portlet displays the myportal personalization dialog: Partner.', 'en,,'),
(268, 249, 'org.apache.jetspeed.om.portlet.impl.InitParamImpl', 'This parameter sets the template used in view mode.', 'en,,'),
(269, 160, 'org.apache.jetspeed.om.portlet.impl.PortletDefinitionImpl', 'This portlet displays the myportal personalization dialog: Sources.', 'en,,'),
(270, 250, 'org.apache.jetspeed.om.portlet.impl.InitParamImpl', 'This parameter sets the template used in view mode.', 'en,,'),
(271, 161, 'org.apache.jetspeed.om.portlet.impl.PortletDefinitionImpl', 'This portlet displays the myportal personalization dialog: SearchSettings.', 'en,,'),
(272, 251, 'org.apache.jetspeed.om.portlet.impl.InitParamImpl', 'This parameter sets the template used in view mode.', 'en,,'),
(273, 162, 'org.apache.jetspeed.om.portlet.impl.PortletDefinitionImpl', 'TODO: describe the portlet', 'en,,'),
(274, 252, 'org.apache.jetspeed.om.portlet.impl.InitParamImpl', 'This parameter sets the template used in view mode.', 'en,,'),
(275, 163, 'org.apache.jetspeed.om.portlet.impl.PortletDefinitionImpl', 'TODO: describe the portlet', 'en,,'),
(276, 253, 'org.apache.jetspeed.om.portlet.impl.InitParamImpl', 'This parameter sets the template used in view mode.', 'en,,'),
(277, 164, 'org.apache.jetspeed.om.portlet.impl.PortletDefinitionImpl', 'This portlet displayes a service search box.', 'en,,'),
(278, 254, 'org.apache.jetspeed.om.portlet.impl.InitParamImpl', 'This parameter sets the template used in view mode.', 'en,,'),
(279, 165, 'org.apache.jetspeed.om.portlet.impl.PortletDefinitionImpl', 'This portlet displays the search results of the service search (service catalogue).', 'en,,'),
(280, 255, 'org.apache.jetspeed.om.portlet.impl.InitParamImpl', 'This parameter sets the template used in view mode.', 'en,,'),
(281, 166, 'org.apache.jetspeed.om.portlet.impl.PortletDefinitionImpl', 'This portlet displayes a service search box.', 'en,,'),
(282, 256, 'org.apache.jetspeed.om.portlet.impl.InitParamImpl', 'This parameter sets the template used in view mode.', 'en,,'),
(283, 167, 'org.apache.jetspeed.om.portlet.impl.PortletDefinitionImpl', 'This portlet displays the search results of the measures search (measures catalogue).', 'en,,'),
(284, 257, 'org.apache.jetspeed.om.portlet.impl.InitParamImpl', 'This parameter sets the template used in view mode.', 'en,,'),
(285, 168, 'org.apache.jetspeed.om.portlet.impl.PortletDefinitionImpl', 'This portlet displays an environment search box.', 'en,,'),
(286, 258, 'org.apache.jetspeed.om.portlet.impl.InitParamImpl', 'This parameter sets the template used in view mode.', 'en,,'),
(287, 169, 'org.apache.jetspeed.om.portlet.impl.PortletDefinitionImpl', 'This portlet displays the search results of the environment topics search (environment topics catalogue).', 'en,,'),
(288, 259, 'org.apache.jetspeed.om.portlet.impl.InitParamImpl', 'This parameter sets the template used in view mode.', 'en,,'),
(289, 170, 'org.apache.jetspeed.om.portlet.impl.PortletDefinitionImpl', 'This portlet displays the search results.', 'en,,'),
(290, 260, 'org.apache.jetspeed.om.portlet.impl.InitParamImpl', 'This parameter sets the template used in view mode.', 'en,,'),
(291, 171, 'org.apache.jetspeed.om.portlet.impl.PortletDefinitionImpl', 'This portlet displays the search results.', 'en,,'),
(292, 261, 'org.apache.jetspeed.om.portlet.impl.InitParamImpl', 'This parameter sets the template used in view mode.', 'en,,'),
(293, 172, 'org.apache.jetspeed.om.portlet.impl.PortletDefinitionImpl', 'This portlet displayes a environment search box.', 'en,,'),
(294, 262, 'org.apache.jetspeed.om.portlet.impl.InitParamImpl', 'This parameter sets the template used in view mode.', 'en,,'),
(295, 173, 'org.apache.jetspeed.om.portlet.impl.PortletDefinitionImpl', 'This portlet displays the search results of the environment chronicle search.', 'en,,'),
(296, 263, 'org.apache.jetspeed.om.portlet.impl.InitParamImpl', 'This parameter sets the template used in view mode.', 'en,,'),
(297, 174, 'org.apache.jetspeed.om.portlet.impl.PortletDefinitionImpl', 'This portlet displays and handles the search settings.', 'en,,'),
(298, 264, 'org.apache.jetspeed.om.portlet.impl.InitParamImpl', 'This parameter sets the template used in view mode.', 'en,,'),
(299, 175, 'org.apache.jetspeed.om.portlet.impl.PortletDefinitionImpl', 'This portlet displays and handles the search save dialog.', 'en,,'),
(300, 265, 'org.apache.jetspeed.om.portlet.impl.InitParamImpl', 'This parameter sets the template used in view mode.', 'en,,'),
(301, 176, 'org.apache.jetspeed.om.portlet.impl.PortletDefinitionImpl', 'This portlet displays and handles the search history.', 'en,,'),
(302, 266, 'org.apache.jetspeed.om.portlet.impl.InitParamImpl', 'This parameter sets the template used in view mode.', 'en,,'),
(303, 177, 'org.apache.jetspeed.om.portlet.impl.PortletDefinitionImpl', 'This portlet handles the "Similar Terms" fragment of the search result page.', 'en,,'),
(304, 267, 'org.apache.jetspeed.om.portlet.impl.InitParamImpl', 'This parameter sets the template used in view mode.', 'en,,'),
(305, 178, 'org.apache.jetspeed.om.portlet.impl.PortletDefinitionImpl', 'This portlet displays the search results.', 'en,,'),
(306, 268, 'org.apache.jetspeed.om.portlet.impl.InitParamImpl', 'This parameter sets the template used in view mode.', 'en,,'),
(307, 179, 'org.apache.jetspeed.om.portlet.impl.PortletDefinitionImpl', 'This portlet displays the search detail for dsc results.', 'en,,'),
(308, 269, 'org.apache.jetspeed.om.portlet.impl.InitParamImpl', 'This parameter sets the template used in view mode.', 'en,,'),
(309, 180, 'org.apache.jetspeed.om.portlet.impl.PortletDefinitionImpl', 'This portlet handles the browsing of the UDK in the catalog search.', 'en,,'),
(310, 270, 'org.apache.jetspeed.om.portlet.impl.InitParamImpl', 'This parameter sets the template used in view mode.', 'en,,'),
(311, 181, 'org.apache.jetspeed.om.portlet.impl.PortletDefinitionImpl', 'This portlet handles the Search in the UDKs via Thesaurus browsing.', 'en,,'),
(312, 271, 'org.apache.jetspeed.om.portlet.impl.InitParamImpl', 'This parameter sets the template used in view mode.', 'en,,'),
(313, 182, 'org.apache.jetspeed.om.portlet.impl.PortletDefinitionImpl', 'This portlet displays the search results found via Thesaurus Browsing.', 'en,,'),
(314, 272, 'org.apache.jetspeed.om.portlet.impl.InitParamImpl', 'This parameter sets the template used in view mode.', 'en,,'),
(315, 183, 'org.apache.jetspeed.om.portlet.impl.PortletDefinitionImpl', 'This portlet handles the input of the terms in the extended search for environment info.', 'en,,'),
(316, 273, 'org.apache.jetspeed.om.portlet.impl.InitParamImpl', 'This parameter sets the template used in view mode.', 'en,,'),
(317, 184, 'org.apache.jetspeed.om.portlet.impl.PortletDefinitionImpl', 'This portlet handles the input of the thesaurus terms in the extended search.', 'en,,'),
(318, 274, 'org.apache.jetspeed.om.portlet.impl.InitParamImpl', 'This parameter sets the template used in view mode.', 'en,,'),
(319, 185, 'org.apache.jetspeed.om.portlet.impl.PortletDefinitionImpl', 'This portlet handles the input of the geothesaurus terms in the extended search.', 'en,,'),
(320, 275, 'org.apache.jetspeed.om.portlet.impl.InitParamImpl', 'This parameter sets the template used in view mode.', 'en,,'),
(321, 186, 'org.apache.jetspeed.om.portlet.impl.PortletDefinitionImpl', 'This portlet handles the input of the map page in the extended search.', 'en,,'),
(322, 276, 'org.apache.jetspeed.om.portlet.impl.InitParamImpl', 'This parameter sets the template used in view mode.', 'en,,'),
(323, 187, 'org.apache.jetspeed.om.portlet.impl.PortletDefinitionImpl', 'This portlet handles the input of the time constraint fragment in the extended search.', 'en,,'),
(324, 277, 'org.apache.jetspeed.om.portlet.impl.InitParamImpl', 'This parameter sets the template used in view mode.', 'en,,'),
(325, 188, 'org.apache.jetspeed.om.portlet.impl.PortletDefinitionImpl', 'This portlet handles the input of the time references (chronicle) in the extended search.', 'en,,'),
(326, 278, 'org.apache.jetspeed.om.portlet.impl.InitParamImpl', 'This parameter sets the template used in view mode.', 'en,,'),
(327, 189, 'org.apache.jetspeed.om.portlet.impl.PortletDefinitionImpl', 'This portlet handles the input of the "search area"/"contents" fragment in the extended search.', 'en,,'),
(328, 279, 'org.apache.jetspeed.om.portlet.impl.InitParamImpl', 'This parameter sets the template used in view mode.', 'en,,'),
(329, 190, 'org.apache.jetspeed.om.portlet.impl.PortletDefinitionImpl', 'This portlet handles the input of the "searcharea"/"sources" fragment in the extended search.', 'en,,'),
(330, 280, 'org.apache.jetspeed.om.portlet.impl.InitParamImpl', 'This parameter sets the template used in view mode.', 'en,,'),
(331, 191, 'org.apache.jetspeed.om.portlet.impl.PortletDefinitionImpl', 'This portlet handles the input of the "envinfo"/"searcharea"/"partner" fragment in the extended search.', 'en,,'),
(332, 281, 'org.apache.jetspeed.om.portlet.impl.InitParamImpl', 'This parameter sets the template used in view mode.', 'en,,'),
(333, 192, 'org.apache.jetspeed.om.portlet.impl.PortletDefinitionImpl', 'This portlet handles the input of the terms in the extended search for addresses.', 'en,,'),
(334, 282, 'org.apache.jetspeed.om.portlet.impl.InitParamImpl', 'This parameter sets the template used in view mode.', 'en,,'),
(335, 193, 'org.apache.jetspeed.om.portlet.impl.PortletDefinitionImpl', 'This portlet handles the input of the mode in the extended search for addresses.', 'en,,'),
(336, 283, 'org.apache.jetspeed.om.portlet.impl.InitParamImpl', 'This parameter sets the template used in view mode.', 'en,,'),
(337, 194, 'org.apache.jetspeed.om.portlet.impl.PortletDefinitionImpl', 'This portlet handles the input of the place reference in the extended search for addresses.', 'en,,'),
(338, 284, 'org.apache.jetspeed.om.portlet.impl.InitParamImpl', 'This parameter sets the template used in view mode.', 'en,,'),
(339, 195, 'org.apache.jetspeed.om.portlet.impl.PortletDefinitionImpl', 'This portlet handles the input of the "addresses"/"searcharea"/"partner" fragment in the extended search.', 'en,,'),
(340, 285, 'org.apache.jetspeed.om.portlet.impl.InitParamImpl', 'This parameter sets the template used in view mode.', 'en,,'),
(341, 196, 'org.apache.jetspeed.om.portlet.impl.PortletDefinitionImpl', 'This portlet handles the input of the terms in the extended search for research.', 'en,,'),
(342, 286, 'org.apache.jetspeed.om.portlet.impl.InitParamImpl', 'This parameter sets the template used in view mode.', 'en,,'),
(343, 197, 'org.apache.jetspeed.om.portlet.impl.PortletDefinitionImpl', 'This portlet handles the input of the attributes in the extended search for research.', 'en,,'),
(344, 287, 'org.apache.jetspeed.om.portlet.impl.InitParamImpl', 'This parameter sets the template used in view mode.', 'en,,'),
(345, 198, 'org.apache.jetspeed.om.portlet.impl.PortletDefinitionImpl', 'This portlet handles the input of the terms in the extended search for law.', 'en,,'),
(346, 288, 'org.apache.jetspeed.om.portlet.impl.InitParamImpl', 'This parameter sets the template used in view mode.', 'en,,'),
(347, 199, 'org.apache.jetspeed.om.portlet.impl.PortletDefinitionImpl', 'This portlet handles the input of the thesaurus terms in the extended search.', 'en,,'),
(348, 289, 'org.apache.jetspeed.om.portlet.impl.InitParamImpl', 'This parameter sets the template used in view mode.', 'en,,'),
(349, 200, 'org.apache.jetspeed.om.portlet.impl.PortletDefinitionImpl', 'This portlet handles the input of the "law"/"searcharea"/"partner" fragment in the extended search.', 'en,,'),
(350, 290, 'org.apache.jetspeed.om.portlet.impl.InitParamImpl', 'This parameter sets the template used in view mode.', 'en,,'),
(351, 201, 'org.apache.jetspeed.om.portlet.impl.PortletDefinitionImpl', 'This portlet displayes a combo box containing different languages.', 'en,,'),
(352, 291, 'org.apache.jetspeed.om.portlet.impl.InitParamImpl', 'This parameter sets the template used in view mode.', 'en,,'),
(353, 202, 'org.apache.jetspeed.om.portlet.impl.PortletDefinitionImpl', 'This portlet explains all the features the portal has to offer.', 'en,,'),
(354, 21, 'org.apache.jetspeed.om.portlet.impl.PortletApplicationDefinitionImpl', 'PortalU Application', ',,');

-- --------------------------------------------------------

--
-- Tabellenstruktur für Tabelle `localized_display_name`
--

DROP TABLE IF EXISTS `localized_display_name`;
CREATE TABLE IF NOT EXISTS `localized_display_name` (
  `ID` int(11) NOT NULL,
  `OWNER_ID` int(11) NOT NULL,
  `OWNER_CLASS_NAME` varchar(255) COLLATE utf8_unicode_ci DEFAULT NULL,
  `DISPLAY_NAME` mediumtext COLLATE utf8_unicode_ci NOT NULL,
  `LOCALE_STRING` varchar(50) COLLATE utf8_unicode_ci NOT NULL,
  PRIMARY KEY (`ID`)
) ENGINE=InnoDB DEFAULT CHARSET=utf8 COLLATE=utf8_unicode_ci;

--
-- Daten für Tabelle `localized_display_name`
--

INSERT INTO `localized_display_name` (`ID`, `OWNER_ID`, `OWNER_CLASS_NAME`, `DISPLAY_NAME`, `LOCALE_STRING`) VALUES
(1, 1, 'org.apache.jetspeed.om.portlet.impl.PortletDefinitionImpl', 'Layout for Ingrid Portal Using Velocity, no layout decoration', 'en,,'),
(2, 2, 'org.apache.jetspeed.om.portlet.impl.PortletDefinitionImpl', 'One Column Layout for Ingrid Portal Using Velocity', 'en,,'),
(3, 3, 'org.apache.jetspeed.om.portlet.impl.PortletDefinitionImpl', 'Two Columns Layout for Ingrid Portal Using Velocity', 'en,,'),
(4, 4, 'org.apache.jetspeed.om.portlet.impl.PortletDefinitionImpl', 'Simple readonly fixed Layout', 'en,,'),
(5, 5, 'org.apache.jetspeed.om.portlet.impl.PortletDefinitionImpl', 'One Column', 'en,,'),
(6, 5, 'org.apache.jetspeed.om.portlet.impl.PortletDefinitionImpl', 'Velocity????? 1 ??????', 'ja,,'),
(7, 5, 'org.apache.jetspeed.om.portlet.impl.PortletDefinitionImpl', '??Velocity?????', 'zh,,'),
(8, 5, 'org.apache.jetspeed.om.portlet.impl.PortletDefinitionImpl', '??Velocity?????', 'zh,TW,'),
(9, 6, 'org.apache.jetspeed.om.portlet.impl.PortletDefinitionImpl', 'One Column with Tables', 'en,,'),
(10, 6, 'org.apache.jetspeed.om.portlet.impl.PortletDefinitionImpl', 'Velocity ?????????? 1 ??????', 'ja,,'),
(11, 6, 'org.apache.jetspeed.om.portlet.impl.PortletDefinitionImpl', '??Velocity???????', 'zh,,'),
(12, 6, 'org.apache.jetspeed.om.portlet.impl.PortletDefinitionImpl', '??Velocity???????', 'zh,TW,'),
(13, 7, 'org.apache.jetspeed.om.portlet.impl.PortletDefinitionImpl', 'Two Columns', 'en,,'),
(14, 7, 'org.apache.jetspeed.om.portlet.impl.PortletDefinitionImpl', 'Velocity ????? 2 ??????', 'ja,,'),
(15, 7, 'org.apache.jetspeed.om.portlet.impl.PortletDefinitionImpl', '??Velocity?????', 'zh,,'),
(16, 7, 'org.apache.jetspeed.om.portlet.impl.PortletDefinitionImpl', '??Velocity?????', 'zh,TW,'),
(17, 8, 'org.apache.jetspeed.om.portlet.impl.PortletDefinitionImpl', 'Two Columns (15%/85%)', 'en,,'),
(18, 8, 'org.apache.jetspeed.om.portlet.impl.PortletDefinitionImpl', 'Velocity ?????????????????????????????? 2 ?', 'ja,,'),
(19, 8, 'org.apache.jetspeed.om.portlet.impl.PortletDefinitionImpl', '??Velocity???????????', 'zh,,'),
(20, 8, 'org.apache.jetspeed.om.portlet.impl.PortletDefinitionImpl', '??Velocity???????????', 'zh,TW,'),
(21, 9, 'org.apache.jetspeed.om.portlet.impl.PortletDefinitionImpl', 'Three Columns', 'en,,'),
(22, 9, 'org.apache.jetspeed.om.portlet.impl.PortletDefinitionImpl', 'Velocity ????? 3 ??????', 'ja,,'),
(23, 9, 'org.apache.jetspeed.om.portlet.impl.PortletDefinitionImpl', '??Velocity?3???', 'zh,,'),
(24, 9, 'org.apache.jetspeed.om.portlet.impl.PortletDefinitionImpl', '??Velocity?3???', 'zh,TW,'),
(25, 10, 'org.apache.jetspeed.om.portlet.impl.PortletDefinitionImpl', 'Three Columns with Tables', 'en,,'),
(26, 10, 'org.apache.jetspeed.om.portlet.impl.PortletDefinitionImpl', 'Velocity ?????????? 3 ??????', 'ja,,'),
(27, 10, 'org.apache.jetspeed.om.portlet.impl.PortletDefinitionImpl', '??Velocity???3???', 'zh,,'),
(28, 10, 'org.apache.jetspeed.om.portlet.impl.PortletDefinitionImpl', '??Velocity???3???', 'zh,TW,'),
(29, 11, 'org.apache.jetspeed.om.portlet.impl.PortletDefinitionImpl', 'One Column - No Actions', 'en,,'),
(30, 11, 'org.apache.jetspeed.om.portlet.impl.PortletDefinitionImpl', '??????????? Velocity ????? 1 ??????', 'ja,,'),
(31, 11, 'org.apache.jetspeed.om.portlet.impl.PortletDefinitionImpl', '?????????Velocity?????', 'zh,,'),
(32, 11, 'org.apache.jetspeed.om.portlet.impl.PortletDefinitionImpl', '?????????Velocity?????', 'zh,TW,'),
(33, 12, 'org.apache.jetspeed.om.portlet.impl.PortletDefinitionImpl', 'Two Columns Layout - No Actions', 'en,,'),
(34, 12, 'org.apache.jetspeed.om.portlet.impl.PortletDefinitionImpl', '??????????? Velocity ????? 2 ??????', 'ja,,'),
(35, 12, 'org.apache.jetspeed.om.portlet.impl.PortletDefinitionImpl', '?????????Velocity?????', 'zh,,'),
(36, 12, 'org.apache.jetspeed.om.portlet.impl.PortletDefinitionImpl', '?????????Velocity?????', 'zh,TW,'),
(37, 13, 'org.apache.jetspeed.om.portlet.impl.PortletDefinitionImpl', 'Three Columns - No Actions', 'en,,'),
(38, 13, 'org.apache.jetspeed.om.portlet.impl.PortletDefinitionImpl', '??????????? Velocity ????? 3 ??????', 'ja,,'),
(39, 13, 'org.apache.jetspeed.om.portlet.impl.PortletDefinitionImpl', '?????????Velocity?3???', 'zh,,'),
(40, 13, 'org.apache.jetspeed.om.portlet.impl.PortletDefinitionImpl', '?????????Velocity?3???', 'zh,TW,'),
(41, 14, 'org.apache.jetspeed.om.portlet.impl.PortletDefinitionImpl', 'Two Columns (25%/75%) No Actions', 'en,,'),
(42, 14, 'org.apache.jetspeed.om.portlet.impl.PortletDefinitionImpl', '??????????? Velocity ????? 2 ??????', 'ja,,'),
(43, 14, 'org.apache.jetspeed.om.portlet.impl.PortletDefinitionImpl', '?????????Velocity?????', 'zh,,'),
(44, 14, 'org.apache.jetspeed.om.portlet.impl.PortletDefinitionImpl', '?????????Velocity?????', 'zh,TW,'),
(45, 15, 'org.apache.jetspeed.om.portlet.impl.PortletDefinitionImpl', 'Two Columns (25%/75%)', 'en,,'),
(46, 15, 'org.apache.jetspeed.om.portlet.impl.PortletDefinitionImpl', 'Velocity ????? 25/75 ? 2 ??????', 'ja,,'),
(47, 15, 'org.apache.jetspeed.om.portlet.impl.PortletDefinitionImpl', '??Velocity?????', 'zh,,'),
(48, 15, 'org.apache.jetspeed.om.portlet.impl.PortletDefinitionImpl', '??Velocity?????', 'zh,TW,'),
(49, 16, 'org.apache.jetspeed.om.portlet.impl.PortletDefinitionImpl', 'Two Columns (15%,85%) No Actions', 'en,,'),
(50, 16, 'org.apache.jetspeed.om.portlet.impl.PortletDefinitionImpl', '???????? Velocity ?????????????????????????????? 2 ?', 'ja,,'),
(51, 16, 'org.apache.jetspeed.om.portlet.impl.PortletDefinitionImpl', '?????????Velocity???????????', 'zh,,'),
(52, 16, 'org.apache.jetspeed.om.portlet.impl.PortletDefinitionImpl', '?????????Velocity???????????', 'zh,TW,'),
(53, 17, 'org.apache.jetspeed.om.portlet.impl.PortletDefinitionImpl', 'Two Columns with Tables', 'en,,'),
(54, 17, 'org.apache.jetspeed.om.portlet.impl.PortletDefinitionImpl', 'Velocity ?????????? 2 ??????', 'ja,,'),
(55, 17, 'org.apache.jetspeed.om.portlet.impl.PortletDefinitionImpl', '??Velocity???????', 'zh,,'),
(56, 17, 'org.apache.jetspeed.om.portlet.impl.PortletDefinitionImpl', '??Velocity???????', 'zh,TW,'),
(57, 18, 'org.apache.jetspeed.om.portlet.impl.PortletDefinitionImpl', 'Four Columns', 'en,,'),
(58, 18, 'org.apache.jetspeed.om.portlet.impl.PortletDefinitionImpl', '??Velocity???4???', 'zh,,'),
(59, 18, 'org.apache.jetspeed.om.portlet.impl.PortletDefinitionImpl', '??Velocity???4???', 'zh,TW,'),
(60, 1, 'org.apache.jetspeed.om.portlet.impl.PortletApplicationDefinitionImpl', 'Jetspeed 2 Layout Portlets Application', ',,'),
(144, 101, 'org.apache.jetspeed.om.portlet.impl.PortletDefinitionImpl', 'Entry to Mdek App', 'en,,'),
(145, 102, 'org.apache.jetspeed.om.portlet.impl.PortletDefinitionImpl', 'Kataloge administrieren', 'en,,'),
(146, 103, 'org.apache.jetspeed.om.portlet.impl.PortletDefinitionImpl', 'SuperAdmin-Login', 'en,,'),
(147, 3, 'org.apache.jetspeed.om.portlet.impl.PortletApplicationDefinitionImpl', 'PortalU Application', ',,'),
(161, 121, 'org.apache.jetspeed.om.portlet.impl.PortletDefinitionImpl', 'Generisches Informationsportlet', 'en,,'),
(162, 122, 'org.apache.jetspeed.om.portlet.impl.PortletDefinitionImpl', 'javascript detection portlet', 'en,,'),
(163, 123, 'org.apache.jetspeed.om.portlet.impl.PortletDefinitionImpl', 'Help Portlet', 'en,,'),
(164, 124, 'org.apache.jetspeed.om.portlet.impl.PortletDefinitionImpl', 'AdminComponentMonitorPortlet', 'en,,'),
(165, 125, 'org.apache.jetspeed.om.portlet.impl.PortletDefinitionImpl', 'Content RSS Portlet', 'en,,'),
(166, 126, 'org.apache.jetspeed.om.portlet.impl.PortletDefinitionImpl', 'Content Partner Portlet', 'en,,'),
(167, 127, 'org.apache.jetspeed.om.portlet.impl.PortletDefinitionImpl', 'Content Provider Portlet', 'en,,'),
(168, 128, 'org.apache.jetspeed.om.portlet.impl.PortletDefinitionImpl', 'AdminUserPortlet', 'en,,'),
(169, 129, 'org.apache.jetspeed.om.portlet.impl.PortletDefinitionImpl', 'AdminIPlugPortlet', 'en,,'),
(170, 130, 'org.apache.jetspeed.om.portlet.impl.PortletDefinitionImpl', 'AdminCMSPortlet', 'en,,'),
(171, 131, 'org.apache.jetspeed.om.portlet.impl.PortletDefinitionImpl', 'AdminWMSPortlet', 'en,,'),
(172, 132, 'org.apache.jetspeed.om.portlet.impl.PortletDefinitionImpl', 'AdminStatisticsPortlet', 'en,,'),
(173, 133, 'org.apache.jetspeed.om.portlet.impl.PortletDefinitionImpl', 'AdminHomepagePortlet', 'en,,'),
(174, 134, 'org.apache.jetspeed.om.portlet.impl.PortletDefinitionImpl', 'AdminPortalProfilePortlet', 'en,,'),
(175, 135, 'org.apache.jetspeed.om.portlet.impl.PortletDefinitionImpl', 'MyPortalEditAboutInfoPortlet', 'en,,'),
(176, 136, 'org.apache.jetspeed.om.portlet.impl.PortletDefinitionImpl', 'MyPortalEditNewsletterInfoPortlet', 'en,,'),
(177, 137, 'org.apache.jetspeed.om.portlet.impl.PortletDefinitionImpl', 'MyPortalEditAdvancedInfoPortlet', 'en,,'),
(178, 138, 'org.apache.jetspeed.om.portlet.impl.PortletDefinitionImpl', 'AdminUserMigrationPortlet', 'en,,'),
(179, 139, 'org.apache.jetspeed.om.portlet.impl.PortletDefinitionImpl', 'Einfache Suche', 'en,,'),
(180, 140, 'org.apache.jetspeed.om.portlet.impl.PortletDefinitionImpl', 'Environment Teaser', 'en,,'),
(181, 141, 'org.apache.jetspeed.om.portlet.impl.PortletDefinitionImpl', 'Aktuelles', 'en,,'),
(182, 142, 'org.apache.jetspeed.om.portlet.impl.PortletDefinitionImpl', 'Weitere Meldungen', 'en,,'),
(183, 143, 'org.apache.jetspeed.om.portlet.impl.PortletDefinitionImpl', 'CMS portlet', 'en,,'),
(184, 144, 'org.apache.jetspeed.om.portlet.impl.PortletDefinitionImpl', 'Generisches Informationsportlet', 'en,,'),
(185, 145, 'org.apache.jetspeed.om.portlet.impl.PortletDefinitionImpl', 'Generisches Willkommens-Portlet', 'en,,'),
(186, 146, 'org.apache.jetspeed.om.portlet.impl.PortletDefinitionImpl', 'Service Teaser', 'en,,'),
(187, 147, 'org.apache.jetspeed.om.portlet.impl.PortletDefinitionImpl', 'Measures Teaser', 'en,,'),
(188, 148, 'org.apache.jetspeed.om.portlet.impl.PortletDefinitionImpl', 'Chronik Teaser', 'en,,'),
(189, 149, 'org.apache.jetspeed.om.portlet.impl.PortletDefinitionImpl', 'WeatherTeaser', 'en,,'),
(190, 150, 'org.apache.jetspeed.om.portlet.impl.PortletDefinitionImpl', 'Contact', 'en,,'),
(191, 151, 'org.apache.jetspeed.om.portlet.impl.PortletDefinitionImpl', 'ContactNewsletterPortlet', 'en,,'),
(192, 152, 'org.apache.jetspeed.om.portlet.impl.PortletDefinitionImpl', 'MyPortalLoginPortlet', 'en,,'),
(193, 153, 'org.apache.jetspeed.om.portlet.impl.PortletDefinitionImpl', 'MyPortalOverviewPortlet', 'en,,'),
(194, 154, 'org.apache.jetspeed.om.portlet.impl.PortletDefinitionImpl', 'MyPortalCreateAccountPortlet', 'en,,'),
(195, 155, 'org.apache.jetspeed.om.portlet.impl.PortletDefinitionImpl', 'MyPortalEditAccountPortlet', 'en,,'),
(196, 156, 'org.apache.jetspeed.om.portlet.impl.PortletDefinitionImpl', 'MyPortalPasswordForgottenPortlet', 'en,,'),
(197, 157, 'org.apache.jetspeed.om.portlet.impl.PortletDefinitionImpl', 'MyPortalPersonalizeOverviewPortlet', 'en,,'),
(198, 158, 'org.apache.jetspeed.om.portlet.impl.PortletDefinitionImpl', 'MyPortalPersonalizeHomePortlet', 'en,,'),
(199, 159, 'org.apache.jetspeed.om.portlet.impl.PortletDefinitionImpl', 'MyPortalPersonalizePartnerPortlet', 'en,,'),
(200, 160, 'org.apache.jetspeed.om.portlet.impl.PortletDefinitionImpl', 'MyPortalPersonalizeSourcesPortlet', 'en,,'),
(201, 161, 'org.apache.jetspeed.om.portlet.impl.PortletDefinitionImpl', 'MyPortalPersonalizeSearchSettingsPortlet', 'en,,'),
(202, 162, 'org.apache.jetspeed.om.portlet.impl.PortletDefinitionImpl', 'ShowPartnerPortlet', 'en,,'),
(203, 163, 'org.apache.jetspeed.om.portlet.impl.PortletDefinitionImpl', 'ShowDataSourcePortlet', 'en,,'),
(204, 164, 'org.apache.jetspeed.om.portlet.impl.PortletDefinitionImpl', 'Service', 'en,,'),
(205, 165, 'org.apache.jetspeed.om.portlet.impl.PortletDefinitionImpl', 'Service Suchergebnis', 'en,,'),
(206, 166, 'org.apache.jetspeed.om.portlet.impl.PortletDefinitionImpl', 'Messwerte', 'en,,'),
(207, 167, 'org.apache.jetspeed.om.portlet.impl.PortletDefinitionImpl', 'Messwerte Suchergebnis', 'en,,'),
(208, 168, 'org.apache.jetspeed.om.portlet.impl.PortletDefinitionImpl', 'Themen', 'en,,'),
(209, 169, 'org.apache.jetspeed.om.portlet.impl.PortletDefinitionImpl', 'Themen Suchergebnis', 'en,,'),
(210, 170, 'org.apache.jetspeed.om.portlet.impl.PortletDefinitionImpl', 'KartenLinkSave', 'en,,'),
(211, 171, 'org.apache.jetspeed.om.portlet.impl.PortletDefinitionImpl', 'Karten', 'en,,'),
(212, 172, 'org.apache.jetspeed.om.portlet.impl.PortletDefinitionImpl', 'Chronik', 'en,,'),
(213, 173, 'org.apache.jetspeed.om.portlet.impl.PortletDefinitionImpl', 'Chronik Suchergebnis', 'en,,'),
(214, 174, 'org.apache.jetspeed.om.portlet.impl.PortletDefinitionImpl', 'Sucheinstellungen', 'en,,'),
(215, 175, 'org.apache.jetspeed.om.portlet.impl.PortletDefinitionImpl', 'SearchSavePortlet', 'en,,'),
(216, 176, 'org.apache.jetspeed.om.portlet.impl.PortletDefinitionImpl', 'Suchhistorie', 'en,,'),
(217, 177, 'org.apache.jetspeed.om.portlet.impl.PortletDefinitionImpl', 'Similar Terms', 'en,,'),
(218, 178, 'org.apache.jetspeed.om.portlet.impl.PortletDefinitionImpl', 'Suchergebnis', 'en,,'),
(219, 179, 'org.apache.jetspeed.om.portlet.impl.PortletDefinitionImpl', 'Detailinformation', 'en,,'),
(220, 180, 'org.apache.jetspeed.om.portlet.impl.PortletDefinitionImpl', 'KatalogSucheHierarchiebaum', 'en,,'),
(221, 181, 'org.apache.jetspeed.om.portlet.impl.PortletDefinitionImpl', 'KatalogSucheThesaurus', 'en,,'),
(222, 182, 'org.apache.jetspeed.om.portlet.impl.PortletDefinitionImpl', 'KatalogSucheThesaurusErgebnisse', 'en,,'),
(223, 183, 'org.apache.jetspeed.om.portlet.impl.PortletDefinitionImpl', 'ErweiterteSucheUmwThemaSuchbegriffe', 'en,,'),
(224, 184, 'org.apache.jetspeed.om.portlet.impl.PortletDefinitionImpl', 'ErweiterteSucheUmwThemaFachwoerterbuch', 'en,,'),
(225, 185, 'org.apache.jetspeed.om.portlet.impl.PortletDefinitionImpl', 'ErweiterteSucheUmwRaumGeothesaurus', 'en,,'),
(226, 186, 'org.apache.jetspeed.om.portlet.impl.PortletDefinitionImpl', 'ErweiterteSucheUmwRaumKarte', 'en,,'),
(227, 187, 'org.apache.jetspeed.om.portlet.impl.PortletDefinitionImpl', 'ErweiterteSucheUmwZeitEinschraenkung', 'en,,'),
(228, 188, 'org.apache.jetspeed.om.portlet.impl.PortletDefinitionImpl', 'ErweiterteSucheUmwZeitChronik', 'en,,'),
(229, 189, 'org.apache.jetspeed.om.portlet.impl.PortletDefinitionImpl', 'ErweiterteSucheUmwSuchbereichInhalte', 'en,,'),
(230, 190, 'org.apache.jetspeed.om.portlet.impl.PortletDefinitionImpl', 'ErweiterteSucheUmwSuchbereichDatenquellen', 'en,,'),
(231, 191, 'org.apache.jetspeed.om.portlet.impl.PortletDefinitionImpl', 'ErweiterteSucheUmwSuchbereichBundLaender', 'en,,'),
(232, 192, 'org.apache.jetspeed.om.portlet.impl.PortletDefinitionImpl', 'ErweiterteSucheAdrThemaSuchbegriffe', 'en,,'),
(233, 193, 'org.apache.jetspeed.om.portlet.impl.PortletDefinitionImpl', 'ErweiterteSucheAdrThemaSuchmodus', 'en,,'),
(234, 194, 'org.apache.jetspeed.om.portlet.impl.PortletDefinitionImpl', 'ErweiterteSucheAdrRaumRaumbezug', 'en,,'),
(235, 195, 'org.apache.jetspeed.om.portlet.impl.PortletDefinitionImpl', 'ErweiterteSucheAdrSuchbereichBundLaender', 'en,,'),
(236, 196, 'org.apache.jetspeed.om.portlet.impl.PortletDefinitionImpl', 'ErweiterteSucheForschungThemaSuchbegriffe', 'en,,'),
(237, 197, 'org.apache.jetspeed.om.portlet.impl.PortletDefinitionImpl', 'ErweiterteSucheForschungThemaAttribute', 'en,,'),
(238, 198, 'org.apache.jetspeed.om.portlet.impl.PortletDefinitionImpl', 'ErweiterteSucheRechtThemaSuchbegriffe', 'en,,'),
(239, 199, 'org.apache.jetspeed.om.portlet.impl.PortletDefinitionImpl', 'ErweiterteSucheRechtThemaFachwoerterbuch', 'en,,'),
(240, 200, 'org.apache.jetspeed.om.portlet.impl.PortletDefinitionImpl', 'ErweiterteSucheRechtSuchbereichBundLaender', 'en,,'),
(241, 201, 'org.apache.jetspeed.om.portlet.impl.PortletDefinitionImpl', 'Sprachauswahl', 'en,,'),
(242, 202, 'org.apache.jetspeed.om.portlet.impl.PortletDefinitionImpl', 'Features Information', 'en,,'),
(243, 21, 'org.apache.jetspeed.om.portlet.impl.PortletApplicationDefinitionImpl', 'PortalU Application', ',,');

-- --------------------------------------------------------

--
-- Tabellenstruktur für Tabelle `mediatype_to_capability`
--

DROP TABLE IF EXISTS `mediatype_to_capability`;
CREATE TABLE IF NOT EXISTS `mediatype_to_capability` (
  `MEDIATYPE_ID` int(11) NOT NULL,
  `CAPABILITY_ID` int(11) NOT NULL,
  PRIMARY KEY (`MEDIATYPE_ID`,`CAPABILITY_ID`)
) ENGINE=InnoDB DEFAULT CHARSET=utf8 COLLATE=utf8_unicode_ci;

--
-- Daten für Tabelle `mediatype_to_capability`
--


-- --------------------------------------------------------

--
-- Tabellenstruktur für Tabelle `mediatype_to_mimetype`
--

DROP TABLE IF EXISTS `mediatype_to_mimetype`;
CREATE TABLE IF NOT EXISTS `mediatype_to_mimetype` (
  `MEDIATYPE_ID` int(11) NOT NULL,
  `MIMETYPE_ID` int(11) NOT NULL,
  PRIMARY KEY (`MEDIATYPE_ID`,`MIMETYPE_ID`)
) ENGINE=InnoDB DEFAULT CHARSET=utf8 COLLATE=utf8_unicode_ci;

--
-- Daten für Tabelle `mediatype_to_mimetype`
--

INSERT INTO `mediatype_to_mimetype` (`MEDIATYPE_ID`, `MIMETYPE_ID`) VALUES
(1, 2),
(2, 4),
(3, 3),
(4, 1),
(5, 6);

-- --------------------------------------------------------

--
-- Tabellenstruktur für Tabelle `media_type`
--

DROP TABLE IF EXISTS `media_type`;
CREATE TABLE IF NOT EXISTS `media_type` (
  `MEDIATYPE_ID` int(11) NOT NULL,
  `NAME` varchar(80) COLLATE utf8_unicode_ci NOT NULL,
  `CHARACTER_SET` varchar(40) COLLATE utf8_unicode_ci DEFAULT NULL,
  `TITLE` varchar(80) COLLATE utf8_unicode_ci DEFAULT NULL,
  `DESCRIPTION` mediumtext COLLATE utf8_unicode_ci,
  PRIMARY KEY (`MEDIATYPE_ID`)
) ENGINE=InnoDB DEFAULT CHARSET=utf8 COLLATE=utf8_unicode_ci;

--
-- Daten für Tabelle `media_type`
--

INSERT INTO `media_type` (`MEDIATYPE_ID`, `NAME`, `CHARACTER_SET`, `TITLE`, `DESCRIPTION`) VALUES
(1, 'html', 'UTF-8', 'HTML', 'Rich HTML for HTML 4.0 compliants browsers'),
(2, 'vxml', 'UTF-8', 'VoiceXML', 'Format suitable for use with an audio VoiceXML server'),
(3, 'wml', 'UTF-8', 'WML', 'Format for mobile phones and PDAs compatible with WML 1.1'),
(4, 'xhtml-basic', 'UTF-8', 'XHTML', 'XHTML Basic'),
(5, 'xml', '', 'XML', 'XML 1.0');

-- --------------------------------------------------------

--
-- Tabellenstruktur für Tabelle `mimetype`
--

DROP TABLE IF EXISTS `mimetype`;
CREATE TABLE IF NOT EXISTS `mimetype` (
  `MIMETYPE_ID` int(11) NOT NULL,
  `NAME` varchar(80) COLLATE utf8_unicode_ci NOT NULL,
  PRIMARY KEY (`MIMETYPE_ID`)
) ENGINE=InnoDB DEFAULT CHARSET=utf8 COLLATE=utf8_unicode_ci;

--
-- Daten für Tabelle `mimetype`
--

INSERT INTO `mimetype` (`MIMETYPE_ID`, `NAME`) VALUES
(1, 'application/xhtml+xml'),
(2, 'text/html'),
(3, 'text/vnd.wap.wml'),
(4, 'text/vxml'),
(5, 'text/xhtml'),
(6, 'text/xml');

-- --------------------------------------------------------

--
-- Tabellenstruktur für Tabelle `named_parameter`
--

DROP TABLE IF EXISTS `named_parameter`;
CREATE TABLE IF NOT EXISTS `named_parameter` (
  `ID` int(11) NOT NULL,
  `OWNER_ID` int(11) NOT NULL,
  `NAME` varchar(150) COLLATE utf8_unicode_ci NOT NULL,
  PRIMARY KEY (`ID`)
) ENGINE=InnoDB DEFAULT CHARSET=utf8 COLLATE=utf8_unicode_ci;

--
-- Daten für Tabelle `named_parameter`
--


-- --------------------------------------------------------

--
-- Tabellenstruktur für Tabelle `ojb_dlist`
--

DROP TABLE IF EXISTS `ojb_dlist`;
CREATE TABLE IF NOT EXISTS `ojb_dlist` (
  `ID` int(11) NOT NULL,
  `SIZE_` int(11) DEFAULT NULL,
  PRIMARY KEY (`ID`)
) ENGINE=InnoDB DEFAULT CHARSET=utf8 COLLATE=utf8_unicode_ci;

--
-- Daten für Tabelle `ojb_dlist`
--


-- --------------------------------------------------------

--
-- Tabellenstruktur für Tabelle `ojb_dlist_entries`
--

DROP TABLE IF EXISTS `ojb_dlist_entries`;
CREATE TABLE IF NOT EXISTS `ojb_dlist_entries` (
  `ID` int(11) NOT NULL,
  `DLIST_ID` int(11) DEFAULT NULL,
  `POSITION_` int(11) DEFAULT NULL,
  `OID_` mediumblob,
  PRIMARY KEY (`ID`)
) ENGINE=InnoDB DEFAULT CHARSET=utf8 COLLATE=utf8_unicode_ci;

--
-- Daten für Tabelle `ojb_dlist_entries`
--


-- --------------------------------------------------------

--
-- Tabellenstruktur für Tabelle `ojb_dmap`
--

DROP TABLE IF EXISTS `ojb_dmap`;
CREATE TABLE IF NOT EXISTS `ojb_dmap` (
  `ID` int(11) NOT NULL,
  `SIZE_` int(11) DEFAULT NULL,
  PRIMARY KEY (`ID`)
) ENGINE=InnoDB DEFAULT CHARSET=utf8 COLLATE=utf8_unicode_ci;

--
-- Daten für Tabelle `ojb_dmap`
--


-- --------------------------------------------------------

--
-- Tabellenstruktur für Tabelle `ojb_dset`
--

DROP TABLE IF EXISTS `ojb_dset`;
CREATE TABLE IF NOT EXISTS `ojb_dset` (
  `ID` int(11) NOT NULL,
  `SIZE_` int(11) DEFAULT NULL,
  PRIMARY KEY (`ID`)
) ENGINE=InnoDB DEFAULT CHARSET=utf8 COLLATE=utf8_unicode_ci;

--
-- Daten für Tabelle `ojb_dset`
--


-- --------------------------------------------------------

--
-- Tabellenstruktur für Tabelle `ojb_dset_entries`
--

DROP TABLE IF EXISTS `ojb_dset_entries`;
CREATE TABLE IF NOT EXISTS `ojb_dset_entries` (
  `ID` int(11) NOT NULL,
  `DLIST_ID` int(11) DEFAULT NULL,
  `POSITION_` int(11) DEFAULT NULL,
  `OID_` mediumblob,
  PRIMARY KEY (`ID`)
) ENGINE=InnoDB DEFAULT CHARSET=utf8 COLLATE=utf8_unicode_ci;

--
-- Daten für Tabelle `ojb_dset_entries`
--


-- --------------------------------------------------------

--
-- Tabellenstruktur für Tabelle `ojb_hl_seq`
--

DROP TABLE IF EXISTS `ojb_hl_seq`;
CREATE TABLE IF NOT EXISTS `ojb_hl_seq` (
  `TABLENAME` varchar(175) COLLATE utf8_unicode_ci NOT NULL,
  `FIELDNAME` varchar(70) COLLATE utf8_unicode_ci NOT NULL,
  `MAX_KEY` int(11) DEFAULT NULL,
  `GRAB_SIZE` int(11) DEFAULT NULL,
  `VERSION` int(11) DEFAULT NULL,
  PRIMARY KEY (`TABLENAME`,`FIELDNAME`)
) ENGINE=InnoDB DEFAULT CHARSET=utf8 COLLATE=utf8_unicode_ci;

--
-- Daten für Tabelle `ojb_hl_seq`
--

INSERT INTO `ojb_hl_seq` (`TABLENAME`, `FIELDNAME`, `MAX_KEY`, `GRAB_SIZE`, `VERSION`) VALUES
('SEQ_CAPABILITY', 'deprecatedColumn', 60, 20, 3),
('SEQ_CLIENT', 'deprecatedColumn', 20, 20, 1),
('SEQ_FOLDER', 'deprecatedColumn', 780, 20, 39),
('SEQ_FOLDER_CONSTRAINT', 'deprecatedColumn', 20, 20, 1),
('SEQ_FOLDER_CONSTRAINTS_REF', 'deprecatedColumn', 20, 20, 1),
('SEQ_FOLDER_MENU', 'deprecatedColumn', 80, 20, 4),
('SEQ_FOLDER_METADATA', 'deprecatedColumn', 20, 20, 1),
('SEQ_FRAGMENT', 'deprecatedColumn', 7300, 20, 365),
('SEQ_FRAGMENT_CONSTRAINT', 'deprecatedColumn', 20, 20, 1),
('SEQ_FRAGMENT_CONSTRAINTS_REF', 'deprecatedColumn', 20, 20, 1),
('SEQ_FRAGMENT_PREF', 'deprecatedColumn', 7300, 20, 365),
('SEQ_FRAGMENT_PREF_VALUE', 'deprecatedColumn', 7300, 20, 365),
('SEQ_JETSPEED_SERVICE', 'deprecatedColumn', 60, 20, 3),
('SEQ_LANGUAGE', 'deprecatedColumn', 260, 20, 13),
('SEQ_LINK', 'deprecatedColumn', 20, 20, 1),
('SEQ_LOCALIZED_DESCRIPTION', 'deprecatedColumn', 360, 20, 18),
('SEQ_LOCALIZED_DISPLAY_NAME', 'deprecatedColumn', 260, 20, 13),
('SEQ_MEDIA_TYPE', 'deprecatedColumn', 20, 20, 1),
('SEQ_MIMETYPE', 'deprecatedColumn', 20, 20, 1),
('SEQ_PA_METADATA_FIELDS', 'deprecatedColumn', 40, 20, 2),
('SEQ_PAGE', 'deprecatedColumn', 840, 20, 42),
('SEQ_PAGE_CONSTRAINTS_REF', 'deprecatedColumn', 860, 20, 43),
('SEQ_PAGE_METADATA', 'deprecatedColumn', 780, 20, 39),
('SEQ_PAGE_SEC_CONSTRAINT_DEF', 'deprecatedColumn', 20, 20, 1),
('SEQ_PAGE_SEC_CONSTRAINTS_DEF', 'deprecatedColumn', 20, 20, 1),
('SEQ_PAGE_SEC_CONSTRAINTS_REF', 'deprecatedColumn', 20, 20, 1),
('SEQ_PAGE_SECURITY', 'deprecatedColumn', 20, 20, 1),
('SEQ_PARAMETER', 'deprecatedColumn', 300, 20, 15),
('SEQ_PD_METADATA_FIELDS', 'deprecatedColumn', 20, 20, 1),
('SEQ_PORTLET_APPLICATION', 'deprecatedColumn', 40, 20, 2),
('SEQ_PORTLET_DEFINITION', 'deprecatedColumn', 220, 20, 11),
('SEQ_PORTLET_PREFERENCE', 'deprecatedColumn', 120, 20, 6),
('SEQ_PORTLET_PREFERENCE_VALUE', 'deprecatedColumn', 120, 20, 6),
('SEQ_PORTLET_SUPPORTS', 'deprecatedColumn', 220, 20, 11),
('SEQ_RULE_CRITERION', 'deprecatedColumn', 40, 20, 2),
('SEQ_SECURITY_ATTRIBUTE', 'deprecatedColumn', 9960, 20, 498),
('SEQ_SECURITY_CREDENTIAL', 'deprecatedColumn', 780, 20, 39),
('SEQ_SECURITY_DOMAIN', 'deprecatedColumn', 20, 20, 1),
('SEQ_SECURITY_PERMISSION', 'deprecatedColumn', 60, 20, 3),
('SEQ_SECURITY_PRINCIPAL', 'deprecatedColumn', 800, 20, 40);

-- --------------------------------------------------------

--
-- Tabellenstruktur für Tabelle `ojb_lockentry`
--

DROP TABLE IF EXISTS `ojb_lockentry`;
CREATE TABLE IF NOT EXISTS `ojb_lockentry` (
  `OID_` varchar(250) COLLATE utf8_unicode_ci NOT NULL,
  `TX_ID` varchar(50) COLLATE utf8_unicode_ci NOT NULL,
  `TIMESTAMP_` datetime DEFAULT NULL,
  `ISOLATIONLEVEL` int(11) DEFAULT NULL,
  `LOCKTYPE` int(11) DEFAULT NULL,
  PRIMARY KEY (`OID_`,`TX_ID`)
) ENGINE=InnoDB DEFAULT CHARSET=utf8 COLLATE=utf8_unicode_ci;

--
-- Daten für Tabelle `ojb_lockentry`
--


-- --------------------------------------------------------

--
-- Tabellenstruktur für Tabelle `ojb_nrm`
--

DROP TABLE IF EXISTS `ojb_nrm`;
CREATE TABLE IF NOT EXISTS `ojb_nrm` (
  `NAME` varchar(250) COLLATE utf8_unicode_ci NOT NULL,
  `OID_` mediumblob,
  PRIMARY KEY (`NAME`)
) ENGINE=InnoDB DEFAULT CHARSET=utf8 COLLATE=utf8_unicode_ci;

--
-- Daten für Tabelle `ojb_nrm`
--


-- --------------------------------------------------------

--
-- Tabellenstruktur für Tabelle `page`
--

DROP TABLE IF EXISTS `page`;
CREATE TABLE IF NOT EXISTS `page` (
  `PAGE_ID` int(11) NOT NULL,
  `CLASS_NAME` varchar(100) COLLATE utf8_unicode_ci NOT NULL,
  `PARENT_ID` int(11) NOT NULL,
  `PATH` varchar(240) COLLATE utf8_unicode_ci NOT NULL,
  `CONTENT_TYPE` varchar(40) COLLATE utf8_unicode_ci DEFAULT NULL,
  `IS_INHERITABLE` smallint(6) DEFAULT NULL,
  `NAME` varchar(80) COLLATE utf8_unicode_ci NOT NULL,
  `VERSION` varchar(40) COLLATE utf8_unicode_ci DEFAULT NULL,
  `TITLE` varchar(100) COLLATE utf8_unicode_ci DEFAULT NULL,
  `SHORT_TITLE` varchar(40) COLLATE utf8_unicode_ci DEFAULT NULL,
  `IS_HIDDEN` smallint(6) DEFAULT NULL,
  `SKIN` varchar(80) COLLATE utf8_unicode_ci DEFAULT NULL,
  `DEFAULT_LAYOUT_DECORATOR` varchar(80) COLLATE utf8_unicode_ci DEFAULT NULL,
  `DEFAULT_PORTLET_DECORATOR` varchar(80) COLLATE utf8_unicode_ci DEFAULT NULL,
  `SUBSITE` varchar(40) COLLATE utf8_unicode_ci DEFAULT NULL,
  `USER_PRINCIPAL` varchar(40) COLLATE utf8_unicode_ci DEFAULT NULL,
  `ROLE_PRINCIPAL` varchar(40) COLLATE utf8_unicode_ci DEFAULT NULL,
  `GROUP_PRINCIPAL` varchar(40) COLLATE utf8_unicode_ci DEFAULT NULL,
  `MEDIATYPE` varchar(15) COLLATE utf8_unicode_ci DEFAULT NULL,
  `LOCALE` varchar(20) COLLATE utf8_unicode_ci DEFAULT NULL,
  `EXT_ATTR_NAME` varchar(15) COLLATE utf8_unicode_ci DEFAULT NULL,
  `EXT_ATTR_VALUE` varchar(40) COLLATE utf8_unicode_ci DEFAULT NULL,
  `OWNER_PRINCIPAL` varchar(40) COLLATE utf8_unicode_ci DEFAULT NULL,
  PRIMARY KEY (`PAGE_ID`),
  UNIQUE KEY `UN_PAGE_1` (`PATH`),
  KEY `IX_PAGE_1` (`PARENT_ID`)
) ENGINE=InnoDB DEFAULT CHARSET=utf8 COLLATE=utf8_unicode_ci;

--
-- Daten für Tabelle `page`
--

INSERT INTO `page` (`PAGE_ID`, `CLASS_NAME`, `PARENT_ID`, `PATH`, `CONTENT_TYPE`, `IS_INHERITABLE`, `NAME`, `VERSION`, `TITLE`, `SHORT_TITLE`, `IS_HIDDEN`, `SKIN`, `DEFAULT_LAYOUT_DECORATOR`, `DEFAULT_PORTLET_DECORATOR`, `SUBSITE`, `USER_PRINCIPAL`, `ROLE_PRINCIPAL`, `GROUP_PRINCIPAL`, `MEDIATYPE`, `LOCALE`, `EXT_ATTR_NAME`, `EXT_ATTR_VALUE`, `OWNER_PRINCIPAL`) VALUES
(1, 'org.apache.jetspeed.om.page.impl.PageImpl', 1, '/default-page.psml', NULL, NULL, 'default-page.psml', NULL, 'ingrid.page.home.tooltip', 'ingrid.page.home', 0, 'orange', 'ingrid', 'ingrid-teaser', NULL, NULL, NULL, NULL, NULL, NULL, NULL, NULL, NULL),
(2, 'org.apache.jetspeed.om.page.impl.PageImpl', 1, '/detect-js.psml', NULL, NULL, 'detect-js.psml', NULL, 'Detect JavaScript', 'Detect JavaScript', 1, 'orange', 'ingrid-clear', 'clear', NULL, NULL, NULL, NULL, NULL, NULL, NULL, NULL, NULL),
(3, 'org.apache.jetspeed.om.page.impl.PageImpl', 1, '/disclaimer.psml', NULL, NULL, 'disclaimer.psml', NULL, 'ingrid.page.disclaimer.tooltip', 'ingrid.page.disclaimer', 0, 'orange', 'ingrid', 'ingrid-teaser', NULL, NULL, NULL, NULL, NULL, NULL, NULL, NULL, NULL),
(4, 'org.apache.jetspeed.om.page.impl.PageImpl', 1, '/help.psml', NULL, NULL, 'help.psml', NULL, 'ingrid.page.help.link.tooltip', 'ingrid.page.help', 0, 'orange', 'ingrid-help', 'clear', NULL, NULL, NULL, NULL, NULL, NULL, NULL, NULL, NULL),
(5, 'org.apache.jetspeed.om.page.impl.PageImpl', 1, '/main-about-data-source.psml', NULL, NULL, 'main-about-data-source.psml', NULL, 'ingrid.page.data.source.tooltip', 'ingrid.page.data.source', 0, 'orange', 'ingrid', 'ingrid-teaser', NULL, NULL, NULL, NULL, NULL, NULL, NULL, NULL, NULL),
(6, 'org.apache.jetspeed.om.page.impl.PageImpl', 1, '/main-about-partner.psml', NULL, NULL, 'main-about-partner.psml', NULL, 'About PortalU', 'About PortalU', 0, 'orange', 'ingrid', 'ingrid-teaser', NULL, NULL, NULL, NULL, NULL, NULL, NULL, NULL, NULL),
(7, 'org.apache.jetspeed.om.page.impl.PageImpl', 1, '/main-about.psml', NULL, NULL, 'main-about.psml', NULL, 'ingrid.page.about.tooltip', 'ingrid.page.about', 0, 'orange', 'ingrid', 'ingrid-teaser', NULL, NULL, NULL, NULL, NULL, NULL, NULL, NULL, NULL),
(8, 'org.apache.jetspeed.om.page.impl.PageImpl', 1, '/main-chronicle.psml', NULL, NULL, 'main-chronicle.psml', NULL, 'ingrid.page.chronicle.tooltip', 'ingrid.page.chronicle', 0, 'orange', 'ingrid', 'ingrid-teaser', NULL, NULL, NULL, NULL, NULL, NULL, NULL, NULL, NULL),
(9, 'org.apache.jetspeed.om.page.impl.PageImpl', 1, '/main-environment.psml', NULL, NULL, 'main-environment.psml', NULL, 'ingrid.page.envtopics.tooltip', 'ingrid.page.envtopics', 0, 'orange', 'ingrid', 'ingrid-teaser', NULL, NULL, NULL, NULL, NULL, NULL, NULL, NULL, NULL),
(10, 'org.apache.jetspeed.om.page.impl.PageImpl', 1, '/main-features.psml', NULL, NULL, 'main-features.psml', NULL, 'ingrid.page.about.tooltip', 'ingrid.page.about', 0, 'orange', 'ingrid', 'ingrid-teaser', NULL, NULL, NULL, NULL, NULL, NULL, NULL, NULL, NULL),
(11, 'org.apache.jetspeed.om.page.impl.PageImpl', 1, '/main-maps.psml', NULL, NULL, 'main-maps.psml', NULL, 'ingrid.page.maps.tooltip', 'ingrid.page.maps', 0, 'orange', 'ingrid-plain', 'clear', NULL, NULL, NULL, NULL, NULL, NULL, NULL, NULL, NULL),
(12, 'org.apache.jetspeed.om.page.impl.PageImpl', 1, '/main-measures.psml', NULL, NULL, 'main-measures.psml', NULL, 'ingrid.page.measures.tooltip', 'ingrid.page.measures', 0, 'orange', 'ingrid', 'ingrid-teaser', NULL, NULL, NULL, NULL, NULL, NULL, NULL, NULL, NULL),
(13, 'org.apache.jetspeed.om.page.impl.PageImpl', 1, '/main-search.psml', NULL, NULL, 'main-search.psml', NULL, 'ingrid.page.search.tooltip', 'ingrid.page.search.free', 0, 'orange', 'ingrid', 'ingrid-teaser', NULL, NULL, NULL, NULL, NULL, NULL, NULL, NULL, NULL),
(14, 'org.apache.jetspeed.om.page.impl.PageImpl', 1, '/main-service.psml', NULL, NULL, 'main-service.psml', NULL, 'ingrid.page.service.tooltip', 'ingrid.page.service', 0, 'orange', 'ingrid', 'ingrid-teaser', NULL, NULL, NULL, NULL, NULL, NULL, NULL, NULL, NULL),
(15, 'org.apache.jetspeed.om.page.impl.PageImpl', 1, '/myportal-create-account.psml', NULL, NULL, 'myportal-create-account.psml', NULL, 'Login', 'Login', 0, 'orange', 'ingrid', 'ingrid-teaser', NULL, NULL, NULL, NULL, NULL, NULL, NULL, NULL, NULL),
(16, 'org.apache.jetspeed.om.page.impl.PageImpl', 1, '/myportal-password-forgotten.psml', NULL, NULL, 'myportal-password-forgotten.psml', NULL, 'Login', 'Login', 0, 'orange', 'ingrid', 'ingrid-teaser', NULL, NULL, NULL, NULL, NULL, NULL, NULL, NULL, NULL),
(17, 'org.apache.jetspeed.om.page.impl.PageImpl', 1, '/privacy.psml', NULL, NULL, 'privacy.psml', NULL, 'ingrid.page.privacy.tooltip', 'ingrid.page.privacy', 0, 'orange', 'ingrid', 'ingrid-teaser', NULL, NULL, NULL, NULL, NULL, NULL, NULL, NULL, NULL),
(18, 'org.apache.jetspeed.om.page.impl.PageImpl', 1, '/rss-news.psml', NULL, NULL, 'rss-news.psml', NULL, 'Home', 'Home', 0, 'orange', 'ingrid', 'ingrid-teaser', NULL, NULL, NULL, NULL, NULL, NULL, NULL, NULL, NULL),
(19, 'org.apache.jetspeed.om.page.impl.PageImpl', 1, '/search-detail.psml', NULL, NULL, 'search-detail.psml', NULL, 'Detail Information', 'Detail Information', 0, 'orange', 'ingrid-clear', 'clear', NULL, NULL, NULL, NULL, NULL, NULL, NULL, NULL, NULL),
(20, 'org.apache.jetspeed.om.page.impl.PageImpl', 1, '/search-history.psml', NULL, NULL, 'search-history.psml', NULL, 'Search History', 'Search History', 0, 'orange', 'ingrid', 'ingrid-teaser', NULL, NULL, NULL, NULL, NULL, NULL, NULL, NULL, NULL),
(21, 'org.apache.jetspeed.om.page.impl.PageImpl', 1, '/search-result-js.psml', NULL, NULL, 'search-result-js.psml', NULL, 'Suchresult', 'Suchresult', 0, 'orange', 'ingrid-clear', 'clear', NULL, NULL, NULL, NULL, NULL, NULL, NULL, NULL, NULL),
(22, 'org.apache.jetspeed.om.page.impl.PageImpl', 1, '/search-save.psml', NULL, NULL, 'search-save.psml', NULL, 'Save Search', 'Save Search', 0, 'orange', 'ingrid', 'ingrid-teaser', NULL, NULL, NULL, NULL, NULL, NULL, NULL, NULL, NULL),
(23, 'org.apache.jetspeed.om.page.impl.PageImpl', 1, '/search-settings.psml', NULL, NULL, 'search-settings.psml', NULL, 'Search Settings', 'Search Settings', 0, 'orange', 'ingrid', 'ingrid-teaser', NULL, NULL, NULL, NULL, NULL, NULL, NULL, NULL, NULL),
(24, 'org.apache.jetspeed.om.page.impl.PageImpl', 1, '/service-contact-newsletter.psml', NULL, NULL, 'service-contact-newsletter.psml', NULL, 'ingrid.page.newsletter.tooltip', 'ingrid.page.newsletter', 0, 'orange', 'ingrid', 'ingrid-teaser', NULL, NULL, NULL, NULL, NULL, NULL, NULL, NULL, NULL),
(25, 'org.apache.jetspeed.om.page.impl.PageImpl', 1, '/service-contact.psml', NULL, NULL, 'service-contact.psml', NULL, 'ingrid.page.contact.tooltip', 'ingrid.page.contact', 0, 'orange', 'ingrid', 'ingrid-teaser', NULL, NULL, NULL, NULL, NULL, NULL, NULL, NULL, NULL),
(26, 'org.apache.jetspeed.om.page.impl.PageImpl', 1, '/service-myportal.psml', NULL, NULL, 'service-myportal.psml', NULL, 'ingrid.page.myportal.tooltip', 'ingrid.page.myportal', 0, 'orange', 'ingrid', 'ingrid-teaser', NULL, NULL, NULL, NULL, NULL, NULL, NULL, NULL, NULL),
(27, 'org.apache.jetspeed.om.page.impl.PageImpl', 1, '/service-sitemap.psml', NULL, NULL, 'service-sitemap.psml', NULL, 'ingrid.page.sitemap.tooltip', 'ingrid.page.sitemap', 0, 'orange', 'ingrid', 'clear', NULL, NULL, NULL, NULL, NULL, NULL, NULL, NULL, NULL),
(28, 'org.apache.jetspeed.om.page.impl.PageImpl', 3, '/_role/user/default-page.psml', NULL, NULL, 'default-page.psml', NULL, 'ingrid.page.home.tooltip', 'ingrid.page.home', 0, 'orange', 'ingrid', 'ingrid-teaser', NULL, NULL, 'user', NULL, NULL, NULL, NULL, NULL, NULL),
(29, 'org.apache.jetspeed.om.page.impl.PageImpl', 3, '/_role/user/myportal-edit-account.psml', NULL, NULL, 'myportal-edit-account.psml', NULL, 'Login', 'Login', 0, 'orange', 'ingrid', 'ingrid-teaser', NULL, NULL, 'user', NULL, NULL, NULL, NULL, NULL, NULL),
(30, 'org.apache.jetspeed.om.page.impl.PageImpl', 3, '/_role/user/myportal-personalize.psml', NULL, NULL, 'myportal-personalize.psml', NULL, 'Login', 'Login', 0, 'orange', 'ingrid', 'ingrid-teaser', NULL, NULL, 'user', NULL, NULL, NULL, NULL, NULL, NULL),
(31, 'org.apache.jetspeed.om.page.impl.PageImpl', 3, '/_role/user/service-myportal.psml', NULL, NULL, 'service-myportal.psml', NULL, 'ingrid.page.myportal', 'ingrid.page.myportal', 0, 'orange', 'ingrid', 'ingrid-teaser', NULL, NULL, 'user', NULL, NULL, NULL, NULL, NULL, NULL),
(728, 'org.apache.jetspeed.om.page.impl.PageImpl', 701, '/_user/template/default-page.psml', NULL, NULL, 'default-page.psml', NULL, 'ingrid.page.home.tooltip', 'ingrid.page.home', 0, 'orange', 'ingrid', 'ingrid-teaser', NULL, 'template', NULL, NULL, NULL, NULL, NULL, NULL, NULL),
(798, 'org.apache.jetspeed.om.page.impl.PageImpl', 771, '/administration/admin-cms.psml', NULL, NULL, 'admin-cms.psml', NULL, 'ingrid.page.admin.cms', 'ingrid.page.admin.cms', 0, 'orange', 'ingrid', 'ingrid-teaser', NULL, NULL, NULL, NULL, NULL, NULL, NULL, NULL, NULL),
(799, 'org.apache.jetspeed.om.page.impl.PageImpl', 771, '/administration/admin-component-monitor.psml', NULL, NULL, 'admin-component-monitor.psml', NULL, 'ingrid.page.admin.monitor', 'ingrid.page.admin.monitor', 0, 'orange', 'ingrid', 'ingrid-teaser', NULL, NULL, NULL, NULL, NULL, NULL, NULL, NULL, NULL),
(800, 'org.apache.jetspeed.om.page.impl.PageImpl', 771, '/administration/admin-content-partner.psml', NULL, NULL, 'admin-content-partner.psml', NULL, 'ingrid.page.admin.partner', 'ingrid.page.admin.partner', 0, 'orange', 'ingrid', 'ingrid-teaser', NULL, NULL, NULL, NULL, NULL, NULL, NULL, NULL, NULL),
(801, 'org.apache.jetspeed.om.page.impl.PageImpl', 771, '/administration/admin-content-provider.psml', NULL, NULL, 'admin-content-provider.psml', NULL, 'ingrid.page.admin.provider', 'ingrid.page.admin.provider', 0, 'orange', 'ingrid', 'ingrid-teaser', NULL, NULL, NULL, NULL, NULL, NULL, NULL, NULL, NULL),
(802, 'org.apache.jetspeed.om.page.impl.PageImpl', 771, '/administration/admin-content-rss.psml', NULL, NULL, 'admin-content-rss.psml', NULL, 'ingrid.page.admin.rss', 'ingrid.page.admin.rss', 0, 'orange', 'ingrid', 'ingrid-teaser', NULL, NULL, NULL, NULL, NULL, NULL, NULL, NULL, NULL),
(803, 'org.apache.jetspeed.om.page.impl.PageImpl', 771, '/administration/admin-homepage.psml', NULL, NULL, 'admin-homepage.psml', NULL, 'ingrid.page.admin.homepage', 'ingrid.page.admin.homepage', 0, 'orange', 'ingrid', 'ingrid-teaser', NULL, NULL, NULL, NULL, NULL, NULL, NULL, NULL, NULL),
(804, 'org.apache.jetspeed.om.page.impl.PageImpl', 771, '/administration/admin-iplugs.psml', NULL, NULL, 'admin-iplugs.psml', NULL, 'ingrid.page.admin.iplugs', 'ingrid.page.admin.iplugs', 0, 'orange', 'ingrid', 'ingrid-teaser', NULL, NULL, NULL, NULL, NULL, NULL, NULL, NULL, NULL),
(805, 'org.apache.jetspeed.om.page.impl.PageImpl', 771, '/administration/admin-portal-profile.psml', NULL, NULL, 'admin-portal-profile.psml', NULL, 'ingrid.page.admin.profile', 'ingrid.page.admin.profile', 0, 'orange', 'ingrid', 'ingrid-teaser', NULL, NULL, NULL, NULL, NULL, NULL, NULL, NULL, NULL),
(806, 'org.apache.jetspeed.om.page.impl.PageImpl', 771, '/administration/admin-statistics.psml', NULL, NULL, 'admin-statistics.psml', NULL, 'ingrid.page.admin.statistics', 'ingrid.page.admin.statistics', 0, 'orange', 'ingrid', 'ingrid-teaser', NULL, NULL, NULL, NULL, NULL, NULL, NULL, NULL, NULL),
(807, 'org.apache.jetspeed.om.page.impl.PageImpl', 771, '/administration/admin-usermanagement.psml', NULL, NULL, 'admin-usermanagement.psml', NULL, 'ingrid.page.admin.usermanagement', 'ingrid.page.admin.usermanagement', 0, 'orange', 'ingrid', 'ingrid-teaser', NULL, NULL, NULL, NULL, NULL, NULL, NULL, NULL, NULL),
(808, 'org.apache.jetspeed.om.page.impl.PageImpl', 771, '/administration/admin-wms.psml', NULL, NULL, 'admin-wms.psml', NULL, 'ingrid.page.admin.wms', 'ingrid.page.admin.wms', 0, 'orange', 'ingrid', 'ingrid-teaser', NULL, NULL, NULL, NULL, NULL, NULL, NULL, NULL, NULL),
(809, 'org.apache.jetspeed.om.page.impl.PageImpl', 772, '/application/main-application-0.psml', NULL, NULL, 'main-application-0.psml', NULL, 'ingrid.page.application.0.tooltip', 'ingrid.page.application.0', 0, 'orange', 'ingrid', 'ingrid-teaser', NULL, NULL, NULL, NULL, NULL, NULL, NULL, NULL, NULL),
(810, 'org.apache.jetspeed.om.page.impl.PageImpl', 772, '/application/main-application-1.psml', NULL, NULL, 'main-application-1.psml', NULL, 'ingrid.page.application.1.tooltip', 'ingrid.page.application.1', 0, 'orange', 'ingrid', 'ingrid-teaser', NULL, NULL, NULL, NULL, NULL, NULL, NULL, NULL, NULL),
(811, 'org.apache.jetspeed.om.page.impl.PageImpl', 772, '/application/main-application-2.psml', NULL, NULL, 'main-application-2.psml', NULL, 'ingrid.page.application.2.tooltip', 'ingrid.page.application.2', 0, 'orange', 'ingrid', 'ingrid-teaser', NULL, NULL, NULL, NULL, NULL, NULL, NULL, NULL, NULL),
(812, 'org.apache.jetspeed.om.page.impl.PageImpl', 772, '/application/main-application.psml', NULL, NULL, 'main-application.psml', NULL, 'ingrid.page.application.tooltip', 'ingrid.page.application', 1, 'orange', 'ingrid', 'ingrid-teaser', NULL, NULL, NULL, NULL, NULL, NULL, NULL, NULL, NULL),
(813, 'org.apache.jetspeed.om.page.impl.PageImpl', 773, '/cms/cms-0.psml', NULL, NULL, 'cms-0.psml', NULL, 'ingrid.page.cms.0.tooltip', 'ingrid.page.cms.0', 1, 'orange', 'ingrid', 'ingrid-teaser', NULL, NULL, NULL, NULL, NULL, NULL, NULL, NULL, NULL),
(814, 'org.apache.jetspeed.om.page.impl.PageImpl', 773, '/cms/cms-1.psml', NULL, NULL, 'cms-1.psml', NULL, 'ingrid.page.cms.1.tooltip', 'ingrid.page.cms.1', 1, 'orange', 'ingrid', 'ingrid-teaser', NULL, NULL, NULL, NULL, NULL, NULL, NULL, NULL, NULL),
(815, 'org.apache.jetspeed.om.page.impl.PageImpl', 773, '/cms/cms-2.psml', NULL, NULL, 'cms-2.psml', NULL, 'ingrid.page.cms.2.tooltip', 'ingrid.page.cms.2', 1, 'orange', 'ingrid', 'ingrid-teaser', NULL, NULL, NULL, NULL, NULL, NULL, NULL, NULL, NULL),
(816, 'org.apache.jetspeed.om.page.impl.PageImpl', 774, '/mdek/mdek_portal_admin.psml', NULL, NULL, 'mdek_portal_admin.psml', NULL, 'ingrid.page.mdek.catadmin', 'ingrid.page.mdek.catadmin', 0, 'orange', 'ingrid', 'ingrid-teaser', NULL, NULL, NULL, NULL, NULL, NULL, NULL, NULL, NULL),
(817, 'org.apache.jetspeed.om.page.impl.PageImpl', 775, '/search-catalog/search-catalog-hierarchy.psml', NULL, NULL, 'search-catalog-hierarchy.psml', NULL, 'ingrid.page.search.catalog.tooltip', 'ingrid.page.search.catalog', 0, 'orange', 'ingrid', 'ingrid-teaser', NULL, NULL, NULL, NULL, NULL, NULL, NULL, NULL, NULL),
(818, 'org.apache.jetspeed.om.page.impl.PageImpl', 775, '/search-catalog/search-catalog-thesaurus.psml', NULL, NULL, 'search-catalog-thesaurus.psml', NULL, 'ingrid.page.search.catalog', 'ingrid.page.search.catalog', 0, 'orange', 'ingrid', 'ingrid-teaser', NULL, NULL, NULL, NULL, NULL, NULL, NULL, NULL, NULL),
(819, 'org.apache.jetspeed.om.page.impl.PageImpl', 776, '/search-extended/search-ext-adr-area-partner.psml', NULL, NULL, 'search-ext-adr-area-partner.psml', NULL, 'Search Extended Address/Area/Partner', 'Search Extended Address/Area/Partner', 0, 'orange', 'ingrid', 'ingrid-teaser', NULL, NULL, NULL, NULL, NULL, NULL, NULL, NULL, NULL),
(820, 'org.apache.jetspeed.om.page.impl.PageImpl', 776, '/search-extended/search-ext-adr-place-reference.psml', NULL, NULL, 'search-ext-adr-place-reference.psml', NULL, 'Search Extended Address/Place/Reference', 'Search Extended Address/Place/Reference', 0, 'orange', 'ingrid', 'ingrid-teaser', NULL, NULL, NULL, NULL, NULL, NULL, NULL, NULL, NULL),
(821, 'org.apache.jetspeed.om.page.impl.PageImpl', 776, '/search-extended/search-ext-adr-topic-mode.psml', NULL, NULL, 'search-ext-adr-topic-mode.psml', NULL, 'Search Extended Address/Topic/Mode', 'Search Extended Address/Topic/Mode', 0, 'orange', 'ingrid', 'ingrid-teaser', NULL, NULL, NULL, NULL, NULL, NULL, NULL, NULL, NULL),
(822, 'org.apache.jetspeed.om.page.impl.PageImpl', 776, '/search-extended/search-ext-adr-topic-terms.psml', NULL, NULL, 'search-ext-adr-topic-terms.psml', NULL, 'Search Extended Address/Topic/Terms', 'Search Extended Address/Topic/Terms', 0, 'orange', 'ingrid', 'ingrid-teaser', NULL, NULL, NULL, NULL, NULL, NULL, NULL, NULL, NULL),
(823, 'org.apache.jetspeed.om.page.impl.PageImpl', 776, '/search-extended/search-ext-env-area-contents.psml', NULL, NULL, 'search-ext-env-area-contents.psml', NULL, 'SearchExtended Environment/Area/Contents', 'SearchExtended Environment/Area/Contents', 0, 'orange', 'ingrid', 'ingrid-teaser', NULL, NULL, NULL, NULL, NULL, NULL, NULL, NULL, NULL),
(824, 'org.apache.jetspeed.om.page.impl.PageImpl', 776, '/search-extended/search-ext-env-area-partner.psml', NULL, NULL, 'search-ext-env-area-partner.psml', NULL, 'SearchExtended Environment/Area/Partner', 'SearchExtended Environment/Area/Partner', 0, 'orange', 'ingrid', 'ingrid-teaser', NULL, NULL, NULL, NULL, NULL, NULL, NULL, NULL, NULL),
(825, 'org.apache.jetspeed.om.page.impl.PageImpl', 776, '/search-extended/search-ext-env-area-sources.psml', NULL, NULL, 'search-ext-env-area-sources.psml', NULL, 'SearchExtended Environment/Area/Contents', 'SearchExtended Environment/Area/Contents', 0, 'orange', 'ingrid', 'ingrid-teaser', NULL, NULL, NULL, NULL, NULL, NULL, NULL, NULL, NULL),
(826, 'org.apache.jetspeed.om.page.impl.PageImpl', 776, '/search-extended/search-ext-env-place-geothesaurus.psml', NULL, NULL, 'search-ext-env-place-geothesaurus.psml', NULL, 'Search Extended Environment', 'Search Extended Environment', 0, 'orange', 'ingrid', 'ingrid-teaser', NULL, NULL, NULL, NULL, NULL, NULL, NULL, NULL, NULL),
(827, 'org.apache.jetspeed.om.page.impl.PageImpl', 776, '/search-extended/search-ext-env-place-map.psml', NULL, NULL, 'search-ext-env-place-map.psml', NULL, 'SearchExtended Environment/Place/Map', 'SearchExtended Environment/Place/Map', 0, 'orange', 'ingrid', 'ingrid-teaser', NULL, NULL, NULL, NULL, NULL, NULL, NULL, NULL, NULL),
(828, 'org.apache.jetspeed.om.page.impl.PageImpl', 776, '/search-extended/search-ext-env-time-constraint.psml', NULL, NULL, 'search-ext-env-time-constraint.psml', NULL, 'SearchExtended Environment/Time/Constraint', 'Environment/Time/Constraint', 0, 'orange', 'ingrid', 'ingrid-teaser', NULL, NULL, NULL, NULL, NULL, NULL, NULL, NULL, NULL),
(829, 'org.apache.jetspeed.om.page.impl.PageImpl', 776, '/search-extended/search-ext-env-topic-terms.psml', NULL, NULL, 'search-ext-env-topic-terms.psml', NULL, 'Search Extended Environment', 'Search Extended Environment', 0, 'orange', 'ingrid', 'ingrid-teaser', NULL, NULL, NULL, NULL, NULL, NULL, NULL, NULL, NULL),
(830, 'org.apache.jetspeed.om.page.impl.PageImpl', 776, '/search-extended/search-ext-env-topic-thesaurus.psml', NULL, NULL, 'search-ext-env-topic-thesaurus.psml', NULL, 'Search Extended Environment', 'Search Extended Environment', 0, 'orange', 'ingrid', 'ingrid-teaser', NULL, NULL, NULL, NULL, NULL, NULL, NULL, NULL, NULL),
(831, 'org.apache.jetspeed.om.page.impl.PageImpl', 776, '/search-extended/search-ext-law-area-partner.psml', NULL, NULL, 'search-ext-law-area-partner.psml', NULL, 'Search Extended Law', 'Search Extended Law', 0, 'orange', 'ingrid', 'ingrid-teaser', NULL, NULL, NULL, NULL, NULL, NULL, NULL, NULL, NULL),
(832, 'org.apache.jetspeed.om.page.impl.PageImpl', 776, '/search-extended/search-ext-law-topic-terms.psml', NULL, NULL, 'search-ext-law-topic-terms.psml', NULL, 'Search Extended Law', 'Search Extended Law', 0, 'orange', 'ingrid', 'ingrid-teaser', NULL, NULL, NULL, NULL, NULL, NULL, NULL, NULL, NULL),
(833, 'org.apache.jetspeed.om.page.impl.PageImpl', 776, '/search-extended/search-ext-law-topic-thesaurus.psml', NULL, NULL, 'search-ext-law-topic-thesaurus.psml', NULL, 'Search Extended Law', 'Search Extended Law', 0, 'orange', 'ingrid', 'ingrid-teaser', NULL, NULL, NULL, NULL, NULL, NULL, NULL, NULL, NULL),
(834, 'org.apache.jetspeed.om.page.impl.PageImpl', 776, '/search-extended/search-ext-res-topic-attributes.psml', NULL, NULL, 'search-ext-res-topic-attributes.psml', NULL, 'Search Extended Research/Topic/Attributes', 'Research/Topic/Attributes', 0, 'orange', 'ingrid', 'ingrid-teaser', NULL, NULL, NULL, NULL, NULL, NULL, NULL, NULL, NULL),
(835, 'org.apache.jetspeed.om.page.impl.PageImpl', 776, '/search-extended/search-ext-res-topic-terms.psml', NULL, NULL, 'search-ext-res-topic-terms.psml', NULL, 'Search Extended Research/Topic/Terms', 'Search Extended Research/Topic/Terms', 0, 'orange', 'ingrid', 'ingrid-teaser', NULL, NULL, NULL, NULL, NULL, NULL, NULL, NULL, NULL);

-- --------------------------------------------------------

--
-- Tabellenstruktur für Tabelle `page_constraint`
--

DROP TABLE IF EXISTS `page_constraint`;
CREATE TABLE IF NOT EXISTS `page_constraint` (
  `CONSTRAINT_ID` int(11) NOT NULL,
  `PAGE_ID` int(11) NOT NULL,
  `APPLY_ORDER` int(11) NOT NULL,
  `USER_PRINCIPALS_ACL` varchar(120) COLLATE utf8_unicode_ci DEFAULT NULL,
  `ROLE_PRINCIPALS_ACL` varchar(120) COLLATE utf8_unicode_ci DEFAULT NULL,
  `GROUP_PRINCIPALS_ACL` varchar(120) COLLATE utf8_unicode_ci DEFAULT NULL,
  `PERMISSIONS_ACL` varchar(120) COLLATE utf8_unicode_ci DEFAULT NULL,
  PRIMARY KEY (`CONSTRAINT_ID`),
  KEY `IX_PAGE_CONSTRAINT_1` (`PAGE_ID`)
) ENGINE=InnoDB DEFAULT CHARSET=utf8 COLLATE=utf8_unicode_ci;

--
-- Daten für Tabelle `page_constraint`
--


-- --------------------------------------------------------

--
-- Tabellenstruktur für Tabelle `page_constraints_ref`
--

DROP TABLE IF EXISTS `page_constraints_ref`;
CREATE TABLE IF NOT EXISTS `page_constraints_ref` (
  `CONSTRAINTS_REF_ID` int(11) NOT NULL,
  `PAGE_ID` int(11) NOT NULL,
  `APPLY_ORDER` int(11) NOT NULL,
  `NAME` varchar(40) COLLATE utf8_unicode_ci NOT NULL,
  PRIMARY KEY (`CONSTRAINTS_REF_ID`),
  UNIQUE KEY `UN_PAGE_CONSTRAINTS_REF_1` (`PAGE_ID`,`NAME`),
  KEY `IX_PAGE_CONSTRAINTS_REF_1` (`PAGE_ID`)
) ENGINE=InnoDB DEFAULT CHARSET=utf8 COLLATE=utf8_unicode_ci;

--
-- Daten für Tabelle `page_constraints_ref`
--

INSERT INTO `page_constraints_ref` (`CONSTRAINTS_REF_ID`, `PAGE_ID`, `APPLY_ORDER`, `NAME`) VALUES
(1, 1, 0, 'public-view'),
(2, 1, 1, 'admin-portal'),
(3, 2, 0, 'public-view'),
(4, 3, 0, 'public-view'),
(5, 4, 0, 'public-view'),
(6, 5, 0, 'public-view'),
(7, 6, 0, 'public-view'),
(8, 7, 0, 'public-view'),
(9, 8, 0, 'public-view'),
(10, 9, 0, 'public-view'),
(11, 11, 0, 'public-view'),
(12, 12, 0, 'public-view'),
(13, 13, 0, 'public-view'),
(14, 14, 0, 'public-view'),
(15, 15, 0, 'public-view'),
(16, 16, 0, 'public-view'),
(17, 17, 0, 'public-view'),
(18, 18, 0, 'public-view'),
(19, 19, 0, 'public-view'),
(20, 20, 0, 'public-view'),
(21, 21, 0, 'public-view'),
(22, 22, 0, 'public-view'),
(23, 23, 0, 'public-view'),
(24, 24, 0, 'public-view'),
(25, 25, 0, 'public-view'),
(26, 26, 0, 'public-view'),
(27, 27, 0, 'public-view'),
(28, 28, 0, 'public-view'),
(29, 29, 0, 'public-view'),
(30, 30, 0, 'public-view'),
(31, 31, 0, 'public-view'),
(728, 728, 0, 'public-edit'),
(798, 798, 0, 'admin'),
(799, 798, 1, 'admin-portal'),
(800, 799, 0, 'admin'),
(801, 799, 1, 'admin-portal'),
(802, 800, 0, 'admin'),
(803, 800, 1, 'admin-portal'),
(804, 801, 0, 'admin'),
(805, 801, 1, 'admin-portal'),
(806, 802, 0, 'admin'),
(807, 802, 1, 'admin-portal'),
(808, 803, 0, 'admin'),
(809, 803, 1, 'admin-portal'),
(810, 804, 0, 'admin'),
(811, 804, 1, 'admin-portal'),
(812, 804, 2, 'admin-partner'),
(813, 804, 3, 'admin-provider'),
(814, 805, 0, 'admin'),
(815, 805, 1, 'admin-portal'),
(816, 806, 0, 'admin'),
(817, 806, 1, 'admin-portal'),
(818, 806, 2, 'admin-partner'),
(819, 806, 3, 'admin-provider'),
(820, 807, 0, 'admin'),
(821, 807, 1, 'admin-partner'),
(822, 807, 2, 'admin-portal'),
(823, 808, 0, 'admin'),
(824, 808, 1, 'admin-portal'),
(825, 809, 0, 'public-view'),
(826, 809, 1, 'admin'),
(827, 809, 2, 'admin-portal'),
(828, 810, 0, 'public-view'),
(829, 810, 1, 'admin'),
(830, 810, 2, 'admin-portal'),
(831, 811, 0, 'public-view'),
(832, 811, 1, 'admin'),
(833, 811, 2, 'admin-portal'),
(834, 812, 0, 'public-view'),
(835, 812, 1, 'admin-portal'),
(836, 813, 0, 'public-view'),
(837, 814, 0, 'public-view'),
(838, 815, 0, 'public-view'),
(839, 817, 0, 'public-view'),
(840, 818, 0, 'public-view'),
(841, 819, 0, 'public-view'),
(842, 820, 0, 'public-view'),
(843, 821, 0, 'public-view'),
(844, 822, 0, 'public-view'),
(845, 823, 0, 'public-view'),
(846, 824, 0, 'public-view'),
(847, 825, 0, 'public-view'),
(848, 826, 0, 'public-view'),
(849, 827, 0, 'public-view'),
(850, 828, 0, 'public-view'),
(851, 829, 0, 'public-view'),
(852, 830, 0, 'public-view'),
(853, 831, 0, 'public-view'),
(854, 832, 0, 'public-view'),
(855, 833, 0, 'public-view'),
(856, 834, 0, 'public-view'),
(857, 835, 0, 'public-view');

-- --------------------------------------------------------

--
-- Tabellenstruktur für Tabelle `page_menu`
--

DROP TABLE IF EXISTS `page_menu`;
CREATE TABLE IF NOT EXISTS `page_menu` (
  `MENU_ID` int(11) NOT NULL,
  `CLASS_NAME` varchar(100) COLLATE utf8_unicode_ci NOT NULL,
  `PARENT_ID` int(11) DEFAULT NULL,
  `PAGE_ID` int(11) DEFAULT NULL,
  `ELEMENT_ORDER` int(11) DEFAULT NULL,
  `NAME` varchar(100) COLLATE utf8_unicode_ci DEFAULT NULL,
  `TITLE` varchar(100) COLLATE utf8_unicode_ci DEFAULT NULL,
  `SHORT_TITLE` varchar(40) COLLATE utf8_unicode_ci DEFAULT NULL,
  `TEXT` varchar(100) COLLATE utf8_unicode_ci DEFAULT NULL,
  `OPTIONS` varchar(255) COLLATE utf8_unicode_ci DEFAULT NULL,
  `DEPTH` int(11) DEFAULT NULL,
  `IS_PATHS` smallint(6) DEFAULT NULL,
  `IS_REGEXP` smallint(6) DEFAULT NULL,
  `PROFILE` varchar(80) COLLATE utf8_unicode_ci DEFAULT NULL,
  `OPTIONS_ORDER` varchar(255) COLLATE utf8_unicode_ci DEFAULT NULL,
  `SKIN` varchar(80) COLLATE utf8_unicode_ci DEFAULT NULL,
  `IS_NEST` smallint(6) DEFAULT NULL,
  PRIMARY KEY (`MENU_ID`),
  KEY `IX_PAGE_MENU_1` (`PARENT_ID`),
  KEY `IX_PAGE_MENU_2` (`PAGE_ID`),
  KEY `UN_PAGE_MENU_1` (`PAGE_ID`,`NAME`)
) ENGINE=InnoDB DEFAULT CHARSET=utf8 COLLATE=utf8_unicode_ci;

--
-- Daten für Tabelle `page_menu`
--


-- --------------------------------------------------------

--
-- Tabellenstruktur für Tabelle `page_menu_metadata`
--

DROP TABLE IF EXISTS `page_menu_metadata`;
CREATE TABLE IF NOT EXISTS `page_menu_metadata` (
  `METADATA_ID` int(11) NOT NULL,
  `MENU_ID` int(11) NOT NULL,
  `NAME` varchar(15) COLLATE utf8_unicode_ci NOT NULL,
  `LOCALE` varchar(20) COLLATE utf8_unicode_ci DEFAULT NULL,
  `VALUE` varchar(100) COLLATE utf8_unicode_ci NOT NULL,
  PRIMARY KEY (`METADATA_ID`),
  UNIQUE KEY `UN_PAGE_MENU_METADATA_1` (`MENU_ID`,`NAME`,`LOCALE`,`VALUE`),
  KEY `IX_PAGE_MENU_METADATA_1` (`MENU_ID`)
) ENGINE=InnoDB DEFAULT CHARSET=utf8 COLLATE=utf8_unicode_ci;

--
-- Daten für Tabelle `page_menu_metadata`
--


-- --------------------------------------------------------

--
-- Tabellenstruktur für Tabelle `page_metadata`
--

DROP TABLE IF EXISTS `page_metadata`;
CREATE TABLE IF NOT EXISTS `page_metadata` (
  `METADATA_ID` int(11) NOT NULL,
  `PAGE_ID` int(11) NOT NULL,
  `NAME` varchar(15) COLLATE utf8_unicode_ci NOT NULL,
  `LOCALE` varchar(20) COLLATE utf8_unicode_ci DEFAULT NULL,
  `VALUE` varchar(100) COLLATE utf8_unicode_ci NOT NULL,
  PRIMARY KEY (`METADATA_ID`),
  UNIQUE KEY `UN_PAGE_METADATA_1` (`PAGE_ID`,`NAME`,`LOCALE`,`VALUE`),
  KEY `IX_PAGE_METADATA_1` (`PAGE_ID`)
) ENGINE=InnoDB DEFAULT CHARSET=utf8 COLLATE=utf8_unicode_ci;

--
-- Daten für Tabelle `page_metadata`
--

INSERT INTO `page_metadata` (`METADATA_ID`, `PAGE_ID`, `NAME`, `LOCALE`, `VALUE`) VALUES
(1, 1, 'meta_descr', 'de,,', 'ingrid.page.home.meta.description'),
(2, 1, 'meta_keywords', 'de,,', 'ingrid.page.home.meta.keywords'),
(3, 1, 'meta_title', 'de,,', 'ingrid.page.home.meta.title'),
(4, 3, 'meta_descr', 'de,,', 'ingrid.page.disclaimer.meta.description'),
(5, 3, 'meta_keywords', 'de,,', 'ingrid.page.disclaimer.meta.keywords'),
(6, 3, 'meta_title', 'de,,', 'ingrid.page.disclaimer.meta.title'),
(7, 4, 'meta_descr', 'de,,', 'ingrid.page.help.meta.description'),
(8, 4, 'meta_keywords', 'de,,', 'ingrid.page.help.meta.keywords'),
(9, 4, 'meta_title', 'de,,', 'ingrid.page.help.meta.title'),
(10, 5, 'meta_descr', 'de,,', 'ingrid.page.data.source.meta.description'),
(11, 5, 'meta_keywords', 'de,,', 'ingrid.page.data.source.meta.keywords'),
(12, 5, 'meta_title', 'de,,', 'ingrid.page.data.source.meta.title'),
(13, 6, 'meta_descr', 'de,,', 'ingrid.page.about.partner.meta.description'),
(14, 6, 'meta_keywords', 'de,,', 'ingrid.page.about.partner.meta.keywords'),
(15, 6, 'meta_title', 'de,,', 'ingrid.page.about.partner.meta.title'),
(16, 7, 'meta_descr', 'de,,', 'ingrid.page.about.meta.description'),
(17, 7, 'meta_keywords', 'de,,', 'ingrid.page.about.meta.keywords'),
(18, 7, 'meta_title', 'de,,', 'ingrid.page.about.meta.title'),
(19, 8, 'meta_descr', 'de,,', 'ingrid.page.chronicle.meta.description'),
(20, 8, 'meta_keywords', 'de,,', 'ingrid.page.chronicle.meta.keywords'),
(21, 8, 'meta_title', 'de,,', 'ingrid.page.chronicle.meta.title'),
(22, 9, 'meta_descr', 'de,,', 'ingrid.page.environment.meta.description'),
(23, 9, 'meta_keywords', 'de,,', 'ingrid.page.environment.meta.keywords'),
(24, 9, 'meta_title', 'de,,', 'ingrid.page.environment.meta.title'),
(25, 10, 'meta_descr', 'de,,', 'ingrid.page.features.meta.description'),
(26, 10, 'meta_keywords', 'de,,', 'ingrid.page.features.meta.keywords'),
(27, 10, 'meta_title', 'de,,', 'ingrid.page.features.meta.title'),
(28, 11, 'meta_descr', 'de,,', 'ingrid.page.maps.meta.description'),
(29, 11, 'meta_keywords', 'de,,', 'ingrid.page.maps.meta.keywords'),
(30, 11, 'meta_title', 'de,,', 'ingrid.page.maps.meta.title'),
(31, 12, 'meta_descr', 'de,,', 'ingrid.page.measures.meta.description'),
(32, 12, 'meta_keywords', 'de,,', 'ingrid.page.measures.meta.keywords'),
(33, 12, 'meta_title', 'de,,', 'ingrid.page.measures.meta.title'),
(34, 13, 'meta_descr', 'de,,', 'ingrid.page.search.meta.description'),
(35, 13, 'meta_keywords', 'de,,', 'ingrid.page.search.meta.keywords'),
(36, 13, 'meta_title', 'de,,', 'ingrid.page.search.meta.title'),
(37, 14, 'meta_descr', 'de,,', 'ingrid.page.service.meta.description'),
(38, 14, 'meta_keywords', 'de,,', 'ingrid.page.service.meta.keywords'),
(39, 14, 'meta_title', 'de,,', 'ingrid.page.service.meta.title'),
(40, 17, 'meta_descr', 'de,,', 'ingrid.page.privacy.meta.description'),
(41, 17, 'meta_keywords', 'de,,', 'ingrid.page.privacy.meta.keywords'),
(42, 17, 'meta_title', 'de,,', 'ingrid.page.privacy.meta.title'),
(43, 18, 'meta_descr', 'de,,', 'ingrid.page.rss.meta.description'),
(44, 18, 'meta_keywords', 'de,,', 'ingrid.page.rss.meta.keywords'),
(45, 18, 'meta_title', 'de,,', 'ingrid.page.rss.meta.title'),
(46, 19, 'meta_descr', 'de,,', 'ingrid.page.detail.meta.description'),
(47, 19, 'meta_keywords', 'de,,', 'ingrid.page.detail.meta.keywords'),
(48, 19, 'meta_title', 'de,,', 'ingrid.page.detail.meta.title'),
(49, 20, 'meta_descr', 'de,,', 'ingrid.page.search.history.meta.description'),
(50, 20, 'meta_keywords', 'de,,', 'ingrid.page.search.history.meta.keywords'),
(51, 20, 'meta_title', 'de,,', 'ingrid.page.search.history.meta.title'),
(52, 23, 'meta_descr', 'de,,', 'ingrid.page.search.settings.meta.description'),
(53, 23, 'meta_keywords', 'de,,', 'ingrid.page.search.settings.meta.keywords'),
(54, 23, 'meta_title', 'de,,', 'ingrid.page.search.settings.meta.title'),
(55, 24, 'meta_descr', 'de,,', 'ingrid.page.newsletter.meta.description'),
(56, 24, 'meta_keywords', 'de,,', 'ingrid.page.newsletter.meta.keywords'),
(57, 24, 'meta_title', 'de,,', 'ingrid.page.newsletter.meta.title'),
(58, 25, 'meta_descr', 'de,,', 'ingrid.page.contact.meta.description'),
(59, 25, 'meta_keywords', 'de,,', 'ingrid.page.contact.meta.keywords'),
(60, 25, 'meta_title', 'de,,', 'ingrid.page.contact.meta.title'),
(61, 26, 'meta_descr', 'de,,', 'ingrid.page.myportal.meta.description'),
(62, 26, 'meta_keywords', 'de,,', 'ingrid.page.myportal.meta.keywords'),
(63, 26, 'meta_title', 'de,,', 'ingrid.page.myportal.meta.title'),
(64, 27, 'meta_descr', 'de,,', 'ingrid.page.sitemap.meta.description'),
(65, 27, 'meta_keywords', 'de,,', 'ingrid.page.sitemap.meta.keywords'),
(66, 27, 'meta_title', 'de,,', 'ingrid.page.sitemap.meta.title'),
(67, 28, 'meta_descr', 'de,,', 'ingrid.page.home.meta.description'),
(68, 28, 'meta_keywords', 'de,,', 'ingrid.page.home.meta.keywords'),
(69, 28, 'meta_title', 'de,,', 'ingrid.page.home.meta.title'),
(697, 728, 'meta_descr', 'de,,', 'ingrid.page.home.meta.description'),
(698, 728, 'meta_keywords', 'de,,', 'ingrid.page.home.meta.keywords'),
(699, 728, 'meta_title', 'de,,', 'ingrid.page.home.meta.title'),
(749, 809, 'meta_descr', 'de,,', 'ingrid.page.application.0.meta.description'),
(750, 809, 'meta_keywords', 'de,,', 'ingrid.page.application.0.meta.keywords'),
(748, 809, 'meta_title', 'de,,', 'ingrid.page.application.0.meta.title'),
(752, 810, 'meta_descr', 'de,,', 'ingrid.page.application.1.meta.description'),
(753, 810, 'meta_keywords', 'de,,', 'ingrid.page.application.1.meta.keywords'),
(751, 810, 'meta_title', 'de,,', 'ingrid.page.application.1.meta.title'),
(755, 811, 'meta_descr', 'de,,', 'ingrid.page.application.2.meta.description'),
(756, 811, 'meta_keywords', 'de,,', 'ingrid.page.application.2.meta.keywords'),
(754, 811, 'meta_title', 'de,,', 'ingrid.page.application.2.meta.title'),
(758, 812, 'meta_descr', 'de,,', 'ingrid.page.application.meta.description'),
(759, 812, 'meta_keywords', 'de,,', 'ingrid.page.application.meta.keywords'),
(757, 812, 'meta_title', 'de,,', 'ingrid.page.application.meta.title'),
(761, 813, 'meta_descr', 'de,,', 'ingrid.page.cms.0.meta.description'),
(762, 813, 'meta_keywords', 'de,,', 'ingrid.page.cms.0.meta.keywords'),
(760, 813, 'meta_title', 'de,,', 'ingrid.page.cms.0.meta.title'),
(764, 814, 'meta_descr', 'de,,', 'ingrid.page.cms.1.meta.description'),
(765, 814, 'meta_keywords', 'de,,', 'ingrid.page.cms.1.meta.keywords'),
(763, 814, 'meta_title', 'de,,', 'ingrid.page.cms.1.meta.title'),
(767, 815, 'meta_descr', 'de,,', 'ingrid.page.cms.2.meta.description'),
(768, 815, 'meta_keywords', 'de,,', 'ingrid.page.cms.2.meta.keywords'),
(766, 815, 'meta_title', 'de,,', 'ingrid.page.cms.2.meta.title'),
(769, 817, 'meta_descr', 'de,,', 'ingrid.page.hierarchy.meta.description'),
(770, 817, 'meta_keywords', 'de,,', 'ingrid.page.hierarchy.meta.keywords'),
(771, 817, 'meta_title', 'de,,', 'ingrid.page.hierarchy.meta.title'),
(772, 818, 'meta_descr', 'de,,', 'ingrid.page.thesaurus.meta.description'),
(773, 818, 'meta_keywords', 'de,,', 'ingrid.page.thesaurus.meta.keywords'),
(774, 818, 'meta_title', 'de,,', 'ingrid.page.thesaurus.meta.title'),
(775, 829, 'meta_descr', 'de,,', 'ingrid.page.ext.search.meta.description'),
(776, 829, 'meta_keywords', 'de,,', 'ingrid.page.ext.search.meta.keywords'),
(777, 829, 'meta_title', 'de,,', 'ingrid.page.ext.search.meta.title');

-- --------------------------------------------------------

--
-- Tabellenstruktur für Tabelle `page_security`
--

DROP TABLE IF EXISTS `page_security`;
CREATE TABLE IF NOT EXISTS `page_security` (
  `PAGE_SECURITY_ID` int(11) NOT NULL,
  `PARENT_ID` int(11) NOT NULL,
  `PATH` varchar(240) COLLATE utf8_unicode_ci NOT NULL,
  `NAME` varchar(80) COLLATE utf8_unicode_ci NOT NULL,
  `VERSION` varchar(40) COLLATE utf8_unicode_ci DEFAULT NULL,
  `SUBSITE` varchar(40) COLLATE utf8_unicode_ci DEFAULT NULL,
  `USER_PRINCIPAL` varchar(40) COLLATE utf8_unicode_ci DEFAULT NULL,
  `ROLE_PRINCIPAL` varchar(40) COLLATE utf8_unicode_ci DEFAULT NULL,
  `GROUP_PRINCIPAL` varchar(40) COLLATE utf8_unicode_ci DEFAULT NULL,
  `MEDIATYPE` varchar(15) COLLATE utf8_unicode_ci DEFAULT NULL,
  `LOCALE` varchar(20) COLLATE utf8_unicode_ci DEFAULT NULL,
  `EXT_ATTR_NAME` varchar(15) COLLATE utf8_unicode_ci DEFAULT NULL,
  `EXT_ATTR_VALUE` varchar(40) COLLATE utf8_unicode_ci DEFAULT NULL,
  PRIMARY KEY (`PAGE_SECURITY_ID`),
  UNIQUE KEY `UN_PAGE_SECURITY_1` (`PARENT_ID`),
  UNIQUE KEY `UN_PAGE_SECURITY_2` (`PATH`)
) ENGINE=InnoDB DEFAULT CHARSET=utf8 COLLATE=utf8_unicode_ci;

--
-- Daten für Tabelle `page_security`
--

INSERT INTO `page_security` (`PAGE_SECURITY_ID`, `PARENT_ID`, `PATH`, `NAME`, `VERSION`, `SUBSITE`, `USER_PRINCIPAL`, `ROLE_PRINCIPAL`, `GROUP_PRINCIPAL`, `MEDIATYPE`, `LOCALE`, `EXT_ATTR_NAME`, `EXT_ATTR_VALUE`) VALUES
(1, 1, '/page.security', 'page.security', NULL, NULL, NULL, NULL, NULL, NULL, NULL, NULL, NULL);

-- --------------------------------------------------------

--
-- Tabellenstruktur für Tabelle `page_sec_constraints_def`
--

DROP TABLE IF EXISTS `page_sec_constraints_def`;
CREATE TABLE IF NOT EXISTS `page_sec_constraints_def` (
  `CONSTRAINTS_DEF_ID` int(11) NOT NULL,
  `PAGE_SECURITY_ID` int(11) NOT NULL,
  `NAME` varchar(40) COLLATE utf8_unicode_ci NOT NULL,
  PRIMARY KEY (`CONSTRAINTS_DEF_ID`),
  UNIQUE KEY `UN_PAGE_SEC_CONSTRAINTS_DEF_1` (`PAGE_SECURITY_ID`,`NAME`),
  KEY `IX_PAGE_SEC_CONSTRAINTS_DEF_1` (`PAGE_SECURITY_ID`)
) ENGINE=InnoDB DEFAULT CHARSET=utf8 COLLATE=utf8_unicode_ci;

--
-- Daten für Tabelle `page_sec_constraints_def`
--

INSERT INTO `page_sec_constraints_def` (`CONSTRAINTS_DEF_ID`, `PAGE_SECURITY_ID`, `NAME`) VALUES
(1, 1, 'admin'),
(2, 1, 'admin-partner'),
(3, 1, 'admin-portal'),
(4, 1, 'admin-provider'),
(5, 1, 'manager'),
(6, 1, 'public-edit'),
(7, 1, 'public-view'),
(8, 1, 'users');

-- --------------------------------------------------------

--
-- Tabellenstruktur für Tabelle `page_sec_constraints_ref`
--

DROP TABLE IF EXISTS `page_sec_constraints_ref`;
CREATE TABLE IF NOT EXISTS `page_sec_constraints_ref` (
  `CONSTRAINTS_REF_ID` int(11) NOT NULL,
  `PAGE_SECURITY_ID` int(11) NOT NULL,
  `APPLY_ORDER` int(11) NOT NULL,
  `NAME` varchar(40) COLLATE utf8_unicode_ci NOT NULL,
  PRIMARY KEY (`CONSTRAINTS_REF_ID`),
  UNIQUE KEY `UN_PAGE_SEC_CONSTRAINTS_REF_1` (`PAGE_SECURITY_ID`,`NAME`),
  KEY `IX_PAGE_SEC_CONSTRAINTS_REF_1` (`PAGE_SECURITY_ID`)
) ENGINE=InnoDB DEFAULT CHARSET=utf8 COLLATE=utf8_unicode_ci;

--
-- Daten für Tabelle `page_sec_constraints_ref`
--

INSERT INTO `page_sec_constraints_ref` (`CONSTRAINTS_REF_ID`, `PAGE_SECURITY_ID`, `APPLY_ORDER`, `NAME`) VALUES
(1, 1, 0, 'admin');

-- --------------------------------------------------------

--
-- Tabellenstruktur für Tabelle `page_sec_constraint_def`
--

DROP TABLE IF EXISTS `page_sec_constraint_def`;
CREATE TABLE IF NOT EXISTS `page_sec_constraint_def` (
  `CONSTRAINT_DEF_ID` int(11) NOT NULL,
  `CONSTRAINTS_DEF_ID` int(11) NOT NULL,
  `APPLY_ORDER` int(11) NOT NULL,
  `USER_PRINCIPALS_ACL` varchar(120) COLLATE utf8_unicode_ci DEFAULT NULL,
  `ROLE_PRINCIPALS_ACL` varchar(120) COLLATE utf8_unicode_ci DEFAULT NULL,
  `GROUP_PRINCIPALS_ACL` varchar(120) COLLATE utf8_unicode_ci DEFAULT NULL,
  `PERMISSIONS_ACL` varchar(120) COLLATE utf8_unicode_ci DEFAULT NULL,
  PRIMARY KEY (`CONSTRAINT_DEF_ID`),
  KEY `IX_PAGE_SEC_CONSTRAINT_DEF_1` (`CONSTRAINTS_DEF_ID`)
) ENGINE=InnoDB DEFAULT CHARSET=utf8 COLLATE=utf8_unicode_ci;

--
-- Daten für Tabelle `page_sec_constraint_def`
--

INSERT INTO `page_sec_constraint_def` (`CONSTRAINT_DEF_ID`, `CONSTRAINTS_DEF_ID`, `APPLY_ORDER`, `USER_PRINCIPALS_ACL`, `ROLE_PRINCIPALS_ACL`, `GROUP_PRINCIPALS_ACL`, `PERMISSIONS_ACL`) VALUES
(1, 1, 0, NULL, 'admin', NULL, 'view,edit'),
(2, 2, 0, NULL, 'admin-partner', NULL, 'view,edit'),
(3, 3, 0, NULL, 'admin-portal', NULL, 'view,edit'),
(4, 4, 0, NULL, 'admin-provider', NULL, 'view,edit'),
(5, 5, 0, NULL, 'manager', NULL, 'view'),
(6, 6, 0, '*', NULL, NULL, 'view,edit'),
(7, 7, 0, '*', NULL, NULL, 'view'),
(8, 8, 0, NULL, 'user,manager', NULL, 'view');

-- --------------------------------------------------------

--
-- Tabellenstruktur für Tabelle `page_statistics`
--

DROP TABLE IF EXISTS `page_statistics`;
CREATE TABLE IF NOT EXISTS `page_statistics` (
  `IPADDRESS` varchar(80) COLLATE utf8_unicode_ci DEFAULT NULL,
  `USER_NAME` varchar(80) COLLATE utf8_unicode_ci DEFAULT NULL,
  `TIME_STAMP` datetime DEFAULT NULL,
  `PAGE` varchar(80) COLLATE utf8_unicode_ci DEFAULT NULL,
  `STATUS` int(11) DEFAULT NULL,
  `ELAPSED_TIME` bigint(20) DEFAULT NULL
) ENGINE=InnoDB DEFAULT CHARSET=utf8 COLLATE=utf8_unicode_ci;

--
-- Daten für Tabelle `page_statistics`
--


-- --------------------------------------------------------

--
-- Tabellenstruktur für Tabelle `parameter`
--

DROP TABLE IF EXISTS `parameter`;
CREATE TABLE IF NOT EXISTS `parameter` (
  `PARAMETER_ID` int(11) NOT NULL,
  `OWNER_ID` int(11) NOT NULL,
  `OWNER_CLASS_NAME` varchar(255) COLLATE utf8_unicode_ci NOT NULL,
  `NAME` varchar(80) COLLATE utf8_unicode_ci NOT NULL,
  `PARAMETER_VALUE` mediumtext COLLATE utf8_unicode_ci,
  PRIMARY KEY (`PARAMETER_ID`)
) ENGINE=InnoDB DEFAULT CHARSET=utf8 COLLATE=utf8_unicode_ci;

--
-- Daten für Tabelle `parameter`
--

INSERT INTO `parameter` (`PARAMETER_ID`, `OWNER_ID`, `OWNER_CLASS_NAME`, `NAME`, `PARAMETER_VALUE`) VALUES
(1, 1, 'org.apache.jetspeed.om.portlet.impl.PortletDefinitionImpl', 'ViewPage', 'ingrid-clear-layout'),
(2, 1, 'org.apache.jetspeed.om.portlet.impl.PortletDefinitionImpl', 'MaxPage', 'maximized'),
(3, 1, 'org.apache.jetspeed.om.portlet.impl.PortletDefinitionImpl', 'columns', '1'),
(4, 1, 'org.apache.jetspeed.om.portlet.impl.PortletDefinitionImpl', 'sizes', '100%'),
(5, 1, 'org.apache.jetspeed.om.portlet.impl.PortletDefinitionImpl', 'layoutType', 'OneColumn'),
(6, 2, 'org.apache.jetspeed.om.portlet.impl.PortletDefinitionImpl', 'ViewPage', 'ingrid-one-column'),
(7, 2, 'org.apache.jetspeed.om.portlet.impl.PortletDefinitionImpl', 'MaxPage', 'maximized'),
(8, 2, 'org.apache.jetspeed.om.portlet.impl.PortletDefinitionImpl', 'columns', '1'),
(9, 2, 'org.apache.jetspeed.om.portlet.impl.PortletDefinitionImpl', 'sizes', '100%'),
(10, 2, 'org.apache.jetspeed.om.portlet.impl.PortletDefinitionImpl', 'layoutType', 'OneColumn'),
(11, 3, 'org.apache.jetspeed.om.portlet.impl.PortletDefinitionImpl', 'ViewPage', 'ingrid-two-columns'),
(12, 3, 'org.apache.jetspeed.om.portlet.impl.PortletDefinitionImpl', 'MaxPage', 'maximized'),
(13, 3, 'org.apache.jetspeed.om.portlet.impl.PortletDefinitionImpl', 'columns', '2'),
(14, 3, 'org.apache.jetspeed.om.portlet.impl.PortletDefinitionImpl', 'sizes', '50%,50%'),
(15, 3, 'org.apache.jetspeed.om.portlet.impl.PortletDefinitionImpl', 'layoutType', 'TwoColumns'),
(16, 4, 'org.apache.jetspeed.om.portlet.impl.PortletDefinitionImpl', 'ViewPage', 'columns'),
(17, 4, 'org.apache.jetspeed.om.portlet.impl.PortletDefinitionImpl', 'MaxPage', 'maximized'),
(18, 5, 'org.apache.jetspeed.om.portlet.impl.PortletDefinitionImpl', 'ViewPage', 'columns'),
(19, 5, 'org.apache.jetspeed.om.portlet.impl.PortletDefinitionImpl', 'MaxPage', 'maximized'),
(20, 5, 'org.apache.jetspeed.om.portlet.impl.PortletDefinitionImpl', 'columns', '1'),
(21, 5, 'org.apache.jetspeed.om.portlet.impl.PortletDefinitionImpl', 'sizes', '100%'),
(22, 5, 'org.apache.jetspeed.om.portlet.impl.PortletDefinitionImpl', 'layoutType', 'OneColumn'),
(23, 6, 'org.apache.jetspeed.om.portlet.impl.PortletDefinitionImpl', 'ViewPage', 'tcolumns'),
(24, 6, 'org.apache.jetspeed.om.portlet.impl.PortletDefinitionImpl', 'MaxPage', 'maximized'),
(25, 6, 'org.apache.jetspeed.om.portlet.impl.PortletDefinitionImpl', 'columns', '1'),
(26, 6, 'org.apache.jetspeed.om.portlet.impl.PortletDefinitionImpl', 'sizes', '100%'),
(27, 6, 'org.apache.jetspeed.om.portlet.impl.PortletDefinitionImpl', 'layoutType', 'OneColumn'),
(28, 7, 'org.apache.jetspeed.om.portlet.impl.PortletDefinitionImpl', 'ViewPage', 'columns'),
(29, 7, 'org.apache.jetspeed.om.portlet.impl.PortletDefinitionImpl', 'MaxPage', 'maximized'),
(30, 7, 'org.apache.jetspeed.om.portlet.impl.PortletDefinitionImpl', 'columns', '2'),
(31, 7, 'org.apache.jetspeed.om.portlet.impl.PortletDefinitionImpl', 'sizes', '50%,50%'),
(32, 7, 'org.apache.jetspeed.om.portlet.impl.PortletDefinitionImpl', 'layoutType', 'TwoColumns'),
(33, 8, 'org.apache.jetspeed.om.portlet.impl.PortletDefinitionImpl', 'ViewPage', 'columns'),
(34, 8, 'org.apache.jetspeed.om.portlet.impl.PortletDefinitionImpl', 'MaxPage', 'maximized'),
(35, 8, 'org.apache.jetspeed.om.portlet.impl.PortletDefinitionImpl', 'columns', '2'),
(36, 8, 'org.apache.jetspeed.om.portlet.impl.PortletDefinitionImpl', 'sizes', '15%,85%'),
(37, 8, 'org.apache.jetspeed.om.portlet.impl.PortletDefinitionImpl', 'layoutType', 'TwoColumns'),
(38, 9, 'org.apache.jetspeed.om.portlet.impl.PortletDefinitionImpl', 'ViewPage', 'columns'),
(39, 9, 'org.apache.jetspeed.om.portlet.impl.PortletDefinitionImpl', 'MaxPage', 'maximized'),
(40, 9, 'org.apache.jetspeed.om.portlet.impl.PortletDefinitionImpl', 'columns', '3'),
(41, 9, 'org.apache.jetspeed.om.portlet.impl.PortletDefinitionImpl', 'sizes', '33%,33%,33%'),
(42, 9, 'org.apache.jetspeed.om.portlet.impl.PortletDefinitionImpl', 'layoutType', 'ThreeColumns'),
(43, 10, 'org.apache.jetspeed.om.portlet.impl.PortletDefinitionImpl', 'ViewPage', 'tcolumns'),
(44, 10, 'org.apache.jetspeed.om.portlet.impl.PortletDefinitionImpl', 'MaxPage', 'maximized'),
(45, 10, 'org.apache.jetspeed.om.portlet.impl.PortletDefinitionImpl', 'columns', '3'),
(46, 10, 'org.apache.jetspeed.om.portlet.impl.PortletDefinitionImpl', 'sizes', '33%,33%,33%'),
(47, 10, 'org.apache.jetspeed.om.portlet.impl.PortletDefinitionImpl', 'layoutType', 'ThreeColumns'),
(48, 11, 'org.apache.jetspeed.om.portlet.impl.PortletDefinitionImpl', 'ViewPage', 'columns'),
(49, 11, 'org.apache.jetspeed.om.portlet.impl.PortletDefinitionImpl', 'MaxPage', 'maximized'),
(50, 11, 'org.apache.jetspeed.om.portlet.impl.PortletDefinitionImpl', 'columns', '1'),
(51, 11, 'org.apache.jetspeed.om.portlet.impl.PortletDefinitionImpl', 'sizes', '100%'),
(52, 11, 'org.apache.jetspeed.om.portlet.impl.PortletDefinitionImpl', 'layoutType', 'OneColumn'),
(53, 12, 'org.apache.jetspeed.om.portlet.impl.PortletDefinitionImpl', 'ViewPage', 'columns'),
(54, 12, 'org.apache.jetspeed.om.portlet.impl.PortletDefinitionImpl', 'MaxPage', 'maximized'),
(55, 12, 'org.apache.jetspeed.om.portlet.impl.PortletDefinitionImpl', 'columns', '2'),
(56, 12, 'org.apache.jetspeed.om.portlet.impl.PortletDefinitionImpl', 'sizes', '50%,50%'),
(57, 12, 'org.apache.jetspeed.om.portlet.impl.PortletDefinitionImpl', 'layoutType', 'TwoColumns'),
(58, 13, 'org.apache.jetspeed.om.portlet.impl.PortletDefinitionImpl', 'ViewPage', 'columns'),
(59, 13, 'org.apache.jetspeed.om.portlet.impl.PortletDefinitionImpl', 'MaxPage', 'maximized'),
(60, 13, 'org.apache.jetspeed.om.portlet.impl.PortletDefinitionImpl', 'columns', '3'),
(61, 13, 'org.apache.jetspeed.om.portlet.impl.PortletDefinitionImpl', 'sizes', '33%,33%,33%'),
(62, 13, 'org.apache.jetspeed.om.portlet.impl.PortletDefinitionImpl', 'layoutType', 'ThreeColumns'),
(63, 14, 'org.apache.jetspeed.om.portlet.impl.PortletDefinitionImpl', 'ViewPage', 'columns'),
(64, 14, 'org.apache.jetspeed.om.portlet.impl.PortletDefinitionImpl', 'MaxPage', 'maximized'),
(65, 14, 'org.apache.jetspeed.om.portlet.impl.PortletDefinitionImpl', 'columns', '2'),
(66, 14, 'org.apache.jetspeed.om.portlet.impl.PortletDefinitionImpl', 'sizes', '25%,75%'),
(67, 14, 'org.apache.jetspeed.om.portlet.impl.PortletDefinitionImpl', 'layoutType', 'TwoColumns'),
(68, 15, 'org.apache.jetspeed.om.portlet.impl.PortletDefinitionImpl', 'ViewPage', 'columns'),
(69, 15, 'org.apache.jetspeed.om.portlet.impl.PortletDefinitionImpl', 'MaxPage', 'maximized'),
(70, 15, 'org.apache.jetspeed.om.portlet.impl.PortletDefinitionImpl', 'columns', '2'),
(71, 15, 'org.apache.jetspeed.om.portlet.impl.PortletDefinitionImpl', 'sizes', '25%,75%'),
(72, 15, 'org.apache.jetspeed.om.portlet.impl.PortletDefinitionImpl', 'layoutType', 'TwoColumns'),
(73, 16, 'org.apache.jetspeed.om.portlet.impl.PortletDefinitionImpl', 'ViewPage', 'columns'),
(74, 16, 'org.apache.jetspeed.om.portlet.impl.PortletDefinitionImpl', 'MaxPage', 'maximized'),
(75, 16, 'org.apache.jetspeed.om.portlet.impl.PortletDefinitionImpl', 'columns', '2'),
(76, 16, 'org.apache.jetspeed.om.portlet.impl.PortletDefinitionImpl', 'sizes', '15%,85%'),
(77, 16, 'org.apache.jetspeed.om.portlet.impl.PortletDefinitionImpl', 'layoutType', 'TwoColumns'),
(78, 17, 'org.apache.jetspeed.om.portlet.impl.PortletDefinitionImpl', 'ViewPage', 'tcolumns'),
(79, 17, 'org.apache.jetspeed.om.portlet.impl.PortletDefinitionImpl', 'MaxPage', 'maximized'),
(80, 17, 'org.apache.jetspeed.om.portlet.impl.PortletDefinitionImpl', 'columns', '2'),
(81, 17, 'org.apache.jetspeed.om.portlet.impl.PortletDefinitionImpl', 'sizes', '50%,50%'),
(82, 17, 'org.apache.jetspeed.om.portlet.impl.PortletDefinitionImpl', 'layoutType', 'TwoColumns'),
(83, 18, 'org.apache.jetspeed.om.portlet.impl.PortletDefinitionImpl', 'ViewPage', 'columns'),
(84, 18, 'org.apache.jetspeed.om.portlet.impl.PortletDefinitionImpl', 'MaxPage', 'maximized'),
(85, 18, 'org.apache.jetspeed.om.portlet.impl.PortletDefinitionImpl', 'columns', '4'),
(86, 18, 'org.apache.jetspeed.om.portlet.impl.PortletDefinitionImpl', 'sizes', '20%,30%,30%,20%'),
(87, 18, 'org.apache.jetspeed.om.portlet.impl.PortletDefinitionImpl', 'layoutType', 'FourColumns'),
(179, 101, 'org.apache.jetspeed.om.portlet.impl.PortletDefinitionImpl', 'ViewPage', '/WEB-INF/templates/mdek/mdek_entry.vm'),
(180, 102, 'org.apache.jetspeed.om.portlet.impl.PortletDefinitionImpl', 'ViewPage', '/WEB-INF/templates/mdek/mdek_portal_admin.vm'),
(181, 103, 'org.apache.jetspeed.om.portlet.impl.PortletDefinitionImpl', 'ViewPage', '/WEB-INF/templates/mdek/mdek_admin_login.vm'),
(201, 121, 'org.apache.jetspeed.om.portlet.impl.PortletDefinitionImpl', 'ViewPage', '/WEB-INF/templates/default_info.vm'),
(202, 123, 'org.apache.jetspeed.om.portlet.impl.PortletDefinitionImpl', 'ViewPage', '/WEB-INF/templates/help.vm'),
(203, 124, 'org.apache.jetspeed.om.portlet.impl.PortletDefinitionImpl', 'ViewPage', '/WEB-INF/templates/administration/component_monitor.vm'),
(204, 125, 'org.apache.jetspeed.om.portlet.impl.PortletDefinitionImpl', 'ViewPage', '/WEB-INF/templates/administration/content_rss.vm'),
(205, 126, 'org.apache.jetspeed.om.portlet.impl.PortletDefinitionImpl', 'ViewPage', '/WEB-INF/templates/administration/content_partner.vm'),
(206, 127, 'org.apache.jetspeed.om.portlet.impl.PortletDefinitionImpl', 'ViewPage', '/WEB-INF/templates/administration/content_provider.vm'),
(207, 128, 'org.apache.jetspeed.om.portlet.impl.PortletDefinitionImpl', 'ViewPage', '/WEB-INF/templates/administration/admin_user_browser.vm'),
(208, 128, 'org.apache.jetspeed.om.portlet.impl.PortletDefinitionImpl', 'emailTemplate', '/WEB-INF/templates/administration/userCreatedConfirmationEmail.vm'),
(209, 128, 'org.apache.jetspeed.om.portlet.impl.PortletDefinitionImpl', 'roles', 'user'),
(210, 128, 'org.apache.jetspeed.om.portlet.impl.PortletDefinitionImpl', 'groups', ''),
(211, 128, 'org.apache.jetspeed.om.portlet.impl.PortletDefinitionImpl', 'rulesNames', 'user-role-fallback'),
(212, 128, 'org.apache.jetspeed.om.portlet.impl.PortletDefinitionImpl', 'rulesValues', 'page'),
(213, 129, 'org.apache.jetspeed.om.portlet.impl.PortletDefinitionImpl', 'ViewPage', '/WEB-INF/templates/administration/admin_iplug.vm'),
(214, 130, 'org.apache.jetspeed.om.portlet.impl.PortletDefinitionImpl', 'ViewPage', '/WEB-INF/templates/administration/admin_cms_browser.vm'),
(215, 131, 'org.apache.jetspeed.om.portlet.impl.PortletDefinitionImpl', 'ViewPage', '/WEB-INF/templates/administration/admin_wms.vm'),
(216, 132, 'org.apache.jetspeed.om.portlet.impl.PortletDefinitionImpl', 'ViewPage', '/WEB-INF/templates/administration/admin_statistics.vm'),
(217, 133, 'org.apache.jetspeed.om.portlet.impl.PortletDefinitionImpl', 'ViewPage', '/WEB-INF/templates/administration/admin_homepage.vm'),
(218, 134, 'org.apache.jetspeed.om.portlet.impl.PortletDefinitionImpl', 'ViewPage', '/WEB-INF/templates/administration/admin_portal_profile.vm'),
(219, 135, 'org.apache.jetspeed.om.portlet.impl.PortletDefinitionImpl', 'ViewPage', '/WEB-INF/templates/about_portalu_partner.vm'),
(220, 136, 'org.apache.jetspeed.om.portlet.impl.PortletDefinitionImpl', 'ViewPage', '/WEB-INF/templates/newsletter_teaser.vm'),
(221, 137, 'org.apache.jetspeed.om.portlet.impl.PortletDefinitionImpl', 'ViewPage', '/WEB-INF/templates/myportal/login_teaser.vm'),
(222, 138, 'org.apache.jetspeed.om.portlet.impl.PortletDefinitionImpl', 'ViewPage', '/WEB-INF/templates/administration/admin_user_migration.vm'),
(223, 139, 'org.apache.jetspeed.om.portlet.impl.PortletDefinitionImpl', 'ViewPage', '/WEB-INF/templates/search_simple.vm'),
(224, 140, 'org.apache.jetspeed.om.portlet.impl.PortletDefinitionImpl', 'ViewPage', '/WEB-INF/templates/environment_teaser.vm'),
(225, 141, 'org.apache.jetspeed.om.portlet.impl.PortletDefinitionImpl', 'ViewPage', '/WEB-INF/templates/rss_news_teaser.vm'),
(226, 142, 'org.apache.jetspeed.om.portlet.impl.PortletDefinitionImpl', 'ViewPage', '/WEB-INF/templates/rss_news.vm'),
(227, 143, 'org.apache.jetspeed.om.portlet.impl.PortletDefinitionImpl', 'ViewPage', '/WEB-INF/templates/default_cms.vm'),
(228, 144, 'org.apache.jetspeed.om.portlet.impl.PortletDefinitionImpl', 'ViewPage', '/WEB-INF/templates/default_cms.vm'),
(229, 145, 'org.apache.jetspeed.om.portlet.impl.PortletDefinitionImpl', 'ViewPage', '/WEB-INF/templates/default_cms.vm'),
(230, 146, 'org.apache.jetspeed.om.portlet.impl.PortletDefinitionImpl', 'ViewPage', '/WEB-INF/templates/service_teaser_new.vm'),
(231, 147, 'org.apache.jetspeed.om.portlet.impl.PortletDefinitionImpl', 'ViewPage', '/WEB-INF/templates/measures_teaser_new.vm'),
(232, 148, 'org.apache.jetspeed.om.portlet.impl.PortletDefinitionImpl', 'ViewPage', '/WEB-INF/templates/chronicle_teaser_new.vm'),
(233, 149, 'org.apache.jetspeed.om.portlet.impl.PortletDefinitionImpl', 'ViewPage', '/WEB-INF/templates/weather_teaser.vm'),
(234, 150, 'org.apache.jetspeed.om.portlet.impl.PortletDefinitionImpl', 'ViewPage', '/WEB-INF/templates/contact.vm'),
(235, 151, 'org.apache.jetspeed.om.portlet.impl.PortletDefinitionImpl', 'ViewPage', '/WEB-INF/templates/contact_newsletter.vm'),
(236, 152, 'org.apache.jetspeed.om.portlet.impl.PortletDefinitionImpl', 'ViewPage', '/WEB-INF/templates/myportal/login.vm'),
(237, 153, 'org.apache.jetspeed.om.portlet.impl.PortletDefinitionImpl', 'ViewPage', '/WEB-INF/templates/myportal/myportal_overview.vm'),
(238, 154, 'org.apache.jetspeed.om.portlet.impl.PortletDefinitionImpl', 'ViewPage', '/WEB-INF/templates/myportal/myportal_create_account.vm'),
(239, 154, 'org.apache.jetspeed.om.portlet.impl.PortletDefinitionImpl', 'returnURL', '/myportal-create-account.psml'),
(240, 154, 'org.apache.jetspeed.om.portlet.impl.PortletDefinitionImpl', 'emailTemplate', '/WEB-INF/templates/myportal/userRegistrationEmail.vm'),
(241, 154, 'org.apache.jetspeed.om.portlet.impl.PortletDefinitionImpl', 'rulesNames', 'user-role-fallback'),
(242, 154, 'org.apache.jetspeed.om.portlet.impl.PortletDefinitionImpl', 'rulesValues', 'page'),
(243, 155, 'org.apache.jetspeed.om.portlet.impl.PortletDefinitionImpl', 'ViewPage', '/WEB-INF/templates/myportal/myportal_edit_account.vm'),
(244, 156, 'org.apache.jetspeed.om.portlet.impl.PortletDefinitionImpl', 'ViewPage', '/WEB-INF/templates/myportal/myportal_password_forgotten.vm'),
(245, 156, 'org.apache.jetspeed.om.portlet.impl.PortletDefinitionImpl', 'emailTemplate', '/WEB-INF/templates/myportal/forgottenPasswdEmail.vm'),
(246, 157, 'org.apache.jetspeed.om.portlet.impl.PortletDefinitionImpl', 'ViewPage', '/WEB-INF/templates/myportal/myportal_personalize_overview.vm'),
(247, 158, 'org.apache.jetspeed.om.portlet.impl.PortletDefinitionImpl', 'ViewPage', '/WEB-INF/templates/myportal/myportal_personalize_home.vm'),
(248, 159, 'org.apache.jetspeed.om.portlet.impl.PortletDefinitionImpl', 'ViewPage', '/WEB-INF/templates/myportal/myportal_personalize_partner.vm'),
(249, 160, 'org.apache.jetspeed.om.portlet.impl.PortletDefinitionImpl', 'ViewPage', '/WEB-INF/templates/myportal/myportal_personalize_sources.vm'),
(250, 161, 'org.apache.jetspeed.om.portlet.impl.PortletDefinitionImpl', 'ViewPage', '/WEB-INF/templates/myportal/myportal_personalize_search_settings.vm'),
(251, 162, 'org.apache.jetspeed.om.portlet.impl.PortletDefinitionImpl', 'ViewPage', '/WEB-INF/templates/show_partner.vm'),
(252, 163, 'org.apache.jetspeed.om.portlet.impl.PortletDefinitionImpl', 'ViewPage', '/WEB-INF/templates/show_data_source.vm'),
(253, 164, 'org.apache.jetspeed.om.portlet.impl.PortletDefinitionImpl', 'ViewPage', '/WEB-INF/templates/service_search.vm'),
(254, 165, 'org.apache.jetspeed.om.portlet.impl.PortletDefinitionImpl', 'ViewPage', '/WEB-INF/templates/empty.vm'),
(255, 166, 'org.apache.jetspeed.om.portlet.impl.PortletDefinitionImpl', 'ViewPage', '/WEB-INF/templates/measures_search.vm'),
(256, 167, 'org.apache.jetspeed.om.portlet.impl.PortletDefinitionImpl', 'ViewPage', '/WEB-INF/templates/empty.vm'),
(257, 168, 'org.apache.jetspeed.om.portlet.impl.PortletDefinitionImpl', 'ViewPage', '/WEB-INF/templates/environment_search.vm'),
(258, 169, 'org.apache.jetspeed.om.portlet.impl.PortletDefinitionImpl', 'ViewPage', '/WEB-INF/templates/empty.vm'),
(259, 170, 'org.apache.jetspeed.om.portlet.impl.PortletDefinitionImpl', 'ViewPage', '/WEB-INF/templates/save_maps.vm'),
(260, 171, 'org.apache.jetspeed.om.portlet.impl.PortletDefinitionImpl', 'ViewPage', '/WEB-INF/templates/show_maps.vm'),
(261, 172, 'org.apache.jetspeed.om.portlet.impl.PortletDefinitionImpl', 'ViewPage', '/WEB-INF/templates/chronicle_search.vm'),
(262, 173, 'org.apache.jetspeed.om.portlet.impl.PortletDefinitionImpl', 'ViewPage', '/WEB-INF/templates/empty.vm'),
(263, 174, 'org.apache.jetspeed.om.portlet.impl.PortletDefinitionImpl', 'ViewPage', '/WEB-INF/templates/search_settings.vm'),
(264, 175, 'org.apache.jetspeed.om.portlet.impl.PortletDefinitionImpl', 'ViewPage', '/WEB-INF/templates/search_save.vm'),
(265, 176, 'org.apache.jetspeed.om.portlet.impl.PortletDefinitionImpl', 'ViewPage', '/WEB-INF/templates/search_history.vm'),
(266, 177, 'org.apache.jetspeed.om.portlet.impl.PortletDefinitionImpl', 'ViewPage', '/WEB-INF/templates/search_similar.vm'),
(267, 178, 'org.apache.jetspeed.om.portlet.impl.PortletDefinitionImpl', 'ViewPage', '/WEB-INF/templates/search_result.vm'),
(268, 179, 'org.apache.jetspeed.om.portlet.impl.PortletDefinitionImpl', 'ViewPage', '/WEB-INF/templates/search_detail.vm'),
(269, 180, 'org.apache.jetspeed.om.portlet.impl.PortletDefinitionImpl', 'ViewPage', '/WEB-INF/templates/search_catalog/search_cat_hierarchy.vm'),
(270, 181, 'org.apache.jetspeed.om.portlet.impl.PortletDefinitionImpl', 'ViewPage', '/WEB-INF/templates/search_catalog/search_cat_thesaurus.vm'),
(271, 182, 'org.apache.jetspeed.om.portlet.impl.PortletDefinitionImpl', 'ViewPage', '/WEB-INF/templates/search_catalog/search_cat_thesaurus_result.vm'),
(272, 183, 'org.apache.jetspeed.om.portlet.impl.PortletDefinitionImpl', 'ViewPage', '/WEB-INF/templates/search_extended/search_ext_env_topic_terms.vm'),
(273, 184, 'org.apache.jetspeed.om.portlet.impl.PortletDefinitionImpl', 'ViewPage', '/WEB-INF/templates/search_extended/search_ext_env_topic_thesaurus.vm'),
(274, 185, 'org.apache.jetspeed.om.portlet.impl.PortletDefinitionImpl', 'ViewPage', '/WEB-INF/templates/search_extended/search_ext_env_place_geothesaurus.vm'),
(275, 186, 'org.apache.jetspeed.om.portlet.impl.PortletDefinitionImpl', 'ViewPage', '/WEB-INF/templates/search_extended/search_ext_env_place_map.vm'),
(276, 187, 'org.apache.jetspeed.om.portlet.impl.PortletDefinitionImpl', 'ViewPage', '/WEB-INF/templates/search_extended/search_ext_env_time_constraint.vm'),
(277, 188, 'org.apache.jetspeed.om.portlet.impl.PortletDefinitionImpl', 'ViewPage', '/WEB-INF/templates/search_extended/search_ext_env_time_chronicle.vm'),
(278, 189, 'org.apache.jetspeed.om.portlet.impl.PortletDefinitionImpl', 'ViewPage', '/WEB-INF/templates/search_extended/search_ext_env_area_contents.vm'),
(279, 190, 'org.apache.jetspeed.om.portlet.impl.PortletDefinitionImpl', 'ViewPage', '/WEB-INF/templates/search_extended/search_ext_env_area_sources.vm'),
(280, 191, 'org.apache.jetspeed.om.portlet.impl.PortletDefinitionImpl', 'ViewPage', '/WEB-INF/templates/search_extended/search_ext_env_area_partner.vm'),
(281, 192, 'org.apache.jetspeed.om.portlet.impl.PortletDefinitionImpl', 'ViewPage', '/WEB-INF/templates/search_extended/search_ext_adr_topic_terms.vm'),
(282, 193, 'org.apache.jetspeed.om.portlet.impl.PortletDefinitionImpl', 'ViewPage', '/WEB-INF/templates/search_extended/search_ext_adr_topic_mode.vm'),
(283, 194, 'org.apache.jetspeed.om.portlet.impl.PortletDefinitionImpl', 'ViewPage', '/WEB-INF/templates/search_extended/search_ext_adr_place_reference.vm'),
(284, 195, 'org.apache.jetspeed.om.portlet.impl.PortletDefinitionImpl', 'ViewPage', '/WEB-INF/templates/search_extended/search_ext_adr_area_partner.vm'),
(285, 196, 'org.apache.jetspeed.om.portlet.impl.PortletDefinitionImpl', 'ViewPage', '/WEB-INF/templates/search_extended/search_ext_res_topic_terms.vm'),
(286, 197, 'org.apache.jetspeed.om.portlet.impl.PortletDefinitionImpl', 'ViewPage', '/WEB-INF/templates/search_extended/search_ext_res_topic_attributes.vm'),
(287, 198, 'org.apache.jetspeed.om.portlet.impl.PortletDefinitionImpl', 'ViewPage', '/WEB-INF/templates/search_extended/search_ext_law_topic_terms.vm'),
(288, 199, 'org.apache.jetspeed.om.portlet.impl.PortletDefinitionImpl', 'ViewPage', '/WEB-INF/templates/search_extended/search_ext_law_topic_thesaurus.vm'),
(289, 200, 'org.apache.jetspeed.om.portlet.impl.PortletDefinitionImpl', 'ViewPage', '/WEB-INF/templates/search_extended/search_ext_law_area_partner.vm'),
(290, 201, 'org.apache.jetspeed.om.portlet.impl.PortletDefinitionImpl', 'ViewPage', '/WEB-INF/templates/language.vm'),
(291, 202, 'org.apache.jetspeed.om.portlet.impl.PortletDefinitionImpl', 'ViewPage', '/WEB-INF/templates/features.vm');

-- --------------------------------------------------------

--
-- Tabellenstruktur für Tabelle `parameter_alias`
--

DROP TABLE IF EXISTS `parameter_alias`;
CREATE TABLE IF NOT EXISTS `parameter_alias` (
  `ID` int(11) NOT NULL,
  `OWNER_ID` int(11) NOT NULL,
  `LOCAL_PART` varchar(80) COLLATE utf8_unicode_ci NOT NULL,
  `NAMESPACE` varchar(80) COLLATE utf8_unicode_ci DEFAULT NULL,
  `PREFIX` varchar(20) COLLATE utf8_unicode_ci DEFAULT NULL,
  PRIMARY KEY (`ID`)
) ENGINE=InnoDB DEFAULT CHARSET=utf8 COLLATE=utf8_unicode_ci;

--
-- Daten für Tabelle `parameter_alias`
--


-- --------------------------------------------------------

--
-- Tabellenstruktur für Tabelle `pa_metadata_fields`
--

DROP TABLE IF EXISTS `pa_metadata_fields`;
CREATE TABLE IF NOT EXISTS `pa_metadata_fields` (
  `ID` int(11) NOT NULL,
  `OBJECT_ID` int(11) NOT NULL,
  `COLUMN_VALUE` mediumtext COLLATE utf8_unicode_ci NOT NULL,
  `NAME` varchar(100) COLLATE utf8_unicode_ci NOT NULL,
  `LOCALE_STRING` varchar(50) COLLATE utf8_unicode_ci NOT NULL,
  PRIMARY KEY (`ID`)
) ENGINE=InnoDB DEFAULT CHARSET=utf8 COLLATE=utf8_unicode_ci;

--
-- Daten für Tabelle `pa_metadata_fields`
--

INSERT INTO `pa_metadata_fields` (`ID`, `OBJECT_ID`, `COLUMN_VALUE`, `NAME`, `LOCALE_STRING`) VALUES
(1, 1, 'Jetspeed Layout Portlets', 'title', 'en,,'),
(2, 1, 'Layout Portlets', 'title', 'en,,'),
(3, 1, 'J2 Team', 'creator', 'en,,'),
(4, 1, 'true', 'layout-app', 'en,,'),
(5, 1, '2.2', 'pa-version', 'en,,'),
(8, 3, 'ingrid portal mdek', 'title', 'en,,'),
(9, 3, 'ingrid portal mdek', 'title', 'en,,'),
(21, 21, 'ingrid portal applications', 'title', 'en,,'),
(22, 21, 'ingrid portal applications', 'title', 'en,,');

-- --------------------------------------------------------

--
-- Tabellenstruktur für Tabelle `pa_security_constraint`
--

DROP TABLE IF EXISTS `pa_security_constraint`;
CREATE TABLE IF NOT EXISTS `pa_security_constraint` (
  `ID` int(11) NOT NULL,
  `APPLICATION_ID` int(11) NOT NULL,
  `TRANSPORT` varchar(40) COLLATE utf8_unicode_ci NOT NULL,
  PRIMARY KEY (`ID`)
) ENGINE=InnoDB DEFAULT CHARSET=utf8 COLLATE=utf8_unicode_ci;

--
-- Daten für Tabelle `pa_security_constraint`
--


-- --------------------------------------------------------

--
-- Tabellenstruktur für Tabelle `pd_metadata_fields`
--

DROP TABLE IF EXISTS `pd_metadata_fields`;
CREATE TABLE IF NOT EXISTS `pd_metadata_fields` (
  `ID` int(11) NOT NULL,
  `OBJECT_ID` int(11) NOT NULL,
  `COLUMN_VALUE` mediumtext COLLATE utf8_unicode_ci NOT NULL,
  `NAME` varchar(100) COLLATE utf8_unicode_ci NOT NULL,
  `LOCALE_STRING` varchar(50) COLLATE utf8_unicode_ci NOT NULL,
  PRIMARY KEY (`ID`)
) ENGINE=InnoDB DEFAULT CHARSET=utf8 COLLATE=utf8_unicode_ci;

--
-- Daten für Tabelle `pd_metadata_fields`
--

INSERT INTO `pd_metadata_fields` (`ID`, `OBJECT_ID`, `COLUMN_VALUE`, `NAME`, `LOCALE_STRING`) VALUES
(1, 4, '*', 'selector.conditional.role', 'en,,'),
(2, 5, '*', 'selector.conditional.role', 'en,,'),
(3, 6, '*', 'selector.conditional.role', 'en,,'),
(4, 7, '*', 'selector.conditional.role', 'en,,'),
(5, 8, '*', 'selector.conditional.role', 'en,,'),
(6, 9, '*', 'selector.conditional.role', 'en,,'),
(7, 10, '*', 'selector.conditional.role', 'en,,'),
(8, 11, '*', 'selector.conditional.role', 'en,,'),
(9, 12, '*', 'selector.conditional.role', 'en,,'),
(10, 13, '*', 'selector.conditional.role', 'en,,'),
(11, 14, '*', 'selector.conditional.role', 'en,,'),
(12, 15, '*', 'selector.conditional.role', 'en,,'),
(13, 16, '*', 'selector.conditional.role', 'en,,'),
(14, 17, '*', 'selector.conditional.role', 'en,,'),
(15, 18, '*', 'selector.conditional.role', 'en,,');

-- --------------------------------------------------------

--
-- Tabellenstruktur für Tabelle `portlet_application`
--

DROP TABLE IF EXISTS `portlet_application`;
CREATE TABLE IF NOT EXISTS `portlet_application` (
  `APPLICATION_ID` int(11) NOT NULL,
  `APP_NAME` varchar(80) COLLATE utf8_unicode_ci NOT NULL,
  `CONTEXT_PATH` varchar(255) COLLATE utf8_unicode_ci NOT NULL,
  `REVISION` int(11) NOT NULL,
  `VERSION` varchar(80) COLLATE utf8_unicode_ci DEFAULT NULL,
  `APP_TYPE` int(11) DEFAULT NULL,
  `CHECKSUM` varchar(80) COLLATE utf8_unicode_ci DEFAULT NULL,
  `SECURITY_REF` varchar(40) COLLATE utf8_unicode_ci DEFAULT NULL,
  `DEFAULT_NAMESPACE` varchar(120) COLLATE utf8_unicode_ci DEFAULT NULL,
  `RESOURCE_BUNDLE` varchar(255) COLLATE utf8_unicode_ci DEFAULT NULL,
  PRIMARY KEY (`APPLICATION_ID`),
  UNIQUE KEY `UK_APPLICATION` (`APP_NAME`)
) ENGINE=InnoDB DEFAULT CHARSET=utf8 COLLATE=utf8_unicode_ci;

--
-- Daten für Tabelle `portlet_application`
--

INSERT INTO `portlet_application` (`APPLICATION_ID`, `APP_NAME`, `CONTEXT_PATH`, `REVISION`, `VERSION`, `APP_TYPE`, `CHECKSUM`, `SECURITY_REF`, `DEFAULT_NAMESPACE`, `RESOURCE_BUNDLE`) VALUES
(1, 'jetspeed-layouts', '<portal>', 1, '1.0', 1, '982190297', NULL, '', NULL),
(3, 'ingrid-portal-mdek', '/ingrid-portal-mdek', 1, '1.0', 0, '382981415', NULL, '', NULL),
(21, 'ingrid-portal-apps', '/ingrid-portal-apps', 2, '1.0', 0, '3223520607', NULL, '', NULL);

-- --------------------------------------------------------

--
-- Tabellenstruktur für Tabelle `portlet_definition`
--

DROP TABLE IF EXISTS `portlet_definition`;
CREATE TABLE IF NOT EXISTS `portlet_definition` (
  `ID` int(11) NOT NULL,
  `NAME` varchar(80) COLLATE utf8_unicode_ci DEFAULT NULL,
  `CLASS_NAME` varchar(255) COLLATE utf8_unicode_ci DEFAULT NULL,
  `APPLICATION_ID` int(11) NOT NULL,
  `EXPIRATION_CACHE` int(11) DEFAULT NULL,
  `RESOURCE_BUNDLE` varchar(255) COLLATE utf8_unicode_ci DEFAULT NULL,
  `PREFERENCE_VALIDATOR` varchar(255) COLLATE utf8_unicode_ci DEFAULT NULL,
  `SECURITY_REF` varchar(40) COLLATE utf8_unicode_ci DEFAULT NULL,
  `CACHE_SCOPE` varchar(30) COLLATE utf8_unicode_ci DEFAULT NULL,
  `CLONE_PARENT` varchar(80) COLLATE utf8_unicode_ci DEFAULT NULL,
  PRIMARY KEY (`ID`)
) ENGINE=InnoDB DEFAULT CHARSET=utf8 COLLATE=utf8_unicode_ci;

--
-- Daten für Tabelle `portlet_definition`
--

INSERT INTO `portlet_definition` (`ID`, `NAME`, `CLASS_NAME`, `APPLICATION_ID`, `EXPIRATION_CACHE`, `RESOURCE_BUNDLE`, `PREFERENCE_VALIDATOR`, `SECURITY_REF`, `CACHE_SCOPE`, `CLONE_PARENT`) VALUES
(1, 'IngridClearLayout', 'org.apache.jetspeed.portlets.layout.MultiColumnPortlet', 1, 0, 'de.ingrid.portal.resources.PortalLayoutResources', NULL, NULL, 'private', NULL),
(2, 'IngridOneColumn', 'org.apache.jetspeed.portlets.layout.MultiColumnPortlet', 1, 0, 'de.ingrid.portal.resources.PortalLayoutResources', NULL, NULL, 'private', NULL),
(3, 'IngridTwoColumns', 'org.apache.jetspeed.portlets.layout.MultiColumnPortlet', 1, 0, 'de.ingrid.portal.resources.PortalLayoutResources', NULL, NULL, 'private', NULL),
(4, 'SimpleLayout', 'org.apache.jetspeed.portlets.layout.LayoutPortlet', 1, 0, 'org.apache.jetspeed.portlets.layout.resources.LayoutResource', NULL, NULL, 'private', NULL),
(5, 'VelocityOneColumn', 'org.apache.jetspeed.portlets.layout.MultiColumnPortlet', 1, 0, 'org.apache.jetspeed.portlets.layout.resources.LayoutResource', NULL, NULL, 'private', NULL),
(6, 'VelocityOneColumnTable', 'org.apache.jetspeed.portlets.layout.MultiColumnPortlet', 1, 0, 'org.apache.jetspeed.portlets.layout.resources.LayoutResource', NULL, NULL, 'private', NULL),
(7, 'VelocityTwoColumns', 'org.apache.jetspeed.portlets.layout.MultiColumnPortlet', 1, 0, 'org.apache.jetspeed.portlets.layout.resources.LayoutResource', NULL, NULL, 'private', NULL),
(8, 'VelocityTwoColumnsSmallLeft', 'org.apache.jetspeed.portlets.layout.MultiColumnPortlet', 1, 0, 'org.apache.jetspeed.portlets.layout.resources.LayoutResource', NULL, NULL, 'private', NULL),
(9, 'VelocityThreeColumns', 'org.apache.jetspeed.portlets.layout.MultiColumnPortlet', 1, 0, 'org.apache.jetspeed.portlets.layout.resources.LayoutResource', NULL, NULL, 'private', NULL),
(10, 'VelocityThreeColumnsTable', 'org.apache.jetspeed.portlets.layout.MultiColumnPortlet', 1, 0, 'org.apache.jetspeed.portlets.layout.resources.LayoutResource', NULL, NULL, 'private', NULL),
(11, 'VelocityOneColumnNoActions', 'org.apache.jetspeed.portlets.layout.MultiColumnPortlet', 1, 0, 'org.apache.jetspeed.portlets.layout.resources.LayoutResource', NULL, NULL, 'private', NULL),
(12, 'VelocityTwoColumnsNoActions', 'org.apache.jetspeed.portlets.layout.MultiColumnPortlet', 1, 0, 'org.apache.jetspeed.portlets.layout.resources.LayoutResource', NULL, NULL, 'private', NULL),
(13, 'VelocityThreeColumnsNoActions', 'org.apache.jetspeed.portlets.layout.MultiColumnPortlet', 1, 0, 'org.apache.jetspeed.portlets.layout.resources.LayoutResource', NULL, NULL, 'private', NULL),
(14, 'VelocityTwoColumns2575NoActions', 'org.apache.jetspeed.portlets.layout.MultiColumnPortlet', 1, 0, 'org.apache.jetspeed.portlets.layout.resources.LayoutResource', NULL, NULL, 'private', NULL),
(15, 'VelocityTwoColumns2575', 'org.apache.jetspeed.portlets.layout.MultiColumnPortlet', 1, 0, 'org.apache.jetspeed.portlets.layout.resources.LayoutResource', NULL, NULL, 'private', NULL),
(16, 'VelocityTwoColumnsSmallLeftNoActions', 'org.apache.jetspeed.portlets.layout.MultiColumnPortlet', 1, 0, 'org.apache.jetspeed.portlets.layout.resources.LayoutResource', NULL, NULL, 'private', NULL),
(17, 'VelocityTwoColumnsTable', 'org.apache.jetspeed.portlets.layout.MultiColumnPortlet', 1, 0, 'org.apache.jetspeed.portlets.layout.resources.LayoutResource', NULL, NULL, 'private', NULL),
(18, 'VelocityFourColumns', 'org.apache.jetspeed.portlets.layout.MultiColumnPortlet', 1, 0, 'org.apache.jetspeed.portlets.layout.resources.LayoutResource', NULL, NULL, 'private', NULL),
(101, 'MdekEntryPortlet', 'de.ingrid.portal.portlets.mdek.MdekEntryPortlet', 3, 0, 'de.ingrid.portal.resources.MdekResources', NULL, NULL, 'private', NULL),
(102, 'MdekPortalAdminPortlet', 'de.ingrid.portal.portlets.mdek.MdekPortalAdminPortlet', 3, 0, 'de.ingrid.portal.resources.MdekResources', NULL, NULL, 'private', NULL),
(103, 'MdekAdminLoginPortlet', 'de.ingrid.portal.portlets.mdek.MdekAdminLoginPortlet', 3, 0, 'de.ingrid.portal.resources.MdekResources', NULL, NULL, 'private', NULL),
(121, 'InfoPortlet', 'de.ingrid.portal.portlets.InfoPortlet', 21, 0, 'de.ingrid.portal.resources.InfoPortletResources', NULL, NULL, 'private', NULL),
(122, 'DetectJavaScriptPortlet', 'de.ingrid.portal.portlets.DetectJavaScriptPortlet', 21, 0, NULL, NULL, NULL, 'private', NULL),
(123, 'HelpPortlet', 'de.ingrid.portal.portlets.HelpPortlet', 21, 0, 'de.ingrid.portal.resources.HelpPortletResources', NULL, NULL, 'private', NULL),
(124, 'AdminComponentMonitorPortlet', 'de.ingrid.portal.portlets.admin.AdminComponentMonitorPortlet', 21, 0, 'de.ingrid.portal.resources.AdminPortalResources', NULL, NULL, 'private', NULL),
(125, 'ContentRSSPortlet', 'de.ingrid.portal.portlets.admin.ContentRSSPortlet', 21, 0, 'de.ingrid.portal.resources.AdminPortalResources', NULL, NULL, 'private', NULL),
(126, 'ContentPartnerPortlet', 'de.ingrid.portal.portlets.admin.ContentPartnerPortlet', 21, 0, 'de.ingrid.portal.resources.AdminPortalResources', NULL, NULL, 'private', NULL),
(127, 'ContentProviderPortlet', 'de.ingrid.portal.portlets.admin.ContentProviderPortlet', 21, 0, 'de.ingrid.portal.resources.AdminPortalResources', NULL, NULL, 'private', NULL),
(128, 'AdminUserPortlet', 'de.ingrid.portal.portlets.admin.AdminUserPortlet', 21, 0, 'de.ingrid.portal.resources.AdminPortalResources', NULL, NULL, 'private', NULL),
(129, 'AdminIPlugPortlet', 'de.ingrid.portal.portlets.admin.AdminIPlugPortlet', 21, 0, 'de.ingrid.portal.resources.AdminPortalResources', NULL, NULL, 'private', NULL),
(130, 'AdminCMSPortlet', 'de.ingrid.portal.portlets.admin.AdminCMSPortlet', 21, 0, 'de.ingrid.portal.resources.AdminPortalResources', NULL, NULL, 'private', NULL),
(131, 'AdminWMSPortlet', 'de.ingrid.portal.portlets.admin.AdminWMSPortlet', 21, 0, 'de.ingrid.portal.resources.AdminPortalResources', NULL, NULL, 'private', NULL),
(132, 'AdminStatisticsPortlet', 'de.ingrid.portal.portlets.admin.AdminStatisticsPortlet', 21, 0, 'de.ingrid.portal.resources.AdminPortalResources', NULL, NULL, 'private', NULL),
(133, 'AdminHomepagePortlet', 'de.ingrid.portal.portlets.admin.AdminHomepagePortlet', 21, 0, 'de.ingrid.portal.resources.AdminPortalResources', NULL, NULL, 'private', NULL),
(134, 'AdminPortalProfilePortlet', 'de.ingrid.portal.portlets.admin.AdminPortalProfilePortlet', 21, 0, 'de.ingrid.portal.resources.AdminPortalResources', NULL, NULL, 'private', NULL),
(135, 'MyPortalEditAboutInfoPortlet', 'de.ingrid.portal.portlets.InfoPortlet', 21, 0, 'de.ingrid.portal.resources.InfoPortletResources', NULL, NULL, 'private', NULL),
(136, 'MyPortalEditNewsletterInfoPortlet', 'de.ingrid.portal.portlets.InfoPortlet', 21, 0, 'de.ingrid.portal.resources.InfoPortletResources', NULL, NULL, 'private', NULL),
(137, 'MyPortalEditAdvancedInfoPortlet', 'de.ingrid.portal.portlets.InfoPortlet', 21, 0, 'de.ingrid.portal.resources.InfoPortletResources', NULL, NULL, 'private', NULL),
(138, 'AdminUserMigrationPortlet', 'de.ingrid.portal.portlets.admin.AdminUserMigrationPortlet', 21, 0, 'de.ingrid.portal.resources.AdminPortalResources', NULL, NULL, 'private', NULL),
(139, 'SearchSimple', 'de.ingrid.portal.portlets.SearchSimplePortlet', 21, 0, 'de.ingrid.portal.resources.SearchSimpleResources', NULL, NULL, 'private', NULL),
(140, 'EnvironmentTeaser', 'de.ingrid.portal.portlets.EnvironmentTeaserPortlet', 21, 0, 'de.ingrid.portal.resources.EnvironmentSearchResources', NULL, NULL, 'private', NULL),
(141, 'RssNewsTeaser', 'de.ingrid.portal.portlets.RssNewsTeaserPortlet', 21, 0, 'de.ingrid.portal.resources.RssNewsResources', NULL, NULL, 'private', NULL),
(142, 'RssNews', 'de.ingrid.portal.portlets.RssNewsPortlet', 21, 0, 'de.ingrid.portal.resources.RssNewsResources', NULL, NULL, 'private', NULL),
(143, 'CMSPortlet', 'de.ingrid.portal.portlets.CMSPortlet', 21, 0, 'de.ingrid.portal.resources.InfoPortletResources', NULL, NULL, 'private', NULL),
(144, 'IngridInformPortlet', 'de.ingrid.portal.portlets.CMSPortlet', 21, 0, 'de.ingrid.portal.resources.InfoPortletResources', NULL, NULL, 'private', NULL),
(145, 'IngridWelcomePortlet', 'de.ingrid.portal.portlets.CMSPortlet', 21, 0, 'de.ingrid.portal.resources.InfoPortletResources', NULL, NULL, 'private', NULL),
(146, 'ServiceTeaser', 'de.ingrid.portal.portlets.ServiceTeaserPortlet', 21, 0, 'de.ingrid.portal.resources.ServiceSearchResources', NULL, NULL, 'private', NULL),
(147, 'MeasuresTeaser', 'de.ingrid.portal.portlets.MeasuresTeaserPortlet', 21, 0, 'de.ingrid.portal.resources.MeasuresSearchResources', NULL, NULL, 'private', NULL),
(148, 'ChronicleTeaser', 'de.ingrid.portal.portlets.ChronicleTeaserPortlet', 21, 0, 'de.ingrid.portal.resources.ChronicleSearchResources', NULL, NULL, 'private', NULL),
(149, 'WeatherTeaser', 'de.ingrid.portal.portlets.WeatherTeaserPortlet', 21, 0, 'de.ingrid.portal.resources.WeatherTeaserResources', NULL, NULL, 'private', NULL),
(150, 'Contact', 'de.ingrid.portal.portlets.ContactPortlet', 21, 0, 'de.ingrid.portal.resources.ContactResources', NULL, NULL, 'private', NULL),
(151, 'ContactNewsletterPortlet', 'de.ingrid.portal.portlets.ContactNewsletterPortlet', 21, 0, 'de.ingrid.portal.resources.ContactNewsletterResources', NULL, NULL, 'private', NULL),
(152, 'MyPortalLoginPortlet', 'de.ingrid.portal.portlets.myportal.MyPortalLoginPortlet', 21, 0, 'de.ingrid.portal.resources.MyPortalResources', NULL, NULL, 'private', NULL),
(153, 'MyPortalOverviewPortlet', 'de.ingrid.portal.portlets.myportal.MyPortalOverviewPortlet', 21, 0, 'de.ingrid.portal.resources.MyPortalResources', NULL, NULL, 'private', NULL),
(154, 'MyPortalCreateAccountPortlet', 'de.ingrid.portal.portlets.myportal.MyPortalCreateAccountPortlet', 21, 0, 'de.ingrid.portal.resources.MyPortalResources', NULL, NULL, 'private', NULL),
(155, 'MyPortalEditAccountPortlet', 'de.ingrid.portal.portlets.myportal.MyPortalEditAccountPortlet', 21, 0, 'de.ingrid.portal.resources.MyPortalResources', NULL, NULL, 'private', NULL),
(156, 'MyPortalPasswordForgottenPortlet', 'de.ingrid.portal.portlets.myportal.MyPortalPasswordForgottenPortlet', 21, 0, 'de.ingrid.portal.resources.MyPortalResources', NULL, NULL, 'private', NULL),
(157, 'MyPortalPersonalizeOverviewPortlet', 'de.ingrid.portal.portlets.myportal.MyPortalPersonalizeOverviewPortlet', 21, 0, 'de.ingrid.portal.resources.MyPortalResources', NULL, NULL, 'private', NULL),
(158, 'MyPortalPersonalizeHomePortlet', 'de.ingrid.portal.portlets.myportal.MyPortalPersonalizeHomePortlet', 21, 0, 'de.ingrid.portal.resources.MyPortalResources', NULL, NULL, 'private', NULL),
(159, 'MyPortalPersonalizePartnerPortlet', 'de.ingrid.portal.portlets.myportal.MyPortalPersonalizePartnerPortlet', 21, 0, 'de.ingrid.portal.resources.MyPortalResources', NULL, NULL, 'private', NULL),
(160, 'MyPortalPersonalizeSourcesPortlet', 'de.ingrid.portal.portlets.myportal.MyPortalPersonalizeSourcesPortlet', 21, 0, 'de.ingrid.portal.resources.MyPortalResources', NULL, NULL, 'private', NULL),
(161, 'MyPortalPersonalizeSearchSettingsPortlet', 'de.ingrid.portal.portlets.myportal.MyPortalPersonalizeSearchSettingsPortlet', 21, 0, 'de.ingrid.portal.resources.MyPortalResources', NULL, NULL, 'private', NULL),
(162, 'ShowPartnerPortlet', 'de.ingrid.portal.portlets.ShowPartnerPortlet', 21, 0, 'de.ingrid.portal.resources.ShowPartnerPortletResources', NULL, NULL, 'private', NULL),
(163, 'ShowDataSourcePortlet', 'de.ingrid.portal.portlets.ShowDataSourcePortlet', 21, 0, 'de.ingrid.portal.resources.ShowDataSourcePortletResources', NULL, NULL, 'private', NULL),
(164, 'ServiceSearch', 'de.ingrid.portal.portlets.ServiceSearchPortlet', 21, 0, 'de.ingrid.portal.resources.ServiceSearchResources', NULL, NULL, 'private', NULL),
(165, 'ServiceResult', 'de.ingrid.portal.portlets.ServiceResultPortlet', 21, 0, 'de.ingrid.portal.resources.ServiceSearchResources', NULL, NULL, 'private', NULL),
(166, 'MeasuresSearch', 'de.ingrid.portal.portlets.MeasuresSearchPortlet', 21, 0, 'de.ingrid.portal.resources.MeasuresSearchResources', NULL, NULL, 'private', NULL),
(167, 'MeasuresResult', 'de.ingrid.portal.portlets.MeasuresResultPortlet', 21, 0, 'de.ingrid.portal.resources.MeasuresSearchResources', NULL, NULL, 'private', NULL),
(168, 'EnvironmentSearch', 'de.ingrid.portal.portlets.EnvironmentSearchPortlet', 21, 0, 'de.ingrid.portal.resources.EnvironmentSearchResources', NULL, NULL, 'private', NULL),
(169, 'EnvironmentResult', 'de.ingrid.portal.portlets.EnvironmentResultPortlet', 21, 0, 'de.ingrid.portal.resources.EnvironmentSearchResources', NULL, NULL, 'private', NULL),
(170, 'SaveMapsPortlet', 'de.ingrid.portal.portlets.SaveMapsPortlet', 21, 0, 'de.ingrid.portal.resources.CommonResources', NULL, NULL, 'private', NULL),
(171, 'ShowMapsPortlet', 'de.ingrid.portal.portlets.ShowMapsPortlet', 21, 0, 'de.ingrid.portal.resources.CommonResources', NULL, NULL, 'private', NULL),
(172, 'ChronicleSearch', 'de.ingrid.portal.portlets.ChronicleSearchPortlet', 21, 0, 'de.ingrid.portal.resources.ChronicleSearchResources', NULL, NULL, 'private', NULL),
(173, 'ChronicleResult', 'de.ingrid.portal.portlets.ChronicleResultPortlet', 21, 0, 'de.ingrid.portal.resources.ChronicleSearchResources', NULL, NULL, 'private', NULL),
(174, 'SearchSettings', 'de.ingrid.portal.portlets.SearchSettingsPortlet', 21, 0, 'de.ingrid.portal.resources.SearchSimpleResources', NULL, NULL, 'private', NULL),
(175, 'SearchSavePortlet', 'de.ingrid.portal.portlets.SearchSavePortlet', 21, 0, 'de.ingrid.portal.resources.SearchSimpleResources', NULL, NULL, 'private', NULL),
(176, 'SearchHistory', 'de.ingrid.portal.portlets.SearchHistoryPortlet', 21, 0, 'de.ingrid.portal.resources.SearchSimpleResources', NULL, NULL, 'private', NULL),
(177, 'SearchSimilar', 'de.ingrid.portal.portlets.SearchSimilarPortlet', 21, 0, 'de.ingrid.portal.resources.SearchResultResources', NULL, NULL, 'private', NULL),
(178, 'SearchResult', 'de.ingrid.portal.portlets.SearchResultPortlet', 21, 0, 'de.ingrid.portal.resources.SearchResultResources', NULL, NULL, 'private', NULL),
(179, 'SearchDetail', 'de.ingrid.portal.portlets.SearchDetailPortlet', 21, 0, 'de.ingrid.portal.resources.SearchDetailResources', NULL, NULL, 'private', NULL),
(180, 'SearchCatalogHierarchy', 'de.ingrid.portal.portlets.searchcatalog.SearchCatalogHierarchyPortlet', 21, 0, 'de.ingrid.portal.resources.SearchCatalogResources', NULL, NULL, 'private', NULL),
(181, 'SearchCatalogThesaurus', 'de.ingrid.portal.portlets.searchcatalog.SearchCatalogThesaurusPortlet', 21, 0, 'de.ingrid.portal.resources.SearchCatalogResources', NULL, NULL, 'private', NULL),
(182, 'SearchCatalogThesaurusResult', 'de.ingrid.portal.portlets.searchcatalog.SearchCatalogThesaurusResultPortlet', 21, 0, 'de.ingrid.portal.resources.SearchCatalogResources', NULL, NULL, 'private', NULL),
(183, 'SearchExtEnvTopicTerms', 'de.ingrid.portal.portlets.searchext.SearchExtEnvTopicTermsPortlet', 21, 0, 'de.ingrid.portal.resources.SearchExtendedResources', NULL, NULL, 'private', NULL),
(184, 'SearchExtEnvTopicThesaurus', 'de.ingrid.portal.portlets.searchext.SearchExtEnvTopicThesaurusPortlet', 21, 0, 'de.ingrid.portal.resources.SearchExtendedResources', NULL, NULL, 'private', NULL),
(185, 'SearchExtEnvPlaceGeothesaurus', 'de.ingrid.portal.portlets.searchext.SearchExtEnvPlaceGeothesaurusPortlet', 21, 0, 'de.ingrid.portal.resources.SearchExtendedResources', NULL, NULL, 'private', NULL),
(186, 'SearchExtEnvPlaceMap', 'de.ingrid.portal.portlets.searchext.SearchExtEnvPlaceMapPortlet', 21, 0, 'de.ingrid.portal.resources.SearchExtendedResources', NULL, NULL, 'private', NULL),
(187, 'SearchExtEnvTimeConstraint', 'de.ingrid.portal.portlets.searchext.SearchExtEnvTimeConstraintPortlet', 21, 0, 'de.ingrid.portal.resources.SearchExtendedResources', NULL, NULL, 'private', NULL),
(188, 'SearchExtEnvTimeChronicle', 'de.ingrid.portal.portlets.searchext.SearchExtEnvTimeChroniclePortlet', 21, 0, 'de.ingrid.portal.resources.SearchExtendedResources', NULL, NULL, 'private', NULL),
(189, 'SearchExtEnvAreaContents', 'de.ingrid.portal.portlets.searchext.SearchExtEnvAreaContentsPortlet', 21, 0, 'de.ingrid.portal.resources.SearchExtendedResources', NULL, NULL, 'private', NULL),
(190, 'SearchExtEnvAreaSources', 'de.ingrid.portal.portlets.searchext.SearchExtEnvAreaSourcesPortlet', 21, 0, 'de.ingrid.portal.resources.SearchExtendedResources', NULL, NULL, 'private', NULL),
(191, 'SearchExtEnvAreaPartner', 'de.ingrid.portal.portlets.searchext.SearchExtEnvAreaPartnerPortlet', 21, 0, 'de.ingrid.portal.resources.SearchExtendedResources', NULL, NULL, 'private', NULL),
(192, 'SearchExtAdrTopicTerms', 'de.ingrid.portal.portlets.searchext.SearchExtAdrTopicTermsPortlet', 21, 0, 'de.ingrid.portal.resources.SearchExtendedResources', NULL, NULL, 'private', NULL),
(193, 'SearchExtAdrTopicMode', 'de.ingrid.portal.portlets.searchext.SearchExtAdrTopicModePortlet', 21, 0, 'de.ingrid.portal.resources.SearchExtendedResources', NULL, NULL, 'private', NULL),
(194, 'SearchExtAdrPlaceReference', 'de.ingrid.portal.portlets.searchext.SearchExtAdrPlaceReferencePortlet', 21, 0, 'de.ingrid.portal.resources.SearchExtendedResources', NULL, NULL, 'private', NULL),
(195, 'SearchExtAdrAreaPartner', 'de.ingrid.portal.portlets.searchext.SearchExtAdrAreaPartnerPortlet', 21, 0, 'de.ingrid.portal.resources.SearchExtendedResources', NULL, NULL, 'private', NULL),
(196, 'SearchExtResTopicTerms', 'de.ingrid.portal.portlets.searchext.SearchExtResTopicTermsPortlet', 21, 0, 'de.ingrid.portal.resources.SearchExtendedResources', NULL, NULL, 'private', NULL),
(197, 'SearchExtResTopicAttributes', 'de.ingrid.portal.portlets.searchext.SearchExtResTopicAttributesPortlet', 21, 0, 'de.ingrid.portal.resources.SearchExtendedResources', NULL, NULL, 'private', NULL),
(198, 'SearchExtLawTopicTerms', 'de.ingrid.portal.portlets.searchext.SearchExtLawTopicTermsPortlet', 21, 0, 'de.ingrid.portal.resources.SearchExtendedResources', NULL, NULL, 'private', NULL),
(199, 'SearchExtLawTopicThesaurus', 'de.ingrid.portal.portlets.searchext.SearchExtLawTopicThesaurusPortlet', 21, 0, 'de.ingrid.portal.resources.SearchExtendedResources', NULL, NULL, 'private', NULL),
(200, 'SearchExtLawAreaPartner', 'de.ingrid.portal.portlets.searchext.SearchExtLawAreaPartnerPortlet', 21, 0, 'de.ingrid.portal.resources.SearchExtendedResources', NULL, NULL, 'private', NULL),
(201, 'LanguageSwitch', 'de.ingrid.portal.portlets.LanguageSwitchPortlet', 21, 0, 'de.ingrid.portal.resources.SearchExtendedResources', NULL, NULL, 'private', NULL),
(202, 'ShowFeaturesPortlet', 'de.ingrid.portal.portlets.ShowFeaturesPortlet', 21, 0, 'de.ingrid.portal.resources.FeaturesResources', NULL, NULL, 'private', NULL);

-- --------------------------------------------------------

--
-- Tabellenstruktur für Tabelle `portlet_filter`
--

DROP TABLE IF EXISTS `portlet_filter`;
CREATE TABLE IF NOT EXISTS `portlet_filter` (
  `ID` int(11) NOT NULL,
  `APPLICATION_ID` int(11) NOT NULL,
  `FILTER_NAME` varchar(80) COLLATE utf8_unicode_ci NOT NULL,
  `FILTER_CLASS` varchar(255) COLLATE utf8_unicode_ci DEFAULT NULL,
  PRIMARY KEY (`ID`)
) ENGINE=InnoDB DEFAULT CHARSET=utf8 COLLATE=utf8_unicode_ci;

--
-- Daten für Tabelle `portlet_filter`
--


-- --------------------------------------------------------

--
-- Tabellenstruktur für Tabelle `portlet_listener`
--

DROP TABLE IF EXISTS `portlet_listener`;
CREATE TABLE IF NOT EXISTS `portlet_listener` (
  `ID` int(11) NOT NULL,
  `APPLICATION_ID` int(11) NOT NULL,
  `LISTENER_CLASS` varchar(255) COLLATE utf8_unicode_ci DEFAULT NULL,
  PRIMARY KEY (`ID`)
) ENGINE=InnoDB DEFAULT CHARSET=utf8 COLLATE=utf8_unicode_ci;

--
-- Daten für Tabelle `portlet_listener`
--


-- --------------------------------------------------------

--
-- Tabellenstruktur für Tabelle `portlet_preference`
--

DROP TABLE IF EXISTS `portlet_preference`;
CREATE TABLE IF NOT EXISTS `portlet_preference` (
  `ID` int(11) NOT NULL,
  `DTYPE` varchar(10) COLLATE utf8_unicode_ci NOT NULL,
  `APPLICATION_NAME` varchar(80) COLLATE utf8_unicode_ci NOT NULL,
  `PORTLET_NAME` varchar(80) COLLATE utf8_unicode_ci NOT NULL,
  `ENTITY_ID` varchar(80) COLLATE utf8_unicode_ci DEFAULT NULL,
  `USER_NAME` varchar(80) COLLATE utf8_unicode_ci DEFAULT NULL,
  `NAME` varchar(254) COLLATE utf8_unicode_ci NOT NULL,
  `READONLY` smallint(6) NOT NULL,
  PRIMARY KEY (`ID`),
  UNIQUE KEY `UIX_PORTLET_PREFERENCE` (`DTYPE`,`APPLICATION_NAME`,`PORTLET_NAME`,`ENTITY_ID`,`USER_NAME`,`NAME`)
) ENGINE=InnoDB DEFAULT CHARSET=utf8 COLLATE=utf8_unicode_ci;

--
-- Daten für Tabelle `portlet_preference`
--

INSERT INTO `portlet_preference` (`ID`, `DTYPE`, `APPLICATION_NAME`, `PORTLET_NAME`, `ENTITY_ID`, `USER_NAME`, `NAME`, `READONLY`) VALUES
(49, 'portlet', 'ingrid-portal-mdek', 'MdekEntryPortlet', NULL, NULL, 'titleKey', 0),
(50, 'portlet', 'ingrid-portal-mdek', 'MdekPortalAdminPortlet', NULL, NULL, 'titleKey', 0),
(51, 'portlet', 'ingrid-portal-mdek', 'MdekAdminLoginPortlet', NULL, NULL, 'titleKey', 0),
(61, 'portlet', 'ingrid-portal-apps', 'MyPortalEditAboutInfoPortlet', NULL, NULL, 'infoTemplate', 0),
(62, 'portlet', 'ingrid-portal-apps', 'MyPortalEditAboutInfoPortlet', NULL, NULL, 'titleKey', 0),
(63, 'portlet', 'ingrid-portal-apps', 'MyPortalEditNewsletterInfoPortlet', NULL, NULL, 'infoTemplate', 0),
(64, 'portlet', 'ingrid-portal-apps', 'MyPortalEditNewsletterInfoPortlet', NULL, NULL, 'titleKey', 0),
(65, 'portlet', 'ingrid-portal-apps', 'MyPortalEditAdvancedInfoPortlet', NULL, NULL, 'infoTemplate', 0),
(66, 'portlet', 'ingrid-portal-apps', 'MyPortalEditAdvancedInfoPortlet', NULL, NULL, 'titleKey', 0),
(67, 'portlet', 'ingrid-portal-apps', 'SearchSimple', NULL, NULL, 'portlet-type', 0),
(68, 'portlet', 'ingrid-portal-apps', 'SearchSimple', NULL, NULL, 'default-vertical-position', 0),
(69, 'portlet', 'ingrid-portal-apps', 'SearchSimple', NULL, NULL, 'helpKey', 0),
(70, 'portlet', 'ingrid-portal-apps', 'SearchSimple', NULL, NULL, 'titleKey', 0),
(71, 'portlet', 'ingrid-portal-apps', 'EnvironmentTeaser', NULL, NULL, 'portlet-type', 0),
(72, 'portlet', 'ingrid-portal-apps', 'EnvironmentTeaser', NULL, NULL, 'default-vertical-position', 0),
(73, 'portlet', 'ingrid-portal-apps', 'EnvironmentTeaser', NULL, NULL, 'helpKey', 0),
(74, 'portlet', 'ingrid-portal-apps', 'EnvironmentTeaser', NULL, NULL, 'titleKey', 0),
(75, 'portlet', 'ingrid-portal-apps', 'RssNewsTeaser', NULL, NULL, 'portlet-type', 0),
(76, 'portlet', 'ingrid-portal-apps', 'RssNewsTeaser', NULL, NULL, 'default-vertical-position', 0),
(77, 'portlet', 'ingrid-portal-apps', 'RssNewsTeaser', NULL, NULL, 'helpKey', 0),
(78, 'portlet', 'ingrid-portal-apps', 'RssNewsTeaser', NULL, NULL, 'titleKey', 0),
(79, 'portlet', 'ingrid-portal-apps', 'RssNewsTeaser', NULL, NULL, 'noOfEntriesDisplayed', 0),
(80, 'portlet', 'ingrid-portal-apps', 'CMSPortlet', NULL, NULL, 'cmsKey', 0),
(81, 'portlet', 'ingrid-portal-apps', 'IngridInformPortlet', NULL, NULL, 'portlet-type', 0),
(82, 'portlet', 'ingrid-portal-apps', 'IngridInformPortlet', NULL, NULL, 'cmsKey', 0),
(83, 'portlet', 'ingrid-portal-apps', 'IngridInformPortlet', NULL, NULL, 'default-vertical-position', 0),
(84, 'portlet', 'ingrid-portal-apps', 'IngridInformPortlet', NULL, NULL, 'helpKey', 0),
(85, 'portlet', 'ingrid-portal-apps', 'IngridInformPortlet', NULL, NULL, 'infoTemplate', 0),
(86, 'portlet', 'ingrid-portal-apps', 'IngridInformPortlet', NULL, NULL, 'titleKey', 0),
(87, 'portlet', 'ingrid-portal-apps', 'IngridWelcomePortlet', NULL, NULL, 'portlet-type', 0),
(88, 'portlet', 'ingrid-portal-apps', 'IngridWelcomePortlet', NULL, NULL, 'cmsKey', 0),
(89, 'portlet', 'ingrid-portal-apps', 'IngridWelcomePortlet', NULL, NULL, 'default-vertical-position', 0),
(90, 'portlet', 'ingrid-portal-apps', 'IngridWelcomePortlet', NULL, NULL, 'infoTemplate', 0),
(91, 'portlet', 'ingrid-portal-apps', 'IngridWelcomePortlet', NULL, NULL, 'titleKey', 0),
(92, 'portlet', 'ingrid-portal-apps', 'ServiceTeaser', NULL, NULL, 'portlet-type', 0),
(93, 'portlet', 'ingrid-portal-apps', 'ServiceTeaser', NULL, NULL, 'default-vertical-position', 0),
(94, 'portlet', 'ingrid-portal-apps', 'ServiceTeaser', NULL, NULL, 'helpKey', 0),
(95, 'portlet', 'ingrid-portal-apps', 'ServiceTeaser', NULL, NULL, 'titleKey', 0),
(96, 'portlet', 'ingrid-portal-apps', 'MeasuresTeaser', NULL, NULL, 'portlet-type', 0),
(97, 'portlet', 'ingrid-portal-apps', 'MeasuresTeaser', NULL, NULL, 'default-vertical-position', 0),
(98, 'portlet', 'ingrid-portal-apps', 'MeasuresTeaser', NULL, NULL, 'helpKey', 0),
(99, 'portlet', 'ingrid-portal-apps', 'MeasuresTeaser', NULL, NULL, 'titleKey', 0),
(100, 'portlet', 'ingrid-portal-apps', 'ChronicleTeaser', NULL, NULL, 'portlet-type', 0),
(101, 'portlet', 'ingrid-portal-apps', 'ChronicleTeaser', NULL, NULL, 'default-vertical-position', 0),
(102, 'portlet', 'ingrid-portal-apps', 'ChronicleTeaser', NULL, NULL, 'helpKey', 0),
(103, 'portlet', 'ingrid-portal-apps', 'ChronicleTeaser', NULL, NULL, 'titleKey', 0),
(104, 'portlet', 'ingrid-portal-apps', 'WeatherTeaser', NULL, NULL, 'portlet-type', 0),
(105, 'portlet', 'ingrid-portal-apps', 'WeatherTeaser', NULL, NULL, 'default-vertical-position', 0),
(106, 'portlet', 'ingrid-portal-apps', 'WeatherTeaser', NULL, NULL, 'titleKey', 0),
(107, 'portlet', 'ingrid-portal-apps', 'SearchCatalogHierarchy', NULL, NULL, 'helpKey', 0),
(108, 'portlet', 'ingrid-portal-apps', 'SearchCatalogThesaurus', NULL, NULL, 'helpKey', 0);

-- --------------------------------------------------------

--
-- Tabellenstruktur für Tabelle `portlet_preference_value`
--

DROP TABLE IF EXISTS `portlet_preference_value`;
CREATE TABLE IF NOT EXISTS `portlet_preference_value` (
  `ID` int(11) NOT NULL,
  `PREF_ID` int(11) NOT NULL,
  `IDX` smallint(6) NOT NULL,
  `PREF_VALUE` varchar(4000) COLLATE utf8_unicode_ci DEFAULT NULL,
  PRIMARY KEY (`ID`,`PREF_ID`,`IDX`),
  KEY `IX_PORTLET_PREFERENCE` (`PREF_ID`)
) ENGINE=InnoDB DEFAULT CHARSET=utf8 COLLATE=utf8_unicode_ci;

--
-- Daten für Tabelle `portlet_preference_value`
--

INSERT INTO `portlet_preference_value` (`ID`, `PREF_ID`, `IDX`, `PREF_VALUE`) VALUES
(1, 1, 0, '/WEB-INF/templates/myportal/myportal_navigation.vm'),
(2, 2, 0, 'myPortal.info.navigation.title'),
(3, 3, 0, '/WEB-INF/templates/newsletter_teaser.vm'),
(4, 4, 0, 'teaser.newsletter.title'),
(5, 5, 0, '/WEB-INF/templates/myportal/login_teaser.vm'),
(6, 6, 0, 'teaser.login.title'),
(7, 7, 0, 'ingrid-home'),
(8, 8, 0, '0'),
(9, 9, 0, 'search-1'),
(10, 10, 0, 'searchSimple.title.search'),
(11, 11, 0, 'ingrid-home'),
(12, 12, 0, '1'),
(13, 13, 0, 'search-topics-1'),
(14, 14, 0, 'teaser.environment.title'),
(15, 15, 0, 'ingrid-home'),
(16, 16, 0, '2'),
(17, 17, 0, 'rss-news-1'),
(18, 18, 0, 'news.teaser.title'),
(19, 19, 0, '4'),
(20, 20, 0, 'portalu.cms.default'),
(21, 21, 0, 'ingrid-home-marginal'),
(22, 22, 0, 'portalu.teaser.inform'),
(23, 23, 0, '0'),
(24, 24, 0, 'ingrid-inform-1'),
(25, 25, 0, '/WEB-INF/templates/default_cms.vm'),
(26, 26, 0, 'teaser.ingridInform.title'),
(27, 27, 0, 'ingrid-home'),
(28, 28, 0, 'ingrid.home.welcome'),
(29, 29, 0, '3'),
(30, 30, 0, '/WEB-INF/templates/default_cms.vm'),
(31, 31, 0, 'ingrid.home.welcome.title'),
(32, 32, 0, 'ingrid-home-marginal'),
(33, 33, 0, '1'),
(34, 34, 0, 'search-service-1'),
(35, 35, 0, 'teaser.service.title'),
(36, 36, 0, 'ingrid-home-marginal'),
(37, 37, 0, '2'),
(38, 38, 0, 'search-measure-1'),
(39, 39, 0, 'teaser.measures.title'),
(40, 40, 0, 'ingrid-home-marginal'),
(41, 41, 0, '3'),
(42, 42, 0, 'search-chronicle-1'),
(43, 43, 0, 'chronicle.teaser.title'),
(44, 44, 0, 'ingrid-home-marginal'),
(45, 45, 0, '4'),
(46, 46, 0, 'teaser.weather.title'),
(47, 47, 0, 'search-catalog-1'),
(48, 48, 0, 'search-catalog-2'),
(49, 49, 0, 'mdek.title.entry'),
(50, 50, 0, 'mdek.title.portaladmin'),
(51, 51, 0, 'mdek.title.adminlogin'),
(61, 61, 0, '/WEB-INF/templates/myportal/myportal_navigation.vm'),
(62, 62, 0, 'myPortal.info.navigation.title'),
(63, 63, 0, '/WEB-INF/templates/newsletter_teaser.vm'),
(64, 64, 0, 'teaser.newsletter.title'),
(65, 65, 0, '/WEB-INF/templates/myportal/login_teaser.vm'),
(66, 66, 0, 'teaser.login.title'),
(67, 67, 0, 'ingrid-home'),
(68, 68, 0, '0'),
(69, 69, 0, 'search-1'),
(70, 70, 0, 'searchSimple.title.search'),
(71, 71, 0, 'ingrid-home'),
(72, 72, 0, '1'),
(73, 73, 0, 'search-topics-1'),
(74, 74, 0, 'teaser.environment.title'),
(75, 75, 0, 'ingrid-home'),
(76, 76, 0, '2'),
(77, 77, 0, 'rss-news-1'),
(78, 78, 0, 'news.teaser.title'),
(79, 79, 0, '4'),
(80, 80, 0, 'portalu.cms.default'),
(81, 81, 0, 'ingrid-home-marginal'),
(82, 82, 0, 'portalu.teaser.inform'),
(83, 83, 0, '0'),
(84, 84, 0, 'ingrid-inform-1'),
(85, 85, 0, '/WEB-INF/templates/default_cms.vm'),
(86, 86, 0, 'teaser.ingridInform.title'),
(87, 87, 0, 'ingrid-home'),
(88, 88, 0, 'ingrid.home.welcome'),
(89, 89, 0, '3'),
(90, 90, 0, '/WEB-INF/templates/default_cms.vm'),
(91, 91, 0, 'ingrid.home.welcome.title'),
(92, 92, 0, 'ingrid-home-marginal'),
(93, 93, 0, '1'),
(94, 94, 0, 'search-service-1'),
(95, 95, 0, 'teaser.service.title'),
(96, 96, 0, 'ingrid-home-marginal'),
(97, 97, 0, '2'),
(98, 98, 0, 'search-measure-1'),
(99, 99, 0, 'teaser.measures.title'),
(100, 100, 0, 'ingrid-home-marginal'),
(101, 101, 0, '3'),
(102, 102, 0, 'search-chronicle-1'),
(103, 103, 0, 'chronicle.teaser.title'),
(104, 104, 0, 'ingrid-home-marginal'),
(105, 105, 0, '4'),
(106, 106, 0, 'teaser.weather.title'),
(107, 107, 0, 'search-catalog-1'),
(108, 108, 0, 'search-catalog-2');

-- --------------------------------------------------------

--
-- Tabellenstruktur für Tabelle `portlet_statistics`
--

DROP TABLE IF EXISTS `portlet_statistics`;
CREATE TABLE IF NOT EXISTS `portlet_statistics` (
  `IPADDRESS` varchar(80) COLLATE utf8_unicode_ci DEFAULT NULL,
  `USER_NAME` varchar(80) COLLATE utf8_unicode_ci DEFAULT NULL,
  `TIME_STAMP` datetime DEFAULT NULL,
  `PAGE` varchar(80) COLLATE utf8_unicode_ci DEFAULT NULL,
  `PORTLET` varchar(255) COLLATE utf8_unicode_ci DEFAULT NULL,
  `STATUS` int(11) DEFAULT NULL,
  `ELAPSED_TIME` bigint(20) DEFAULT NULL
) ENGINE=InnoDB DEFAULT CHARSET=utf8 COLLATE=utf8_unicode_ci;

--
-- Daten für Tabelle `portlet_statistics`
--


-- --------------------------------------------------------

--
-- Tabellenstruktur für Tabelle `portlet_supports`
--

DROP TABLE IF EXISTS `portlet_supports`;
CREATE TABLE IF NOT EXISTS `portlet_supports` (
  `SUPPORTS_ID` int(11) NOT NULL,
  `PORTLET_ID` int(11) NOT NULL,
  `MIME_TYPE` varchar(30) COLLATE utf8_unicode_ci NOT NULL,
  `MODES` varchar(255) COLLATE utf8_unicode_ci DEFAULT NULL,
  `STATES` varchar(255) COLLATE utf8_unicode_ci DEFAULT NULL,
  PRIMARY KEY (`SUPPORTS_ID`),
  UNIQUE KEY `UK_SUPPORTS` (`PORTLET_ID`,`MIME_TYPE`)
) ENGINE=InnoDB DEFAULT CHARSET=utf8 COLLATE=utf8_unicode_ci;

--
-- Daten für Tabelle `portlet_supports`
--

INSERT INTO `portlet_supports` (`SUPPORTS_ID`, `PORTLET_ID`, `MIME_TYPE`, `MODES`, `STATES`) VALUES
(1, 1, 'text/html', '"view"', ''),
(2, 2, 'text/html', '"view"', ''),
(3, 3, 'text/html', '"view"', ''),
(4, 4, 'text/html', '"view"', ''),
(5, 5, 'text/html', '"view","edit","help"', ''),
(6, 5, 'text/vnd.wap.wml', '"view"', ''),
(7, 6, 'text/html', '"view","edit","help"', ''),
(8, 7, 'text/html', '"view","edit","help"', ''),
(9, 8, 'text/html', '"view","edit","help"', ''),
(10, 9, 'text/html', '"view","edit","help"', ''),
(11, 10, 'text/html', '"view","edit","help"', ''),
(12, 11, 'text/html', '"view"', ''),
(13, 11, 'text/vnd.wap.wml', '"view"', ''),
(14, 12, 'text/html', '"view"', ''),
(15, 13, 'text/html', '"view"', ''),
(16, 14, 'text/html', '"view"', ''),
(17, 15, 'text/html', '"view","edit","help"', ''),
(18, 16, 'text/html', '"view"', ''),
(19, 17, 'text/html', '"view","edit","help"', ''),
(20, 18, 'text/html', '"view","edit","help"', ''),
(103, 101, 'text/html', '"view"', ''),
(104, 102, 'text/html', '"view"', ''),
(105, 103, 'text/html', '"view"', ''),
(121, 121, 'text/html', '"view"', ''),
(122, 122, 'text/html', '"view"', ''),
(123, 123, 'text/html', '"view"', ''),
(124, 124, 'text/html', '"view"', ''),
(125, 125, 'text/html', '"view"', ''),
(126, 126, 'text/html', '"view"', ''),
(127, 127, 'text/html', '"view"', ''),
(128, 128, 'text/html', '"view"', ''),
(129, 129, 'text/html', '"view"', ''),
(130, 130, 'text/html', '"view"', ''),
(131, 131, 'text/html', '"view"', ''),
(132, 132, 'text/html', '"view"', ''),
(133, 133, 'text/html', '"view"', ''),
(134, 134, 'text/html', '"view"', ''),
(135, 135, 'text/html', '"view"', ''),
(136, 136, 'text/html', '"view"', ''),
(137, 137, 'text/html', '"view"', ''),
(138, 138, 'text/html', '"view"', ''),
(139, 139, 'text/html', '"view"', ''),
(140, 140, 'text/html', '"view"', ''),
(141, 141, 'text/html', '"view"', ''),
(142, 142, 'text/html', '"view"', ''),
(143, 143, 'text/html', '"view"', ''),
(144, 144, 'text/html', '"view"', ''),
(145, 145, 'text/html', '"view"', ''),
(146, 146, 'text/html', '"view"', ''),
(147, 147, 'text/html', '"view"', ''),
(148, 148, 'text/html', '"view"', ''),
(149, 149, 'text/html', '"view"', ''),
(150, 150, 'text/html', '"view"', ''),
(151, 151, 'text/html', '"view"', ''),
(152, 152, 'text/html', '"view"', ''),
(153, 153, 'text/html', '"view"', ''),
(154, 154, 'text/html', '"view"', ''),
(155, 155, 'text/html', '"view"', ''),
(156, 156, 'text/html', '"view"', ''),
(157, 157, 'text/html', '"view"', ''),
(158, 158, 'text/html', '"view"', ''),
(159, 159, 'text/html', '"view"', ''),
(160, 160, 'text/html', '"view"', ''),
(161, 161, 'text/html', '"view"', ''),
(162, 162, 'text/html', '"view"', ''),
(163, 163, 'text/html', '"view"', ''),
(164, 164, 'text/html', '"view"', ''),
(165, 165, 'text/html', '"view"', ''),
(166, 166, 'text/html', '"view"', ''),
(167, 167, 'text/html', '"view"', ''),
(168, 168, 'text/html', '"view"', ''),
(169, 169, 'text/html', '"view"', ''),
(170, 170, 'text/html', '"view"', ''),
(171, 171, 'text/html', '"view"', ''),
(172, 172, 'text/html', '"view"', ''),
(173, 173, 'text/html', '"view"', ''),
(174, 174, 'text/html', '"view"', ''),
(175, 175, 'text/html', '"view"', ''),
(176, 176, 'text/html', '"view"', ''),
(177, 177, 'text/html', '"view"', ''),
(178, 178, 'text/html', '"view"', ''),
(179, 179, 'text/html', '"view"', ''),
(180, 180, 'text/html', '"view"', ''),
(181, 181, 'text/html', '"view"', ''),
(182, 182, 'text/html', '"view"', ''),
(183, 183, 'text/html', '"view"', ''),
(184, 184, 'text/html', '"view"', ''),
(185, 185, 'text/html', '"view"', ''),
(186, 186, 'text/html', '"view"', ''),
(187, 187, 'text/html', '"view"', ''),
(188, 188, 'text/html', '"view"', ''),
(189, 189, 'text/html', '"view"', ''),
(190, 190, 'text/html', '"view"', ''),
(191, 191, 'text/html', '"view"', ''),
(192, 192, 'text/html', '"view"', ''),
(193, 193, 'text/html', '"view"', ''),
(194, 194, 'text/html', '"view"', ''),
(195, 195, 'text/html', '"view"', ''),
(196, 196, 'text/html', '"view"', ''),
(197, 197, 'text/html', '"view"', ''),
(198, 198, 'text/html', '"view"', ''),
(199, 199, 'text/html', '"view"', ''),
(200, 200, 'text/html', '"view"', ''),
(201, 201, 'text/html', '"view"', ''),
(202, 202, 'text/html', '"view"', '');

-- --------------------------------------------------------

--
-- Tabellenstruktur für Tabelle `principal_permission`
--

DROP TABLE IF EXISTS `principal_permission`;
CREATE TABLE IF NOT EXISTS `principal_permission` (
  `PRINCIPAL_ID` int(11) NOT NULL,
  `PERMISSION_ID` int(11) NOT NULL,
  PRIMARY KEY (`PRINCIPAL_ID`,`PERMISSION_ID`),
  KEY `IX_PRINCIPAL_PERMISSION_1` (`PERMISSION_ID`),
  KEY `IX_PRINCIPAL_PERMISSION_2` (`PRINCIPAL_ID`)
) ENGINE=InnoDB DEFAULT CHARSET=utf8 COLLATE=utf8_unicode_ci;

--
-- Daten für Tabelle `principal_permission`
--

INSERT INTO `principal_permission` (`PRINCIPAL_ID`, `PERMISSION_ID`) VALUES
(8, 1),
(11, 1),
(12, 1),
(13, 1),
(13, 2),
(13, 3),
(13, 4),
(8, 5),
(8, 6),
(13, 6),
(13, 7),
(13, 8),
(11, 11),
(12, 11),
(11, 12),
(12, 12),
(21, 13),
(21, 14),
(22, 15),
(22, 16),
(4, 17),
(9, 18),
(8, 19),
(8, 20),
(13, 21),
(13, 22),
(4, 23),
(13, 24),
(13, 41);

-- --------------------------------------------------------

--
-- Tabellenstruktur für Tabelle `principal_rule_assoc`
--

DROP TABLE IF EXISTS `principal_rule_assoc`;
CREATE TABLE IF NOT EXISTS `principal_rule_assoc` (
  `PRINCIPAL_NAME` varchar(80) COLLATE utf8_unicode_ci NOT NULL,
  `LOCATOR_NAME` varchar(80) COLLATE utf8_unicode_ci NOT NULL,
  `RULE_ID` varchar(80) COLLATE utf8_unicode_ci NOT NULL,
  PRIMARY KEY (`PRINCIPAL_NAME`,`LOCATOR_NAME`)
) ENGINE=InnoDB DEFAULT CHARSET=utf8 COLLATE=utf8_unicode_ci;

--
-- Daten für Tabelle `principal_rule_assoc`
--

INSERT INTO `principal_rule_assoc` (`PRINCIPAL_NAME`, `LOCATOR_NAME`, `RULE_ID`) VALUES
('9iruelli', 'page', 'user-role-fallback'),
('abahls', 'page', 'user-role-fallback'),
('abalkebb', 'page', 'user-role-fallback'),
('abergmanna', 'page', 'user-role-fallback'),
('Achstetter', 'page', 'user-role-fallback'),
('admin', 'page', 'role-fallback'),
('aguenther', 'page', 'user-role-fallback'),
('ahilker', 'page', 'user-role-fallback'),
('AKaiser', 'page', 'user-role-fallback'),
('AlexandraBaake', 'page', 'user-role-fallback'),
('amischock', 'page', 'user-role-fallback'),
('amischok', 'page', 'user-role-fallback'),
('amollenhauer', 'page', 'user-role-fallback'),
('an_dre', 'page', 'user-role-fallback'),
('Andre Grohmann', 'page', 'user-role-fallback'),
('andreasweyer', 'page', 'user-role-fallback'),
('Angelsearcher', 'page', 'user-role-fallback'),
('AnkurM', 'page', 'user-role-fallback'),
('Anne Hebsaker', 'page', 'user-role-fallback'),
('annette sawade', 'page', 'user-role-fallback'),
('AnneW', 'page', 'user-role-fallback'),
('antje.hesse', 'page', 'user-role-fallback'),
('antje.reschke', 'page', 'user-role-fallback'),
('aomlin', 'page', 'user-role-fallback'),
('aramin', 'page', 'user-role-fallback'),
('ARoefs', 'page', 'user-role-fallback'),
('arothenburger', 'page', 'user-role-fallback'),
('asawade', 'page', 'user-role-fallback'),
('asv_admin', 'page', 'user-role-fallback'),
('Augstebi', 'page', 'user-role-fallback'),
('Ausschussmitglied', 'page', 'user-role-fallback'),
('awollmann', 'page', 'user-role-fallback'),
('azille', 'page', 'user-role-fallback'),
('Baseler', 'page', 'user-role-fallback'),
('baseler_l', 'page', 'user-role-fallback'),
('baumert9', 'page', 'user-role-fallback'),
('bb_demo_poersch', 'page', 'user-role-fallback'),
('bb_gudera', 'page', 'user-role-fallback'),
('BCL', 'page', 'user-role-fallback'),
('beata', 'page', 'user-role-fallback'),
('Beau', 'page', 'user-role-fallback'),
('beha', 'page', 'user-role-fallback'),
('berger_meta', 'page', 'user-role-fallback'),
('Bestandsmanagement', 'page', 'user-role-fallback'),
('Betrieb Bauwerke', 'page', 'user-role-fallback'),
('beyer45', 'page', 'user-role-fallback'),
('bgrosser', 'page', 'user-role-fallback'),
('BialluAn', 'page', 'user-role-fallback'),
('Bialluch', 'page', 'user-role-fallback'),
('BioresME', 'page', 'user-role-fallback'),
('Bischoff', 'page', 'user-role-fallback'),
('bist', 'page', 'user-role-fallback'),
('bknorr', 'page', 'user-role-fallback'),
('blukasbb', 'page', 'user-role-fallback'),
('boerner', 'page', 'user-role-fallback'),
('boettger_a', 'page', 'user-role-fallback'),
('bolte_hb', 'page', 'user-role-fallback'),
('braun_r', 'page', 'user-role-fallback'),
('Britta', 'page', 'user-role-fallback'),
('bschneid', 'page', 'user-role-fallback'),
('bu_uba', 'page', 'user-role-fallback'),
('bueninir', 'page', 'user-role-fallback'),
('bummelix', 'page', 'user-role-fallback'),
('Bundesforst', 'page', 'user-role-fallback'),
('Busch', 'page', 'user-role-fallback'),
('buth_de', 'page', 'user-role-fallback'),
('buth_en', 'page', 'user-role-fallback'),
('bw_hb', 'page', 'user-role-fallback'),
('bwarstat', 'page', 'user-role-fallback'),
('C. Günther', 'page', 'user-role-fallback'),
('c.klinger', 'page', 'user-role-fallback'),
('ccrieo', 'page', 'user-role-fallback'),
('cdehmelt', 'page', 'user-role-fallback'),
('cfriedrichbb', 'page', 'user-role-fallback'),
('cherzo82', 'page', 'user-role-fallback'),
('chiharun', 'page', 'user-role-fallback'),
('chiharun77', 'page', 'user-role-fallback'),
('chris', 'page', 'user-role-fallback'),
('chris75', 'page', 'user-role-fallback'),
('christoph_sprenger', 'page', 'user-role-fallback'),
('cmeissner', 'page', 'user-role-fallback'),
('Cofex', 'page', 'user-role-fallback'),
('Cornelia', 'page', 'user-role-fallback'),
('CrimsonKing', 'page', 'user-role-fallback'),
('csc365kl', 'page', 'user-role-fallback'),
('cschmidt_bscc', 'page', 'user-role-fallback'),
('cstruck', 'page', 'user-role-fallback'),
('cweber', 'page', 'user-role-fallback'),
('CzepuckA', 'page', 'user-role-fallback'),
('Dana', 'page', 'user-role-fallback'),
('Daniel Weinberg', 'page', 'user-role-fallback'),
('danielawandzik', 'page', 'user-role-fallback'),
('davidhuehne', 'page', 'user-role-fallback'),
('dbaldin', 'page', 'user-role-fallback'),
('dborrmann', 'page', 'user-role-fallback'),
('deere20', 'page', 'user-role-fallback'),
('DeRsl', 'page', 'user-role-fallback'),
('dgoertzen', 'page', 'user-role-fallback'),
('diefi', 'page', 'user-role-fallback'),
('Dietze', 'page', 'user-role-fallback'),
('dinosaur_77', 'page', 'user-role-fallback'),
('Diptera', 'page', 'user-role-fallback'),
('DKL', 'page', 'user-role-fallback'),
('doettlingv', 'page', 'user-role-fallback'),
('Donia', 'page', 'user-role-fallback'),
('dp-meta', 'page', 'user-role-fallback'),
('dpapendickbb', 'page', 'user-role-fallback'),
('drbrijohn', 'page', 'user-role-fallback'),
('Dreßler', 'page', 'user-role-fallback'),
('dynarec', 'page', 'user-role-fallback'),
('eaudevie', 'page', 'user-role-fallback'),
('eberspaecher', 'page', 'user-role-fallback'),
('ebold', 'page', 'user-role-fallback'),
('eimann', 'page', 'user-role-fallback'),
('Eisenavo', 'page', 'user-role-fallback'),
('Emmenegger', 'page', 'user-role-fallback'),
('enompruetz', 'page', 'user-role-fallback'),
('eqfive', 'page', 'user-role-fallback'),
('ert', 'page', 'user-role-fallback'),
('eteggatz', 'page', 'user-role-fallback'),
('evansj', 'page', 'user-role-fallback'),
('ew1', 'page', 'user-role-fallback'),
('f.wagenbret', 'page', 'user-role-fallback'),
('falco.mueller', 'page', 'user-role-fallback'),
('falk', 'page', 'user-role-fallback'),
('FamFock', 'page', 'user-role-fallback'),
('fayedkhan', 'page', 'user-role-fallback'),
('fdanberg', 'page', 'user-role-fallback'),
('fehrmann', 'page', 'user-role-fallback'),
('FelixsuchtKarte', 'page', 'user-role-fallback'),
('FH96', 'page', 'user-role-fallback'),
('FireDoB', 'page', 'user-role-fallback'),
('fludwig', 'page', 'user-role-fallback'),
('Fock', 'page', 'user-role-fallback'),
('FockJUBA', 'page', 'user-role-fallback'),
('Folcen', 'page', 'user-role-fallback'),
('Forst', 'page', 'user-role-fallback'),
('frankhoepner', 'page', 'user-role-fallback'),
('franzi', 'page', 'user-role-fallback'),
('freisingere', 'page', 'user-role-fallback'),
('fritsche', 'page', 'user-role-fallback'),
('frosch23', 'page', 'user-role-fallback'),
('fs1', 'page', 'user-role-fallback'),
('fsauerzapfe', 'page', 'user-role-fallback'),
('gajaramillol', 'page', 'user-role-fallback'),
('Galina', 'page', 'user-role-fallback'),
('gast1', 'page', 'user-role-fallback'),
('gbaltes', 'page', 'user-role-fallback'),
('gbauer', 'page', 'user-role-fallback'),
('Gea77', 'page', 'user-role-fallback'),
('Geberhardt', 'page', 'user-role-fallback'),
('Geck', 'page', 'user-role-fallback'),
('geo_admin', 'page', 'user-role-fallback'),
('Geofuchs', 'page', 'user-role-fallback'),
('GeoHuba', 'page', 'user-role-fallback'),
('Gerald.Tessmer', 'page', 'user-role-fallback'),
('gerd.schoen', 'page', 'user-role-fallback'),
('ghofmann', 'page', 'user-role-fallback'),
('giacomini', 'page', 'user-role-fallback'),
('giesenan', 'page', 'user-role-fallback'),
('giffei', 'page', 'user-role-fallback'),
('Gitano74', 'page', 'user-role-fallback'),
('gladziwa', 'page', 'user-role-fallback'),
('glashin', 'page', 'user-role-fallback'),
('gloecknerk', 'page', 'user-role-fallback'),
('göbel', 'page', 'user-role-fallback'),
('goeddeke', 'page', 'user-role-fallback'),
('gplambeck', 'page', 'user-role-fallback'),
('greveu', 'page', 'user-role-fallback'),
('Greye', 'page', 'user-role-fallback'),
('grothem', 'page', 'user-role-fallback'),
('gruederich@yahoo.de', 'page', 'user-role-fallback'),
('grusdow_hb', 'page', 'user-role-fallback'),
('gschwind', 'page', 'user-role-fallback'),
('gthomas', 'page', 'user-role-fallback'),
('GuckelSa', 'page', 'user-role-fallback'),
('guenter_noll', 'page', 'user-role-fallback'),
('guenterdax', 'page', 'user-role-fallback'),
('guideassis', 'page', 'user-role-fallback'),
('GunnarOeh', 'page', 'user-role-fallback'),
('gustavoaj', 'page', 'user-role-fallback'),
('GWestfeld', 'page', 'user-role-fallback'),
('h_spalting', 'page', 'user-role-fallback'),
('h-d.michaelis', 'page', 'user-role-fallback'),
('hackel_s', 'page', 'user-role-fallback'),
('hafi', 'page', 'user-role-fallback'),
('hagen505', 'page', 'user-role-fallback'),
('hager_hb', 'page', 'user-role-fallback'),
('hahn_hj', 'page', 'user-role-fallback'),
('HankaS', 'page', 'user-role-fallback'),
('harbourmaster', 'page', 'user-role-fallback'),
('harjes_hb', 'page', 'user-role-fallback'),
('hartmanng', 'page', 'user-role-fallback'),
('HartschK', 'page', 'user-role-fallback'),
('harz', 'page', 'user-role-fallback'),
('harz_rpg', 'page', 'user-role-fallback'),
('Hase', 'page', 'user-role-fallback'),
('Hassul', 'page', 'user-role-fallback'),
('haxt', 'page', 'user-role-fallback'),
('hb_aschemmel', 'page', 'user-role-fallback'),
('hb_bpanteleit', 'page', 'user-role-fallback'),
('hb_bsagemann', 'page', 'user-role-fallback'),
('hb_bwestphal', 'page', 'user-role-fallback'),
('hb_ccastens', 'page', 'user-role-fallback'),
('hb_demo_beulke', 'page', 'user-role-fallback'),
('hb_ggerdes', 'page', 'user-role-fallback'),
('hb_ghesemann', 'page', 'user-role-fallback'),
('hb_ihahn', 'page', 'user-role-fallback'),
('hb_jblankenburg', 'page', 'user-role-fallback'),
('hb_kbohlmann', 'page', 'user-role-fallback'),
('hb_mhabig', 'page', 'user-role-fallback'),
('hb_mimm', 'page', 'user-role-fallback'),
('hb_mriesner', 'page', 'user-role-fallback'),
('hb_mwuenker', 'page', 'user-role-fallback'),
('hb_osterkamp', 'page', 'user-role-fallback'),
('hb_ufaustmann', 'page', 'user-role-fallback'),
('hb_uschewe', 'page', 'user-role-fallback'),
('hb_uschwartz', 'page', 'user-role-fallback'),
('hb_wthiemann', 'page', 'user-role-fallback'),
('hdoege', 'page', 'user-role-fallback'),
('Hebsaker', 'page', 'user-role-fallback'),
('heideck', 'page', 'user-role-fallback'),
('heiner.nagel', 'page', 'user-role-fallback'),
('heldbock', 'page', 'user-role-fallback'),
('HElfers', 'page', 'user-role-fallback'),
('helga.schmidtke', 'page', 'user-role-fallback'),
('henrik_schwarz', 'page', 'user-role-fallback'),
('Henry', 'page', 'user-role-fallback'),
('Henry Rechenbach', 'page', 'user-role-fallback'),
('HerbertMa', 'page', 'user-role-fallback'),
('herrmann', 'page', 'user-role-fallback'),
('Heuer', 'page', 'user-role-fallback'),
('HGoenner', 'page', 'user-role-fallback'),
('hgw', 'page', 'user-role-fallback'),
('HH-Timmi', 'page', 'user-role-fallback'),
('hhuckfeldt', 'page', 'user-role-fallback'),
('hillmann_hb', 'page', 'user-role-fallback'),
('hinricwi', 'page', 'user-role-fallback'),
('Hinterlang', 'page', 'user-role-fallback'),
('hmayer', 'page', 'user-role-fallback'),
('hnetzer', 'page', 'user-role-fallback'),
('HOBU', 'page', 'user-role-fallback'),
('hochspannung', 'page', 'user-role-fallback'),
('holm_doege', 'page', 'user-role-fallback'),
('Hoops', 'page', 'user-role-fallback'),
('HorstSteffen', 'page', 'user-role-fallback'),
('hreimers', 'page', 'user-role-fallback'),
('Huber', 'page', 'user-role-fallback'),
('huebnerr', 'page', 'user-role-fallback'),
('hugo', 'page', 'user-role-fallback'),
('humann_hb', 'page', 'user-role-fallback'),
('hustedt', 'page', 'user-role-fallback'),
('hwetzel', 'page', 'user-role-fallback'),
('IB_Siwawi', 'page', 'user-role-fallback'),
('IBR-ICL', 'page', 'user-role-fallback'),
('ich', 'page', 'user-role-fallback'),
('idevries', 'page', 'user-role-fallback'),
('ina_heyer', 'page', 'user-role-fallback'),
('info@lisikai.de', 'page', 'user-role-fallback'),
('inOEKON', 'page', 'user-role-fallback'),
('InsaMQ', 'page', 'user-role-fallback'),
('isabell', 'page', 'user-role-fallback'),
('IsaMa', 'page', 'user-role-fallback'),
('isifoer', 'page', 'user-role-fallback'),
('jahrndt', 'page', 'user-role-fallback'),
('jannimoe', 'page', 'user-role-fallback'),
('Januar', 'page', 'user-role-fallback'),
('jaskenh', 'page', 'user-role-fallback'),
('jbeulke', 'page', 'user-role-fallback'),
('JBleister', 'page', 'user-role-fallback'),
('JCW', 'page', 'user-role-fallback'),
('JensMutke', 'page', 'user-role-fallback'),
('jetspeed', 'menu', 'role-group'),
('jetspeed', 'page', 'role-fallback'),
('jg', 'page', 'user-role-fallback'),
('jimsmith', 'page', 'user-role-fallback'),
('jlethen', 'page', 'user-role-fallback'),
('jm', 'page', 'user-role-fallback'),
('JMeyerhoff', 'page', 'user-role-fallback'),
('jmjm', 'page', 'user-role-fallback'),
('JohannesVe', 'page', 'user-role-fallback'),
('jonathanoz', 'page', 'user-role-fallback'),
('joselc', 'page', 'user-role-fallback'),
('JSiebold', 'page', 'user-role-fallback'),
('jstudt', 'page', 'user-role-fallback'),
('jwiller', 'page', 'user-role-fallback'),
('jwolfbb', 'page', 'user-role-fallback'),
('kaiplan', 'page', 'user-role-fallback'),
('karsten.meiss@smartrecycling.de', 'page', 'user-role-fallback'),
('kasirske', 'page', 'user-role-fallback'),
('katadmin_bb', 'page', 'user-role-fallback'),
('katadmin_bfn', 'page', 'user-role-fallback'),
('katadmin_bodendaten', 'page', 'user-role-fallback'),
('katadmin_bw', 'page', 'user-role-fallback'),
('katadmin_hb', 'page', 'user-role-fallback'),
('katadmin_he', 'page', 'user-role-fallback'),
('katadmin_hh', 'page', 'user-role-fallback'),
('katadmin_mv', 'page', 'user-role-fallback'),
('katadmin_ni', 'page', 'user-role-fallback'),
('katadmin_nw', 'page', 'user-role-fallback'),
('katadmin_schulung', 'page', 'user-role-fallback'),
('katadmin_sh', 'page', 'user-role-fallback'),
('katadmin_sl', 'page', 'user-role-fallback'),
('katadmin_sn', 'page', 'user-role-fallback'),
('katadmin_st', 'page', 'user-role-fallback'),
('katadmin_th', 'page', 'user-role-fallback'),
('katadmin_uba', 'page', 'user-role-fallback'),
('KATADMIN_UBA_EN', 'page', 'user-role-fallback'),
('katrin.w', 'page', 'user-role-fallback'),
('keili', 'page', 'user-role-fallback'),
('keine Angabe', 'page', 'user-role-fallback'),
('Ketzel', 'page', 'user-role-fallback'),
('Kewes_BHV', 'page', 'user-role-fallback'),
('keyserro', 'page', 'user-role-fallback'),
('kgolzio', 'page', 'user-role-fallback'),
('kheinbe', 'page', 'user-role-fallback'),
('kindlein', 'page', 'user-role-fallback'),
('Kiwimiguel', 'page', 'user-role-fallback'),
('KJMaier', 'page', 'user-role-fallback'),
('klangner', 'page', 'user-role-fallback'),
('klaus_wieland_1', 'page', 'user-role-fallback'),
('klaus.wieland.test.kst', 'page', 'user-role-fallback'),
('klaus.wieland.test2.kst', 'page', 'user-role-fallback'),
('KlausWielandGMX', 'page', 'user-role-fallback'),
('knebel_r', 'page', 'user-role-fallback'),
('kneissl', 'page', 'user-role-fallback'),
('knieriem', 'page', 'user-role-fallback'),
('kniggesven', 'page', 'user-role-fallback'),
('Knopf', 'page', 'user-role-fallback'),
('knorr_a', 'page', 'user-role-fallback'),
('koerner_h', 'page', 'user-role-fallback'),
('kohlenbachb', 'page', 'user-role-fallback'),
('Kohlus', 'page', 'user-role-fallback'),
('kon', 'page', 'user-role-fallback'),
('konny', 'page', 'user-role-fallback'),
('KostusBa', 'page', 'user-role-fallback'),
('KPL87', 'page', 'user-role-fallback'),
('Kporzelle', 'page', 'user-role-fallback'),
('krawinkel_hb', 'page', 'user-role-fallback'),
('kriege', 'page', 'user-role-fallback'),
('krille_m', 'page', 'user-role-fallback'),
('kruegera', 'page', 'user-role-fallback'),
('KruegMar', 'page', 'user-role-fallback'),
('KSB-Tierbedarf', 'page', 'user-role-fallback'),
('kst_admin', 'page', 'user-role-fallback'),
('kst_autor', 'page', 'user-role-fallback'),
('kst_cg', 'page', 'user-role-fallback'),
('kst_fk', 'page', 'user-role-fallback'),
('kst_fs', 'page', 'user-role-fallback'),
('kst_fs_test', 'page', 'user-role-fallback'),
('kst_le', 'page', 'user-role-fallback'),
('kst_mk', 'page', 'user-role-fallback'),
('kst_sp', 'page', 'user-role-fallback'),
('kst_st', 'page', 'user-role-fallback'),
('kst_su', 'page', 'user-role-fallback'),
('kst_wi', 'page', 'user-role-fallback'),
('kuemmelm', 'page', 'user-role-fallback'),
('kuengeri', 'page', 'user-role-fallback'),
('kuessner', 'page', 'user-role-fallback'),
('KUETEMEIER_NW', 'page', 'user-role-fallback'),
('kujak', 'page', 'user-role-fallback'),
('kultur_admin', 'page', 'user-role-fallback'),
('kunze_d', 'page', 'user-role-fallback'),
('kurpfälzer', 'page', 'user-role-fallback'),
('kurzekl', 'page', 'user-role-fallback'),
('kwm', 'page', 'user-role-fallback'),
('langguth', 'page', 'user-role-fallback'),
('Langmesser', 'page', 'user-role-fallback'),
('lav_st', 'page', 'user-role-fallback'),
('LBB_HNL', 'page', 'user-role-fallback'),
('lehlers', 'page', 'user-role-fallback'),
('LiedtkeM', 'page', 'user-role-fallback'),
('lilienthal_g', 'page', 'user-role-fallback'),
('linder', 'page', 'user-role-fallback'),
('livingbridgehh', 'page', 'user-role-fallback'),
('LKBÖRDE_ADLOFF', 'page', 'user-role-fallback'),
('lmehlhorn', 'page', 'user-role-fallback'),
('loeffelh', 'page', 'user-role-fallback'),
('lubw', 'page', 'user-role-fallback'),
('lubw_sre', 'page', 'user-role-fallback'),
('lüdemann', 'page', 'user-role-fallback'),
('Ludwigh', 'page', 'user-role-fallback'),
('luedemann', 'page', 'user-role-fallback'),
('luonto', 'page', 'user-role-fallback'),
('m@capellaro.de', 'page', 'user-role-fallback'),
('Madeleine', 'page', 'user-role-fallback'),
('Madlen Dering', 'page', 'user-role-fallback'),
('maevyboy', 'page', 'user-role-fallback'),
('Magdeburg', 'page', 'user-role-fallback'),
('maik.borkenhagen@uba.de', 'page', 'user-role-fallback'),
('Maika', 'page', 'user-role-fallback'),
('marc', 'page', 'user-role-fallback'),
('Markus Meissner', 'page', 'user-role-fallback'),
('MarkusAMeyer', 'page', 'user-role-fallback'),
('Marqu', 'page', 'user-role-fallback'),
('martensg', 'page', 'user-role-fallback'),
('martin', 'page', 'user-role-fallback'),
('Mathews', 'page', 'user-role-fallback'),
('matthezz', 'page', 'user-role-fallback'),
('matthezz78', 'page', 'user-role-fallback'),
('Matthias Wagner', 'page', 'user-role-fallback'),
('matthiaspalm', 'page', 'user-role-fallback'),
('MatthiasWagner', 'page', 'user-role-fallback'),
('MattukatE', 'page', 'user-role-fallback'),
('Matzkeka', 'page', 'user-role-fallback'),
('Maxi Boronczyk', 'page', 'user-role-fallback'),
('Mayer', 'page', 'user-role-fallback'),
('Mbes', 'page', 'user-role-fallback'),
('md_demo_au', 'page', 'user-role-fallback'),
('md_demo_bb', 'page', 'user-role-fallback'),
('md_demo_bb1', 'page', 'user-role-fallback'),
('md_demo_bb2', 'page', 'user-role-fallback'),
('md_demo_bb3', 'page', 'user-role-fallback'),
('md_demo_bb4', 'page', 'user-role-fallback'),
('md_demo_bb5', 'page', 'user-role-fallback'),
('md_demo_bb6', 'page', 'user-role-fallback'),
('md_demo_by', 'page', 'user-role-fallback'),
('md_demo_hh', 'page', 'user-role-fallback'),
('md_demo_mv', 'page', 'user-role-fallback'),
('md_demo_ni', 'page', 'user-role-fallback'),
('md_demo_ni_nlwkn', 'page', 'user-role-fallback'),
('md_demo_sh', 'page', 'user-role-fallback'),
('md_demo_sl', 'page', 'user-role-fallback'),
('md_demo_sn', 'page', 'user-role-fallback'),
('md_demo_st', 'page', 'user-role-fallback'),
('md_demo_st_llfg', 'page', 'user-role-fallback'),
('md_demo_st_rw', 'page', 'user-role-fallback'),
('md_demo_uba', 'page', 'user-role-fallback'),
('md_demo_vs', 'page', 'user-role-fallback'),
('mdadm_ni1', 'page', 'user-role-fallback'),
('mdek_sn', 'page', 'user-role-fallback'),
('meineid', 'page', 'user-role-fallback'),
('Metadatenadmin', 'page', 'user-role-fallback'),
('metadatenadministrator_st', 'page', 'user-role-fallback'),
('meuscand', 'page', 'user-role-fallback'),
('meyerksi', 'page', 'user-role-fallback'),
('mflathmann', 'page', 'user-role-fallback'),
('mflatmann', 'page', 'user-role-fallback'),
('mibama', 'page', 'user-role-fallback'),
('michaela.sandtner', 'page', 'user-role-fallback'),
('michaelw', 'page', 'user-role-fallback'),
('MichalowskiD', 'page', 'user-role-fallback'),
('mikee63', 'page', 'user-role-fallback'),
('mikeprach', 'page', 'user-role-fallback'),
('miwiese', 'page', 'user-role-fallback'),
('mkneissl', 'page', 'user-role-fallback'),
('MLULSA', 'page', 'user-role-fallback'),
('MLV41', 'page', 'user-role-fallback'),
('mlv4212', 'page', 'user-role-fallback'),
('mm', 'page', 'user-role-fallback'),
('MMirgel', 'page', 'user-role-fallback'),
('Moebinator', 'page', 'user-role-fallback'),
('moepertm', 'page', 'user-role-fallback'),
('molli', 'page', 'user-role-fallback'),
('mona', 'page', 'user-role-fallback'),
('msander', 'page', 'user-role-fallback'),
('muehlenhof', 'page', 'user-role-fallback'),
('muellekr', 'page', 'user-role-fallback'),
('MUELLER_NW', 'page', 'user-role-fallback'),
('mueller832', 'page', 'user-role-fallback'),
('mwiese', 'page', 'user-role-fallback'),
('NBittermann', 'page', 'user-role-fallback'),
('Nebauer', 'page', 'user-role-fallback'),
('ni_pielke', 'page', 'user-role-fallback'),
('ni_st_rinteln1', 'page', 'user-role-fallback'),
('ni_udk_mk', 'page', 'user-role-fallback'),
('ni_udk_ploetz', 'page', 'user-role-fallback'),
('ni_udk_reinke', 'page', 'user-role-fallback'),
('ni_udk_weber', 'page', 'user-role-fallback'),
('Niebel', 'page', 'user-role-fallback'),
('niemanul', 'page', 'user-role-fallback'),
('nkrauseib', 'page', 'user-role-fallback'),
('nmf', 'page', 'user-role-fallback'),
('nussbaum_e', 'page', 'user-role-fallback'),
('Ocean', 'page', 'user-role-fallback'),
('Oeller', 'page', 'user-role-fallback'),
('oertzen', 'page', 'user-role-fallback'),
('ol', 'page', 'user-role-fallback'),
('ole', 'page', 'user-role-fallback'),
('orthmi', 'page', 'user-role-fallback'),
('osgeo', 'page', 'user-role-fallback'),
('Otte', 'page', 'user-role-fallback'),
('p.skasa', 'page', 'user-role-fallback'),
('padmin_be', 'page', 'user-role-fallback'),
('padmin_bubmu', 'page', 'user-role-fallback'),
('padmin_bw', 'page', 'user-role-fallback'),
('padmin_he', 'page', 'user-role-fallback'),
('padmin_hh', 'page', 'user-role-fallback'),
('padmin_mv', 'page', 'user-role-fallback'),
('padmin_nw', 'page', 'user-role-fallback'),
('padmin_sh', 'page', 'user-role-fallback'),
('padmin_sl', 'page', 'user-role-fallback'),
('padmin_st', 'page', 'user-role-fallback'),
('padmin_th', 'page', 'user-role-fallback'),
('pal', 'page', 'user-role-fallback'),
('PANTA', 'page', 'user-role-fallback'),
('patti64', 'page', 'user-role-fallback'),
('pdurow', 'page', 'user-role-fallback'),
('peng', 'page', 'user-role-fallback'),
('pepe', 'page', 'user-role-fallback'),
('Perkuhn', 'page', 'user-role-fallback'),
('peschel', 'page', 'user-role-fallback'),
('Peter Abraham', 'page', 'user-role-fallback'),
('pgm_abw', 'page', 'user-role-fallback'),
('Philipp Saile', 'page', 'user-role-fallback'),
('Phillippa', 'page', 'user-role-fallback'),
('Planung', 'page', 'user-role-fallback'),
('plogsties_annett', 'page', 'user-role-fallback'),
('pmoeller', 'page', 'user-role-fallback'),
('poserplan', 'page', 'user-role-fallback'),
('praki17', 'page', 'user-role-fallback'),
('praki17-en', 'page', 'user-role-fallback'),
('praktikum', 'page', 'user-role-fallback'),
('Priggekl', 'page', 'user-role-fallback'),
('printpool', 'page', 'user-role-fallback'),
('products', 'page', 'user-role-fallback'),
('ptr', 'page', 'user-role-fallback'),
('ptvbka', 'page', 'user-role-fallback'),
('Pusteblume', 'page', 'user-role-fallback'),
('Quermann', 'page', 'user-role-fallback'),
('QuitscTh', 'page', 'user-role-fallback'),
('Ralf', 'page', 'user-role-fallback'),
('ranverlag', 'page', 'user-role-fallback'),
('rathc01', 'page', 'user-role-fallback'),
('Reckruehm', 'page', 'user-role-fallback'),
('reinhardt_n', 'page', 'user-role-fallback'),
('reinhardt_nicole', 'page', 'user-role-fallback'),
('rewg', 'page', 'user-role-fallback'),
('rgenster', 'page', 'user-role-fallback'),
('rglowinski', 'page', 'user-role-fallback'),
('rgriebsch', 'page', 'user-role-fallback'),
('rhach', 'page', 'user-role-fallback'),
('rhoppebb', 'page', 'user-role-fallback'),
('Richter_BHV', 'page', 'user-role-fallback'),
('Richter_BHV1', 'page', 'user-role-fallback'),
('richtera', 'page', 'user-role-fallback'),
('richterd', 'page', 'user-role-fallback'),
('rienau', 'page', 'user-role-fallback'),
('rmordhorst', 'page', 'user-role-fallback'),
('Robi777', 'page', 'user-role-fallback'),
('RoehlingOl', 'page', 'user-role-fallback'),
('roemergerhh', 'page', 'user-role-fallback'),
('rolandk', 'page', 'user-role-fallback'),
('Rosenholz', 'page', 'user-role-fallback'),
('rothberger', 'page', 'user-role-fallback'),
('rotparlik', 'page', 'user-role-fallback'),
('ruether', 'page', 'user-role-fallback'),
('rweinkauf', 'page', 'user-role-fallback'),
('ryk84', 'page', 'user-role-fallback'),
('S+O', 'page', 'user-role-fallback'),
('sallert', 'page', 'user-role-fallback'),
('salomon', 'page', 'user-role-fallback'),
('salz', 'page', 'user-role-fallback'),
('salz22', 'page', 'user-role-fallback'),
('satjan', 'page', 'user-role-fallback'),
('Sauermilch', 'page', 'user-role-fallback'),
('SBohres', 'page', 'user-role-fallback'),
('schenk', 'page', 'user-role-fallback'),
('Schirmer_J', 'page', 'user-role-fallback'),
('schleiffuwe', 'page', 'user-role-fallback'),
('schmidhe', 'page', 'user-role-fallback'),
('schmidt_b', 'page', 'user-role-fallback'),
('schmidt_bscc', 'page', 'user-role-fallback'),
('schmidt_s', 'page', 'user-role-fallback'),
('schneger', 'page', 'user-role-fallback'),
('schneider', 'page', 'user-role-fallback'),
('Schoenemann', 'page', 'user-role-fallback'),
('schoenowski', 'page', 'user-role-fallback'),
('schoepke', 'page', 'user-role-fallback'),
('Scholz', 'page', 'user-role-fallback'),
('Scholz Anja', 'page', 'user-role-fallback'),
('Schönwiese', 'page', 'user-role-fallback'),
('schreibers', 'page', 'user-role-fallback'),
('schroeder', 'page', 'user-role-fallback'),
('schuemichen', 'page', 'user-role-fallback'),
('schulung_sh1', 'page', 'user-role-fallback'),
('schulung_sh10', 'page', 'user-role-fallback'),
('schulung_sh11', 'page', 'user-role-fallback'),
('schulung_sh12', 'page', 'user-role-fallback'),
('schulung_sh13', 'page', 'user-role-fallback'),
('schulung_sh14', 'page', 'user-role-fallback'),
('schulung_sh2', 'page', 'user-role-fallback'),
('schulung_sh3', 'page', 'user-role-fallback'),
('schulung_sh4', 'page', 'user-role-fallback'),
('schulung_sh5', 'page', 'user-role-fallback'),
('schulung_sh6', 'page', 'user-role-fallback'),
('schulung_sh7', 'page', 'user-role-fallback'),
('schulung_sh8', 'page', 'user-role-fallback'),
('schulung_sh9', 'page', 'user-role-fallback'),
('Schulz', 'page', 'user-role-fallback'),
('schulz_j', 'page', 'user-role-fallback'),
('SchulzKat', 'page', 'user-role-fallback'),
('schurrchr', 'page', 'user-role-fallback'),
('schwaenk', 'page', 'user-role-fallback'),
('SchweitzerS2', 'page', 'user-role-fallback'),
('se', 'page', 'user-role-fallback'),
('Seifer', 'page', 'user-role-fallback'),
('Seifero', 'page', 'user-role-fallback'),
('Seiferos', 'page', 'user-role-fallback'),
('sg_hb', 'page', 'user-role-fallback'),
('shass', 'page', 'user-role-fallback'),
('shenschke', 'page', 'user-role-fallback'),
('shorav', 'page', 'user-role-fallback'),
('Sigrid Lindwedel', 'page', 'user-role-fallback'),
('SimoneKrug', 'page', 'user-role-fallback'),
('skiefer', 'page', 'user-role-fallback'),
('sklarss', 'page', 'user-role-fallback'),
('skrobanek', 'page', 'user-role-fallback'),
('skrobanekD', 'page', 'user-role-fallback'),
('sl_Portaltest', 'page', 'user-role-fallback'),
('smarquardt', 'page', 'user-role-fallback'),
('smi', 'page', 'user-role-fallback'),
('snfawenk', 'page', 'user-role-fallback'),
('solarfuchs', 'page', 'user-role-fallback'),
('sommerh', 'page', 'user-role-fallback'),
('soorajnair21', 'page', 'user-role-fallback'),
('sre', 'page', 'user-role-fallback'),
('sschmitz', 'page', 'user-role-fallback'),
('st_demo_frank', 'page', 'user-role-fallback'),
('st_demo_perkun', 'page', 'user-role-fallback'),
('st-metadaten-autor', 'page', 'user-role-fallback'),
('st-platz-01', 'page', 'user-role-fallback'),
('st-platz-02', 'page', 'user-role-fallback'),
('st-platz-03', 'page', 'user-role-fallback'),
('st-platz-04', 'page', 'user-role-fallback'),
('st-platz-05', 'page', 'user-role-fallback'),
('st-platz-06', 'page', 'user-role-fallback'),
('st-platz-07', 'page', 'user-role-fallback'),
('st-platz-08', 'page', 'user-role-fallback'),
('st-platz-09', 'page', 'user-role-fallback'),
('st-platz-10', 'page', 'user-role-fallback'),
('st-platz-11', 'page', 'user-role-fallback'),
('st-platz-12', 'page', 'user-role-fallback'),
('st-platz-13', 'page', 'user-role-fallback'),
('st-platz-14', 'page', 'user-role-fallback'),
('st-platz-15', 'page', 'user-role-fallback'),
('st-platz-16', 'page', 'user-role-fallback'),
('st-platz-17', 'page', 'user-role-fallback'),
('st-platz-18', 'page', 'user-role-fallback'),
('st-platz-19', 'page', 'user-role-fallback'),
('st-platz-20', 'page', 'user-role-fallback'),
('stadt-halle_fb-umwelt_tkatterle', 'page', 'user-role-fallback'),
('stbraeunlein', 'page', 'user-role-fallback'),
('steckeweh', 'page', 'user-role-fallback'),
('Stefan', 'page', 'user-role-fallback'),
('stefan peschel', 'page', 'user-role-fallback'),
('stefanie', 'page', 'user-role-fallback'),
('steffefr', 'page', 'user-role-fallback'),
('stephanvg', 'page', 'user-role-fallback'),
('stephanvong', 'page', 'user-role-fallback'),
('STESDUE', 'page', 'user-role-fallback'),
('Struck', 'page', 'user-role-fallback'),
('subsi', 'page', 'user-role-fallback'),
('subsite', 'page', 'subsite-role-fallback-home'),
('subsite2', 'page', 'subsite2-role-fallback-home'),
('subve_admin', 'page', 'user-role-fallback'),
('SuthauAn', 'page', 'user-role-fallback'),
('Svendel65', 'page', 'user-role-fallback'),
('svenhenrikkleber', 'page', 'user-role-fallback'),
('Sveppe', 'page', 'user-role-fallback'),
('sweise', 'page', 'user-role-fallback'),
('Swigon', 'page', 'user-role-fallback'),
('swueschbb', 'page', 'user-role-fallback'),
('t_weniger_LAU', 'page', 'user-role-fallback'),
('tdebald', 'page', 'user-role-fallback'),
('TED', 'page', 'user-role-fallback'),
('test', 'page', 'user-role-fallback'),
('test_vor', 'page', 'user-role-fallback'),
('test123', 'page', 'user-role-fallback'),
('testtest', 'page', 'user-role-fallback'),
('TESTTESTTEST', 'page', 'user-role-fallback'),
('thartman', 'page', 'user-role-fallback'),
('ThASattler', 'page', 'user-role-fallback'),
('Thea Holm', 'page', 'user-role-fallback'),
('thoba', 'page', 'user-role-fallback'),
('Thomas Töpfer', 'page', 'user-role-fallback'),
('thueringenforst', 'page', 'user-role-fallback'),
('Tilia', 'page', 'user-role-fallback'),
('Tischi', 'page', 'user-role-fallback'),
('TJentzsch', 'page', 'user-role-fallback'),
('Tonschmi', 'page', 'user-role-fallback'),
('tony poesch sb', 'page', 'user-role-fallback'),
('torsten_wolff', 'page', 'user-role-fallback'),
('triedel', 'page', 'user-role-fallback'),
('TSeckerdieck', 'page', 'user-role-fallback'),
('tstein', 'page', 'user-role-fallback'),
('tux007', 'page', 'user-role-fallback'),
('twinfuchs', 'page', 'user-role-fallback'),
('UBABoerner_en', 'page', 'user-role-fallback'),
('UBABoernerB', 'page', 'user-role-fallback'),
('UBABoernerMAdmin', 'page', 'user-role-fallback'),
('UBADauert', 'page', 'user-role-fallback'),
('ubaGrohD', 'page', 'user-role-fallback'),
('UBAHasseC', 'page', 'user-role-fallback'),
('UBAJMathews', 'page', 'user-role-fallback'),
('ubaPohlM', 'page', 'user-role-fallback'),
('UBASchoeneN', 'page', 'user-role-fallback'),
('UBASchoenwG', 'page', 'user-role-fallback'),
('ubaWilkeS', 'page', 'user-role-fallback'),
('uboschwank', 'page', 'user-role-fallback'),
('udk_hb_arademann', 'page', 'user-role-fallback'),
('udk_hb_arichter', 'page', 'user-role-fallback'),
('udk_hb_bwestphal', 'page', 'user-role-fallback'),
('udk_hb_ccastens', 'page', 'user-role-fallback'),
('udk_hb_fhillmann', 'page', 'user-role-fallback'),
('udk_hb_gpergande', 'page', 'user-role-fallback'),
('udk_hb_hbolte', 'page', 'user-role-fallback'),
('udk_hb_ihahn', 'page', 'user-role-fallback'),
('udk_hb_tlambeck', 'page', 'user-role-fallback'),
('udk_hb_ugramatzki', 'page', 'user-role-fallback'),
('udk_hb_ukarstens', 'page', 'user-role-fallback'),
('udk_hb_wkrawinkel', 'page', 'user-role-fallback'),
('udk_hb_wthiemann', 'page', 'user-role-fallback'),
('Ulbrich', 'page', 'user-role-fallback'),
('ullisch43', 'page', 'user-role-fallback'),
('Umwelt 52-4', 'page', 'user-role-fallback'),
('umwelt_admin', 'page', 'user-role-fallback'),
('umwelt_autor01', 'page', 'user-role-fallback'),
('Umweltamt-Halle', 'page', 'user-role-fallback'),
('umweltdatenbank', 'page', 'user-role-fallback'),
('UmweltschutzZQS', 'page', 'user-role-fallback'),
('urammert', 'page', 'user-role-fallback'),
('UrbachMi', 'page', 'user-role-fallback'),
('us', 'page', 'user-role-fallback'),
('UTEKOWA', 'page', 'user-role-fallback'),
('utheis', 'page', 'user-role-fallback'),
('UW-Recherche', 'page', 'user-role-fallback'),
('uwojtek', 'page', 'user-role-fallback'),
('valentin', 'page', 'user-role-fallback'),
('VELOBERLIN', 'page', 'user-role-fallback'),
('viorel', 'page', 'user-role-fallback'),
('vkiba', 'page', 'user-role-fallback'),
('volker.huelshorst@stadtwerke-essen.de', 'page', 'user-role-fallback'),
('volkerbwilkens', 'page', 'user-role-fallback'),
('vollbotz', 'page', 'user-role-fallback'),
('VThiele', 'page', 'user-role-fallback'),
('wagenbret', 'page', 'user-role-fallback'),
('wagner', 'page', 'user-role-fallback'),
('walko', 'page', 'user-role-fallback'),
('wallenk', 'page', 'user-role-fallback'),
('wanfried', 'page', 'user-role-fallback'),
('Watzlawick', 'page', 'user-role-fallback'),
('WDBunke', 'page', 'user-role-fallback'),
('webner', 'page', 'user-role-fallback'),
('weimannt', 'page', 'user-role-fallback'),
('wemove_aw', 'page', 'user-role-fallback'),
('wemove_mb', 'page', 'user-role-fallback'),
('weselora', 'page', 'user-role-fallback'),
('Wiese', 'page', 'user-role-fallback'),
('wilke_r', 'page', 'user-role-fallback'),
('wilkekl', 'page', 'user-role-fallback'),
('Windbauer', 'page', 'user-role-fallback'),
('Wittig', 'page', 'user-role-fallback'),
('Wiwi', 'page', 'user-role-fallback'),
('wjohn', 'page', 'user-role-fallback'),
('wolfri', 'page', 'user-role-fallback'),
('Woltermann', 'page', 'user-role-fallback'),
('wondraczek', 'page', 'user-role-fallback'),
('wpetersen', 'page', 'user-role-fallback'),
('wriedeth', 'page', 'user-role-fallback'),
('WulfD', 'page', 'user-role-fallback'),
('wwolters', 'page', 'user-role-fallback'),
('Yezabel', 'page', 'user-role-fallback'),
('zacharias', 'page', 'user-role-fallback'),
('zarthma', 'page', 'user-role-fallback'),
('zasepap', 'page', 'user-role-fallback'),
('zgb', 'page', 'user-role-fallback'),
('zschiedrich', 'page', 'user-role-fallback'),
('zwilling1', 'page', 'user-role-fallback'),
('zwilling2', 'page', 'user-role-fallback');

-- --------------------------------------------------------

--
-- Tabellenstruktur für Tabelle `processing_event`
--

DROP TABLE IF EXISTS `processing_event`;
CREATE TABLE IF NOT EXISTS `processing_event` (
  `ID` int(11) NOT NULL,
  `OWNER_ID` int(11) NOT NULL,
  `LOCAL_PART` varchar(80) COLLATE utf8_unicode_ci NOT NULL,
  `NAMESPACE` varchar(80) COLLATE utf8_unicode_ci DEFAULT NULL,
  `PREFIX` varchar(20) COLLATE utf8_unicode_ci DEFAULT NULL,
  PRIMARY KEY (`ID`)
) ENGINE=InnoDB DEFAULT CHARSET=utf8 COLLATE=utf8_unicode_ci;

--
-- Daten für Tabelle `processing_event`
--


-- --------------------------------------------------------

--
-- Tabellenstruktur für Tabelle `profile_page_assoc`
--

DROP TABLE IF EXISTS `profile_page_assoc`;
CREATE TABLE IF NOT EXISTS `profile_page_assoc` (
  `LOCATOR_HASH` varchar(40) COLLATE utf8_unicode_ci NOT NULL,
  `PAGE_ID` varchar(80) COLLATE utf8_unicode_ci NOT NULL,
  PRIMARY KEY (`LOCATOR_HASH`,`PAGE_ID`)
) ENGINE=InnoDB DEFAULT CHARSET=utf8 COLLATE=utf8_unicode_ci;

--
-- Daten für Tabelle `profile_page_assoc`
--


-- --------------------------------------------------------

--
-- Tabellenstruktur für Tabelle `profiling_rule`
--

DROP TABLE IF EXISTS `profiling_rule`;
CREATE TABLE IF NOT EXISTS `profiling_rule` (
  `RULE_ID` varchar(80) COLLATE utf8_unicode_ci NOT NULL,
  `CLASS_NAME` varchar(100) COLLATE utf8_unicode_ci NOT NULL,
  `TITLE` varchar(100) COLLATE utf8_unicode_ci DEFAULT NULL,
  PRIMARY KEY (`RULE_ID`)
) ENGINE=InnoDB DEFAULT CHARSET=utf8 COLLATE=utf8_unicode_ci;

--
-- Daten für Tabelle `profiling_rule`
--

INSERT INTO `profiling_rule` (`RULE_ID`, `CLASS_NAME`, `TITLE`) VALUES
('group-fallback', 'org.apache.jetspeed.profiler.rules.impl.RoleFallbackProfilingRule', 'A role based fallback algorithm based on Jetspeed-1 group-based fallback'),
('j1', 'org.apache.jetspeed.profiler.rules.impl.StandardProfilingRule', 'The default profiling rule following the Jetspeed-1 hard-coded profiler fallback algorithm.'),
('j2', 'org.apache.jetspeed.profiler.rules.impl.StandardProfilingRule', 'The default profiling rule for users and mediatype minus language and country.'),
('path', 'org.apache.jetspeed.profiler.rules.impl.StandardProfilingRule', 'use a path to locate.'),
('role-fallback', 'org.apache.jetspeed.profiler.rules.impl.RoleFallbackProfilingRule', 'A role based fallback algorithm based on Jetspeed-1 role-based fallback'),
('role-group', 'org.apache.jetspeed.profiler.rules.impl.RoleFallbackProfilingRule', 'A role based fallback algorithm that searches all groups and roles for a user'),
('security', 'org.apache.jetspeed.profiler.rules.impl.StandardProfilingRule', 'The security profiling rule needed for credential change requirements.'),
('subsite-role-fallback-home', 'org.apache.jetspeed.profiler.rules.impl.RoleFallbackProfilingRule', 'A rule based on role fallback algorithm with specified subsite and home page'),
('subsite2-role-fallback-home', 'org.apache.jetspeed.profiler.rules.impl.RoleFallbackProfilingRule', 'A rule based on role fallback algorithm with specified subsite and home page'),
('user-role-fallback', 'org.apache.jetspeed.profiler.rules.impl.RoleFallbackProfilingRule', 'A role based fallback algorithm based on Jetspeed-1 role-based fallback'),
('user-rolecombo-fallback', 'org.apache.jetspeed.profiler.rules.impl.RoleFallbackProfilingRule', 'A role based fallback algorithm based on Jetspeed-1 role-based fallback');

-- --------------------------------------------------------

--
-- Tabellenstruktur für Tabelle `public_parameter`
--

DROP TABLE IF EXISTS `public_parameter`;
CREATE TABLE IF NOT EXISTS `public_parameter` (
  `ID` int(11) NOT NULL,
  `APPLICATION_ID` int(11) NOT NULL,
  `LOCAL_PART` varchar(80) COLLATE utf8_unicode_ci NOT NULL,
  `NAMESPACE` varchar(80) COLLATE utf8_unicode_ci DEFAULT NULL,
  `PREFIX` varchar(20) COLLATE utf8_unicode_ci DEFAULT NULL,
  `IDENTIFIER` varchar(150) COLLATE utf8_unicode_ci NOT NULL,
  PRIMARY KEY (`ID`)
) ENGINE=InnoDB DEFAULT CHARSET=utf8 COLLATE=utf8_unicode_ci;

--
-- Daten für Tabelle `public_parameter`
--


-- --------------------------------------------------------

--
-- Tabellenstruktur für Tabelle `publishing_event`
--

DROP TABLE IF EXISTS `publishing_event`;
CREATE TABLE IF NOT EXISTS `publishing_event` (
  `ID` int(11) NOT NULL,
  `OWNER_ID` int(11) NOT NULL,
  `LOCAL_PART` varchar(80) COLLATE utf8_unicode_ci NOT NULL,
  `NAMESPACE` varchar(80) COLLATE utf8_unicode_ci DEFAULT NULL,
  `PREFIX` varchar(20) COLLATE utf8_unicode_ci DEFAULT NULL,
  PRIMARY KEY (`ID`)
) ENGINE=InnoDB DEFAULT CHARSET=utf8 COLLATE=utf8_unicode_ci;

--
-- Daten für Tabelle `publishing_event`
--


-- --------------------------------------------------------

--
-- Tabellenstruktur für Tabelle `qrtz_blob_triggers`
--

DROP TABLE IF EXISTS `qrtz_blob_triggers`;
CREATE TABLE IF NOT EXISTS `qrtz_blob_triggers` (
  `TRIGGER_NAME` varchar(80) NOT NULL DEFAULT '',
  `TRIGGER_GROUP` varchar(80) NOT NULL DEFAULT '',
  `BLOB_DATA` blob,
  PRIMARY KEY (`TRIGGER_NAME`,`TRIGGER_GROUP`)
) ENGINE=MyISAM DEFAULT CHARSET=utf8;

--
-- Daten für Tabelle `qrtz_blob_triggers`
--


-- --------------------------------------------------------

--
-- Tabellenstruktur für Tabelle `qrtz_calendars`
--

DROP TABLE IF EXISTS `qrtz_calendars`;
CREATE TABLE IF NOT EXISTS `qrtz_calendars` (
  `CALENDAR_NAME` varchar(80) NOT NULL DEFAULT '',
  `CALENDAR` blob NOT NULL,
  PRIMARY KEY (`CALENDAR_NAME`)
) ENGINE=MyISAM DEFAULT CHARSET=utf8;

--
-- Daten für Tabelle `qrtz_calendars`
--


-- --------------------------------------------------------

--
-- Tabellenstruktur für Tabelle `qrtz_cron_triggers`
--

DROP TABLE IF EXISTS `qrtz_cron_triggers`;
CREATE TABLE IF NOT EXISTS `qrtz_cron_triggers` (
  `TRIGGER_NAME` varchar(80) NOT NULL DEFAULT '',
  `TRIGGER_GROUP` varchar(80) NOT NULL DEFAULT '',
  `CRON_EXPRESSION` varchar(80) NOT NULL DEFAULT '',
  `TIME_ZONE_ID` varchar(80) DEFAULT NULL,
  PRIMARY KEY (`TRIGGER_NAME`,`TRIGGER_GROUP`)
) ENGINE=MyISAM DEFAULT CHARSET=utf8;

--
-- Daten für Tabelle `qrtz_cron_triggers`
--


-- --------------------------------------------------------

--
-- Tabellenstruktur für Tabelle `qrtz_fired_triggers`
--

DROP TABLE IF EXISTS `qrtz_fired_triggers`;
CREATE TABLE IF NOT EXISTS `qrtz_fired_triggers` (
  `ENTRY_ID` varchar(95) NOT NULL DEFAULT '',
  `TRIGGER_NAME` varchar(80) NOT NULL DEFAULT '',
  `TRIGGER_GROUP` varchar(80) NOT NULL DEFAULT '',
  `IS_VOLATILE` char(1) NOT NULL DEFAULT '',
  `INSTANCE_NAME` varchar(80) NOT NULL DEFAULT '',
  `FIRED_TIME` bigint(13) NOT NULL DEFAULT '0',
  `PRIORITY` int(11) NOT NULL DEFAULT '0',
  `STATE` varchar(16) NOT NULL DEFAULT '',
  `JOB_NAME` varchar(80) DEFAULT NULL,
  `JOB_GROUP` varchar(80) DEFAULT NULL,
  `IS_STATEFUL` char(1) DEFAULT NULL,
  `REQUESTS_RECOVERY` char(1) DEFAULT NULL,
  PRIMARY KEY (`ENTRY_ID`)
) ENGINE=MyISAM DEFAULT CHARSET=utf8;

--
-- Daten für Tabelle `qrtz_fired_triggers`
--


-- --------------------------------------------------------

--
-- Tabellenstruktur für Tabelle `qrtz_job_details`
--

DROP TABLE IF EXISTS `qrtz_job_details`;
CREATE TABLE IF NOT EXISTS `qrtz_job_details` (
  `JOB_NAME` varchar(80) NOT NULL DEFAULT '',
  `JOB_GROUP` varchar(80) NOT NULL DEFAULT '',
  `DESCRIPTION` varchar(120) DEFAULT NULL,
  `JOB_CLASS_NAME` varchar(128) NOT NULL DEFAULT '',
  `IS_DURABLE` char(1) NOT NULL DEFAULT '',
  `IS_VOLATILE` char(1) NOT NULL DEFAULT '',
  `IS_STATEFUL` char(1) NOT NULL DEFAULT '',
  `REQUESTS_RECOVERY` char(1) NOT NULL DEFAULT '',
  `JOB_DATA` blob,
  PRIMARY KEY (`JOB_NAME`,`JOB_GROUP`)
) ENGINE=MyISAM DEFAULT CHARSET=utf8;

--
-- Daten für Tabelle `qrtz_job_details`
--

INSERT INTO `qrtz_job_details` (`JOB_NAME`, `JOB_GROUP`, `DESCRIPTION`, `JOB_CLASS_NAME`, `IS_DURABLE`, `IS_VOLATILE`, `IS_STATEFUL`, `REQUESTS_RECOVERY`, `JOB_DATA`) VALUES
('UpgradeClientJob', 'UPDATE', NULL, 'de.ingrid.portal.scheduler.jobs.UpgradeClientJob', '0', '0', '1', '0', 0xaced0005737200156f72672e71756172747a2e4a6f62446174614d61709fb083e8bfa9b0cb020000787200266f72672e71756172747a2e7574696c732e537472696e674b65794469727479466c61674d61708208e8c3fbc55d280200015a0013616c6c6f77735472616e7369656e74446174617872001d6f72672e71756172747a2e7574696c732e4469727479466c61674d617013e62ead28760ace0200025a000564697274794c00036d617074000f4c6a6176612f7574696c2f4d61703b787001737200116a6176612e7574696c2e486173684d61700507dac1c31660d103000246000a6c6f6164466163746f724900097468726573686f6c6478703f4000000000000c7708000000100000000874000f434f4d504f4e454e545f5459504553737200116a6176612e7574696c2e48617368536574ba44859596b8b7340300007870770c000000203f4000000000001874000849504c55475f534574000949504c55475f49474574000a4947435f4241434b55507400115345525645525f4f50454e5345415243487400044942555374000949504c55475f44534374001455444b5f494d504f525445525f55504441544552740006504f5254414c74000949504c55475f584d4c74000b49504c55475f455843454c740015434f4d4d554e49434154494f4e5f4741544557415974000d49504c55475f4353575f44534374000949504c55475f47324b740014494e544552464143455f4f50454e53454152434874001049504c55475f4d414e4147454d454e5474001349504c55475f4453435f4d4150434c49454e5474000d49504c55475f5746535f44534374000c49504c55475f54414d494e4f74000949504c55475f43535774001049504c55475f4f50454e53454152434874000d494e544552464143455f435357740010494e544552464143455f53454152434874000949504c55475f534e53740013434f44454c4953545f5245504f5349544f525978740025636f6d706f6e656e742e6d6f6e69746f722e67656e6572616c2e7374617475732e636f646574002a636f6d706f6e656e742e6d6f6e69746f722e67656e6572616c2e6572726f722e756e737065636966696374002c636f6d706f6e656e742e6d6f6e69746f722e67656e6572616c2e6c6173742e6572726f72667265652e72756e740013323031342d31312d32342031393a30353a333374002a636f6d706f6e656e742e6d6f6e69746f722e67656e6572616c2e6576656e742e6f63637572656e636573737200116a6176612e6c616e672e496e746567657212e2a0a4f781873802000149000576616c7565787200106a6176612e6c616e672e4e756d62657286ac951d0b94e08b020000787000000008740014494e5354414c4c45445f434f4d504f4e454e5453737200136a6176612e7574696c2e41727261794c6973747881d21d99c7619d03000149000473697a657870000000647704000000847372002e64652e696e677269642e706f7274616c2e75706772616465636c69656e742e496e67726964436f6d706f6e656e745873bf4d28886ec50200125a000b6861734265656e53656e745a0007697349506c75675a000a776173556e6b6e6f776e4c000d6368616e67656c6f674c696e6b7400124c6a6176612f6c616e672f537472696e673b4c0009636f6e6e656374656471007e002e4c000c646f776e6c6f61644c696e6b71007e002e4c0009656d61696c53656e747400104c6a6176612f7574696c2f446174653b4c0006656d61696c737400104c6a6176612f7574696c2f4c6973743b4c000b6572726f7253746174757371007e002e4c00096578747261496e666f71007e00034c0002696471007e002e4c0008696e666f5465787471007e002e4c00046e616d6571007e002e4c000673746174757371007e002e4c00047479706571007e002e4c000776657273696f6e71007e002e4c001076657273696f6e417661696c61626c6571007e002e4c001576657273696f6e417661696c61626c654275696c6471007e002e787000010074002a687474703a2f2f7777772e706f7274616c752e64652f7570646174652f64657461696c733f69643d3234740028636f6d706f6e656e742e7570646174652e636f6d706f6e656e742e6e6f742e617661696c61626c65740059687474703a2f2f7777772e706f7274616c752e64652f7570646174652f646f776e6c6f61642f696e677269642d69706c75672d6473632d73637269707465642d332e342e312d696e7374616c6c65722e6a61723f69643d3234707371007e002b0000000077040000000a78707371007e00053f400000000000017708000000020000000274000d50524f56494445525f494e464f7371007e002b0000000177040000000a7400334c616e646573626574726965622047656f696e666f726d6174696f6e20756e64205665726d657373756e672048616d627572677874000c504152544e45525f494e464f7371007e002b0000000177040000000a74000748616d62757267787874001e2f6b75672d67726f75703a6b75672d69706c75672d75646b2d64625f68687074001a48616d627572676572204d657461646174656e6b6174616c6f6774001c636f6d706f6e656e742e7570646174652e6e65772e76657273696f6e74000949504c55475f445343740011332e322e30204275696c643a3230333937740005332e342e3174000532343034317371007e002d00010071007e0032740027636f6d706f6e656e742e7570646174652e636f6d706f6e656e742e69732e617661696c61626c6571007e0034707371007e002b0000000077040000000a78707371007e00053f400000000000037708000000040000000274000c504152544e45525f494e464f7371007e002b0000000177040000000a74000442756e647874000d50524f56494445525f494e464f7371007e002b0000000177040000000a74001a42756e646573616d742066c3bc72204e6174757273636875747a787874001f2f6b75672d67726f75703a6b75672d69706c75672d75646b2d64625f62666e70740033556d77656c74646174656e6b6174616c6f67206465732042756e646573616d7465732066c3bc72204e6174757273636875747a71007e003f74000949504c55475f445343740011332e342e30204275696c643a323337333271007e004271007e00437371007e002d00010071007e003271007e004571007e0034707371007e002b0000000077040000000a78707371007e00053f400000000000037708000000040000000271007e00487371007e002b0000000177040000000a7400075361636873656e7871007e004b7371007e002b0000000177040000000a74003f53c3a4636873697363686573204c616e646573616d742066c3bc7220556d77656c742c204c616e647769727473636861667420756e642047656f6c6f67696578787400202f696e677269642d67726f75703a756d77656c74736e2d75646b2d64622d736e7074001a556d77656c74646174656e6b6174616c6f67205361636873656e71007e003f74000949504c55475f445343740011332e332e32204275696c643a323332353171007e004271007e00437371007e002d00010071007e003271007e004571007e0034707371007e002b0000000077040000000a78707371007e00053f400000000000037708000000040000000271007e00487371007e002b0000000177040000000a7400125363686c65737769672d486f6c737465696e7871007e004b7371007e002b0000000177040000000a74004e4c616e646573616d742066c3bc72204c616e64776972747363686166742c20556d77656c7420756e64206cc3a46e646c696368652052c3a4756d65205363686c65737769672d486f6c737465696e787874001e2f6b75672d67726f75703a6b75672d69706c75672d75646b2d64625f7368707400295363686c65737769672d486f6c737465696e697363686572204d657461646174656e6b6174616c6f6771007e003f74000949504c55475f445343740011332e342e30204275696c643a323337333271007e004271007e00437371007e002d0001017071007e003370707371007e002b0000000077040000000a78707371007e00053f400000000000017708000000020000000274000d50524f56494445525f494e464f7371007e002b0000000177040000000a74003a4e696564657273c3a4636873697363686573204d696e697374657269756d2066c3bc7220556d77656c7420756e64204b6c696d6173636875747a7874000c504152544e45525f494e464f7371007e002b0000000177040000000a74000d4e69656465727361636873656e78787400232f6b75672d67726f75703a6b75672d69706c75672d75646b2d64625f6e695f6164647270740029556d77656c74646174656e6b6174616c6f67204e69656465727361636873656e28616464726573732974001d636f6d706f6e656e742e7570646174652e73616d652e76657273696f6e7400054f54484552740007756e6b6e6f776e70707371007e002d00010071007e003271007e004571007e0034707371007e002b0000000077040000000a78707371007e00053f400000000000037708000000040000000271007e00487371007e002b0000000177040000000a71007e00617871007e004b7371007e002b0000000177040000000a71007e006378787400232f6b75672d67726f75703a6b75672d69706c75672d75646b2d64625f73685f61646472707400325363686c65737769672d486f6c737465696e697363686572204d657461646174656e6b6174616c6f6728616464726573732971007e003f74000949504c55475f445343740011332e342e30204275696c643a323337333271007e004271007e00437371007e002d00010071007e003271007e003371007e0034707371007e002b0000000077040000000a78707371007e00053f400000000000017708000000020000000271007e00377371007e002b0000000177040000000a71007e00397871007e003a7371007e002b0000000177040000000a71007e003c78787400232f6b75672d67726f75703a6b75672d69706c75672d75646b2d64625f68685f616464727074002348616d627572676572204d657461646174656e6b6174616c6f6728616464726573732971007e003f74000949504c55475f445343740011332e322e30204275696c643a323033393771007e004271007e00437371007e002d00010071007e003271007e004571007e0034707371007e002b0000000077040000000a78707371007e00053f400000000000037708000000040000000271007e00487371007e002b0000000177040000000a74000e5361636873656e2d416e68616c747871007e004b7371007e002b0000000177040000000a74003f4d696e697374657269756d2066c3bc72204c616e647769727473636861667420756e6420556d77656c74205361636873656e2d416e68616c7420284d4c5529787874001e2f6b75672d67726f75703a6b75672d69706c75672d75646b2d64625f73747074001f4d657461646174656e6b6174616c6f67205361636873656e2d416e68616c7471007e003f74000949504c55475f445343740011332e342e30204275696c643a323337333271007e004271007e00437371007e002d0001017071007e003370707371007e002b0000000077040000000a78707371007e00053f400000000000017708000000020000000274000d50524f56494445525f494e464f7371007e002b0000000177040000000a74003342756e646573616e7374616c742066c3bc7220576173736572626175202d204469656e73747374656c6c652048616d627572677874000c504152544e45525f494e464f7371007e002b0000000177040000000a74000442756e6478787400112f6b75672d67726f75703a6e6f6b697332707400054e4f4b495371007e00737400054f544845527070707371007e002d00010074002a687474703a2f2f7777772e706f7274616c752e64652f7570646174652f64657461696c733f69643d393771007e0033740050687474703a2f2f7777772e706f7274616c752e64652f7570646174652f646f776e6c6f61642f696e677269642d69706c75672d67326b2d332e342e302d696e7374616c6c65722e6a61723f69643d3937707371007e002b0000000077040000000a78707371007e00053f400000000000017708000000020000000274000d50524f56494445525f494e464f7371007e002b0000000177040000000a7400384261796572697363686573205374616174736d696e697374657269756d2066c3bc7220556d77656c7420756e6420476573756e64686569747874000c504152544e45525f494e464f7371007e002b0000000177040000000a74000642617965726e78787400182f6b75672d67726f75703a69706c75672d67326b2d756f6b7074001a556d77656c746f626a656b746b6174616c6f672042617965726e71007e003f74000949504c55475f47324b740011332e322e30204275696c643a3230323135740005332e342e3074000532333735397371007e002d00010071007e003271007e004571007e0034707371007e002b0000000077040000000a78707371007e00053f400000000000037708000000040000000271007e00487371007e002b0000000177040000000a74000a5468c3bc72696e67656e7871007e004b7371007e002b0000000177040000000a74004b5468c3bc72696e676572204d696e697374657269756d2066c3bc72204c616e64776972747363686166742c20466f727374656e2c20556d77656c7420756e64204e6174757273636875747a78787400232f6b75672d67726f75703a6b75672d69706c75672d75646b2d64625f74685f6164647270740026556d77656c74646174656e6b6174616c6f67205468756572696e67656e28616464726573732971007e003f74000949504c55475f445343740011332e342e30204275696c643a323337333271007e004271007e00437371007e002d00010071007e00a071007e004571007e00a1707371007e002b0000000077040000000a78707371007e00053f400000000000037708000000040000000271007e00487371007e002b0000000177040000000a71007e004a7871007e004b7371007e002b0000000177040000000a74000f556d77656c7462756e646573616d74787874001b2f6b75672d67726f75703a69706c75672d67326b2d756c696461747074002a5542412d4f5041432f554c49444154202d20556d77656c746c6974657261747572646174656e62616e6b71007e007374000949504c55475f47324b740011332e342e30204275696c643a323337353971007e00ae71007e00af7371007e002d00010074002a687474703a2f2f7777772e706f7274616c752e64652f7570646174652f64657461696c733f69643d353071007e003374004f687474703a2f2f7777772e706f7274616c752e64652f7570646174652f646f776e6c6f61642f696e677269642d69706c75672d73652d332e342e302d696e7374616c6c65722e6a61723f69643d3530707371007e002b0000000077040000000a78707371007e00053f400000000000017708000000020000000274000d50524f56494445525f494e464f7371007e002b0000000177040000000a740003616c6c7874000c504152544e45525f494e464f7371007e002b0000001177040000001974000442756e647400064265726c696e74000b4272616e64656e62757267740012426164656e2d57c3bc727474656d6265726774000642617965726e7400064272656d656e74000648657373656e74000748616d627572677400164d65636b6c656e627572672d566f72706f6d6d65726e74000d4e69656465727361636873656e7400134e6f7264726865696e2d5765737466616c656e74000f526865696e6c616e642d5066616c7a7400125363686c65737769672d486f6c737465696e740008536161726c616e647400075361636873656e74000e5361636873656e2d416e68616c7474000a5468c3bc72696e67656e78787400232f6b75672d67726f75703a69706c75672d73652d696e6465782d62756e642d7265737470740037506f7274616c552d496e7465726e65742d537563686d61736368696e652d496e6465786b6f6d706f6e656e74652d42756e642d5265737471007e003f74000849504c55475f5345740003312e33740005332e342e3074000532333738387371007e002d0001017071007e003370707371007e002b0000000077040000000a78707371007e00053f400000000000017708000000020000000274000d50524f56494445525f494e464f7371007e002b0000000177040000000a7400334b6f6d706574656e7a2d20756e64204765736368c3a46674737374656c6c652047444920526865696e6c616e642d5066616c7a7874000c504152544e45525f494e464f7371007e002b0000000177040000000a74000f526865696e6c616e642d5066616c7a787874001b2f6b75672d67726f75703a69706c75672d72702d6764692d6f777370740020574d532052656769737465722047444920526865696e6c616e642d5066616c7a71007e00737400054f544845527070707371007e002d00010071007e003271007e004571007e0034707371007e002b0000000077040000000a78707371007e00053f400000000000037708000000040000000271007e00487371007e002b0000000177040000000a7400064272656d656e7871007e004b7371007e002b0000000177040000000a74001547656f496e666f726d6174696f6e204272656d656e787874001e2f6b75672d67726f75703a6b75672d69706c75672d75646b2d64625f6862707400174d657461646174656e6b6174616c6f67204272656d656e71007e003f74000949504c55475f445343740011332e342e30204275696c643a323337333271007e004271007e00437371007e002d0001017071007e003370707371007e002b0000000077040000000a78707371007e00053f400000000000017708000000020000000271007e00e97371007e002b0000000177040000000a74001947656f706f7274616c20526865696e6c616e642d5066616c7a7871007e00ec7371007e002b0000000177040000000a71007e00ee78787400202f6b75672d67726f75703a69706c75672d72702d6764692d6d642d6c696768747074002747656f204d657461646174656e206c696768742047444920526865696e6c616e642d5066616c7a71007e00737400054f544845527070707371007e002d00010071007e003271007e003371007e0034707371007e002b0000000077040000000a78707371007e00053f400000000000037708000000040000000274000c504152544e45525f494e464f7371007e002b0000000177040000000a74000f526865696e6c616e642d5066616c7a7874000d50524f56494445525f494e464f7371007e002b0000000177040000000a7400624d696e697374657269756d2066c3bc7220556d77656c742c204c616e64776972747363686166742c2045726ec3a46872756e672c205765696e62617520756e6420466f727374656e20526865696e6c616e642d5066616c7a20284d554c4557462920787874001d2f696e677269642d67726f75703a69706c75672d72702d75646b2d64627074000d55444b20525020556d77656c7471007e003f74000949504c55475f445343740011312e342e31204275696c643a313630303871007e004271007e00437371007e002d00010071007e003271007e003371007e0034707371007e002b0000000077040000000a78707371007e00053f400000000000017708000000020000000274000d50524f56494445525f494e464f7371007e002b0000000177040000000a74002d48657373697363686573204c616e646573616d742066c3bc7220556d77656c7420756e642047656f6c6f6769657874000c504152544e45525f494e464f7371007e002b0000000177040000000a74000648657373656e787874001e2f6b75672d67726f75703a6b75672d69706c75672d75646b2d64625f68657074001b48657373697363686572204d657461646174656e6b6174616c6f6771007e003f74000949504c55475f445343740011332e332e30204275696c643a323138333771007e004271007e00437371007e002d00010071007e003271007e004571007e0034707371007e002b0000000077040000000a78707371007e00053f400000000000037708000000040000000271007e00487371007e002b0000000177040000000a71007e004a7871007e004b7371007e002b0000000177040000000a71007e00c0787874001f2f6b75672d67726f75703a6b75672d69706c75672d75646b2d64625f75626170740028556d77656c74646174656e6b6174616c6f672064657320556d77656c7462756e646573616d74657371007e003f74000949504c55475f445343740011332e342e30204275696c643a323337333271007e004271007e00437371007e002d00010071007e003271007e004571007e0034707371007e002b0000000077040000000a78707371007e00053f400000000000037708000000040000000271007e00487371007e002b0000000177040000000a7400134e6f7264726865696e2d5765737466616c656e7871007e004b7371007e002b0000000177040000000a74006c4d696e697374657269756d2066c3bc7220556d77656c7420756e64204e6174757273636875747a2c204c616e647769727473636861667420756e6420566572627261756368657273636875747a20646573204c616e646573204e6f7264726865696e2d5765737466616c656e787874001e2f6b75672d67726f75703a6b75672d69706c75672d75646b2d64625f6e7770740026556d77656c74646174656e6b6174616c6f67204e6f7264726865696e2d5765737466616c656e71007e003f74000949504c55475f445343740011332e342e30204275696c643a323337333271007e004271007e00437371007e002d00010071007e00a071007e004571007e00a1707371007e002b0000000077040000000a78707371007e00053f400000000000037708000000040000000271007e00487371007e002b0000000177040000000a71007e004a7871007e004b7371007e002b0000000177040000000a71007e00c078787400192f6b75672d67726f75703a69706c75672d67326b2d6773626c7074002e4753424c202d2047656d65696e73616d65722053746f6666646174656e706f6f6c2042756e642f4cc3a46e64657271007e007374000949504c55475f47324b740011332e342e30204275696c643a323337353971007e00ae71007e00af7371007e002d00010071007e003271007e003371007e0034707371007e002b0000000077040000000a78707371007e00053f400000000000017708000000020000000274000d50524f56494445525f494e464f7371007e002b0000000177040000000a7400354d696e697374657269756d2066c3bc7220556d77656c742c20456e657267696520756e64205665726b65687220536161726c616e647874000c504152544e45525f494e464f7371007e002b0000000177040000000a740008536161726c616e6478787400222f696e677269642d67726f75703a69706c75672d75646b2d64625f736c3170726f6470740022536161726cc3a46e6469736368657220556d77656c74646174656e6b6174616c6f6771007e003f74000949504c55475f445343740011312e332e31204275696c643a313331343171007e004271007e00437371007e002d00010071007e00c671007e003371007e00c7707371007e002b0000000077040000000a78707371007e00053f400000000000017708000000020000000274000d50524f56494445525f494e464f7371007e002b0000000177040000000a740003616c6c7874000c504152544e45525f494e464f7371007e002b0000000177040000000a71007e014f787874001b2f696e677269642d67726f75703a6b6e692d73652d736561726368707400234b6f6d6d756e616c6520556d77656c747375636865204e69656465727361636873656e71007e007374000849504c55475f5345740007756e6b6e6f776e71007e00e471007e00e57371007e002d00010071007e00c671007e004571007e00c7707371007e002b0000000077040000000a78707371007e00053f400000000000037708000000040000000271007e00487371007e002b0000000177040000000a740003616c6c7871007e004b7371007e002b0000000177040000000a71007e015a78787400202f696e677269642d67726f75703a756d77656c74736e2d73652d7365617263687074001e5361636873656e506f7274616c552053452d69506c75672053656172636871007e003f74000849504c55475f5345740013332e332e302e31204275696c643a323139393671007e00e471007e00e57371007e002d00010071007e00c671007e003371007e00c7707371007e002b0000000077040000000a78707371007e00053f400000000000017708000000020000000271007e00ca7371007e002b0000000177040000000a740003616c6c7871007e00cd7371007e002b0000001177040000001971007e00cf71007e00d071007e00d171007e00d271007e00d371007e00d471007e00d571007e00d671007e00d771007e00d871007e00d971007e00da71007e00db71007e00dc71007e00dd71007e00de71007e00df78787400272f6b75672d67726f75703a69706c75672d73652d696e6465782d62756e6465736c61656e6465727074003b506f7274616c552d496e7465726e65742d537563686d61736368696e652d496e6465786b6f6d706f6e656e74652d42756e6465736c61656e64657271007e003f74000849504c55475f5345740003312e3371007e00e471007e00e57371007e002d0001017071007e003370707371007e002b0000000077040000000a78707371007e00053f400000000000017708000000020000000274000d50524f56494445525f494e464f7371007e002b0000000177040000000a7400474c616e646573616e7374616c742066c3bc7220556d77656c742c204d657373756e67656e20756e64204e6174757273636875747a20426164656e2d57c3bc727474656d626572677874000c504152544e45525f494e464f7371007e002b0000000177040000000a740012426164656e2d57c3bc727474656d62657267787874001a2f6b75672d67726f75703a6373772d6473632d726970736d646b7074001b524950532d4d657461646174656e6b6174616c6f6720284353572971007e00737400054f54484552740007756e6b6e6f776e70707371007e002d00010071007e003271007e004571007e0034707371007e002b0000000077040000000a78707371007e00053f400000000000037708000000040000000271007e00487371007e002b0000000177040000000a71007e00567871007e004b7371007e002b0000000177040000000a71007e005878787400252f696e677269642d67726f75703a756d77656c74736e2d75646b2d64622d736e5f6164647270740023556d77656c74646174656e6b6174616c6f67205361636873656e28616464726573732971007e003f74000949504c55475f445343740011332e332e32204275696c643a323332353171007e004271007e00437371007e002d00010071007e003271007e003371007e0034707371007e002b0000000077040000000a78707371007e00053f400000000000017708000000020000000271007e006b7371007e002b0000000177040000000a71007e006d7871007e006e7371007e002b0000000177040000000a71007e0070787874001e2f6b75672d67726f75703a6b75672d69706c75672d75646b2d64625f6e6970740020556d77656c74646174656e6b6174616c6f67204e69656465727361636873656e71007e003f74000949504c55475f445343740003312e3271007e004271007e00437371007e002d0001017071007e004570707371007e002b0000000077040000000a78707371007e00053f400000000000037708000000040000000271007e00487371007e002b0000000177040000000a71007e012d7871007e004b7371007e002b0000000177040000000a71007e012f78787400232f6b75672d67726f75703a6b75672d69706c75672d75646b2d64625f6e775f616464727074002f556d77656c74646174656e6b6174616c6f67204e6f7264726865696e2d5765737466616c656e28616464726573732971007e00737400054f54484552740011332e342e30204275696c643a323337333270707371007e002d00010071007e003271007e004571007e0034707371007e002b0000000077040000000a78707371007e00053f400000000000037708000000040000000271007e00487371007e002b0000000177040000000a71007e004a7871007e004b7371007e002b0000000177040000000a71007e004d78787400242f6b75672d67726f75703a6b75672d69706c75672d75646b2d64625f62666e5f616464727074003c556d77656c74646174656e6b6174616c6f67206465732042756e646573616d7465732066c3bc72204e6174757273636875747a28616464726573732971007e003f74000949504c55475f445343740011332e342e30204275696c643a323337333271007e004271007e00437371007e002d0001017071007e003370707371007e002b0000000077040000000a78707371007e00053f400000000000017708000000020000000271007e00ca7371007e002b0000000177040000000a740003616c6c7871007e00cd7371007e002b0000001177040000001971007e00cf71007e00d071007e00d171007e00d271007e00d371007e00d471007e00d571007e00d671007e00d771007e00d871007e00d971007e00da71007e00db71007e00dc71007e00dd71007e00de71007e00df78787400282f6b75672d67726f75703a69706c75672d73652d7365617263682d62756e6465736c61656e6465727074003a506f7274616c552d496e7465726e65742d537563686d61736368696e652d537563686b6f6d706f6e656e74652d42756e6465736c61656e64657271007e00737400054f54484552740007756e6b6e6f776e70707371007e002d00010071007e003271007e003371007e0034707371007e002b0000000077040000000a78707371007e00053f400000000000017708000000020000000274000d50524f56494445525f494e464f7371007e002b0000000177040000000a74000f556d77656c7462756e646573616d747874000c504152544e45525f494e464f7371007e002b0000000177040000000a74000442756e64787874001a2f6b75672d67726f75703a6473632d706c75672d7562612d76687074000755464f5244415471007e003f74000949504c55475f445343740011332e322e31204275696c643a323038343471007e004271007e00437371007e002d0001017071007e003370707371007e002b0000000077040000000a78707371007e00053f400000000000017708000000020000000274000d50524f56494445525f494e464f7371007e002b0000000177040000000a74001a42756e646573616d742066c3bc72204e6174757273636875747a7874000c504152544e45525f494e464f7371007e002b0000000177040000000a74000442756e6478787400232f6b75672d67726f75703a6b75672d69706c75672d666c6f72617765622d617274656e7074001b466c6f7261576562202d20417274656e737465636b62726965666571007e00737400054f54484552740007556e6b6e6f776e70707371007e002d00010071007e00a071007e004571007e00a1707371007e002b0000000077040000000a78707371007e00053f400000000000037708000000040000000271007e00487371007e002b0000000177040000000a71007e004a7871007e004b7371007e002b0000000177040000000a71007e00c0787874001c2f6b75672d67726f75703a69706c75672d67326b2d75666f726461747074002255464f524441542d20556d77656c74666f72736368756e6773646174656e62616e6b71007e007374000949504c55475f47324b740011332e342e30204275696c643a323337353971007e00ae71007e00af7371007e002d00010071007e003271007e004571007e0034707371007e002b0000000077040000000a78707371007e00053f400000000000037708000000040000000271007e00487371007e002b0000000177040000000a71007e00f67871007e004b7371007e002b0000000177040000000a71007e00f878787400232f6b75672d67726f75703a6b75672d69706c75672d75646b2d64625f68625f61646472707400204d657461646174656e6b6174616c6f67204272656d656e28616464726573732971007e003f74000949504c55475f445343740011332e342e30204275696c643a323337333271007e004271007e00437371007e002d00010071007e003271007e003371007e0034707371007e002b0000000077040000000a78707371007e00053f400000000000017708000000020000000271007e01407371007e002b0000000177040000000a71007e01427871007e01437371007e002b0000000177040000000a71007e014578787400272f696e677269642d67726f75703a69706c75672d75646b2d64625f736c3170726f645f616464727074002b536161726cc3a46e6469736368657220556d77656c74646174656e6b6174616c6f6728616464726573732971007e003f74000949504c55475f445343740011312e332e31204275696c643a313331343171007e004271007e00437371007e002d0001017071007e003370707371007e002b0000000077040000000a78707371007e00053f400000000000017708000000020000000274000d50524f56494445525f494e464f7371007e002b0000000177040000000a7400504d696e697374657269756d2066c3bc7220576972747363686166742c205665726b6568722c204c616e647769727473636861667420756e64205765696e62617520526865696e6c616e642d5066616c7a7874000c504152544e45525f494e464f7371007e002b0000000177040000000a74000f526865696e6c616e642d5066616c7a78787400282f696e677269642d67726f75703a69706c75672d6d77766c772d72702d75646b2d64625f61646472707400224d657461646174656e6b6174616c6f67204d57564c5720525028616464726573732971007e00737400054f5448455274001a312e342e302d534e415053484f54204275696c643a313533303370707371007e002d00010071007e00c671007e003371007e00c7707371007e002b0000000077040000000a78707371007e00053f400000000000017708000000020000000271007e00ca7371007e002b0000000177040000000a740003616c6c7871007e00cd7371007e002b0000001177040000001971007e00cf71007e00d071007e00d171007e00d271007e00d371007e00d471007e00d571007e00d671007e00d771007e00d871007e00d971007e00da71007e00db71007e00dc71007e00dd71007e00de71007e00df787874001f2f6b75672d67726f75703a69706c75672d73652d7365617263682d62756e6470740031506f7274616c552d496e7465726e65742d537563686d61736368696e652d537563686b6f6d706f6e656e74652d42756e6471007e003f74000849504c55475f5345740003312e3371007e00e471007e00e57371007e002d00010071007e003271007e004571007e0034707371007e002b0000000077040000000a78707371007e00053f400000000000037708000000040000000271007e00487371007e002b0000000177040000000a71007e004a7871007e004b7371007e002b0000000177040000000a74001c4b6f6f7264696e696572756e67737374656c6c6520506f7274616c5578787400292f6b75672d67726f75703a6b75672d69706c75672d75646b2d64625f747261696e696e675f6164647270740034556d77656c74646174656e6b6174616c6f6720662e20536368756c756e67656e2028416472657373656e2928616464726573732971007e003f74000949504c55475f445343740011332e342e30204275696c643a323337333271007e004271007e00437371007e002d00010071007e003271007e004571007e0034707371007e002b0000000077040000000a78707371007e00053f400000000000037708000000040000000271007e00487371007e002b0000000177040000000a74000b4272616e64656e627572677871007e004b7371007e002b0000000177040000000a7400504d696e697374657269756d2066c3bc7220556d77656c742c20476573756e646865697420756e6420566572627261756368657273636875747a20646573204c616e646573204272616e64656e62757267787874001e2f6b75672d67726f75703a6b75672d69706c75672d75646b2d64625f62627074001e556d77656c74646174656e6b6174616c6f67204272616e64656e6275726771007e003f74000949504c55475f445343740011332e342e30204275696c643a323337333271007e004271007e00437371007e002d0001017071007e003370707371007e002b0000000077040000000a78707371007e00053f400000000000017708000000020000000274000d50524f56494445525f494e464f7371007e002b0000000177040000000a7400474c616e646573616e7374616c742066c3bc7220556d77656c742c204d657373756e67656e20756e64204e6174757273636875747a20426164656e2d57c3bc727474656d626572677874000c504152544e45525f494e464f7371007e002b0000000177040000000a740012426164656e2d57c3bc727474656d6265726778787400232f6b75672d67726f75703a6b75672d69706c75672d75646b2d64625f62775f616464727074002e556d77656c74646174656e6b6174616c6f6720426164656e2d57c3bc727474656d6265726728616464726573732971007e00737400054f54484552740011332e322e30204275696c643a323033393770707371007e002d00010071007e003271007e004571007e0034707371007e002b0000000077040000000a78707371007e00053f400000000000037708000000040000000271007e00487371007e002b0000000177040000000a71007e01ff7871007e004b7371007e002b0000000177040000000a71007e020178787400232f6b75672d67726f75703a6b75672d69706c75672d75646b2d64625f62625f6164647270740027556d77656c74646174656e6b6174616c6f67204272616e64656e6275726728616464726573732971007e003f74000949504c55475f445343740011332e342e30204275696c643a323337333271007e004271007e00437371007e002d0001017071007e003370707371007e002b0000000077040000000a78707371007e00053f400000000000017708000000020000000274000d50524f56494445525f494e464f7371007e002b0000000177040000000a74001a42756e646573616d742066c3bc72204e6174757273636875747a7874000c504152544e45525f494e464f7371007e002b0000000177040000000a74000442756e6478787400152f6b75672d67726f75703a646e6c2d6f6e6c696e657074000a444e4c2d6f6e6c696e6571007e00737400054f54484552740011332e312e30204275696c643a313833393170707371007e002d00010071007e003271007e004571007e0034707371007e002b0000000077040000000a78707371007e00053f400000000000037708000000040000000271007e00487371007e002b0000000177040000000a71007e004a7871007e004b7371007e002b0000000177040000000a71007e01f678787400242f6b75672d67726f75703a6b75672d69706c75672d75646b2d64625f747261696e696e6770740020556d77656c74646174656e6b6174616c6f6720662e20536368756c756e67656e71007e003f74000949504c55475f445343740011332e342e30204275696c643a323337333271007e004271007e00437371007e002d00010071007e003271007e003371007e0034707371007e002b0000000077040000000a78707371007e00053f400000000000017708000000020000000271007e01167371007e002b0000000177040000000a71007e01187871007e01197371007e002b0000000177040000000a71007e011b78787400232f6b75672d67726f75703a6b75672d69706c75672d75646b2d64625f68655f616464727074002448657373697363686572204d657461646174656e6b6174616c6f6728616464726573732971007e003f74000949504c55475f445343740011332e332e30204275696c643a323138333771007e004271007e00437371007e002d0001017071007e003370707371007e002b0000000077040000000a78707371007e00053f400000000000017708000000020000000274000d50524f56494445525f494e464f7371007e002b0000000177040000000a74003f53c3a4636873697363686573204c616e646573616d742066c3bc7220556d77656c742c204c616e647769727473636861667420756e642047656f6c6f6769657874000c504152544e45525f494e464f7371007e002b0000000177040000000a7400075361636873656e78787400202f696e677269642d67726f75703a756d77656c74736e2d6373772d6c66756c6770740025436174616c6f6720536572766963652057656220284353572d69506c756729204c66554c4771007e00737400054f54484552740005312e322e3070707371007e002d0001017071007e003370707371007e002b0000000077040000000a78707371007e00053f400000000000017708000000020000000274000d50524f56494445525f494e464f7371007e002b0000000177040000000a74004d4c616e646573616d742066c3bc7220556d77656c742c204e6174757273636875747a20756e642047656f6c6f676965204d65636b6c656e627572672d566f72706f6d6d65726e20284c554e47297874000c504152544e45525f494e464f7371007e002b0000000177040000000a7400164d65636b6c656e627572672d566f72706f6d6d65726e78787400232f6b75672d67726f75703a6b75672d69706c75672d75646b2d64625f6d766c6f63616c70740029556d77656c74646174656e6b6174616c6f67204d65636b6c656e627572672d566f72706f6d6d65726e71007e00737400054f54484552740007756e6b6e6f776e70707371007e002d00010071007e003271007e004571007e0034707371007e002b0000000077040000000a78707371007e00053f400000000000037708000000040000000271007e00487371007e002b0000000177040000000a71007e00b47871007e004b7371007e002b0000000177040000000a71007e00b6787874001e2f6b75672d67726f75703a6b75672d69706c75672d75646b2d64625f74687074001d556d77656c74646174656e6b6174616c6f67205468756572696e67656e71007e003f74000949504c55475f445343740011332e342e30204275696c643a323337333271007e004271007e00437371007e002d00010071007e00c671007e003371007e00c7707371007e002b0000000077040000000a78707371007e00053f400000000000017708000000020000000274000d50524f56494445525f494e464f7371007e002b0000000177040000000a740003616c6c7874000c504152544e45525f494e464f7371007e002b0000000177040000000a71007e026378787400242f696e677269642d67726f75703a69706c75672d73652d7365617263682d4c4b564b534c70740011576562696e64657820536161726c616e6471007e003f74000849504c55475f5345740003312e3371007e00e471007e00e57371007e002d00010170740027636f6d706f6e656e742e7570646174652e636f6d706f6e656e742e69732e617661696c61626c6570707371007e002b0000000077040000000a78707371007e00053f400000000000037708000000040000000271007e00487371007e002b0000000177040000000a740012426164656e2d57c3bc727474656d626572677871007e004b7371007e002b0000000177040000000a7400474c616e646573616e7374616c742066c3bc7220556d77656c742c204d657373756e67656e20756e64204e6174757273636875747a20426164656e2d57c3bc727474656d62657267787874001f2f6b75672d67726f75703a6c7562772d69706c75672d75646f2d64625f62777074003d55444f202d20446174656e2d20756e64204b617274656e6469656e737420646572204c55425720426164656e2d572675756d6c3b727474656d6265726771007e00737400054f54484552740007556e6b6e6f776e70707371007e002d00010170740028636f6d706f6e656e742e7570646174652e636f6d706f6e656e742e6e6f742e617661696c61626c6570707371007e002b0000000077040000000a78707371007e00053f400000000000017708000000020000000271007e01dd7371007e002b0000000177040000000a71007e01df7871007e01e07371007e002b0000000177040000000a71007e01e278787400232f696e677269642d67726f75703a69706c75672d6d77766c772d72702d75646b2d6462707400194d657461646174656e6b6174616c6f67204d57564c5720525071007e00737400054f5448455274001a312e342e302d534e415053484f54204275696c643a313533303370707371007e002d00010074002a687474703a2f2f7777772e706f7274616c752e64652f7570646174652f64657461696c733f69643d343771007e026b740050687474703a2f2f7777772e706f7274616c752e64652f7570646174652f646f776e6c6f61642f696e677269642d69706c75672d736e732d332e342e302d696e7374616c6c65722e6a61723f69643d3437707371007e002b0000000077040000000a78707371007e00053f400000000000037708000000040000000274000c504152544e45525f494e464f7371007e002b0000000177040000000a74000442756e647874000d50524f56494445525f494e464f7371007e002b0000000177040000000a74000f556d77656c7462756e646573616d7478787400142f6b75672d67726f75703a69706c75672d736e7370740003534e5371007e007374000949504c55475f534e53740011332e342e30204275696c643a3233373732740005332e342e3074000532333737327371007e002d00010071007e003271007e026b71007e0034707371007e002b0000000077040000000a78707371007e00053f400000000000037708000000040000000271007e02857371007e002b0000000177040000000a71007e02877871007e02887371007e002b0000000177040000000a71007e028a78787400242f6b75672d67726f75703a6b75672d69706c75672d75646b2d64625f7562615f6164647270740031556d77656c74646174656e6b6174616c6f672064657320556d77656c7462756e646573616d74657328616464726573732971007e003f74000949504c55475f445343740011332e342e30204275696c643a323337333271007e004271007e00437371007e002d0001017071007e026b70707371007e002b0000000077040000000a78707371007e00053f400000000000037708000000040000000271007e02857371007e002b0000000177040000000a7400075361636873656e7871007e02887371007e002b0000000177040000000a74003f53c3a4636873697363686573204c616e646573616d742066c3bc7220556d77656c742c204c616e647769727473636861667420756e642047656f6c6f676965787874001e2f696e677269642d67726f75703a756d77656c74736e2d6373772d6c76617074001d4d657461646174656e6b6174616c6f672047656f4d49532e4c66554c4771007e00737400054f54484552740011332e332e31204275696c643a323238393370707371007e002d00010074002a687474703a2f2f7777772e706f7274616c752e64652f7570646174652f64657461696c733f69643d393471007e0277740057687474703a2f2f7777772e706f7274616c752e64652f7570646174652f646f776e6c6f61642f696e677269642d69706c75672d6f70656e7365617263682d332e342e302d696e7374616c6c65722e6a61723f69643d3934707371007e002b0000000077040000000a78707371007e00053f400000000000017708000000020000000274000d50524f56494445525f494e464f7371007e002b0000000177040000000a7400494d696e697374657269756d2066c3bc7220556d77656c742c204e6174757273636875747a20756e64205665726b65687220426164656e2d57c3bc727474656d62657267202855564d297874000c504152544e45525f494e464f7371007e002b0000000177040000000a740012426164656e2d57c3bc727474656d62657267787874002a2f696e677269642d67726f75703a69706c75672d6f70656e7365617263682d6c6976655f696e677269647074001c506f7274616c552d4f70656e7365617263682d416e62696e64756e6771007e003f74001049504c55475f4f50454e53454152434874001a312e302e302d534e415053484f54204275696c643a3134313330740005332e342e3074000532333734327371007e002d0001017071007e026b70707371007e002b0000000077040000000a78707371007e00053f400000000000037708000000040000000271007e02857371007e002b0000000177040000000a71007e02877871007e02887371007e002b0000000177040000000a740026506f7274616c55202d2044617320556d77656c74706f7274616c20446575747363686c616e64787874001b2f6b75672d67726f75703a69706c75672d6d616e6167656d656e74707400104d616e6167656d656e742049506c756771007e00737400054f54484552740011332e342e30204275696c643a323337343770707371007e002d00010071007e00c671007e027771007e00c7707371007e002b0000000077040000000a78707371007e00053f400000000000017708000000020000000271007e00ca7371007e002b0000000177040000000a740003616c6c7871007e00cd7371007e002b0000001177040000001971007e00cf71007e00d071007e00d171007e00d271007e00d371007e00d471007e00d571007e00d671007e00d771007e00d871007e00d971007e00da71007e00db71007e00dc71007e00dd71007e00de71007e00df787874001e2f6b75672d67726f75703a69706c75672d73652d696e6465782d62756e6470740032506f7274616c552d496e7465726e65742d537563686d61736368696e652d496e6465786b6f6d706f6e656e74652d42756e6471007e003f74000849504c55475f5345740003312e3371007e00e471007e00e57371007e002d00010071007e003271007e026b71007e0034707371007e002b0000000077040000000a78707371007e00053f400000000000037708000000040000000271007e02857371007e002b0000000177040000000a74000e5361636873656e2d416e68616c747871007e02887371007e002b0000000177040000000a74003f4d696e697374657269756d2066c3bc72204c616e647769727473636861667420756e6420556d77656c74205361636873656e2d416e68616c7420284d4c552978787400232f6b75672d67726f75703a6b75672d69706c75672d75646b2d64625f73745f61646472707400284d657461646174656e6b6174616c6f67205361636873656e2d416e68616c7428616464726573732971007e003f74000949504c55475f445343740011332e342e30204275696c643a323337333271007e004271007e00437371007e002d0001017071007e027770707371007e002b0000000077040000000a78707371007e00053f400000000000017708000000020000000274000d50524f56494445525f494e464f7371007e002b0000000177040000000a74001c42756e646573616e7374616c742066c3bc72205761737365726261757874000c504152544e45525f494e464f7371007e002b0000000177040000000a74000442756e6478787400182f6b75672d67726f75703a69706c75672d6373772d777376707400405753562d446174656e6b6174616c6f6720285761737365722d20756e642053636869666666616872747376657277616c74756e67206465732042756e6465732971007e00737400054f54484552740011332e322e30204275696c643a323032343870707371007e002d00010071007e003271007e027771007e0034707371007e002b0000000077040000000a78707371007e00053f400000000000017708000000020000000271007e024b7371007e002b0000000177040000000a71007e024d7871007e024e7371007e002b0000000177040000000a71007e025078787400282f6b75672d67726f75703a6b75672d69706c75672d75646b2d64625f6d766c6f63616c5f6164647270740032556d77656c74646174656e6b6174616c6f67204d65636b6c656e627572672d566f72706f6d6d65726e28616464726573732971007e003f74000949504c55475f445343740003312e3271007e004271007e00437371007e002d00010071007e003271007e027771007e0034707371007e002b0000000077040000000a78707371007e00053f400000000000037708000000040000000274000c504152544e45525f494e464f7371007e002b0000000177040000000a74000f526865696e6c616e642d5066616c7a7874000d50524f56494445525f494e464f7371007e002b0000000177040000000a7400624d696e697374657269756d2066c3bc7220556d77656c742c204c616e64776972747363686166742c2045726ec3a46872756e672c205765696e62617520756e6420466f727374656e20526865696e6c616e642d5066616c7a20284d554c455746292078787400222f696e677269642d67726f75703a69706c75672d72702d75646b2d64625f616464727074001655444b20525020556d77656c7428616464726573732971007e003f74000949504c55475f445343740011312e342e31204275696c643a313630303871007e004271007e00437371007e002d00010071007e003271007e027771007e0034707371007e002b0000000077040000000a78707371007e00053f400000000000017708000000020000000274000d50524f56494445525f494e464f7371007e002b0000000177040000000a7400474c616e646573616e7374616c742066c3bc7220556d77656c742c204d657373756e67656e20756e64204e6174757273636875747a20426164656e2d57c3bc727474656d626572677874000c504152544e45525f494e464f7371007e002b0000000177040000000a740012426164656e2d57c3bc727474656d62657267787874001e2f6b75672d67726f75703a6b75672d69706c75672d75646b2d64625f627770740025556d77656c74646174656e6b6174616c6f6720426164656e2d57c3bc727474656d6265726771007e003f74000949504c55475f445343740011332e322e30204275696c643a323033393771007e004271007e00437371007e002d00010071007e00c671007e027771007e00c7707371007e002b0000000077040000000a78707371007e00053f400000000000017708000000020000000271007e00ca7371007e002b0000000177040000000a740003616c6c7871007e00cd7371007e002b0000001177040000001971007e00cf71007e00d071007e00d171007e00d271007e00d371007e00d471007e00d571007e00d671007e00d771007e00d871007e00d971007e00da71007e00db71007e00dc71007e00dd71007e00de71007e00df78787400242f6b75672d67726f75703a69706c75672d73652d7365617263682d62756e642d7265737470740036506f7274616c552d496e7465726e65742d537563686d61736368696e652d537563686b6f6d706f6e656e74652d42756e642d5265737471007e003f74000849504c55475f5345740003312e3371007e00e471007e00e57371007e002d00010074002a687474703a2f2f7777772e706f7274616c752e64652f7570646174652f64657461696c733f69643d353971007e026b740056687474703a2f2f7777772e706f7274616c752e64652f7570646174652f646f776e6c6f61642f696e677269642d69706c75672d6373772d6473632d332e342e302e322d696e7374616c6c65722e6a61723f69643d3539707371007e002b0000000077040000000a78707371007e00053f400000000000037708000000040000000271007e02857371007e002b0000000177040000000a74000d4e69656465727361636873656e7871007e02887371007e002b0000000277040000000a7400504e696564657273c3a4636873697363686572204c616e646573626574726965622066c3bc7220576173736572776972747363686166742c204bc3bc7374656e2d20756e64204e6174757273636875747a7400334e6174696f6e616c7061726b76657277616c74756e67204e696564657273c3a463686973636865732057617474656e6d65657278787400272f696e677269642d67726f75703a69706c75672d6373772d6473632d6e6f6b69732d61646d696e707400104e4f4b49533a4e4c50562f4e4c574b4e71007e007374000d49504c55475f4353575f445343740013332e342e302e32204275696c643a3234353439740007332e342e302e3274000532343534397371007e002d00010071007e031071007e026b71007e0311707371007e002b0000000077040000000a78707371007e00053f400000000000037708000000040000000271007e02857371007e002b0000000177040000000a7400064272656d656e7871007e02887371007e002b0000000177040000000a7400154d6167697374726174204272656d6572686176656e787874001e2f696e677269642d67726f75703a69706c75672d6373772d6473632d68627074001a47656f696e666f726d6174696f6e204272656d6572686176656e71007e007374000d49504c55475f4353575f445343740013332e342e302e32204275696c643a323435343971007e031d71007e031e7371007e002d00010071007e003271007e026b71007e0034707371007e002b0000000077040000000a78707371007e00053f400000000000037708000000040000000271007e02857371007e002b0000000177040000000a740008536161726c616e647871007e02887371007e002b0000000177040000000a74003a4d696e697374657269756d2066c3bc7220556d77656c7420756e6420566572627261756368657273636875747a2064657320536161726c616e6478787400262f696e677269642d67726f75703a69706c75672d75646b2d64622d70726f642d4c4b564b534c7074001b556d77656c74646174656e6b6174616c6f6720536161726c616e6471007e003f74000949504c55475f445343740011332e342e30204275696c643a323337333271007e004271007e00437371007e002d00010071007e003271007e026b71007e0034707371007e002b0000000077040000000a78707371007e00053f400000000000037708000000040000000271007e02857371007e002b0000000177040000000a7400164d65636b6c656e627572672d566f72706f6d6d65726e7871007e02887371007e002b0000000177040000000a74004d4c616e646573616d742066c3bc7220556d77656c742c204e6174757273636875747a20756e642047656f6c6f676965204d65636b6c656e627572672d566f72706f6d6d65726e20284c554e472978787400232f6b75672d67726f75703a6b75672d69706c75672d75646b2d64625f6d765f6164647270740032556d77656c74646174656e6b6174616c6f67204d65636b6c656e627572672d566f72706f6d6d65726e28616464726573732971007e003f74000949504c55475f445343740011332e342e30204275696c643a323337333271007e004271007e00437371007e002d00010071007e02a671007e026b71007e02a7707371007e002b0000000077040000000a78707371007e00053f400000000000037708000000040000000271007e02857371007e002b0000000177040000000a71007e02ce7871007e02887371007e002b0000000177040000000a71007e02d078787400222f746f7277616c642d67726f75703a69706c75672d6f70656e7365617263682d73747074002b576562696e64657820556d77656c74696e666f726d6174696f6e656e205361636873656e2d416e68616c7471007e007374001049504c55475f4f50454e534541524348740011332e342e30204275696c643a323337343271007e02b471007e02b57371007e002d00010074002a687474703a2f2f7777772e706f7274616c752e64652f7570646174652f64657461696c733f69643d343171007e026b740050687474703a2f2f7777772e706f7274616c752e64652f7570646174652f646f776e6c6f61642f696e677269642d69706c75672d786d6c2d332e332e312d696e7374616c6c65722e6a61723f69643d3431707371007e002b0000000077040000000a78707371007e00053f400000000000037708000000040000000271007e02857371007e002b0000000177040000000a740012426164656e2d57c3bc727474656d626572677871007e02887371007e002b0000000177040000000a7400244b61726c73727568657220496e7374697475742066c3bc7220546563686e6f6c6f676965787874001c2f696e677269642d67726f75703a6c69742d6963742d656e737572657074001d4943542d456e73757265204c6974657261747572646174656e62616e6b71007e007374000949504c55475f584d4c740011332e332e31204275696c643a3232393039740005332e332e3174000532323930397371007e002d00010071007e003271007e026b71007e0034707371007e002b0000000077040000000a78707371007e00053f400000000000037708000000040000000271007e02857371007e002b0000000177040000000a71007e03157871007e02887371007e002b0000000177040000000a74003a4e696564657273c3a4636873697363686573204d696e697374657269756d2066c3bc7220556d77656c7420756e64204b6c696d6173636875747a78787400202f696e677269642d67726f75703a69706c75672d75646b2d64622d6e756d697370740019556d77656c74696e666f726d6174696f6e736b6174616c6f6771007e007374000949504c55475f445343740011332e342e31204275696c643a323430343171007e004271007e00437371007e002d00010071007e003271007e026b71007e0034707371007e002b0000000077040000000a78707371007e00053f400000000000037708000000040000000271007e02857371007e002b0000000177040000000a71007e03157871007e02887371007e002b0000000177040000000a71007e035d78787400252f696e677269642d67726f75703a69706c75672d6f756b2d64622d6e756d69735f6164647270740018446174656e2026204469656e73746528616464726573732971007e007374000949504c55475f445343740011332e342e31204275696c643a323430343171007e004271007e00437371007e002d00010071007e003271007e026b71007e0034707371007e002b0000000077040000000a78707371007e00053f400000000000037708000000040000000271007e02857371007e002b0000000177040000000a71007e03157871007e02887371007e002b0000000177040000000a71007e035d78787400252f696e677269642d67726f75703a69706c75672d75646b2d64622d6e756d69735f6164647270740022556d77656c74696e666f726d6174696f6e736b6174616c6f6728616464726573732971007e007374000949504c55475f445343740011332e342e31204275696c643a323430343171007e004271007e00437371007e002d00010071007e02a671007e026b71007e02a7707371007e002b0000000077040000000a78707371007e00053f400000000000037708000000040000000271007e02857371007e002b0000000177040000000a71007e034f7871007e02887371007e002b0000000177040000000a7400474d696e697374657269756d2066c3bc7220556d77656c742c204b6c696d6120756e6420456e65726769657769727473636861667420426164656e2d57c3bc727474656d6265726778787400232f746f7277616c642d67726f75703a69706c75672d6f70656e7365617263682d627732707400344f70656e7365617263682d416e62696e64756e672064657320576562696e64657820426164656e2d57c3bc727474656d6265726771007e007374001049504c55475f4f50454e534541524348740011332e342e30204275696c643a323337343271007e02b471007e02b57371007e002d00010071007e031071007e026b71007e0311707371007e002b0000000077040000000a78707371007e00053f400000000000037708000000040000000271007e02857371007e002b0000000177040000000a7400064265726c696e7871007e02887371007e002b0000000177040000000a74003153656e61747376657277616c74756e672066c3bc72205374616474656e747769636b6c756e6720756e6420556d77656c74787874001e2f696e677269642d67726f75703a69706c75672d6373772d6473632d62657074001a4b617274656e2f506cc3a46e652f446174656e204265726c696e71007e007374000d49504c55475f4353575f445343740013332e342e302e32204275696c643a323435343971007e031d71007e031e7371007e002d00010071007e02a671007e026b71007e02a7707371007e002b0000000077040000000a78707371007e00053f400000000000037708000000040000000271007e02857371007e002b0000000177040000000a71007e032e7871007e02887371007e002b0000000177040000000a71007e033078787400242f6b75672d67726f75703a69706c75672d6f70656e7365617263682d67726f75702d736c70740010506f7274616c5520536161726c616e6471007e007374001049504c55475f4f50454e534541524348740011332e342e30204275696c643a323337343271007e02b471007e02b57371007e002d00010071007e031071007e026b71007e0311707371007e002b0000000077040000000a78707371007e00053f400000000000037708000000040000000271007e02857371007e002b0000000177040000000a71007e02877871007e02887371007e002b0000000177040000000a74002d5761737365722d20756e642053636869666666616872747376657277616c74756e67206465732042756e646573787874001c2f6b75672d67726f75703a69706c75672d6373772d6473632d777376707400405753562d446174656e6b6174616c6f6720285761737365722d20756e642053636869666666616872747376657277616c74756e67206465732042756e6465732971007e007374000d49504c55475f4353575f445343740013332e342e302e32204275696c643a323435343971007e031d71007e031e7371007e002d00010071007e034a71007e026b71007e034b707371007e002b0000000077040000000a78707371007e00053f400000000000037708000000040000000271007e02857371007e002b0000000177040000000a71007e02877871007e02887371007e002b0000000177040000000a71007e028a78787400182f696e677269642d67726f75703a7562612d64696f78696e7074006144696f78696e646174656e62616e6b206465732042756e64657320756e6420646572204cc3a46e646572202d20426573636872c3a46e6b746572205a7567616e6721204e75722066c3bc7220466f72736368756e6720756e64204c65687265212071007e007374000949504c55475f584d4c740011332e332e31204275696c643a323239303971007e035671007e03577371007e002d00010071007e031071007e026b71007e0311707371007e002b0000000077040000000a78707371007e00053f400000000000037708000000040000000271007e02857371007e002b0000000177040000000a74000642617965726e7871007e02887371007e002b0000000177040000000a7400214261796572697363686573204c616e646573616d742066c3bc7220556d77656c74787874001f2f696e677269642d67726f75703a69706c75672d6373772d6473632d756f6b70740022556d77656c742d4f626a656b742d4b6174616c6f672042617965726e202d2043535771007e007374000d49504c55475f4353575f445343740013332e342e302e32204275696c643a323435343971007e031d71007e031e7371007e002d00010071007e00c671007e026b71007e00c7707371007e002b0000000077040000000a78707371007e00053f400000000000037708000000040000000271007e02857371007e002b0000000177040000000a740003616c6c7871007e02887371007e002b0000000177040000000a71007e03b478787400242f696e677269642d67726f75703a69706c75672d73652d4c4b564b534c2d73656172636870740011576562737563686520536161726c616e6471007e007374000849504c55475f5345740011332e342e30204275696c643a323337383871007e00e471007e00e57371007e002d00010071007e00c671007e026b71007e00c7707371007e002b0000000077040000000a78707371007e00053f400000000000037708000000040000000271007e02857371007e002b0000000177040000000a740003616c6c7871007e02887371007e002b0000000177040000000a71007e03be787874002e2f696e677269642d67726f75703a69706c75672d73652d6e756d69732d776562636174616c6f672d736561726368707400124e554d49532d537563686d61736368696e6571007e007374000849504c55475f5345740011332e342e30204275696c643a323337383871007e00e471007e00e57371007e002d00010071007e031071007e026b71007e0311707371007e002b0000000077040000000a78707371007e00053f400000000000037708000000040000000271007e02857371007e002b0000000177040000000a71007e032e7871007e02887371007e002b0000000177040000000a7400454c616e646573616d742066c3bc72204b617461737465722d2c205665726d657373756e67732d20756e64204b617274656e776573656e2064657320536161726c616e64657378787400252f696e677269642d67726f75703a69706c75672d6373772d6473632d74632d4c4b564b534c7074000f47656f4d49532e536161726c616e6471007e003f74000d49504c55475f4353575f445343740013332e342e302e31204275696c643a323430363671007e031d71007e031e7371007e002d00010071007e031071007e026b71007e0311707371007e002b0000000077040000000a78707371007e00053f400000000000037708000000040000000271007e02857371007e002b0000000177040000000a71007e02877871007e02887371007e002b0000000177040000000a74003242756e646573616e7374616c742066c3bc722047656f77697373656e736368616674656e20756e6420526f6873746f666665787874001f2f696e677269642d67726f75703a69706c75672d6373772d6473632d6267727074002147656f64616b202d204d657461646174656e6b6174616c6f67206465722042475271007e007374000d49504c55475f4353575f445343740013332e342e302e32204275696c643a323435343971007e031d71007e031e7371007e002d00010071007e003271007e026b71007e0034707371007e002b0000000077040000000a78707371007e00053f400000000000037708000000040000000271007e02857371007e002b0000000177040000000a71007e03397871007e02887371007e002b0000000177040000000a71007e033b787874001e2f6b75672d67726f75703a6b75672d69706c75672d75646b2d64625f6d7670740029556d77656c74646174656e6b6174616c6f67204d65636b6c656e627572672d566f72706f6d6d65726e71007e003f74000949504c55475f445343740011332e342e30204275696c643a323337333271007e004271007e00437371007e002d00010071007e003271007e026b71007e0034707371007e002b0000000077040000000a78707371007e00053f400000000000037708000000040000000271007e02857371007e002b0000000177040000000a71007e03157871007e02887371007e002b0000000177040000000a71007e035d78787400202f696e677269642d67726f75703a69706c75672d6f756b2d64622d6e756d69737074000f446174656e2026204469656e73746571007e007374000949504c55475f445343740011332e342e31204275696c643a323430343171007e004271007e00437371007e002d00010071007e00c671007e026b71007e00c7707371007e002b0000000077040000000a78707371007e00053f400000000000037708000000040000000271007e02857371007e002b0000000177040000000a740003616c6c7871007e02887371007e002b0000000177040000000a71007e03ee78787400252f696e677269642d67726f75703a69706c75672d73652d7765622d6b6e692d736561726368707400294b6f6d6d756e616c6520556d77656c747375636865204e69656465727361636873656e20285765622971007e003f74000849504c55475f5345740011332e302e30204275696c643a313736323771007e00e471007e00e57371007e002d00010071007e00c671007e026b71007e00c7707371007e002b0000000077040000000a78707371007e00053f400000000000037708000000040000000271007e02857371007e002b0000000177040000000a740003616c6c7871007e02887371007e002b0000000177040000000a71007e03f878787400292f696e677269642d67726f75703a69706c75672d73652d636174616c6f672d6b6e692d7365617263687074002d4b6f6d6d756e616c6520556d77656c747375636865204e69656465727361636873656e2028436174616c6f672971007e003f74000849504c55475f5345740011332e302e30204275696c643a313736323771007e00e471007e00e57371007e002d00010071007e003271007e026b71007e0034707371007e002b0000000077040000000a78707371007e00053f400000000000037708000000040000000271007e02857371007e002b0000000177040000000a71007e02877871007e02887371007e002b0000000177040000000a74001c4b6f6f7264696e696572756e67737374656c6c6520506f7274616c5578787400222f6b75672d67726f75703a6b75672d69706c75672d6473632d6d6170636c69656e747074001c49506c756720445343205343524950544544204d6170436c69656e7471007e003f74000949504c55475f445343740011332e342e30204275696c643a323337333871007e004271007e00437371007e002d00010071007e02a671007e026b71007e02a7707371007e002b0000000077040000000a78707371007e00053f400000000000037708000000040000000271007e02857371007e002b0000000177040000000a71007e034f7871007e02887371007e002b0000000177040000000a71007e037978787400222f746f7277616c642d67726f75703a69706c75672d6f70656e7365617263682d6277707400344f70656e7365617263682d416e62696e64756e672064657320576562696e64657820426164656e2d57c3bc727474656d6265726771007e007374001049504c55475f4f50454e534541524348740011332e342e30204275696c643a323337343271007e02b471007e02b57371007e002d00010071007e02a671007e026b71007e02a7707371007e002b0000000077040000000a78707371007e00053f400000000000037708000000040000000271007e02857371007e002b0000000177040000000a71007e02877871007e02887371007e002b0000000177040000000a74002c42756e6465736d696e697374657269756d2066c3bc722042696c64756e6720756e6420466f72736368756e6778787400232f746f7277616c642d67726f75703a69706c75672d6f70656e7365617263682d66706e70740014466f72736368756e6773706f7274616c2e6e657471007e007374001049504c55475f4f50454e534541524348740011332e342e30204275696c643a323337343271007e02b471007e02b57371007e002d00010071007e02a671007e026b71007e02a7707371007e002b0000000077040000000a78707371007e00053f400000000000037708000000040000000271007e02857371007e002b0000000177040000000a71007e03a97871007e02887371007e002b0000000177040000000a7400384261796572697363686573205374616174736d696e697374657269756d2066c3bc7220556d77656c7420756e6420476573756e646865697478787400222f746f7277616c642d67726f75703a69706c75672d6f70656e7365617263682d62797074001f576562696e64657820556d77656c746e6176696761746f722042617965726e71007e007374001049504c55475f4f50454e534541524348740011332e342e30204275696c643a323337343271007e02b471007e02b57371007e002d00010071007e031071007e027771007e0311707371007e002b0000000077040000000a78707371007e00053f400000000000017708000000020000000274000d50524f56494445525f494e464f7371007e002b0000000277040000000a74001c4b6f6f7264696e696572756e67737374656c6c6520506f7274616c5574002a4a6f68616e6e204865696e7269636820766f6e205468c3bc6e656e2d496e7374697475742028765449297874000c504152544e45525f494e464f7371007e002b0000000177040000000a74000442756e64787874001f2f696e677269642d67726f75703a69706c75672d6373772d6473632d767469707400254d657461646174656e6b6174616c6f6720766f6e205468c3bc6e656e2d496e73746974757471007e007374000d49504c55475f4353575f445343740013332e342e302e32204275696c643a323435343971007e031d71007e031e7371007e002d00010071007e031071007e026b71007e0311707371007e002b0000000077040000000a78707371007e00053f400000000000037708000000040000000271007e02857371007e002b0000000177040000000a71007e02ce7871007e02887371007e002b0000000177040000000a74003b4c616e646573616d742066c3bc722047656f6c6f67696520756e642042657267776573656e205361636873656e2d416e68616c7420284c4147422978787400232f696e677269642d67726f75703a69706c75672d6373772d6473632d73612d6c6167627074003546616368696e666f726d6174696f6e7373797374656d2047656f6c6f676965205361636873656e2d416e68616c7420284c4147422971007e007374000d49504c55475f4353575f445343740013332e342e302e32204275696c643a323435343971007e031d71007e031e7371007e002d00010071007e031071007e026b71007e0311707371007e002b0000000077040000000a78707371007e00053f400000000000037708000000040000000271007e02857371007e002b0000000177040000000a74000f526865696e6c616e642d5066616c7a7871007e02887371007e002b0000000177040000000a74001947656f706f7274616c20526865696e6c616e642d5066616c7a787874001f2f696e677269642d67726f75703a69706c75672d6373772d6473632d726c707074001947656f706f7274616c20526865696e6c616e642d5066616c7a71007e007374000d49504c55475f4353575f445343740013332e342e302e32204275696c643a323435343971007e031d71007e031e7371007e002d00010071007e031071007e026b71007e0311707371007e002b0000000077040000000a78707371007e00053f400000000000037708000000040000000271007e02857371007e002b0000000177040000000a71007e032e7871007e02887371007e002b0000000177040000000a71007e03c9787874002c2f696e677269642d67726f75703a69706c75672d6373772d6473632d67656f706f7274616c2d4c4b564b534c7074001247656f706f7274616c2e536161726c616e6471007e003f74000d49504c55475f4353575f445343740013332e342e302e31204275696c643a323430363671007e031d71007e031e7371007e002d00010071007e00c671007e027771007e00c7707371007e002b0000000077040000000a78707371007e00053f400000000000017708000000020000000274000d50524f56494445525f494e464f7371007e002b0000000177040000000a740003616c6c7874000c504152544e45525f494e464f7371007e002b0000000177040000000a71007e045678787400282f696e677269642d67726f75703a756d77656c74736e2d73652d636174616c6f672d736561726368707400265361636873656e506f7274616c552053452d69506c75672053656172636820436174616c6f6771007e003f74000849504c55475f5345740011332e302e30204275696c643a313736323771007e00e471007e00e57371007e002d00010071007e031071007e026b71007e0311707371007e002b0000000077040000000a78707371007e00053f400000000000037708000000040000000271007e02857371007e002b0000000177040000000a71007e02877871007e02887371007e002b0000000277040000000a74004042756e6465736d696e697374657269756d2066c3bc7220556d77656c742c204e6174757273636875747a20756e64205265616b746f727369636865726865697471007e028a78787400202f696e677269642d67726f75703a69706c75672d6373772d6473632d676973757074002e47495355202d2047656f6772616669736368657320496e666f726d6174696f6e7373797374656d20556d77656c7471007e007374000d49504c55475f4353575f445343740013332e342e302e32204275696c643a323435343971007e031d71007e031e7371007e002d00010071007e003271007e026b71007e0034707371007e002b0000000077040000000a78707371007e00053f400000000000037708000000040000000271007e02857371007e002b0000000177040000000a71007e032e7871007e02887371007e002b0000000177040000000a71007e0330787874002b2f696e677269642d67726f75703a69706c75672d75646b2d64622d70726f642d4c4b564b534c5f6164647270740024556d77656c74646174656e6b6174616c6f6720536161726c616e6428616464726573732971007e003f74000949504c55475f445343740011332e342e30204275696c643a323337333271007e004271007e00437371007e002d00010071007e031071007e026b71007e0311707371007e002b0000000077040000000a78707371007e00053f400000000000037708000000040000000271007e02857371007e002b0000000177040000000a71007e034f7871007e02887371007e002b0000000177040000000a7400474c616e646573616e7374616c742066c3bc7220556d77656c742c204d657373756e67656e20756e64204e6174757273636875747a20426164656e2d57c3bc727474656d6265726778787400202f6b75672d67726f75703a69706c75672d6373772d6473632d726970736d646b7074001b524950532d4d657461646174656e6b6174616c6f6720284353572971007e007374000d49504c55475f4353575f445343740013332e342e302e32204275696c643a323435343971007e031d71007e031e7371007e002d00010071007e00c671007e026b71007e00c7707371007e002b0000000077040000000a78707371007e00053f400000000000037708000000040000000271007e02857371007e002b0000000177040000000a71007e02877871007e02887371007e002b0000000177040000000a71007e0403787874002a2f696e677269642d67726f75703a69706c75672d73652d75726c6d616e6167656d656e742d696e6465787074002b3c753e50666c65676520766f6e205765622d55726c7320756e64204b6174616c6f672d55726c733c2f753e71007e007374000849504c55475f5345740011332e342e30204275696c643a323337383871007e00e471007e00e57371007e002d00010071007e031071007e026b71007e0311707371007e002b0000000077040000000a78707371007e00053f400000000000037708000000040000000271007e02857371007e002b0000000177040000000a74000748616d627572677871007e02887371007e002b0000000177040000000a740031426568c3b67264652066c3bc72205374616474656e747769636b6c756e6720756e6420556d77656c742048616d62757267787874001e2f696e677269642d67726f75703a69706c75672d6373772d6473632d686870740017556d77656c746d657461646174656e2048616d6275726771007e007374000d49504c55475f4353575f445343740013332e342e302e32204275696c643a323435343971007e031d71007e031e78740023636f6d706f6e656e742e6d6f6e69746f722e67656e6572616c2e74696d65722e6e756d7371007e0027000006a4740020636f6d706f6e656e742e6d6f6e69746f722e67656e6572616c2e7374617475737371007e002700000001740027636f6d706f6e656e742e6d6f6e69746f722e67656e6572616c2e74696d65722e617665726167657372000e6a6176612e6c616e672e4c6f6e673b8be490cc8f23df0200014a000576616c75657871007e00280000000000000c997800);
INSERT INTO `qrtz_job_details` (`JOB_NAME`, `JOB_GROUP`, `DESCRIPTION`, `JOB_CLASS_NAME`, `IS_DURABLE`, `IS_VOLATILE`, `IS_STATEFUL`, `REQUESTS_RECOVERY`, `JOB_DATA`) VALUES
('RSSFetcherJob', 'DEFAULT', 'fetching all RSS feeds in database table ingrid_rss_source. Older entries will be deleted.', 'de.ingrid.portal.scheduler.jobs.RSSFetcherJob', '0', '0', '1', '0', 0xaced0005737200156f72672e71756172747a2e4a6f62446174614d61709fb083e8bfa9b0cb020000787200266f72672e71756172747a2e7574696c732e537472696e674b65794469727479466c61674d61708208e8c3fbc55d280200015a0013616c6c6f77735472616e7369656e74446174617872001d6f72672e71756172747a2e7574696c732e4469727479466c61674d617013e62ead28760ace0200025a000564697274794c00036d617074000f4c6a6176612f7574696c2f4d61703b787001737200116a6176612e7574696c2e486173684d61700507dac1c31660d103000246000a6c6f6164466163746f724900097468726573686f6c6478703f4000000000000c77080000001000000006740025636f6d706f6e656e742e6d6f6e69746f722e67656e6572616c2e7374617475732e636f6465740024636f6d706f6e656e742e6d6f6e69746f722e67656e6572616c2e6572726f722e6e6f6e6574002a636f6d706f6e656e742e6d6f6e69746f722e67656e6572616c2e6576656e742e6f63637572656e636573737200116a6176612e6c616e672e496e746567657212e2a0a4f781873802000149000576616c7565787200106a6176612e6c616e672e4e756d62657286ac951d0b94e08b02000078700000000174002c636f6d706f6e656e742e6d6f6e69746f722e67656e6572616c2e6c6173742e6572726f72667265652e72756e740013323031352d30312d32312031313a31353a3131740023636f6d706f6e656e742e6d6f6e69746f722e67656e6572616c2e74696d65722e6e756d7371007e000a00000001740027636f6d706f6e656e742e6d6f6e69746f722e67656e6572616c2e74696d65722e617665726167657372000e6a6176612e6c616e672e4c6f6e673b8be490cc8f23df0200014a000576616c75657871007e000b000000000000032e740020636f6d706f6e656e742e6d6f6e69746f722e67656e6572616c2e7374617475737371007e000a000000007800),
('AnniversaryFetcherJob', 'DEFAULT', 'job fetching all anniversaries from SNS for tomorrow and store them into DB.', 'de.ingrid.portal.scheduler.jobs.AnniversaryFetcherJob', '0', '0', '1', '0', 0xaced0005737200156f72672e71756172747a2e4a6f62446174614d61709fb083e8bfa9b0cb020000787200266f72672e71756172747a2e7574696c732e537472696e674b65794469727479466c61674d61708208e8c3fbc55d280200015a0013616c6c6f77735472616e7369656e74446174617872001d6f72672e71756172747a2e7574696c732e4469727479466c61674d617013e62ead28760ace0200025a000564697274794c00036d617074000f4c6a6176612f7574696c2f4d61703b787001737200116a6176612e7574696c2e486173684d61700507dac1c31660d103000246000a6c6f6164466163746f724900097468726573686f6c6478703f4000000000000c77080000001000000006740025636f6d706f6e656e742e6d6f6e69746f722e67656e6572616c2e7374617475732e636f6465740024636f6d706f6e656e742e6d6f6e69746f722e67656e6572616c2e6572726f722e6e6f6e6574002a636f6d706f6e656e742e6d6f6e69746f722e67656e6572616c2e6576656e742e6f63637572656e636573737200116a6176612e6c616e672e496e746567657212e2a0a4f781873802000149000576616c7565787200106a6176612e6c616e672e4e756d62657286ac951d0b94e08b02000078700000000174002c636f6d706f6e656e742e6d6f6e69746f722e67656e6572616c2e6c6173742e6572726f72667265652e72756e740013323031352d30312d32312031313a31353a3139740023636f6d706f6e656e742e6d6f6e69746f722e67656e6572616c2e74696d65722e6e756d7371007e000a00000001740027636f6d706f6e656e742e6d6f6e69746f722e67656e6572616c2e74696d65722e617665726167657372000e6a6176612e6c616e672e4c6f6e673b8be490cc8f23df0200014a000576616c75657871007e000b0000000000001e16740020636f6d706f6e656e742e6d6f6e69746f722e67656e6572616c2e7374617475737371007e000a000000007800),
('UpdateCodelistsJob', 'DEFAULT', 'A job for updating the codelists from a repository via the management iPlug.', 'de.ingrid.portal.scheduler.jobs.UpdateCodelistsFromPortalJob', '0', '0', '1', '0', 0xaced0005737200156f72672e71756172747a2e4a6f62446174614d61709fb083e8bfa9b0cb020000787200266f72672e71756172747a2e7574696c732e537472696e674b65794469727479466c61674d61708208e8c3fbc55d280200015a0013616c6c6f77735472616e7369656e74446174617872001d6f72672e71756172747a2e7574696c732e4469727479466c61674d617013e62ead28760ace0200025a000564697274794c00036d617074000f4c6a6176612f7574696c2f4d61703b787001737200116a6176612e7574696c2e486173684d61700507dac1c31660d103000246000a6c6f6164466163746f724900097468726573686f6c6478703f4000000000000c77080000001000000006740025636f6d706f6e656e742e6d6f6e69746f722e67656e6572616c2e7374617475732e636f6465740024636f6d706f6e656e742e6d6f6e69746f722e67656e6572616c2e6572726f722e6e6f6e6574002a636f6d706f6e656e742e6d6f6e69746f722e67656e6572616c2e6576656e742e6f63637572656e636573737200116a6176612e6c616e672e496e746567657212e2a0a4f781873802000149000576616c7565787200106a6176612e6c616e672e4e756d62657286ac951d0b94e08b02000078700000000874002c636f6d706f6e656e742e6d6f6e69746f722e67656e6572616c2e6c6173742e6572726f72667265652e72756e740013323031352d30312d32312031313a35303a3039740023636f6d706f6e656e742e6d6f6e69746f722e67656e6572616c2e74696d65722e6e756d7371007e000a00000008740027636f6d706f6e656e742e6d6f6e69746f722e67656e6572616c2e74696d65722e617665726167657372000e6a6176612e6c616e672e4c6f6e673b8be490cc8f23df0200014a000576616c75657871007e000b000000000000008c740020636f6d706f6e656e742e6d6f6e69746f722e67656e6572616c2e7374617475737371007e000a000000007800);

-- --------------------------------------------------------

--
-- Tabellenstruktur für Tabelle `qrtz_job_listeners`
--

DROP TABLE IF EXISTS `qrtz_job_listeners`;
CREATE TABLE IF NOT EXISTS `qrtz_job_listeners` (
  `JOB_NAME` varchar(80) NOT NULL DEFAULT '',
  `JOB_GROUP` varchar(80) NOT NULL DEFAULT '',
  `JOB_LISTENER` varchar(80) NOT NULL DEFAULT '',
  PRIMARY KEY (`JOB_NAME`,`JOB_GROUP`,`JOB_LISTENER`)
) ENGINE=MyISAM DEFAULT CHARSET=utf8;

--
-- Daten für Tabelle `qrtz_job_listeners`
--


-- --------------------------------------------------------

--
-- Tabellenstruktur für Tabelle `qrtz_locks`
--

DROP TABLE IF EXISTS `qrtz_locks`;
CREATE TABLE IF NOT EXISTS `qrtz_locks` (
  `LOCK_NAME` varchar(40) NOT NULL DEFAULT '',
  PRIMARY KEY (`LOCK_NAME`)
) ENGINE=MyISAM DEFAULT CHARSET=utf8;

--
-- Daten für Tabelle `qrtz_locks`
--

INSERT INTO `qrtz_locks` (`LOCK_NAME`) VALUES
('CALENDAR_ACCESS'),
('JOB_ACCESS'),
('MISFIRE_ACCESS'),
('STATE_ACCESS'),
('TRIGGER_ACCESS');

-- --------------------------------------------------------

--
-- Tabellenstruktur für Tabelle `qrtz_paused_trigger_grps`
--

DROP TABLE IF EXISTS `qrtz_paused_trigger_grps`;
CREATE TABLE IF NOT EXISTS `qrtz_paused_trigger_grps` (
  `TRIGGER_GROUP` varchar(80) NOT NULL DEFAULT '',
  PRIMARY KEY (`TRIGGER_GROUP`)
) ENGINE=MyISAM DEFAULT CHARSET=utf8;

--
-- Daten für Tabelle `qrtz_paused_trigger_grps`
--


-- --------------------------------------------------------

--
-- Tabellenstruktur für Tabelle `qrtz_scheduler_state`
--

DROP TABLE IF EXISTS `qrtz_scheduler_state`;
CREATE TABLE IF NOT EXISTS `qrtz_scheduler_state` (
  `INSTANCE_NAME` varchar(80) NOT NULL DEFAULT '',
  `LAST_CHECKIN_TIME` bigint(13) NOT NULL DEFAULT '0',
  `CHECKIN_INTERVAL` bigint(13) NOT NULL DEFAULT '0',
  PRIMARY KEY (`INSTANCE_NAME`)
) ENGINE=MyISAM DEFAULT CHARSET=utf8;

--
-- Daten für Tabelle `qrtz_scheduler_state`
--


-- --------------------------------------------------------

--
-- Tabellenstruktur für Tabelle `qrtz_simple_triggers`
--

DROP TABLE IF EXISTS `qrtz_simple_triggers`;
CREATE TABLE IF NOT EXISTS `qrtz_simple_triggers` (
  `TRIGGER_NAME` varchar(80) NOT NULL DEFAULT '',
  `TRIGGER_GROUP` varchar(80) NOT NULL DEFAULT '',
  `REPEAT_COUNT` bigint(7) NOT NULL DEFAULT '0',
  `REPEAT_INTERVAL` bigint(12) NOT NULL DEFAULT '0',
  `TIMES_TRIGGERED` bigint(7) NOT NULL DEFAULT '0',
  PRIMARY KEY (`TRIGGER_NAME`,`TRIGGER_GROUP`)
) ENGINE=MyISAM DEFAULT CHARSET=utf8;

--
-- Daten für Tabelle `qrtz_simple_triggers`
--

INSERT INTO `qrtz_simple_triggers` (`TRIGGER_NAME`, `TRIGGER_GROUP`, `REPEAT_COUNT`, `REPEAT_INTERVAL`, `TIMES_TRIGGERED`) VALUES
('AnniversaryTrigger', 'DEFAULT', -1, 3600000, 1),
('UpdateCodelistsTrigger', 'DEFAULT', -1, 300000, 8),
('RSSFetcherTrigger', 'DEFAULT', -1, 3600000, 1),
('UpgradeClientJob', 'UPDATE', -1, 86400000, 1771);

-- --------------------------------------------------------

--
-- Tabellenstruktur für Tabelle `qrtz_triggers`
--

DROP TABLE IF EXISTS `qrtz_triggers`;
CREATE TABLE IF NOT EXISTS `qrtz_triggers` (
  `TRIGGER_NAME` varchar(80) NOT NULL DEFAULT '',
  `TRIGGER_GROUP` varchar(80) NOT NULL DEFAULT '',
  `JOB_NAME` varchar(80) NOT NULL DEFAULT '',
  `JOB_GROUP` varchar(80) NOT NULL DEFAULT '',
  `IS_VOLATILE` char(1) NOT NULL DEFAULT '',
  `DESCRIPTION` varchar(120) DEFAULT NULL,
  `NEXT_FIRE_TIME` bigint(13) DEFAULT NULL,
  `PREV_FIRE_TIME` bigint(13) DEFAULT NULL,
  `PRIORITY` int(11) DEFAULT NULL,
  `TRIGGER_STATE` varchar(16) NOT NULL DEFAULT '',
  `TRIGGER_TYPE` varchar(8) NOT NULL DEFAULT '',
  `START_TIME` bigint(13) NOT NULL DEFAULT '0',
  `END_TIME` bigint(13) DEFAULT NULL,
  `CALENDAR_NAME` varchar(80) DEFAULT NULL,
  `MISFIRE_INSTR` smallint(2) DEFAULT NULL,
  `JOB_DATA` blob,
  PRIMARY KEY (`TRIGGER_NAME`,`TRIGGER_GROUP`),
  KEY `JOB_NAME` (`JOB_NAME`,`JOB_GROUP`)
) ENGINE=MyISAM DEFAULT CHARSET=utf8;

--
-- Daten für Tabelle `qrtz_triggers`
--

INSERT INTO `qrtz_triggers` (`TRIGGER_NAME`, `TRIGGER_GROUP`, `JOB_NAME`, `JOB_GROUP`, `IS_VOLATILE`, `DESCRIPTION`, `NEXT_FIRE_TIME`, `PREV_FIRE_TIME`, `PRIORITY`, `TRIGGER_STATE`, `TRIGGER_TYPE`, `START_TIME`, `END_TIME`, `CALENDAR_NAME`, `MISFIRE_INSTR`, `JOB_DATA`) VALUES
('AnniversaryTrigger', 'DEFAULT', 'AnniversaryFetcherJob', 'DEFAULT', '0', NULL, 1421838909168, 1421835309168, 5, 'WAITING', 'SIMPLE', 1421835309168, 0, NULL, 0, ''),
('RSSFetcherTrigger', 'DEFAULT', 'RSSFetcherJob', 'DEFAULT', '0', NULL, 1421838909158, 1421835309158, 5, 'WAITING', 'SIMPLE', 1421835309158, 0, NULL, 0, ''),
('UpgradeClientJob', 'UPDATE', 'UpgradeClientJob', 'UPDATE', '0', NULL, 1421863533665, 1417543533665, 5, 'WAITING', 'SIMPLE', 1268849133665, 0, NULL, 0, ''),
('UpdateCodelistsTrigger', 'DEFAULT', 'UpdateCodelistsJob', 'DEFAULT', '0', NULL, 1421837709168, 1421837409168, 5, 'WAITING', 'SIMPLE', 1421835309168, 0, NULL, 0, '');

-- --------------------------------------------------------

--
-- Tabellenstruktur für Tabelle `qrtz_trigger_listeners`
--

DROP TABLE IF EXISTS `qrtz_trigger_listeners`;
CREATE TABLE IF NOT EXISTS `qrtz_trigger_listeners` (
  `TRIGGER_NAME` varchar(80) NOT NULL DEFAULT '',
  `TRIGGER_GROUP` varchar(80) NOT NULL DEFAULT '',
  `TRIGGER_LISTENER` varchar(80) NOT NULL DEFAULT '',
  PRIMARY KEY (`TRIGGER_NAME`,`TRIGGER_GROUP`,`TRIGGER_LISTENER`)
) ENGINE=MyISAM DEFAULT CHARSET=utf8;

--
-- Daten für Tabelle `qrtz_trigger_listeners`
--


-- --------------------------------------------------------

--
-- Tabellenstruktur für Tabelle `rule_criterion`
--

DROP TABLE IF EXISTS `rule_criterion`;
CREATE TABLE IF NOT EXISTS `rule_criterion` (
  `CRITERION_ID` varchar(80) COLLATE utf8_unicode_ci NOT NULL,
  `RULE_ID` varchar(80) COLLATE utf8_unicode_ci NOT NULL,
  `FALLBACK_ORDER` int(11) NOT NULL,
  `REQUEST_TYPE` varchar(40) COLLATE utf8_unicode_ci NOT NULL,
  `NAME` varchar(80) COLLATE utf8_unicode_ci NOT NULL,
  `COLUMN_VALUE` varchar(128) COLLATE utf8_unicode_ci DEFAULT NULL,
  `FALLBACK_TYPE` int(11) DEFAULT '1',
  PRIMARY KEY (`CRITERION_ID`),
  KEY `IX_RULE_CRITERION_1` (`RULE_ID`),
  KEY `IX_RULE_CRITERION_2` (`RULE_ID`,`FALLBACK_ORDER`)
) ENGINE=InnoDB DEFAULT CHARSET=utf8 COLLATE=utf8_unicode_ci;

--
-- Daten für Tabelle `rule_criterion`
--

INSERT INTO `rule_criterion` (`CRITERION_ID`, `RULE_ID`, `FALLBACK_ORDER`, `REQUEST_TYPE`, `NAME`, `COLUMN_VALUE`, `FALLBACK_TYPE`) VALUES
('1', 'j1', 0, 'path.session', 'page', 'default-page', 0),
('10', 'role-group', 1, 'navigation', 'navigation', '/', 2),
('11', 'role-group', 2, 'group', 'group', NULL, 2),
('12', 'group-fallback', 0, 'group', 'group', NULL, 2),
('13', 'group-fallback', 1, 'path.session', 'page', 'default-page', 0),
('14', 'security', 0, 'hard.coded', 'page', '/my-account.psml', 0),
('15', 'j2', 0, 'path.session', 'page', 'default-page', 0),
('16', 'j2', 1, 'group.role.user', 'user', NULL, 0),
('17', 'j2', 2, 'mediatype', 'mediatype', NULL, 1),
('18', 'user-role-fallback', 0, 'user', 'user', NULL, 2),
('19', 'user-role-fallback', 1, 'navigation', 'navigation', '/', 2),
('2', 'j1', 1, 'group.role.user', 'user', NULL, 0),
('20', 'user-role-fallback', 2, 'role', 'role', NULL, 2),
('21', 'user-role-fallback', 3, 'path.session', 'page', 'default-page', 1),
('22', 'user-rolecombo-fallback', 0, 'user', 'user', NULL, 2),
('23', 'user-rolecombo-fallback', 1, 'navigation', 'navigation', '/', 2),
('24', 'user-rolecombo-fallback', 2, 'rolecombo', 'role', NULL, 2),
('25', 'user-rolecombo-fallback', 3, 'path.session', 'page', 'default-page', 1),
('26', 'subsite-role-fallback-home', 0, 'navigation', 'navigation', 'subsite-root', 2),
('27', 'subsite-role-fallback-home', 1, 'role', 'role', NULL, 2),
('28', 'subsite-role-fallback-home', 2, 'path', 'path', 'subsite-default-page', 0),
('29', 'subsite2-role-fallback-home', 0, 'navigation', 'navigation', 'subsite-root', 2),
('3', 'j1', 2, 'mediatype', 'mediatype', NULL, 1),
('30', 'subsite2-role-fallback-home', 1, 'role', 'role', NULL, 2),
('31', 'subsite2-role-fallback-home', 2, 'path', 'path', 'subsite2-default-page', 0),
('4', 'j1', 3, 'language', 'language', NULL, 1),
('5', 'j1', 4, 'country', 'country', NULL, 1),
('6', 'role-fallback', 0, 'role', 'role', NULL, 2),
('7', 'role-fallback', 1, 'path.session', 'page', 'default-page', 0),
('8', 'path', 0, 'path', 'path', '/', 0),
('9', 'role-group', 0, 'role', 'role', NULL, 2);

-- --------------------------------------------------------

--
-- Tabellenstruktur für Tabelle `runtime_option`
--

DROP TABLE IF EXISTS `runtime_option`;
CREATE TABLE IF NOT EXISTS `runtime_option` (
  `ID` int(11) NOT NULL,
  `OWNER_ID` int(11) NOT NULL,
  `OWNER_CLASS_NAME` varchar(255) COLLATE utf8_unicode_ci NOT NULL,
  `NAME` varchar(150) COLLATE utf8_unicode_ci NOT NULL,
  PRIMARY KEY (`ID`)
) ENGINE=InnoDB DEFAULT CHARSET=utf8 COLLATE=utf8_unicode_ci;

--
-- Daten für Tabelle `runtime_option`
--


-- --------------------------------------------------------

--
-- Tabellenstruktur für Tabelle `runtime_value`
--

DROP TABLE IF EXISTS `runtime_value`;
CREATE TABLE IF NOT EXISTS `runtime_value` (
  `ID` int(11) NOT NULL,
  `OWNER_ID` int(11) NOT NULL,
  `RVALUE` varchar(200) COLLATE utf8_unicode_ci NOT NULL,
  PRIMARY KEY (`ID`)
) ENGINE=InnoDB DEFAULT CHARSET=utf8 COLLATE=utf8_unicode_ci;

--
-- Daten für Tabelle `runtime_value`
--


-- --------------------------------------------------------

--
-- Tabellenstruktur für Tabelle `secured_portlet`
--

DROP TABLE IF EXISTS `secured_portlet`;
CREATE TABLE IF NOT EXISTS `secured_portlet` (
  `ID` int(11) NOT NULL,
  `OWNER_ID` int(11) NOT NULL,
  `NAME` varchar(150) COLLATE utf8_unicode_ci NOT NULL,
  PRIMARY KEY (`ID`)
) ENGINE=InnoDB DEFAULT CHARSET=utf8 COLLATE=utf8_unicode_ci;

--
-- Daten für Tabelle `secured_portlet`
--


-- --------------------------------------------------------

--
-- Tabellenstruktur für Tabelle `security_attribute`
--

DROP TABLE IF EXISTS `security_attribute`;
CREATE TABLE IF NOT EXISTS `security_attribute` (
  `ATTR_ID` int(11) NOT NULL,
  `PRINCIPAL_ID` int(11) NOT NULL,
  `ATTR_NAME` varchar(200) COLLATE utf8_unicode_ci NOT NULL,
  `ATTR_VALUE` varchar(1000) COLLATE utf8_unicode_ci DEFAULT NULL,
  PRIMARY KEY (`ATTR_ID`,`PRINCIPAL_ID`,`ATTR_NAME`),
  KEY `IX_NAME_LOOKUP` (`ATTR_NAME`),
  KEY `IX_PRINCIPAL_ATTR` (`PRINCIPAL_ID`)
) ENGINE=InnoDB DEFAULT CHARSET=utf8 COLLATE=utf8_unicode_ci;

--
-- Daten für Tabelle `security_attribute`
--

INSERT INTO `security_attribute` (`ATTR_ID`, `PRINCIPAL_ID`, `ATTR_NAME`, `ATTR_VALUE`) VALUES
(1, 14, 'user.business-info.online.email', 'martin.klenke@portalu.de'),
(2, 14, 'user.business-info.postal.city', ''),
(3, 14, 'user.business-info.postal.postalcode', ''),
(4, 14, 'user.business-info.postal.street', ''),
(5, 14, 'user.custom.ingrid.user.age.group', '0'),
(6, 14, 'user.custom.ingrid.user.attention.from', ''),
(7, 14, 'user.custom.ingrid.user.confirmid', '5e1164c52894877ff3ea8085134247e6'),
(8, 14, 'user.custom.ingrid.user.interest', '0'),
(9, 14, 'user.custom.ingrid.user.profession', '0'),
(10, 14, 'user.custom.ingrid.user.subscribe.newsletter', '1'),
(11, 14, 'user.name.family', 'Klenke'),
(12, 14, 'user.name.given', 'Martin'),
(13, 14, 'user.name.prefix', '3'),
(14, 15, 'user.business-info.online.email', 'hanno.lehmann@portalu.de'),
(15, 15, 'user.business-info.postal.city', ''),
(16, 15, 'user.business-info.postal.postalcode', ''),
(17, 15, 'user.business-info.postal.street', ''),
(18, 15, 'user.custom.ingrid.user.age.group', '0'),
(19, 15, 'user.custom.ingrid.user.attention.from', ''),
(20, 15, 'user.custom.ingrid.user.confirmid', '471b0253fee7127619f8c9ae6420fac4'),
(21, 15, 'user.custom.ingrid.user.interest', '0'),
(22, 15, 'user.custom.ingrid.user.profession', '0'),
(23, 15, 'user.custom.ingrid.user.subscribe.newsletter', ''),
(24, 15, 'user.name.family', 'Lehmann'),
(25, 15, 'user.name.given', 'Hanno'),
(26, 15, 'user.name.prefix', '0'),
(27, 16, 'user.business-info.online.email', 'yrmail@yrmail.yrmail'),
(28, 16, 'user.business-info.postal.city', ''),
(29, 16, 'user.business-info.postal.postalcode', ''),
(30, 16, 'user.business-info.postal.street', ''),
(31, 16, 'user.custom.ingrid.user.age.group', '0'),
(32, 16, 'user.custom.ingrid.user.attention.from', ''),
(33, 16, 'user.custom.ingrid.user.interest', '0'),
(34, 16, 'user.custom.ingrid.user.profession', '0'),
(35, 16, 'user.custom.ingrid.user.subscribe.newsletter', ''),
(36, 16, 'user.name.family', 'Administrator'),
(37, 16, 'user.name.given', 'System'),
(38, 16, 'user.name.prefix', '0'),
(39, 23, 'user.business-info.online.email', 'joachim@wemove.com'),
(40, 23, 'user.business-info.postal.city', ''),
(41, 23, 'user.business-info.postal.postalcode', ''),
(42, 23, 'user.business-info.postal.street', ''),
(43, 23, 'user.custom.ingrid.user.age.group', '0'),
(44, 23, 'user.custom.ingrid.user.attention.from', ''),
(45, 23, 'user.custom.ingrid.user.confirmid', '25fbd53d02de8bf1c660e62e2fafa2fb'),
(46, 23, 'user.custom.ingrid.user.interest', '0'),
(47, 23, 'user.custom.ingrid.user.profession', '0'),
(48, 23, 'user.custom.ingrid.user.subscribe.newsletter', ''),
(49, 23, 'user.name.family', 'Müller'),
(50, 23, 'user.name.given', 'Joachim'),
(51, 23, 'user.name.prefix', '2'),
(52, 24, 'user.business-info.online.email', 'AndreasS86@gmx.de'),
(53, 24, 'user.business-info.postal.city', ''),
(54, 24, 'user.business-info.postal.postalcode', ''),
(55, 24, 'user.business-info.postal.street', ''),
(56, 24, 'user.custom.ingrid.user.age.group', '2'),
(57, 24, 'user.custom.ingrid.user.attention.from', ''),
(58, 24, 'user.custom.ingrid.user.confirmid', 'de42813645b1eda400832fbd3c11d281'),
(59, 24, 'user.custom.ingrid.user.interest', '2'),
(60, 24, 'user.custom.ingrid.user.profession', '8'),
(61, 24, 'user.custom.ingrid.user.subscribe.newsletter', ''),
(62, 24, 'user.name.family', 'Schlund'),
(63, 24, 'user.name.given', 'Andreas'),
(64, 24, 'user.name.prefix', '2'),
(65, 25, 'user.business-info.online.email', 'thomas.sattler@decon-network.de'),
(66, 25, 'user.business-info.postal.city', 'Karlsruhe'),
(67, 25, 'user.business-info.postal.postalcode', '76185'),
(68, 25, 'user.business-info.postal.street', 'Bannwaldallee 24'),
(69, 25, 'user.custom.ingrid.user.age.group', '7'),
(70, 25, 'user.custom.ingrid.user.attention.from', 'Beruflich mit UDK befasst'),
(71, 25, 'user.custom.ingrid.user.confirmid', '4f4a8ff03693276ceecfcc4eff67491b'),
(72, 25, 'user.custom.ingrid.user.interest', '1'),
(73, 25, 'user.custom.ingrid.user.profession', '3'),
(74, 25, 'user.custom.ingrid.user.subscribe.newsletter', '1'),
(75, 25, 'user.name.family', 'Sattler'),
(76, 25, 'user.name.given', 'Thomas'),
(77, 25, 'user.name.prefix', '2'),
(78, 26, 'user.business-info.online.email', 'elke.schoepflin@web.de'),
(79, 26, 'user.business-info.postal.city', ''),
(80, 26, 'user.business-info.postal.postalcode', ''),
(81, 26, 'user.business-info.postal.street', ''),
(82, 26, 'user.custom.ingrid.user.age.group', '0'),
(83, 26, 'user.custom.ingrid.user.attention.from', ''),
(84, 26, 'user.custom.ingrid.user.confirmid', '35986a43a8489ca48a66bcf7b55d61b9'),
(85, 26, 'user.custom.ingrid.user.interest', '0'),
(86, 26, 'user.custom.ingrid.user.profession', '0'),
(87, 26, 'user.custom.ingrid.user.subscribe.newsletter', ''),
(88, 26, 'user.name.family', 'Schöpflin'),
(89, 26, 'user.name.given', 'Elke'),
(90, 26, 'user.name.prefix', '0'),
(91, 27, 'user.business-info.online.email', 'hinrich.geck@stud.leuphana.de'),
(92, 27, 'user.business-info.postal.city', ''),
(93, 27, 'user.business-info.postal.postalcode', ''),
(94, 27, 'user.business-info.postal.street', ''),
(95, 27, 'user.custom.ingrid.user.age.group', '2'),
(96, 27, 'user.custom.ingrid.user.attention.from', 'Uni'),
(97, 27, 'user.custom.ingrid.user.confirmid', 'd7c7b0253dae2ca51ce8b74588e9f7a6'),
(98, 27, 'user.custom.ingrid.user.interest', '0'),
(99, 27, 'user.custom.ingrid.user.profession', '6'),
(100, 27, 'user.custom.ingrid.user.subscribe.newsletter', ''),
(101, 27, 'user.name.family', 'Geck'),
(102, 27, 'user.name.given', 'Hinrich'),
(103, 27, 'user.name.prefix', '2'),
(104, 28, 'user.business-info.online.email', 'Benelux1986@yahoo.de'),
(105, 28, 'user.business-info.postal.city', ''),
(106, 28, 'user.business-info.postal.postalcode', ''),
(107, 28, 'user.business-info.postal.street', ''),
(108, 28, 'user.custom.ingrid.user.age.group', '0'),
(109, 28, 'user.custom.ingrid.user.attention.from', ''),
(110, 28, 'user.custom.ingrid.user.confirmid', 'e2e5ce1182674bb1cc47eb29f7a60c87'),
(111, 28, 'user.custom.ingrid.user.interest', '0'),
(112, 28, 'user.custom.ingrid.user.profession', '0'),
(113, 28, 'user.custom.ingrid.user.subscribe.newsletter', ''),
(114, 28, 'user.name.family', 'Pohlmann'),
(115, 28, 'user.name.given', 'Benedict'),
(116, 28, 'user.name.prefix', '0'),
(117, 29, 'user.business-info.online.email', 'maria.ruether@uba.de'),
(118, 29, 'user.business-info.postal.city', ''),
(119, 29, 'user.business-info.postal.postalcode', ''),
(120, 29, 'user.business-info.postal.street', ''),
(121, 29, 'user.custom.ingrid.user.age.group', '0'),
(122, 29, 'user.custom.ingrid.user.attention.from', ''),
(123, 29, 'user.custom.ingrid.user.confirmid', 'c1f904ca8035b16bae6d8654282fc7a4'),
(124, 29, 'user.custom.ingrid.user.interest', '1'),
(125, 29, 'user.custom.ingrid.user.profession', '3'),
(126, 29, 'user.custom.ingrid.user.subscribe.newsletter', '1'),
(127, 29, 'user.name.family', 'Rüther'),
(128, 29, 'user.name.given', 'Maria'),
(129, 29, 'user.name.prefix', '1'),
(130, 30, 'user.business-info.online.email', 'torsten.wolff@it-service-ges.de'),
(131, 30, 'user.business-info.postal.city', ''),
(132, 30, 'user.business-info.postal.postalcode', ''),
(133, 30, 'user.business-info.postal.street', ''),
(134, 30, 'user.custom.ingrid.user.age.group', '3'),
(135, 30, 'user.custom.ingrid.user.attention.from', ''),
(136, 30, 'user.custom.ingrid.user.confirmid', '62b350b42874412857edb99028148e5b'),
(137, 30, 'user.custom.ingrid.user.interest', '1'),
(138, 30, 'user.custom.ingrid.user.profession', '3'),
(139, 30, 'user.custom.ingrid.user.subscribe.newsletter', '1'),
(140, 30, 'user.name.family', 'Wolff'),
(141, 30, 'user.name.given', 'Torsten'),
(142, 30, 'user.name.prefix', '2'),
(143, 31, 'user.business-info.online.email', 'elke.schoepflin-reichmann@lubw.bwl.de'),
(144, 31, 'user.business-info.postal.city', ''),
(145, 31, 'user.business-info.postal.postalcode', ''),
(146, 31, 'user.business-info.postal.street', ''),
(147, 31, 'user.custom.ingrid.user.age.group', '0'),
(148, 31, 'user.custom.ingrid.user.attention.from', ''),
(149, 31, 'user.custom.ingrid.user.confirmid', 'f1455c23ebc378035c3960a140374257'),
(150, 31, 'user.custom.ingrid.user.interest', '0'),
(151, 31, 'user.custom.ingrid.user.profession', '0'),
(152, 31, 'user.custom.ingrid.user.subscribe.newsletter', ''),
(153, 31, 'user.name.family', 'Schöpflin-Reichmann'),
(154, 31, 'user.name.given', 'Elke'),
(155, 31, 'user.name.prefix', '1'),
(156, 32, 'user.business-info.online.email', 'joachim@wemove.com'),
(157, 32, 'user.business-info.postal.city', ''),
(158, 32, 'user.business-info.postal.postalcode', ''),
(159, 32, 'user.business-info.postal.street', ''),
(160, 32, 'user.custom.ingrid.user.age.group', '0'),
(161, 32, 'user.custom.ingrid.user.attention.from', ''),
(162, 32, 'user.custom.ingrid.user.confirmid', '207ff9f9dca401387eb5740600d3b025'),
(163, 32, 'user.custom.ingrid.user.interest', '0'),
(164, 32, 'user.custom.ingrid.user.profession', '0'),
(165, 32, 'user.custom.ingrid.user.subscribe.newsletter', ''),
(166, 32, 'user.name.family', 'Müller'),
(167, 32, 'user.name.given', 'Joachim'),
(168, 32, 'user.name.prefix', '2'),
(169, 33, 'user.business-info.online.email', 'Renate.Ebel@lubw.bwl.de'),
(170, 33, 'user.business-info.postal.city', ''),
(171, 33, 'user.business-info.postal.postalcode', ''),
(172, 33, 'user.business-info.postal.street', ''),
(173, 33, 'user.custom.ingrid.user.age.group', '0'),
(174, 33, 'user.custom.ingrid.user.attention.from', ''),
(175, 33, 'user.custom.ingrid.user.confirmid', 'fc7d294bc00b6b00027786b8ef3c69f7'),
(176, 33, 'user.custom.ingrid.user.interest', '0'),
(177, 33, 'user.custom.ingrid.user.profession', '0'),
(178, 33, 'user.custom.ingrid.user.subscribe.newsletter', ''),
(179, 33, 'user.name.family', 'Ebel'),
(180, 33, 'user.name.given', 'Renate'),
(181, 33, 'user.name.prefix', '1'),
(182, 34, 'user.business-info.online.email', 'fred.kruse@portalu.de'),
(183, 34, 'user.business-info.postal.city', ''),
(184, 34, 'user.business-info.postal.postalcode', ''),
(185, 34, 'user.business-info.postal.street', ''),
(186, 34, 'user.custom.ingrid.user.age.group', '0'),
(187, 34, 'user.custom.ingrid.user.attention.from', ''),
(188, 34, 'user.custom.ingrid.user.confirmid', '3b17e60af3da45d02cb2ab6c4b43085e'),
(189, 34, 'user.custom.ingrid.user.interest', '0'),
(190, 34, 'user.custom.ingrid.user.profession', '0'),
(191, 34, 'user.custom.ingrid.user.subscribe.newsletter', '1'),
(192, 34, 'user.name.family', 'Kruse'),
(193, 34, 'user.name.given', 'Fred'),
(194, 34, 'user.name.prefix', '3'),
(195, 35, 'user.business-info.online.email', 'Ulrich.von_Dewitz-Krebs@SenStadt.Verwalt-Berlin.de'),
(196, 35, 'user.business-info.postal.city', ''),
(197, 35, 'user.business-info.postal.postalcode', ''),
(198, 35, 'user.business-info.postal.street', ''),
(199, 35, 'user.custom.ingrid.user.age.group', '0'),
(200, 35, 'user.custom.ingrid.user.attention.from', ''),
(201, 35, 'user.custom.ingrid.user.confirmid', '25b9f2f29e82662a46c864d46cf3be4a'),
(202, 35, 'user.custom.ingrid.user.interest', '0'),
(203, 35, 'user.custom.ingrid.user.profession', '0'),
(204, 35, 'user.custom.ingrid.user.subscribe.newsletter', '1'),
(205, 35, 'user.name.family', 'von Dewitz-Krebs'),
(206, 35, 'user.name.given', 'Ulrich'),
(207, 35, 'user.name.prefix', '0'),
(208, 36, 'user.business-info.online.email', 'Karin.blasius@bsu.hamburg.de'),
(209, 36, 'user.business-info.postal.city', ''),
(210, 36, 'user.business-info.postal.postalcode', ''),
(211, 36, 'user.business-info.postal.street', ''),
(212, 36, 'user.custom.ingrid.user.age.group', '0'),
(213, 36, 'user.custom.ingrid.user.attention.from', ''),
(214, 36, 'user.custom.ingrid.user.confirmid', '7f089aec2bb12b5168f18fdbb513c12b'),
(215, 36, 'user.custom.ingrid.user.interest', '0'),
(216, 36, 'user.custom.ingrid.user.profession', '0'),
(217, 36, 'user.custom.ingrid.user.subscribe.newsletter', '1'),
(218, 36, 'user.name.family', 'Blasius'),
(219, 36, 'user.name.given', 'Karin'),
(220, 36, 'user.name.prefix', '0'),
(221, 37, 'user.business-info.online.email', 'erich.beringer@umwelt.hessen.de'),
(222, 37, 'user.business-info.postal.city', '65189 Wiesbaden'),
(223, 37, 'user.business-info.postal.postalcode', ''),
(224, 37, 'user.business-info.postal.street', ''),
(225, 37, 'user.custom.ingrid.user.age.group', '0'),
(226, 37, 'user.custom.ingrid.user.attention.from', ''),
(227, 37, 'user.custom.ingrid.user.confirmid', '10ad2dbb8a80fc152883c0ffbedafd4f'),
(228, 37, 'user.custom.ingrid.user.interest', '0'),
(229, 37, 'user.custom.ingrid.user.profession', '0'),
(230, 37, 'user.custom.ingrid.user.subscribe.newsletter', '1'),
(231, 37, 'user.name.family', 'Beringer'),
(232, 37, 'user.name.given', 'Erich'),
(233, 37, 'user.name.prefix', '0'),
(234, 38, 'user.business-info.online.email', 'harry.schroeder@lung.mv-regierung.de'),
(235, 38, 'user.business-info.postal.city', 'Güstrow'),
(236, 38, 'user.business-info.postal.postalcode', '18273'),
(237, 38, 'user.business-info.postal.street', 'Goldberger Str. 12'),
(238, 38, 'user.custom.ingrid.user.age.group', '7'),
(239, 38, 'user.custom.ingrid.user.attention.from', ''),
(240, 38, 'user.custom.ingrid.user.confirmid', 'efec11a1110cce417b7030cba7bbee55'),
(241, 38, 'user.custom.ingrid.user.interest', '1'),
(242, 38, 'user.custom.ingrid.user.profession', '4'),
(243, 38, 'user.custom.ingrid.user.subscribe.newsletter', '1'),
(244, 38, 'user.name.family', 'Schröder'),
(245, 38, 'user.name.given', 'Harry'),
(246, 38, 'user.name.prefix', '0'),
(247, 39, 'user.business-info.online.email', 'jens.mueller@mkulnv.nrw.de'),
(248, 39, 'user.business-info.postal.city', ''),
(249, 39, 'user.business-info.postal.postalcode', ''),
(250, 39, 'user.business-info.postal.street', ''),
(251, 39, 'user.custom.ingrid.user.age.group', '0'),
(252, 39, 'user.custom.ingrid.user.attention.from', ''),
(253, 39, 'user.custom.ingrid.user.confirmid', 'f6c66b42a15e0f35482543e1044c80d8'),
(254, 39, 'user.custom.ingrid.user.interest', '0'),
(255, 39, 'user.custom.ingrid.user.profession', '0'),
(256, 39, 'user.custom.ingrid.user.subscribe.newsletter', '1'),
(257, 39, 'user.name.family', 'VIII-B-1'),
(258, 39, 'user.name.given', 'Referat'),
(259, 39, 'user.name.prefix', '0'),
(260, 40, 'user.business-info.online.email', 's.wannemacher@umwelt.saarland.de'),
(261, 40, 'user.business-info.postal.city', ''),
(262, 40, 'user.business-info.postal.postalcode', ''),
(263, 40, 'user.business-info.postal.street', ''),
(264, 40, 'user.custom.ingrid.user.age.group', '0'),
(265, 40, 'user.custom.ingrid.user.attention.from', ''),
(266, 40, 'user.custom.ingrid.user.confirmid', 'da818761ea40e9dc3575d528b0d3615e'),
(267, 40, 'user.custom.ingrid.user.interest', '0'),
(268, 40, 'user.custom.ingrid.user.profession', '0'),
(269, 40, 'user.custom.ingrid.user.subscribe.newsletter', '1'),
(270, 40, 'user.name.family', 'Wannemacher'),
(271, 40, 'user.name.given', 'Stefan'),
(272, 40, 'user.name.prefix', '2'),
(273, 41, 'user.business-info.online.email', 'brit.koether@mlu.sachsen-anhalt.de'),
(274, 41, 'user.business-info.postal.city', ''),
(275, 41, 'user.business-info.postal.postalcode', ''),
(276, 41, 'user.business-info.postal.street', ''),
(277, 41, 'user.custom.ingrid.user.age.group', '0'),
(278, 41, 'user.custom.ingrid.user.attention.from', ''),
(279, 41, 'user.custom.ingrid.user.confirmid', '182cfe703f3ffaa442e1aba3181ed514'),
(280, 41, 'user.custom.ingrid.user.interest', '0'),
(281, 41, 'user.custom.ingrid.user.profession', '0'),
(282, 41, 'user.custom.ingrid.user.subscribe.newsletter', '1'),
(283, 41, 'user.name.family', 'Köther'),
(284, 41, 'user.name.given', 'Brit'),
(285, 41, 'user.name.prefix', '1'),
(286, 42, 'user.business-info.online.email', 'meike.sander@llur.landsh.de'),
(287, 42, 'user.business-info.postal.city', ''),
(288, 42, 'user.business-info.postal.postalcode', ''),
(289, 42, 'user.business-info.postal.street', ''),
(290, 42, 'user.custom.ingrid.user.age.group', '0'),
(291, 42, 'user.custom.ingrid.user.attention.from', ''),
(292, 42, 'user.custom.ingrid.user.confirmid', '728b5cc4278645f4d1b2df816b504ccd'),
(293, 42, 'user.custom.ingrid.user.interest', '0'),
(294, 42, 'user.custom.ingrid.user.profession', '0'),
(295, 42, 'user.custom.ingrid.user.subscribe.newsletter', ''),
(296, 42, 'user.name.family', 'Durow'),
(297, 42, 'user.name.given', 'Petra'),
(298, 42, 'user.name.prefix', '0'),
(299, 43, 'user.business-info.online.email', 'Doris.Keil@tmlfun.thueringen.de'),
(300, 43, 'user.business-info.postal.city', ''),
(301, 43, 'user.business-info.postal.postalcode', ''),
(302, 43, 'user.business-info.postal.street', ''),
(303, 43, 'user.custom.ingrid.user.age.group', '7'),
(304, 43, 'user.custom.ingrid.user.attention.from', ''),
(305, 43, 'user.custom.ingrid.user.confirmid', 'fbbaddbc50cd4c925eae75b1899fa414'),
(306, 43, 'user.custom.ingrid.user.interest', '1'),
(307, 43, 'user.custom.ingrid.user.profession', '4'),
(308, 43, 'user.custom.ingrid.user.subscribe.newsletter', '1'),
(309, 43, 'user.name.family', 'Keil'),
(310, 43, 'user.name.given', 'Doris'),
(311, 43, 'user.name.prefix', '0'),
(312, 44, 'user.business-info.online.email', 'andreas.czepuck@bmu.bund.de'),
(313, 44, 'user.business-info.postal.city', ''),
(314, 44, 'user.business-info.postal.postalcode', ''),
(315, 44, 'user.business-info.postal.street', ''),
(316, 44, 'user.custom.ingrid.user.age.group', '0'),
(317, 44, 'user.custom.ingrid.user.attention.from', ''),
(318, 44, 'user.custom.ingrid.user.confirmid', '87d9d858be3b6f1082d18e1e96c3b8a5'),
(319, 44, 'user.custom.ingrid.user.interest', '0'),
(320, 44, 'user.custom.ingrid.user.profession', '0'),
(321, 44, 'user.custom.ingrid.user.subscribe.newsletter', '1'),
(322, 44, 'user.name.family', 'Czepuck'),
(323, 44, 'user.name.given', 'Andreas'),
(324, 44, 'user.name.prefix', '3'),
(325, 45, 'user.business-info.online.email', 'maria.ruether@uba.de'),
(326, 45, 'user.business-info.postal.city', ''),
(327, 45, 'user.business-info.postal.postalcode', ''),
(328, 45, 'user.business-info.postal.street', ''),
(329, 45, 'user.custom.ingrid.user.age.group', '0'),
(330, 45, 'user.custom.ingrid.user.attention.from', ''),
(331, 45, 'user.custom.ingrid.user.confirmid', '27a1bfd3330dd2e82ee9068cfe9da625'),
(332, 45, 'user.custom.ingrid.user.interest', '0'),
(333, 45, 'user.custom.ingrid.user.profession', '0'),
(334, 45, 'user.custom.ingrid.user.subscribe.newsletter', '1'),
(335, 45, 'user.name.family', 'Rüther'),
(336, 45, 'user.name.given', 'Maria'),
(337, 45, 'user.name.prefix', '3'),
(338, 46, 'user.business-info.online.email', 'Volker.Schmidt@lugv.brandenburg.de'),
(339, 46, 'user.business-info.postal.city', 'Potsdam, OT Groß Glienicke'),
(340, 46, 'user.business-info.postal.postalcode', '14476'),
(341, 46, 'user.business-info.postal.street', 'Seeburger Chaussee 2'),
(342, 46, 'user.custom.ingrid.user.age.group', '0'),
(343, 46, 'user.custom.ingrid.user.attention.from', ''),
(344, 46, 'user.custom.ingrid.user.confirmid', '30229c582c51c86691e8ee2c3a25d74c'),
(345, 46, 'user.custom.ingrid.user.interest', '0'),
(346, 46, 'user.custom.ingrid.user.profession', '0'),
(347, 46, 'user.custom.ingrid.user.subscribe.newsletter', ''),
(348, 46, 'user.name.family', 'Schmidt'),
(349, 46, 'user.name.given', 'Volker'),
(350, 46, 'user.name.prefix', '2'),
(351, 47, 'user.business-info.online.email', 'cgiffei@gmx.de'),
(352, 47, 'user.business-info.postal.city', 'Hannover'),
(353, 47, 'user.business-info.postal.postalcode', '30161'),
(354, 47, 'user.business-info.postal.street', 'rambergstrasse 39'),
(355, 47, 'user.custom.ingrid.user.age.group', '4'),
(356, 47, 'user.custom.ingrid.user.attention.from', ''),
(357, 47, 'user.custom.ingrid.user.confirmid', 'ee5fd265548d2a5c5f1b3469cd16931b'),
(358, 47, 'user.custom.ingrid.user.interest', '1'),
(359, 47, 'user.custom.ingrid.user.profession', '8'),
(360, 47, 'user.custom.ingrid.user.subscribe.newsletter', '1'),
(361, 47, 'user.name.family', 'giffei'),
(362, 47, 'user.name.given', 'christiane'),
(363, 47, 'user.name.prefix', '1'),
(364, 48, 'user.business-info.online.email', 'portalu@lubw.bwl.de'),
(365, 48, 'user.business-info.postal.city', ''),
(366, 48, 'user.business-info.postal.postalcode', ''),
(367, 48, 'user.business-info.postal.street', ''),
(368, 48, 'user.custom.ingrid.user.age.group', '0'),
(369, 48, 'user.custom.ingrid.user.attention.from', ''),
(370, 48, 'user.custom.ingrid.user.confirmid', '438ea6b83aef5a2f19c5f955a506dac1'),
(371, 48, 'user.custom.ingrid.user.interest', '0'),
(372, 48, 'user.custom.ingrid.user.profession', '0'),
(373, 48, 'user.custom.ingrid.user.subscribe.newsletter', '1'),
(374, 48, 'user.name.family', 'Baden-Württemberg'),
(375, 48, 'user.name.given', 'lubw'),
(376, 48, 'user.name.prefix', '0'),
(377, 50, 'user.business-info.online.email', 'gero.oertzen@lanuv.nrw.de'),
(378, 50, 'user.business-info.postal.city', 'Recklinghausen'),
(379, 50, 'user.business-info.postal.postalcode', '45659'),
(380, 50, 'user.business-info.postal.street', 'Leibnizstraße 10'),
(381, 50, 'user.custom.ingrid.user.age.group', '3'),
(382, 50, 'user.custom.ingrid.user.attention.from', ''),
(383, 50, 'user.custom.ingrid.user.confirmid', '36430b01782e0f11c98f6ddbf9595a25'),
(384, 50, 'user.custom.ingrid.user.interest', '1'),
(385, 50, 'user.custom.ingrid.user.profession', '4'),
(386, 50, 'user.custom.ingrid.user.subscribe.newsletter', '1'),
(387, 50, 'user.name.family', 'Oertzen'),
(388, 50, 'user.name.given', 'Gero'),
(389, 50, 'user.name.prefix', '2'),
(390, 51, 'user.business-info.online.email', 'Anja.Scholz@lvwa.sachsen-anhalt.de '),
(391, 51, 'user.business-info.postal.city', 'Halle (Saale)'),
(392, 51, 'user.business-info.postal.postalcode', '06118'),
(393, 51, 'user.business-info.postal.street', 'Dessauer Straße 70'),
(394, 51, 'user.custom.ingrid.user.age.group', '0'),
(395, 51, 'user.custom.ingrid.user.attention.from', ''),
(396, 51, 'user.custom.ingrid.user.confirmid', '0652a366b454e05231ede9265171c04e'),
(397, 51, 'user.custom.ingrid.user.interest', '0'),
(398, 51, 'user.custom.ingrid.user.profession', '0'),
(399, 51, 'user.custom.ingrid.user.subscribe.newsletter', ''),
(400, 51, 'user.name.family', 'Scholz'),
(401, 51, 'user.name.given', 'Anja'),
(402, 51, 'user.name.prefix', '0'),
(403, 52, 'user.business-info.online.email', 'anne.mollenhauer@llur.landsh.de'),
(404, 52, 'user.business-info.postal.city', 'Flintbek'),
(405, 52, 'user.business-info.postal.postalcode', '24220'),
(406, 52, 'user.business-info.postal.street', 'Hamburger Chaussee 25'),
(407, 52, 'user.custom.ingrid.user.age.group', '0'),
(408, 52, 'user.custom.ingrid.user.attention.from', ''),
(409, 52, 'user.custom.ingrid.user.confirmid', '3be27a4d0852aff323189d04564622c1'),
(410, 52, 'user.custom.ingrid.user.interest', '1'),
(411, 52, 'user.custom.ingrid.user.profession', '4'),
(412, 52, 'user.custom.ingrid.user.subscribe.newsletter', ''),
(413, 52, 'user.name.family', 'Mollenhauer'),
(414, 52, 'user.name.given', 'Anne'),
(415, 52, 'user.name.prefix', '1'),
(416, 54, 'user.business-info.online.email', 'heinz.elfers@gd.nrw.de'),
(417, 54, 'user.business-info.postal.city', ''),
(418, 54, 'user.business-info.postal.postalcode', ''),
(419, 54, 'user.business-info.postal.street', ''),
(420, 54, 'user.custom.ingrid.user.age.group', '0'),
(421, 54, 'user.custom.ingrid.user.attention.from', ''),
(422, 54, 'user.custom.ingrid.user.confirmid', 'c26e4dc4b05faf9ef3e6ba68f67aab5d'),
(423, 54, 'user.custom.ingrid.user.interest', '0'),
(424, 54, 'user.custom.ingrid.user.profession', '0'),
(425, 54, 'user.custom.ingrid.user.subscribe.newsletter', ''),
(426, 54, 'user.name.family', 'Elfers'),
(427, 54, 'user.name.given', 'Heinz'),
(428, 54, 'user.name.prefix', '2'),
(429, 55, 'user.business-info.online.email', 'falk.strobach@smul.sachsen.de'),
(430, 55, 'user.business-info.postal.city', ''),
(431, 55, 'user.business-info.postal.postalcode', ''),
(432, 55, 'user.business-info.postal.street', ''),
(433, 55, 'user.custom.ingrid.user.age.group', '3'),
(434, 55, 'user.custom.ingrid.user.attention.from', ''),
(435, 55, 'user.custom.ingrid.user.confirmid', '8d1b770c7b3fdfca694e7b5bcdc9a798'),
(436, 55, 'user.custom.ingrid.user.interest', '1'),
(437, 55, 'user.custom.ingrid.user.profession', '4'),
(438, 55, 'user.custom.ingrid.user.subscribe.newsletter', ''),
(439, 55, 'user.name.family', 'Strobach'),
(440, 55, 'user.name.given', 'Falk'),
(441, 55, 'user.name.prefix', '2'),
(442, 56, 'user.business-info.online.email', 'christiane.giffei@portalu.de'),
(443, 56, 'user.business-info.postal.city', 'Hannover'),
(444, 56, 'user.business-info.postal.postalcode', '30169'),
(445, 56, 'user.business-info.postal.street', 'Archivstrasse 2'),
(446, 56, 'user.custom.ingrid.user.age.group', '4'),
(447, 56, 'user.custom.ingrid.user.attention.from', ''),
(448, 56, 'user.custom.ingrid.user.confirmid', '5843584c33855286b9196766cc577f83'),
(449, 56, 'user.custom.ingrid.user.interest', '1'),
(450, 56, 'user.custom.ingrid.user.profession', '4'),
(451, 56, 'user.custom.ingrid.user.subscribe.newsletter', '1'),
(452, 56, 'user.name.family', 'Giffei'),
(453, 56, 'user.name.given', 'Christiane'),
(454, 56, 'user.name.prefix', '1'),
(455, 57, 'user.business-info.online.email', 'stefanie.konstantinidis@portalu.de'),
(456, 57, 'user.business-info.postal.city', ''),
(457, 57, 'user.business-info.postal.postalcode', ''),
(458, 57, 'user.business-info.postal.street', ''),
(459, 57, 'user.custom.ingrid.user.age.group', '0'),
(460, 57, 'user.custom.ingrid.user.attention.from', ''),
(461, 57, 'user.custom.ingrid.user.confirmid', 'a0b22a8ce5cd1835c35b4f09c1526bda'),
(462, 57, 'user.custom.ingrid.user.interest', '0'),
(463, 57, 'user.custom.ingrid.user.profession', '0'),
(464, 57, 'user.custom.ingrid.user.subscribe.newsletter', ''),
(465, 57, 'user.name.family', 'Konstantinidis'),
(466, 57, 'user.name.given', 'Stefanie'),
(467, 57, 'user.name.prefix', '1'),
(468, 58, 'user.business-info.online.email', 'weimannt@uni-trier.de'),
(469, 58, 'user.business-info.postal.city', ''),
(470, 58, 'user.business-info.postal.postalcode', ''),
(471, 58, 'user.business-info.postal.street', ''),
(472, 58, 'user.custom.ingrid.user.age.group', '0'),
(473, 58, 'user.custom.ingrid.user.attention.from', ''),
(474, 58, 'user.custom.ingrid.user.confirmid', '91fdd2f794a90e5faeed5413e9f9fdcb'),
(475, 58, 'user.custom.ingrid.user.interest', '0'),
(476, 58, 'user.custom.ingrid.user.profession', '0'),
(477, 58, 'user.custom.ingrid.user.subscribe.newsletter', ''),
(478, 58, 'user.name.family', 'Weimann'),
(479, 58, 'user.name.given', 'Thomas'),
(480, 58, 'user.name.prefix', '2'),
(481, 59, 'user.business-info.online.email', 'stduelberg@gmail.com'),
(482, 59, 'user.business-info.postal.city', ''),
(483, 59, 'user.business-info.postal.postalcode', ''),
(484, 59, 'user.business-info.postal.street', ''),
(485, 59, 'user.custom.ingrid.user.age.group', '4'),
(486, 59, 'user.custom.ingrid.user.attention.from', ''),
(487, 59, 'user.custom.ingrid.user.confirmid', 'df716602fe61a529f05666ae5bb95d62'),
(488, 59, 'user.custom.ingrid.user.interest', '2'),
(489, 59, 'user.custom.ingrid.user.profession', '8'),
(490, 59, 'user.custom.ingrid.user.subscribe.newsletter', ''),
(491, 59, 'user.name.family', 'Dülberg'),
(492, 59, 'user.name.given', 'Stephan'),
(493, 59, 'user.name.prefix', '2'),
(494, 60, 'user.business-info.online.email', 'monika.kneissl@lau.mlu.sachsen-anhalt.de'),
(495, 60, 'user.business-info.postal.city', 'Halle'),
(496, 60, 'user.business-info.postal.postalcode', '06116'),
(497, 60, 'user.business-info.postal.street', 'Reideburger Str. 47'),
(498, 60, 'user.custom.ingrid.user.age.group', '0'),
(499, 60, 'user.custom.ingrid.user.attention.from', ''),
(500, 60, 'user.custom.ingrid.user.confirmid', 'b4506e93aae58a23e3c7668a6f259b99'),
(501, 60, 'user.custom.ingrid.user.interest', '0'),
(502, 60, 'user.custom.ingrid.user.profession', '0'),
(503, 60, 'user.custom.ingrid.user.subscribe.newsletter', ''),
(504, 60, 'user.name.family', 'Kneissl'),
(505, 60, 'user.name.given', 'Monika'),
(506, 60, 'user.name.prefix', '1'),
(507, 61, 'user.business-info.online.email', 'galina-s87@ya.ru'),
(508, 61, 'user.business-info.postal.city', ''),
(509, 61, 'user.business-info.postal.postalcode', ''),
(510, 61, 'user.business-info.postal.street', ''),
(511, 61, 'user.custom.ingrid.user.age.group', '0'),
(512, 61, 'user.custom.ingrid.user.attention.from', ''),
(513, 61, 'user.custom.ingrid.user.confirmid', '7fa555e49cc2678ba70e76b64b3a1733'),
(514, 61, 'user.custom.ingrid.user.interest', '0'),
(515, 61, 'user.custom.ingrid.user.profession', '0'),
(516, 61, 'user.custom.ingrid.user.subscribe.newsletter', ''),
(517, 61, 'user.name.family', 'S'),
(518, 61, 'user.name.given', 'Galina'),
(519, 61, 'user.name.prefix', '4'),
(520, 62, 'user.business-info.online.email', 'Gerrit.Rexing@googlemail.com'),
(521, 62, 'user.business-info.postal.city', 'Kosel'),
(522, 62, 'user.business-info.postal.postalcode', '24354'),
(523, 62, 'user.business-info.postal.street', 'Schwansenweg 14'),
(524, 62, 'user.custom.ingrid.user.age.group', '0'),
(525, 62, 'user.custom.ingrid.user.attention.from', ''),
(526, 62, 'user.custom.ingrid.user.confirmid', '971d6286fb0061036547b431626474c5'),
(527, 62, 'user.custom.ingrid.user.interest', '0'),
(528, 62, 'user.custom.ingrid.user.profession', '0'),
(529, 62, 'user.custom.ingrid.user.subscribe.newsletter', ''),
(530, 62, 'user.name.family', 'Rexing'),
(531, 62, 'user.name.given', 'Gerrit'),
(532, 62, 'user.name.prefix', '0'),
(533, 63, 'user.business-info.online.email', 'j.blankenburg@gdfb.de'),
(534, 63, 'user.business-info.postal.city', 'Bremen'),
(535, 63, 'user.business-info.postal.postalcode', '28359'),
(536, 63, 'user.business-info.postal.street', 'Leobener Str. marum'),
(537, 63, 'user.custom.ingrid.user.age.group', '0'),
(538, 63, 'user.custom.ingrid.user.attention.from', ''),
(539, 63, 'user.custom.ingrid.user.confirmid', 'bf5b6020cbc354ba84646610ee101a81'),
(540, 63, 'user.custom.ingrid.user.interest', '0'),
(541, 63, 'user.custom.ingrid.user.profession', '0'),
(542, 63, 'user.custom.ingrid.user.subscribe.newsletter', ''),
(543, 63, 'user.name.family', 'Blankenburg'),
(544, 63, 'user.name.given', 'Joachim'),
(545, 63, 'user.name.prefix', '3'),
(546, 64, 'user.business-info.online.email', 'Andrea.Rothenburger@mulewf.rlp.de'),
(547, 64, 'user.business-info.postal.city', 'Mainz'),
(548, 64, 'user.business-info.postal.postalcode', '55116'),
(549, 64, 'user.business-info.postal.street', 'Kaiser-Friedrich-Straße 1'),
(550, 64, 'user.custom.ingrid.user.age.group', '0'),
(551, 64, 'user.custom.ingrid.user.attention.from', ''),
(552, 64, 'user.custom.ingrid.user.confirmid', '55df520db493448d4e5eb2470cea06b3'),
(553, 64, 'user.custom.ingrid.user.interest', '1'),
(554, 64, 'user.custom.ingrid.user.profession', '4'),
(555, 64, 'user.custom.ingrid.user.subscribe.newsletter', '1'),
(556, 64, 'user.name.family', 'Rothenburger'),
(557, 64, 'user.name.given', 'Andrea'),
(558, 64, 'user.name.prefix', '1'),
(559, 65, 'user.business-info.online.email', 'b.kabuth@rinteln.de'),
(560, 65, 'user.business-info.postal.city', 'Rinteln'),
(561, 65, 'user.business-info.postal.postalcode', '31737'),
(562, 65, 'user.business-info.postal.street', 'Klosterstr. 20'),
(563, 65, 'user.custom.ingrid.user.age.group', '0'),
(564, 65, 'user.custom.ingrid.user.attention.from', 'dienstlich'),
(565, 65, 'user.custom.ingrid.user.confirmid', '60dcaeaeb39062d88837672f1a7b5754'),
(566, 65, 'user.custom.ingrid.user.interest', '0'),
(567, 65, 'user.custom.ingrid.user.profession', '0'),
(568, 65, 'user.custom.ingrid.user.subscribe.newsletter', '1'),
(569, 65, 'user.name.family', 'Kabuth'),
(570, 65, 'user.name.given', 'Beate'),
(571, 65, 'user.name.prefix', '1'),
(572, 66, 'user.business-info.online.email', 'kontakt@ksb-tierbedarf.de'),
(573, 66, 'user.business-info.postal.city', 'Bamberg'),
(574, 66, 'user.business-info.postal.postalcode', '96052'),
(575, 66, 'user.business-info.postal.street', 'Hiltnerstraße 16'),
(576, 66, 'user.custom.ingrid.user.age.group', '3'),
(577, 66, 'user.custom.ingrid.user.attention.from', ''),
(578, 66, 'user.custom.ingrid.user.confirmid', '946855cf778e41153b6a28861dd9a9f5'),
(579, 66, 'user.custom.ingrid.user.interest', '1'),
(580, 66, 'user.custom.ingrid.user.profession', '8'),
(581, 66, 'user.custom.ingrid.user.subscribe.newsletter', ''),
(582, 66, 'user.name.family', 'Seuling'),
(583, 66, 'user.name.given', 'Katrin'),
(584, 66, 'user.name.prefix', '1'),
(585, 67, 'user.business-info.online.email', 'bpanteleit@gdfb.de'),
(586, 67, 'user.business-info.postal.city', ''),
(587, 67, 'user.business-info.postal.postalcode', ''),
(588, 67, 'user.business-info.postal.street', ''),
(589, 67, 'user.custom.ingrid.user.age.group', '3'),
(590, 67, 'user.custom.ingrid.user.attention.from', ''),
(591, 67, 'user.custom.ingrid.user.confirmid', '7f1d958d60c1f0b5b6006e4cb2d7c2bb'),
(592, 67, 'user.custom.ingrid.user.interest', '1'),
(593, 67, 'user.custom.ingrid.user.profession', '4'),
(594, 67, 'user.custom.ingrid.user.subscribe.newsletter', ''),
(595, 67, 'user.name.family', 'Panteleit'),
(596, 67, 'user.name.given', 'Björn'),
(597, 67, 'user.name.prefix', '3'),
(598, 68, 'user.business-info.online.email', 'rina.gerhard@lsbg.hamburg.de'),
(599, 68, 'user.business-info.postal.city', 'Hamburg'),
(600, 68, 'user.business-info.postal.postalcode', '20097'),
(601, 68, 'user.business-info.postal.street', 'Sachsenfeld 3-5'),
(602, 68, 'user.custom.ingrid.user.age.group', '0'),
(603, 68, 'user.custom.ingrid.user.attention.from', ''),
(604, 68, 'user.custom.ingrid.user.confirmid', 'e9fb8d887e829d8213b8785489f293a1'),
(605, 68, 'user.custom.ingrid.user.interest', '0'),
(606, 68, 'user.custom.ingrid.user.profession', '0'),
(607, 68, 'user.custom.ingrid.user.subscribe.newsletter', '1'),
(608, 68, 'user.name.family', 'Gerhard'),
(609, 68, 'user.name.given', 'Rina'),
(610, 68, 'user.name.prefix', '1'),
(611, 69, 'user.business-info.online.email', 'jeannette.mathews@uba.de'),
(612, 69, 'user.business-info.postal.city', 'Dessau-Roßlau'),
(613, 69, 'user.business-info.postal.postalcode', '06844'),
(614, 69, 'user.business-info.postal.street', 'Wörlitzer Platz 1'),
(615, 69, 'user.custom.ingrid.user.age.group', '0'),
(616, 69, 'user.custom.ingrid.user.attention.from', ''),
(617, 69, 'user.custom.ingrid.user.confirmid', 'd72d35bf895cc4265b0e6b3c904d4020'),
(618, 69, 'user.custom.ingrid.user.interest', '0'),
(619, 69, 'user.custom.ingrid.user.profession', '0'),
(620, 69, 'user.custom.ingrid.user.subscribe.newsletter', ''),
(621, 69, 'user.name.family', 'Mathews'),
(622, 69, 'user.name.given', 'Jeannette'),
(623, 69, 'user.name.prefix', '1'),
(624, 70, 'user.business-info.online.email', 'jeannette.mathews@uba.de'),
(625, 70, 'user.business-info.postal.city', 'Dessau'),
(626, 70, 'user.business-info.postal.postalcode', '06844'),
(627, 70, 'user.business-info.postal.street', 'Wörlitzer Platz 1'),
(628, 70, 'user.custom.ingrid.user.age.group', '4'),
(629, 70, 'user.custom.ingrid.user.attention.from', 'durch einen Kollegen im UBA'),
(630, 70, 'user.custom.ingrid.user.confirmid', '9f5963231cc5fe697a197190a7df1f40'),
(631, 70, 'user.custom.ingrid.user.interest', '1'),
(632, 70, 'user.custom.ingrid.user.profession', '4'),
(633, 70, 'user.custom.ingrid.user.subscribe.newsletter', '1'),
(634, 70, 'user.name.family', 'Mathews'),
(635, 70, 'user.name.given', 'Jeannette'),
(636, 70, 'user.name.prefix', '0'),
(637, 71, 'user.business-info.online.email', 'info@mibama.de'),
(638, 71, 'user.business-info.postal.city', ''),
(639, 71, 'user.business-info.postal.postalcode', ''),
(640, 71, 'user.business-info.postal.street', ''),
(641, 71, 'user.custom.ingrid.user.age.group', '0'),
(642, 71, 'user.custom.ingrid.user.attention.from', ''),
(643, 71, 'user.custom.ingrid.user.confirmid', '81402ac4d2d0795f3b02517a734fa752'),
(644, 71, 'user.custom.ingrid.user.interest', '0'),
(645, 71, 'user.custom.ingrid.user.profession', '0'),
(646, 71, 'user.custom.ingrid.user.subscribe.newsletter', ''),
(647, 71, 'user.name.family', 'Baumann-Matthäus'),
(648, 71, 'user.name.given', 'Michael'),
(649, 71, 'user.name.prefix', '2'),
(650, 72, 'user.business-info.online.email', 'Rene.Busch@rpf.bwl.de'),
(651, 72, 'user.business-info.postal.city', 'Freiburg'),
(652, 72, 'user.business-info.postal.postalcode', '79104'),
(653, 72, 'user.business-info.postal.street', 'Sautierstr.36'),
(654, 72, 'user.custom.ingrid.user.age.group', '4'),
(655, 72, 'user.custom.ingrid.user.attention.from', 'Fachzeitschrift'),
(656, 72, 'user.custom.ingrid.user.confirmid', 'dde32a8993021c71c5029709bdc2d579'),
(657, 72, 'user.custom.ingrid.user.interest', '1'),
(658, 72, 'user.custom.ingrid.user.profession', '4'),
(659, 72, 'user.custom.ingrid.user.subscribe.newsletter', ''),
(660, 72, 'user.name.family', 'Busch'),
(661, 72, 'user.name.given', 'Rene'),
(662, 72, 'user.name.prefix', '2'),
(663, 73, 'user.business-info.online.email', 'guenter.nowak@eberspaecher.com'),
(664, 73, 'user.business-info.postal.city', 'Mannheim'),
(665, 73, 'user.business-info.postal.postalcode', '68239'),
(666, 73, 'user.business-info.postal.street', 'Badenweiler Str. 42'),
(667, 73, 'user.custom.ingrid.user.age.group', '7'),
(668, 73, 'user.custom.ingrid.user.attention.from', 'Internet'),
(669, 73, 'user.custom.ingrid.user.confirmid', 'd2da0cde066adf49ecede892de93ac48'),
(670, 73, 'user.custom.ingrid.user.interest', '1'),
(671, 73, 'user.custom.ingrid.user.profession', '2'),
(672, 73, 'user.custom.ingrid.user.subscribe.newsletter', '1'),
(673, 73, 'user.name.family', 'Nowak'),
(674, 73, 'user.name.given', 'Günter'),
(675, 73, 'user.name.prefix', '2'),
(676, 74, 'user.business-info.online.email', 'andreas.richter@laiv-mv.de'),
(677, 74, 'user.business-info.postal.city', ''),
(678, 74, 'user.business-info.postal.postalcode', ''),
(679, 74, 'user.business-info.postal.street', ''),
(680, 74, 'user.custom.ingrid.user.age.group', '0'),
(681, 74, 'user.custom.ingrid.user.attention.from', ''),
(682, 74, 'user.custom.ingrid.user.confirmid', '3712a61712fa20b1ea3adb9e87c72032'),
(683, 74, 'user.custom.ingrid.user.interest', '0'),
(684, 74, 'user.custom.ingrid.user.profession', '0'),
(685, 74, 'user.custom.ingrid.user.subscribe.newsletter', ''),
(686, 74, 'user.name.family', 'Richter'),
(687, 74, 'user.name.given', 'Andreas'),
(688, 74, 'user.name.prefix', '2'),
(689, 75, 'user.business-info.online.email', 'o.jungmann@gefga.de'),
(690, 75, 'user.business-info.postal.city', ''),
(691, 75, 'user.business-info.postal.postalcode', ''),
(692, 75, 'user.business-info.postal.street', ''),
(693, 75, 'user.custom.ingrid.user.age.group', '0'),
(694, 75, 'user.custom.ingrid.user.attention.from', ''),
(695, 75, 'user.custom.ingrid.user.confirmid', 'd303c869305e91efe40f9192162eeb55'),
(696, 75, 'user.custom.ingrid.user.interest', '0'),
(697, 75, 'user.custom.ingrid.user.profession', '0'),
(698, 75, 'user.custom.ingrid.user.subscribe.newsletter', ''),
(699, 75, 'user.name.family', 'J'),
(700, 75, 'user.name.given', 'O'),
(701, 75, 'user.name.prefix', '1'),
(702, 76, 'user.business-info.online.email', 'sybille.peters@portalu.de'),
(703, 76, 'user.business-info.postal.city', ''),
(704, 76, 'user.business-info.postal.postalcode', ''),
(705, 76, 'user.business-info.postal.street', ''),
(706, 76, 'user.custom.ingrid.user.age.group', '0'),
(707, 76, 'user.custom.ingrid.user.attention.from', ''),
(708, 76, 'user.custom.ingrid.user.confirmid', 'a520a1756bbe3854e5ed1d9dd977fb75'),
(709, 76, 'user.custom.ingrid.user.interest', '0'),
(710, 76, 'user.custom.ingrid.user.profession', '0'),
(711, 76, 'user.custom.ingrid.user.subscribe.newsletter', ''),
(712, 76, 'user.name.family', 'Peters'),
(713, 76, 'user.name.given', 'Sybille'),
(714, 76, 'user.name.prefix', '0'),
(715, 77, 'user.business-info.online.email', 'justina.lethen@mu.niedersachsen.de'),
(716, 77, 'user.business-info.postal.city', ''),
(717, 77, 'user.business-info.postal.postalcode', ''),
(718, 77, 'user.business-info.postal.street', ''),
(719, 77, 'user.custom.ingrid.user.age.group', '0'),
(720, 77, 'user.custom.ingrid.user.attention.from', ''),
(721, 77, 'user.custom.ingrid.user.confirmid', '15d2428ca585f96a4ed0d045c96df345'),
(722, 77, 'user.custom.ingrid.user.interest', '0'),
(723, 77, 'user.custom.ingrid.user.profession', '0'),
(724, 77, 'user.custom.ingrid.user.subscribe.newsletter', ''),
(725, 77, 'user.name.family', 'Lethen'),
(726, 77, 'user.name.given', 'Justina'),
(727, 77, 'user.name.prefix', '1'),
(728, 78, 'user.business-info.online.email', 'g.martensen@lrasok.thueringen.de'),
(729, 78, 'user.business-info.postal.city', 'Schleiz'),
(730, 78, 'user.business-info.postal.postalcode', '07907'),
(731, 78, 'user.business-info.postal.street', 'Oschitzer Straße 4'),
(732, 78, 'user.custom.ingrid.user.age.group', '3'),
(733, 78, 'user.custom.ingrid.user.attention.from', 'über Biozid-Portal'),
(734, 78, 'user.custom.ingrid.user.confirmid', '34d6b22f35c4e11f56240a07f7b60928'),
(735, 78, 'user.custom.ingrid.user.interest', '1'),
(736, 78, 'user.custom.ingrid.user.profession', '4'),
(737, 78, 'user.custom.ingrid.user.subscribe.newsletter', '1'),
(738, 78, 'user.name.family', 'Martensen'),
(739, 78, 'user.name.given', 'Grit'),
(740, 78, 'user.name.prefix', '1'),
(741, 79, 'user.business-info.online.email', 'hans-juergen.oeller@ptspaper.de'),
(742, 79, 'user.business-info.postal.city', 'München'),
(743, 79, 'user.business-info.postal.postalcode', '80797'),
(744, 79, 'user.business-info.postal.street', 'Heßstraße 134'),
(745, 79, 'user.custom.ingrid.user.age.group', '4'),
(746, 79, 'user.custom.ingrid.user.attention.from', 'Infomail eines Analysenlabors'),
(747, 79, 'user.custom.ingrid.user.confirmid', '072170e4fd4b22a4755b3ef6dd803909'),
(748, 79, 'user.custom.ingrid.user.interest', '1'),
(749, 79, 'user.custom.ingrid.user.profession', '3'),
(750, 79, 'user.custom.ingrid.user.subscribe.newsletter', '1'),
(751, 79, 'user.name.family', 'Öller'),
(752, 79, 'user.name.given', 'Hans-Jürgen'),
(753, 79, 'user.name.prefix', '3'),
(754, 80, 'user.business-info.online.email', 'joachim.fock@uba.de'),
(755, 80, 'user.business-info.postal.city', 'Dessau-Roßlau'),
(756, 80, 'user.business-info.postal.postalcode', '06844'),
(757, 80, 'user.business-info.postal.street', 'Wörlitzer Platz 1'),
(758, 80, 'user.custom.ingrid.user.age.group', '7'),
(759, 80, 'user.custom.ingrid.user.attention.from', 'UBA'),
(760, 80, 'user.custom.ingrid.user.confirmid', '40f64c55756f5365ef6c81644d9c8df9'),
(761, 80, 'user.custom.ingrid.user.interest', '1'),
(762, 80, 'user.custom.ingrid.user.profession', '4'),
(763, 80, 'user.custom.ingrid.user.subscribe.newsletter', ''),
(764, 80, 'user.name.family', 'Fock'),
(765, 80, 'user.name.given', 'Joachim'),
(766, 80, 'user.name.prefix', '2'),
(767, 81, 'user.business-info.online.email', 'haxthausen@maisspindelgranulat.de'),
(768, 81, 'user.business-info.postal.city', 'Lichtenau (Westfalen)'),
(769, 81, 'user.business-info.postal.postalcode', '33165'),
(770, 81, 'user.business-info.postal.street', 'Steinkuhle 16'),
(771, 81, 'user.custom.ingrid.user.age.group', '5'),
(772, 81, 'user.custom.ingrid.user.attention.from', 'Internet'),
(773, 81, 'user.custom.ingrid.user.confirmid', '53f19e6e41531a1aa8aa63c2e45e82b8'),
(774, 81, 'user.custom.ingrid.user.interest', '1'),
(775, 81, 'user.custom.ingrid.user.profession', '3'),
(776, 81, 'user.custom.ingrid.user.subscribe.newsletter', '1'),
(777, 81, 'user.name.family', 'Freiherr von Haxthausen'),
(778, 81, 'user.name.given', 'Wilderich'),
(779, 81, 'user.name.prefix', '2'),
(780, 82, 'user.business-info.online.email', 'portalu@lubw.bwl.de'),
(781, 82, 'user.business-info.postal.city', ''),
(782, 82, 'user.business-info.postal.postalcode', ''),
(783, 82, 'user.business-info.postal.street', ''),
(784, 82, 'user.custom.ingrid.user.age.group', '0'),
(785, 82, 'user.custom.ingrid.user.attention.from', ''),
(786, 82, 'user.custom.ingrid.user.confirmid', '06b4cb8a56fee1f56ec17241d016fcd6'),
(787, 82, 'user.custom.ingrid.user.interest', '0'),
(788, 82, 'user.custom.ingrid.user.profession', '0'),
(789, 82, 'user.custom.ingrid.user.subscribe.newsletter', ''),
(790, 82, 'user.name.family', 'Baden-Württemberg'),
(791, 82, 'user.name.given', 'Katalogadministrator'),
(792, 82, 'user.name.prefix', '0'),
(793, 83, 'user.business-info.online.email', 'portalu@portalu.de'),
(794, 83, 'user.business-info.postal.city', ''),
(795, 83, 'user.business-info.postal.postalcode', ''),
(796, 83, 'user.business-info.postal.street', ''),
(797, 83, 'user.custom.ingrid.user.age.group', '0'),
(798, 83, 'user.custom.ingrid.user.attention.from', ''),
(799, 83, 'user.custom.ingrid.user.confirmid', 'df17cff5abb7de34507f701aadd94c19'),
(800, 83, 'user.custom.ingrid.user.interest', '0'),
(801, 83, 'user.custom.ingrid.user.profession', '0'),
(802, 83, 'user.custom.ingrid.user.subscribe.newsletter', ''),
(803, 83, 'user.name.family', 'Demo-Katalog'),
(804, 83, 'user.name.given', 'Koordinierungsstelle PortalU'),
(805, 83, 'user.name.prefix', '0'),
(806, 84, 'user.business-info.online.email', 'kst@portalu.de'),
(807, 84, 'user.business-info.postal.city', ''),
(808, 84, 'user.business-info.postal.postalcode', ''),
(809, 84, 'user.business-info.postal.street', ''),
(810, 84, 'user.custom.ingrid.user.age.group', '0'),
(811, 84, 'user.custom.ingrid.user.attention.from', ''),
(812, 84, 'user.custom.ingrid.user.confirmid', '675e4723e6533bdb1ca585c1033c43b6'),
(813, 84, 'user.custom.ingrid.user.interest', '0'),
(814, 84, 'user.custom.ingrid.user.profession', '0'),
(815, 84, 'user.custom.ingrid.user.subscribe.newsletter', ''),
(816, 84, 'user.name.family', 'HH'),
(817, 84, 'user.name.given', 'MD Admin'),
(818, 84, 'user.name.prefix', '0'),
(819, 85, 'user.business-info.online.email', 'pdurow@lanu.landsh.de'),
(820, 85, 'user.business-info.postal.city', 'Flintbek'),
(821, 85, 'user.business-info.postal.postalcode', '24220'),
(822, 85, 'user.business-info.postal.street', 'Hamburger Chaussee 25'),
(823, 85, 'user.custom.ingrid.user.age.group', '0'),
(824, 85, 'user.custom.ingrid.user.attention.from', ''),
(825, 85, 'user.custom.ingrid.user.confirmid', 'a6347850e102898a976f0b3d3aeb236e'),
(826, 85, 'user.custom.ingrid.user.interest', '1'),
(827, 85, 'user.custom.ingrid.user.profession', '4'),
(828, 85, 'user.custom.ingrid.user.subscribe.newsletter', ''),
(829, 85, 'user.name.family', 'SH'),
(830, 85, 'user.name.given', 'MD Admin'),
(831, 85, 'user.name.prefix', '0'),
(832, 86, 'user.business-info.online.email', 'kst@portalu.de'),
(833, 86, 'user.business-info.postal.city', ''),
(834, 86, 'user.business-info.postal.postalcode', ''),
(835, 86, 'user.business-info.postal.street', ''),
(836, 86, 'user.custom.ingrid.user.age.group', '0'),
(837, 86, 'user.custom.ingrid.user.attention.from', ''),
(838, 86, 'user.custom.ingrid.user.confirmid', '7be872bdbffff4a61ef377229a8a5cc8'),
(839, 86, 'user.custom.ingrid.user.interest', '0'),
(840, 86, 'user.custom.ingrid.user.profession', '0'),
(841, 86, 'user.custom.ingrid.user.subscribe.newsletter', ''),
(842, 86, 'user.name.family', 'UBA'),
(843, 86, 'user.name.given', 'MD Admin'),
(844, 86, 'user.name.prefix', '0'),
(845, 87, 'user.business-info.online.email', 'kst@portalu.de'),
(846, 87, 'user.business-info.postal.city', ''),
(847, 87, 'user.business-info.postal.postalcode', ''),
(848, 87, 'user.business-info.postal.street', ''),
(849, 87, 'user.custom.ingrid.user.age.group', '0'),
(850, 87, 'user.custom.ingrid.user.attention.from', ''),
(851, 87, 'user.custom.ingrid.user.confirmid', '1fb7df1a6584a53393436983ce2ba0e4'),
(852, 87, 'user.custom.ingrid.user.interest', '0'),
(853, 87, 'user.custom.ingrid.user.profession', '0'),
(854, 87, 'user.custom.ingrid.user.subscribe.newsletter', ''),
(855, 87, 'user.name.family', 'NI'),
(856, 87, 'user.name.given', 'MD Admin'),
(857, 87, 'user.name.prefix', '0'),
(858, 88, 'user.business-info.online.email', 'kst@portalu.de'),
(859, 88, 'user.business-info.postal.city', ''),
(860, 88, 'user.business-info.postal.postalcode', ''),
(861, 88, 'user.business-info.postal.street', ''),
(862, 88, 'user.custom.ingrid.user.age.group', '0'),
(863, 88, 'user.custom.ingrid.user.attention.from', ''),
(864, 88, 'user.custom.ingrid.user.confirmid', '6c3f66d92b77d766928d5b1db3fda188'),
(865, 88, 'user.custom.ingrid.user.interest', '0'),
(866, 88, 'user.custom.ingrid.user.profession', '0'),
(867, 88, 'user.custom.ingrid.user.subscribe.newsletter', ''),
(868, 88, 'user.name.family', 'ST'),
(869, 88, 'user.name.given', 'MD Admin'),
(870, 88, 'user.name.prefix', '0'),
(871, 89, 'user.business-info.online.email', 'kst@portalu.de'),
(872, 89, 'user.business-info.postal.city', ''),
(873, 89, 'user.business-info.postal.postalcode', ''),
(874, 89, 'user.business-info.postal.street', ''),
(875, 89, 'user.custom.ingrid.user.age.group', '0'),
(876, 89, 'user.custom.ingrid.user.attention.from', ''),
(877, 89, 'user.custom.ingrid.user.confirmid', '435057a45f0f4ea99e2a227e5f7e2001'),
(878, 89, 'user.custom.ingrid.user.interest', '0'),
(879, 89, 'user.custom.ingrid.user.profession', '0'),
(880, 89, 'user.custom.ingrid.user.subscribe.newsletter', ''),
(881, 89, 'user.name.family', 'BB'),
(882, 89, 'user.name.given', 'MD Admin'),
(883, 89, 'user.name.prefix', '0'),
(884, 90, 'user.business-info.online.email', 'kst@portalu.de'),
(885, 90, 'user.business-info.postal.city', ''),
(886, 90, 'user.business-info.postal.postalcode', ''),
(887, 90, 'user.business-info.postal.street', ''),
(888, 90, 'user.custom.ingrid.user.age.group', '0'),
(889, 90, 'user.custom.ingrid.user.attention.from', ''),
(890, 90, 'user.custom.ingrid.user.confirmid', 'f79f4e9abfa25ff93a2bdda8acada664'),
(891, 90, 'user.custom.ingrid.user.interest', '0'),
(892, 90, 'user.custom.ingrid.user.profession', '0'),
(893, 90, 'user.custom.ingrid.user.subscribe.newsletter', ''),
(894, 90, 'user.name.family', 'MV'),
(895, 90, 'user.name.given', 'MD Admin'),
(896, 90, 'user.name.prefix', '0'),
(897, 91, 'user.business-info.online.email', 'kst@portalu.de'),
(898, 91, 'user.business-info.postal.city', ''),
(899, 91, 'user.business-info.postal.postalcode', ''),
(900, 91, 'user.business-info.postal.street', ''),
(901, 91, 'user.custom.ingrid.user.age.group', '0'),
(902, 91, 'user.custom.ingrid.user.attention.from', ''),
(903, 91, 'user.custom.ingrid.user.confirmid', 'e0c0028b82f04477d7f9385f991f9f35'),
(904, 91, 'user.custom.ingrid.user.interest', '0'),
(905, 91, 'user.custom.ingrid.user.profession', '0'),
(906, 91, 'user.custom.ingrid.user.subscribe.newsletter', ''),
(907, 91, 'user.name.family', 'SN'),
(908, 91, 'user.name.given', 'MD Admin'),
(909, 91, 'user.name.prefix', '0'),
(910, 92, 'user.business-info.online.email', 'kst@portalu.de'),
(911, 92, 'user.business-info.postal.city', ''),
(912, 92, 'user.business-info.postal.postalcode', ''),
(913, 92, 'user.business-info.postal.street', ''),
(914, 92, 'user.custom.ingrid.user.age.group', '0'),
(915, 92, 'user.custom.ingrid.user.attention.from', ''),
(916, 92, 'user.custom.ingrid.user.confirmid', 'fafcbb01142d21d5001bf6b29b08913c'),
(917, 92, 'user.custom.ingrid.user.interest', '0'),
(918, 92, 'user.custom.ingrid.user.profession', '0'),
(919, 92, 'user.custom.ingrid.user.subscribe.newsletter', ''),
(920, 92, 'user.name.family', 'Legat'),
(921, 92, 'user.name.given', 'Rudi'),
(922, 92, 'user.name.prefix', '0'),
(923, 93, 'user.business-info.online.email', 'meike.sander@llur.landsh.de'),
(924, 93, 'user.business-info.postal.city', 'Flintbek'),
(925, 93, 'user.business-info.postal.postalcode', '24220'),
(926, 93, 'user.business-info.postal.street', 'Hamburger Chaussee 25'),
(927, 93, 'user.custom.ingrid.user.age.group', '0'),
(928, 93, 'user.custom.ingrid.user.attention.from', ''),
(929, 93, 'user.custom.ingrid.user.confirmid', '1932476aa16adcd6125414a3de5ab94a');
INSERT INTO `security_attribute` (`ATTR_ID`, `PRINCIPAL_ID`, `ATTR_NAME`, `ATTR_VALUE`) VALUES
(930, 93, 'user.custom.ingrid.user.interest', '1'),
(931, 93, 'user.custom.ingrid.user.profession', '4'),
(932, 93, 'user.custom.ingrid.user.subscribe.newsletter', '1'),
(933, 93, 'user.name.family', 'Sander'),
(934, 93, 'user.name.given', 'Meike'),
(935, 93, 'user.name.prefix', '1'),
(936, 94, 'user.business-info.online.email', 'uwe.rammert@llur.landsh.de'),
(937, 94, 'user.business-info.postal.city', 'Flintbek'),
(938, 94, 'user.business-info.postal.postalcode', '24220'),
(939, 94, 'user.business-info.postal.street', 'Hamburger Chaussee 25'),
(940, 94, 'user.custom.ingrid.user.age.group', '0'),
(941, 94, 'user.custom.ingrid.user.attention.from', ''),
(942, 94, 'user.custom.ingrid.user.confirmid', '9e1ff27349ff3fa5a708632209880821'),
(943, 94, 'user.custom.ingrid.user.interest', '1'),
(944, 94, 'user.custom.ingrid.user.profession', '4'),
(945, 94, 'user.custom.ingrid.user.subscribe.newsletter', ''),
(946, 94, 'user.name.family', 'Rammert'),
(947, 94, 'user.name.given', 'Uwe'),
(948, 94, 'user.name.prefix', '3'),
(949, 95, 'user.business-info.online.email', 'marion.wiese@llur.landsh.de'),
(950, 95, 'user.business-info.postal.city', 'Flintbek'),
(951, 95, 'user.business-info.postal.postalcode', '24220'),
(952, 95, 'user.business-info.postal.street', 'Hamburger Chaussee 25'),
(953, 95, 'user.custom.ingrid.user.age.group', '0'),
(954, 95, 'user.custom.ingrid.user.attention.from', ''),
(955, 95, 'user.custom.ingrid.user.confirmid', '71d2228d54855a8be6bbf7cce49ec502'),
(956, 95, 'user.custom.ingrid.user.interest', '1'),
(957, 95, 'user.custom.ingrid.user.profession', '4'),
(958, 95, 'user.custom.ingrid.user.subscribe.newsletter', '1'),
(959, 95, 'user.name.family', 'Wiese'),
(960, 95, 'user.name.given', 'Marion'),
(961, 95, 'user.name.prefix', '1'),
(962, 96, 'user.business-info.online.email', 'dirk.goertzen@llur.landsh.de'),
(963, 96, 'user.business-info.postal.city', 'Flintbek'),
(964, 96, 'user.business-info.postal.postalcode', '24220'),
(965, 96, 'user.business-info.postal.street', 'Hamburger Chaussee 25'),
(966, 96, 'user.custom.ingrid.user.age.group', '0'),
(967, 96, 'user.custom.ingrid.user.attention.from', ''),
(968, 96, 'user.custom.ingrid.user.confirmid', '0c35dfd1f95ff53ee933625181cc52e9'),
(969, 96, 'user.custom.ingrid.user.interest', '1'),
(970, 96, 'user.custom.ingrid.user.profession', '4'),
(971, 96, 'user.custom.ingrid.user.subscribe.newsletter', '1'),
(972, 96, 'user.name.family', 'Görtzen'),
(973, 96, 'user.name.given', 'Dirk'),
(974, 96, 'user.name.prefix', '2'),
(975, 97, 'user.business-info.online.email', 'guido.baltes@llur.landsh.de'),
(976, 97, 'user.business-info.postal.city', 'Flintbek'),
(977, 97, 'user.business-info.postal.postalcode', '24220'),
(978, 97, 'user.business-info.postal.street', 'Hamburger Chaussee 25'),
(979, 97, 'user.custom.ingrid.user.age.group', '0'),
(980, 97, 'user.custom.ingrid.user.attention.from', ''),
(981, 97, 'user.custom.ingrid.user.confirmid', '1a61306ad106db48c5951e652a498b41'),
(982, 97, 'user.custom.ingrid.user.interest', '1'),
(983, 97, 'user.custom.ingrid.user.profession', '4'),
(984, 97, 'user.custom.ingrid.user.subscribe.newsletter', ''),
(985, 97, 'user.name.family', 'Baltes'),
(986, 97, 'user.name.given', 'Guido'),
(987, 97, 'user.name.prefix', '2'),
(988, 98, 'user.business-info.online.email', 'gudrun.plambeck@llur.landsh.de'),
(989, 98, 'user.business-info.postal.city', 'Flintbek'),
(990, 98, 'user.business-info.postal.postalcode', '24220'),
(991, 98, 'user.business-info.postal.street', 'Hamburger Chaussee 25'),
(992, 98, 'user.custom.ingrid.user.age.group', '0'),
(993, 98, 'user.custom.ingrid.user.attention.from', ''),
(994, 98, 'user.custom.ingrid.user.confirmid', '92a479be4014585483357d7883b84b91'),
(995, 98, 'user.custom.ingrid.user.interest', '1'),
(996, 98, 'user.custom.ingrid.user.profession', '4'),
(997, 98, 'user.custom.ingrid.user.subscribe.newsletter', '1'),
(998, 98, 'user.name.family', 'Plambeck'),
(999, 98, 'user.name.given', 'Gudrun'),
(1000, 98, 'user.name.prefix', '1'),
(1001, 99, 'user.business-info.online.email', 'Hans-Christian.Reimers@llur.landsh.de'),
(1002, 99, 'user.business-info.postal.city', 'Flintbek'),
(1003, 99, 'user.business-info.postal.postalcode', '24220'),
(1004, 99, 'user.business-info.postal.street', 'Hamburger Chaussee 25'),
(1005, 99, 'user.custom.ingrid.user.age.group', '4'),
(1006, 99, 'user.custom.ingrid.user.attention.from', ''),
(1007, 99, 'user.custom.ingrid.user.confirmid', 'd2910fd163b75b84e7cb51c797d4be2c'),
(1008, 99, 'user.custom.ingrid.user.interest', '1'),
(1009, 99, 'user.custom.ingrid.user.profession', '4'),
(1010, 99, 'user.custom.ingrid.user.subscribe.newsletter', ''),
(1011, 99, 'user.name.family', 'Reimers'),
(1012, 99, 'user.name.given', 'Hans-Christian'),
(1013, 99, 'user.name.prefix', '2'),
(1014, 100, 'user.business-info.online.email', 'peter.moeller@llur.landsh.de'),
(1015, 100, 'user.business-info.postal.city', 'Flintbek'),
(1016, 100, 'user.business-info.postal.postalcode', '24220'),
(1017, 100, 'user.business-info.postal.street', 'Hamburger Chaussee 25'),
(1018, 100, 'user.custom.ingrid.user.age.group', '0'),
(1019, 100, 'user.custom.ingrid.user.attention.from', ''),
(1020, 100, 'user.custom.ingrid.user.confirmid', '5e7704e45851dffbadcde5a863db32f3'),
(1021, 100, 'user.custom.ingrid.user.interest', '1'),
(1022, 100, 'user.custom.ingrid.user.profession', '4'),
(1023, 100, 'user.custom.ingrid.user.subscribe.newsletter', ''),
(1024, 100, 'user.name.family', 'Möller'),
(1025, 100, 'user.name.given', 'Peter'),
(1026, 100, 'user.name.prefix', '2'),
(1027, 101, 'user.business-info.online.email', 'ralf.hach@llur.landsh.de'),
(1028, 101, 'user.business-info.postal.city', 'Flintbek'),
(1029, 101, 'user.business-info.postal.postalcode', '24220'),
(1030, 101, 'user.business-info.postal.street', 'Hamburger Chaussee 25'),
(1031, 101, 'user.custom.ingrid.user.age.group', '0'),
(1032, 101, 'user.custom.ingrid.user.attention.from', ''),
(1033, 101, 'user.custom.ingrid.user.confirmid', '835d83b3c22ca5a6c07082abea3c4bdb'),
(1034, 101, 'user.custom.ingrid.user.interest', '1'),
(1035, 101, 'user.custom.ingrid.user.profession', '4'),
(1036, 101, 'user.custom.ingrid.user.subscribe.newsletter', '1'),
(1037, 101, 'user.name.family', 'Hach'),
(1038, 101, 'user.name.given', 'Ralf'),
(1039, 101, 'user.name.prefix', '2'),
(1040, 102, 'user.business-info.online.email', 'wittig@bioconsult.de'),
(1041, 102, 'user.business-info.postal.city', ''),
(1042, 102, 'user.business-info.postal.postalcode', ''),
(1043, 102, 'user.business-info.postal.street', ''),
(1044, 102, 'user.custom.ingrid.user.age.group', '0'),
(1045, 102, 'user.custom.ingrid.user.attention.from', ''),
(1046, 102, 'user.custom.ingrid.user.confirmid', '9807c010726745a328e93988bed97ea2'),
(1047, 102, 'user.custom.ingrid.user.interest', '0'),
(1048, 102, 'user.custom.ingrid.user.profession', '0'),
(1049, 102, 'user.custom.ingrid.user.subscribe.newsletter', ''),
(1050, 102, 'user.name.family', 'Wittig'),
(1051, 102, 'user.name.given', 'Stefan'),
(1052, 102, 'user.name.prefix', '2'),
(1053, 103, 'user.business-info.online.email', 'kst@portalu.de'),
(1054, 103, 'user.business-info.postal.city', ''),
(1055, 103, 'user.business-info.postal.postalcode', ''),
(1056, 103, 'user.business-info.postal.street', ''),
(1057, 103, 'user.custom.ingrid.user.age.group', '0'),
(1058, 103, 'user.custom.ingrid.user.attention.from', ''),
(1059, 103, 'user.custom.ingrid.user.confirmid', '10c749a1d2388ea26792a2507b940090'),
(1060, 103, 'user.custom.ingrid.user.interest', '0'),
(1061, 103, 'user.custom.ingrid.user.profession', '0'),
(1062, 103, 'user.custom.ingrid.user.subscribe.newsletter', ''),
(1063, 103, 'user.name.family', 'Saarland'),
(1064, 103, 'user.name.given', 'Metadatenadministrator'),
(1065, 103, 'user.name.prefix', '0'),
(1066, 104, 'user.business-info.online.email', 'petra.durow@llur.landsh.de'),
(1067, 104, 'user.business-info.postal.city', 'Flintbek'),
(1068, 104, 'user.business-info.postal.postalcode', '24220'),
(1069, 104, 'user.business-info.postal.street', 'Hamburger Chaussee 25'),
(1070, 104, 'user.custom.ingrid.user.age.group', '0'),
(1071, 104, 'user.custom.ingrid.user.attention.from', ''),
(1072, 104, 'user.custom.ingrid.user.confirmid', 'ec6c0ffd582d4602895f3aed99b554d9'),
(1073, 104, 'user.custom.ingrid.user.interest', '0'),
(1074, 104, 'user.custom.ingrid.user.profession', '0'),
(1075, 104, 'user.custom.ingrid.user.subscribe.newsletter', '1'),
(1076, 104, 'user.name.family', 'Durow'),
(1077, 104, 'user.name.given', 'Petra'),
(1078, 104, 'user.name.prefix', '0'),
(1079, 105, 'user.business-info.online.email', 'Dorothea.Pielke@mu.niedersachsen.de'),
(1080, 105, 'user.business-info.postal.city', 'Hannover'),
(1081, 105, 'user.business-info.postal.postalcode', '30169'),
(1082, 105, 'user.business-info.postal.street', 'Archivstr. 2'),
(1083, 105, 'user.custom.ingrid.user.age.group', '0'),
(1084, 105, 'user.custom.ingrid.user.attention.from', ''),
(1085, 105, 'user.custom.ingrid.user.confirmid', '1d6401f64437f623cbfb3b177adfc231'),
(1086, 105, 'user.custom.ingrid.user.interest', '0'),
(1087, 105, 'user.custom.ingrid.user.profession', '0'),
(1088, 105, 'user.custom.ingrid.user.subscribe.newsletter', ''),
(1089, 105, 'user.name.family', 'Pielke'),
(1090, 105, 'user.name.given', 'Dorothea'),
(1091, 105, 'user.name.prefix', '1'),
(1092, 106, 'user.business-info.online.email', 'kst@portalu.de'),
(1093, 106, 'user.business-info.postal.city', ''),
(1094, 106, 'user.business-info.postal.postalcode', ''),
(1095, 106, 'user.business-info.postal.street', ''),
(1096, 106, 'user.custom.ingrid.user.age.group', '0'),
(1097, 106, 'user.custom.ingrid.user.attention.from', ''),
(1098, 106, 'user.custom.ingrid.user.confirmid', 'e810b6ee809061a534a4ed49452388b2'),
(1099, 106, 'user.custom.ingrid.user.interest', '0'),
(1100, 106, 'user.custom.ingrid.user.profession', '0'),
(1101, 106, 'user.custom.ingrid.user.subscribe.newsletter', ''),
(1102, 106, 'user.name.family', 'ST LLFG'),
(1103, 106, 'user.name.given', 'MD Autor'),
(1104, 106, 'user.name.prefix', '0'),
(1105, 107, 'user.business-info.online.email', 'elke.wagner@smul.sachsen.de'),
(1106, 107, 'user.business-info.postal.city', 'Dresden'),
(1107, 107, 'user.business-info.postal.postalcode', '01109'),
(1108, 107, 'user.business-info.postal.street', 'Zur Wetterwarte 11'),
(1109, 107, 'user.custom.ingrid.user.age.group', '0'),
(1110, 107, 'user.custom.ingrid.user.attention.from', ''),
(1111, 107, 'user.custom.ingrid.user.confirmid', 'aeb8844c4f30ac9afc76224a975f6b23'),
(1112, 107, 'user.custom.ingrid.user.interest', '1'),
(1113, 107, 'user.custom.ingrid.user.profession', '4'),
(1114, 107, 'user.custom.ingrid.user.subscribe.newsletter', ''),
(1115, 107, 'user.name.family', 'Wagner'),
(1116, 107, 'user.name.given', 'Elke'),
(1117, 107, 'user.name.prefix', '0'),
(1118, 108, 'user.business-info.online.email', 'Beate.Lukas@MLUV.Brandenburg.de'),
(1119, 108, 'user.business-info.postal.city', 'Potsdam'),
(1120, 108, 'user.business-info.postal.postalcode', '14473'),
(1121, 108, 'user.business-info.postal.street', 'Heinrich-Mann-Allee 103'),
(1122, 108, 'user.custom.ingrid.user.age.group', '0'),
(1123, 108, 'user.custom.ingrid.user.attention.from', ''),
(1124, 108, 'user.custom.ingrid.user.confirmid', 'c5bc13aa68d41d7b1ab052c17a8c0289'),
(1125, 108, 'user.custom.ingrid.user.interest', '0'),
(1126, 108, 'user.custom.ingrid.user.profession', '0'),
(1127, 108, 'user.custom.ingrid.user.subscribe.newsletter', ''),
(1128, 108, 'user.name.family', 'Lukas'),
(1129, 108, 'user.name.given', 'Beate'),
(1130, 108, 'user.name.prefix', '1'),
(1131, 109, 'user.business-info.online.email', 'torsten.wolff@it-service-magdeburg.de'),
(1132, 109, 'user.business-info.postal.city', ''),
(1133, 109, 'user.business-info.postal.postalcode', ''),
(1134, 109, 'user.business-info.postal.street', ''),
(1135, 109, 'user.custom.ingrid.user.age.group', '0'),
(1136, 109, 'user.custom.ingrid.user.attention.from', ''),
(1137, 109, 'user.custom.ingrid.user.confirmid', 'a62c5d9a9db4ff63a552e8ae54a76c75'),
(1138, 109, 'user.custom.ingrid.user.interest', '0'),
(1139, 109, 'user.custom.ingrid.user.profession', '0'),
(1140, 109, 'user.custom.ingrid.user.subscribe.newsletter', ''),
(1141, 109, 'user.name.family', 'Sachsen Anhalt'),
(1142, 109, 'user.name.given', 'Katalogadministrator'),
(1143, 109, 'user.name.prefix', '0'),
(1144, 110, 'user.business-info.online.email', 'kst@portalu.de'),
(1145, 110, 'user.business-info.postal.city', ''),
(1146, 110, 'user.business-info.postal.postalcode', ''),
(1147, 110, 'user.business-info.postal.street', ''),
(1148, 110, 'user.custom.ingrid.user.age.group', '0'),
(1149, 110, 'user.custom.ingrid.user.attention.from', ''),
(1150, 110, 'user.custom.ingrid.user.confirmid', '6693fa46c249466a3c2bf85f0980b0a4'),
(1151, 110, 'user.custom.ingrid.user.interest', '0'),
(1152, 110, 'user.custom.ingrid.user.profession', '0'),
(1153, 110, 'user.custom.ingrid.user.subscribe.newsletter', ''),
(1154, 110, 'user.name.family', 'Metadaten NW'),
(1155, 110, 'user.name.given', 'Katalogadministratior'),
(1156, 110, 'user.name.prefix', '0'),
(1157, 111, 'user.business-info.online.email', 'VLLGVMetadaten@gv.hamburg.de'),
(1158, 111, 'user.business-info.postal.city', ''),
(1159, 111, 'user.business-info.postal.postalcode', ''),
(1160, 111, 'user.business-info.postal.street', ''),
(1161, 111, 'user.custom.ingrid.user.age.group', '0'),
(1162, 111, 'user.custom.ingrid.user.attention.from', ''),
(1163, 111, 'user.custom.ingrid.user.confirmid', 'f9f1f0be6d9037d220b802f555915ffc'),
(1164, 111, 'user.custom.ingrid.user.interest', '0'),
(1165, 111, 'user.custom.ingrid.user.profession', '0'),
(1166, 111, 'user.custom.ingrid.user.subscribe.newsletter', ''),
(1167, 111, 'user.name.family', 'Metadaten HH'),
(1168, 111, 'user.name.given', 'Katalogdaministrator'),
(1169, 111, 'user.name.prefix', '0'),
(1170, 112, 'user.business-info.online.email', 'harry.schroeder@lung.mv-regierung.de'),
(1171, 112, 'user.business-info.postal.city', 'Güstrow'),
(1172, 112, 'user.business-info.postal.postalcode', '18273'),
(1173, 112, 'user.business-info.postal.street', 'Goldberger Str. 12'),
(1174, 112, 'user.custom.ingrid.user.age.group', '0'),
(1175, 112, 'user.custom.ingrid.user.attention.from', ''),
(1176, 112, 'user.custom.ingrid.user.confirmid', '552da6b16157a432a5d2501d91141e6c'),
(1177, 112, 'user.custom.ingrid.user.interest', '0'),
(1178, 112, 'user.custom.ingrid.user.profession', '0'),
(1179, 112, 'user.custom.ingrid.user.subscribe.newsletter', ''),
(1180, 112, 'user.name.family', 'Metadaten MV'),
(1181, 112, 'user.name.given', 'Katalogadministrator'),
(1182, 112, 'user.name.prefix', '0'),
(1183, 113, 'user.business-info.online.email', 'kst@portalu.de'),
(1184, 113, 'user.business-info.postal.city', ''),
(1185, 113, 'user.business-info.postal.postalcode', ''),
(1186, 113, 'user.business-info.postal.street', ''),
(1187, 113, 'user.custom.ingrid.user.age.group', '0'),
(1188, 113, 'user.custom.ingrid.user.attention.from', ''),
(1189, 113, 'user.custom.ingrid.user.confirmid', 'f06b2e892c60fcb98b9c6469dd3a0917'),
(1190, 113, 'user.custom.ingrid.user.interest', '0'),
(1191, 113, 'user.custom.ingrid.user.profession', '0'),
(1192, 113, 'user.custom.ingrid.user.subscribe.newsletter', ''),
(1193, 113, 'user.name.family', 'Metadaten HE'),
(1194, 113, 'user.name.given', 'Katalogadministrator'),
(1195, 113, 'user.name.prefix', '0'),
(1196, 114, 'user.business-info.online.email', 'kst@portalu.de'),
(1197, 114, 'user.business-info.postal.city', ''),
(1198, 114, 'user.business-info.postal.postalcode', ''),
(1199, 114, 'user.business-info.postal.street', ''),
(1200, 114, 'user.custom.ingrid.user.age.group', '0'),
(1201, 114, 'user.custom.ingrid.user.attention.from', ''),
(1202, 114, 'user.custom.ingrid.user.confirmid', 'cc7e0a4b5ca5009b623963e013ed7da5'),
(1203, 114, 'user.custom.ingrid.user.interest', '0'),
(1204, 114, 'user.custom.ingrid.user.profession', '0'),
(1205, 114, 'user.custom.ingrid.user.subscribe.newsletter', ''),
(1206, 114, 'user.name.family', 'Metadaten SL'),
(1207, 114, 'user.name.given', 'Katalogadministrator'),
(1208, 114, 'user.name.prefix', '0'),
(1209, 115, 'user.business-info.online.email', 'thomas.jentzsch@bezreg-koeln.nrw.de'),
(1210, 115, 'user.business-info.postal.city', 'Bonn'),
(1211, 115, 'user.business-info.postal.postalcode', '53177'),
(1212, 115, 'user.business-info.postal.street', 'Muffendorfer Str. 19-21'),
(1213, 115, 'user.custom.ingrid.user.age.group', '0'),
(1214, 115, 'user.custom.ingrid.user.attention.from', ''),
(1215, 115, 'user.custom.ingrid.user.confirmid', '70b9273b491383b761b45a5a80e49117'),
(1216, 115, 'user.custom.ingrid.user.interest', '0'),
(1217, 115, 'user.custom.ingrid.user.profession', '0'),
(1218, 115, 'user.custom.ingrid.user.subscribe.newsletter', ''),
(1219, 115, 'user.name.family', 'Jentzsch'),
(1220, 115, 'user.name.given', 'Thomas'),
(1221, 115, 'user.name.prefix', '2'),
(1222, 116, 'user.business-info.online.email', 'Volker.Thiele@lanuv.nrw.de'),
(1223, 116, 'user.business-info.postal.city', ''),
(1224, 116, 'user.business-info.postal.postalcode', ''),
(1225, 116, 'user.business-info.postal.street', ''),
(1226, 116, 'user.custom.ingrid.user.age.group', '0'),
(1227, 116, 'user.custom.ingrid.user.attention.from', ''),
(1228, 116, 'user.custom.ingrid.user.confirmid', '976c8f1323fda96e9dc910b968da9b36'),
(1229, 116, 'user.custom.ingrid.user.interest', '0'),
(1230, 116, 'user.custom.ingrid.user.profession', '0'),
(1231, 116, 'user.custom.ingrid.user.subscribe.newsletter', ''),
(1232, 116, 'user.name.family', 'Thiele'),
(1233, 116, 'user.name.given', 'Volker'),
(1234, 116, 'user.name.prefix', '2'),
(1235, 117, 'user.business-info.online.email', 'joachim.fock@uba.de'),
(1236, 117, 'user.business-info.postal.city', 'Dessau-Roßlau'),
(1237, 117, 'user.business-info.postal.postalcode', '06844'),
(1238, 117, 'user.business-info.postal.street', 'Wörlitzer Platz 1'),
(1239, 117, 'user.custom.ingrid.user.age.group', '7'),
(1240, 117, 'user.custom.ingrid.user.attention.from', ''),
(1241, 117, 'user.custom.ingrid.user.confirmid', '5a32c7abb3698dd47701b21c01d955c8'),
(1242, 117, 'user.custom.ingrid.user.interest', '1'),
(1243, 117, 'user.custom.ingrid.user.profession', '4'),
(1244, 117, 'user.custom.ingrid.user.subscribe.newsletter', ''),
(1245, 117, 'user.name.family', 'Fock'),
(1246, 117, 'user.name.given', 'Joachim'),
(1247, 117, 'user.name.prefix', '2'),
(1248, 118, 'user.business-info.online.email', 'kst@portalu.de'),
(1249, 118, 'user.business-info.postal.city', ''),
(1250, 118, 'user.business-info.postal.postalcode', ''),
(1251, 118, 'user.business-info.postal.street', ''),
(1252, 118, 'user.custom.ingrid.user.age.group', '0'),
(1253, 118, 'user.custom.ingrid.user.attention.from', ''),
(1254, 118, 'user.custom.ingrid.user.confirmid', 'de3b4e723a6aedbe52b4be7e81d833ef'),
(1255, 118, 'user.custom.ingrid.user.interest', '0'),
(1256, 118, 'user.custom.ingrid.user.profession', '0'),
(1257, 118, 'user.custom.ingrid.user.subscribe.newsletter', ''),
(1258, 118, 'user.name.family', 'MD Admin'),
(1259, 118, 'user.name.given', 'NI'),
(1260, 118, 'user.name.prefix', '0'),
(1261, 119, 'user.business-info.online.email', 'kst@portalu.de'),
(1262, 119, 'user.business-info.postal.city', ''),
(1263, 119, 'user.business-info.postal.postalcode', ''),
(1264, 119, 'user.business-info.postal.street', ''),
(1265, 119, 'user.custom.ingrid.user.age.group', '0'),
(1266, 119, 'user.custom.ingrid.user.attention.from', ''),
(1267, 119, 'user.custom.ingrid.user.confirmid', 'b891795e27cb904819a09a8fd673bb7a'),
(1268, 119, 'user.custom.ingrid.user.interest', '0'),
(1269, 119, 'user.custom.ingrid.user.profession', '0'),
(1270, 119, 'user.custom.ingrid.user.subscribe.newsletter', ''),
(1271, 119, 'user.name.family', 'BfN'),
(1272, 119, 'user.name.given', 'Katadmin'),
(1273, 119, 'user.name.prefix', '0'),
(1274, 120, 'user.business-info.online.email', 'Daniel.Borrmann1@gmx.de'),
(1275, 120, 'user.business-info.postal.city', ''),
(1276, 120, 'user.business-info.postal.postalcode', ''),
(1277, 120, 'user.business-info.postal.street', ''),
(1278, 120, 'user.custom.ingrid.user.age.group', ''),
(1279, 120, 'user.custom.ingrid.user.attention.from', ''),
(1280, 120, 'user.custom.ingrid.user.confirmid', 'b42046f0d17499748a43964cd56c1caf'),
(1281, 120, 'user.custom.ingrid.user.interest', ''),
(1282, 120, 'user.custom.ingrid.user.profession', ''),
(1283, 120, 'user.custom.ingrid.user.subscribe.newsletter', ''),
(1284, 120, 'user.name.family', 'Borrmann'),
(1285, 120, 'user.name.given', 'Daniel'),
(1286, 120, 'user.name.prefix', '2'),
(1287, 121, 'user.business-info.online.email', 'Weniger@lau.mlu.sachsen-anhalt.de'),
(1288, 121, 'user.business-info.postal.city', 'Halle'),
(1289, 121, 'user.business-info.postal.postalcode', '06116'),
(1290, 121, 'user.business-info.postal.street', 'Reideburger Str. 47'),
(1291, 121, 'user.custom.ingrid.user.age.group', ''),
(1292, 121, 'user.custom.ingrid.user.attention.from', ''),
(1293, 121, 'user.custom.ingrid.user.confirmid', '415ac4b7a5da4fbfd2418e1fc5ddb479'),
(1294, 121, 'user.custom.ingrid.user.interest', ''),
(1295, 121, 'user.custom.ingrid.user.profession', ''),
(1296, 121, 'user.custom.ingrid.user.subscribe.newsletter', ''),
(1297, 121, 'user.name.family', 'Weniger'),
(1298, 121, 'user.name.given', 'Tobias'),
(1299, 121, 'user.name.prefix', '2'),
(1300, 122, 'user.business-info.online.email', 'martin.klenke@numis.niedersachsen.de'),
(1301, 122, 'user.business-info.postal.city', ''),
(1302, 122, 'user.business-info.postal.postalcode', ''),
(1303, 122, 'user.business-info.postal.street', ''),
(1304, 122, 'user.custom.ingrid.user.age.group', '0'),
(1305, 122, 'user.custom.ingrid.user.attention.from', ''),
(1306, 122, 'user.custom.ingrid.user.confirmid', 'e49d16a5ef38f6e0c8dc2bc817fa57c2'),
(1307, 122, 'user.custom.ingrid.user.interest', '0'),
(1308, 122, 'user.custom.ingrid.user.profession', '0'),
(1309, 122, 'user.custom.ingrid.user.subscribe.newsletter', ''),
(1310, 122, 'user.name.family', 'für Metadaten'),
(1311, 122, 'user.name.given', 'Katalogadministrator Ni'),
(1312, 122, 'user.name.prefix', '0'),
(1313, 123, 'user.business-info.online.email', 'isabelle.marwinski@student.tu-freiberg.de'),
(1314, 123, 'user.business-info.postal.city', ''),
(1315, 123, 'user.business-info.postal.postalcode', ''),
(1316, 123, 'user.business-info.postal.street', ''),
(1317, 123, 'user.custom.ingrid.user.age.group', ''),
(1318, 123, 'user.custom.ingrid.user.attention.from', ''),
(1319, 123, 'user.custom.ingrid.user.confirmid', 'eb9f242cc177236c5efe49119f238794'),
(1320, 123, 'user.custom.ingrid.user.interest', ''),
(1321, 123, 'user.custom.ingrid.user.profession', ''),
(1322, 123, 'user.custom.ingrid.user.subscribe.newsletter', ''),
(1323, 123, 'user.name.family', 'Marwinski'),
(1324, 123, 'user.name.given', 'Isabelle'),
(1325, 123, 'user.name.prefix', '1'),
(1326, 124, 'user.business-info.online.email', 's.wannemacher@lkvk.saarland.de'),
(1327, 124, 'user.business-info.postal.city', ''),
(1328, 124, 'user.business-info.postal.postalcode', ''),
(1329, 124, 'user.business-info.postal.street', ''),
(1330, 124, 'user.custom.ingrid.user.age.group', '0'),
(1331, 124, 'user.custom.ingrid.user.attention.from', ''),
(1332, 124, 'user.custom.ingrid.user.confirmid', 'a7b0431d8250c95ee87e97faedeb87e9'),
(1333, 124, 'user.custom.ingrid.user.interest', '0'),
(1334, 124, 'user.custom.ingrid.user.profession', '0'),
(1335, 124, 'user.custom.ingrid.user.subscribe.newsletter', ''),
(1336, 124, 'user.name.family', 'PortalU SL'),
(1337, 124, 'user.name.given', 'Testnutzer'),
(1338, 124, 'user.name.prefix', '0'),
(1339, 125, 'user.business-info.online.email', 'werner.falk@gd.nrw.de'),
(1340, 125, 'user.business-info.postal.city', 'Krefeld'),
(1341, 125, 'user.business-info.postal.postalcode', '47803'),
(1342, 125, 'user.business-info.postal.street', 'De-Greiff Str. 195'),
(1343, 125, 'user.custom.ingrid.user.age.group', '0'),
(1344, 125, 'user.custom.ingrid.user.attention.from', ''),
(1345, 125, 'user.custom.ingrid.user.confirmid', '87ef9343b0fc96ea9e7165fa3de0c949'),
(1346, 125, 'user.custom.ingrid.user.interest', '0'),
(1347, 125, 'user.custom.ingrid.user.profession', '0'),
(1348, 125, 'user.custom.ingrid.user.subscribe.newsletter', ''),
(1349, 125, 'user.name.family', 'Falk'),
(1350, 125, 'user.name.given', 'Werner'),
(1351, 125, 'user.name.prefix', '2'),
(1352, 126, 'user.business-info.online.email', 'torsten.seckerdieck@bezreg-detmold.nrw.de'),
(1353, 126, 'user.business-info.postal.city', ''),
(1354, 126, 'user.business-info.postal.postalcode', ''),
(1355, 126, 'user.business-info.postal.street', ''),
(1356, 126, 'user.custom.ingrid.user.age.group', '0'),
(1357, 126, 'user.custom.ingrid.user.attention.from', ''),
(1358, 126, 'user.custom.ingrid.user.confirmid', '29460df240db8116064abc09ef79fc1c'),
(1359, 126, 'user.custom.ingrid.user.interest', '0'),
(1360, 126, 'user.custom.ingrid.user.profession', '0'),
(1361, 126, 'user.custom.ingrid.user.subscribe.newsletter', ''),
(1362, 126, 'user.name.family', 'Seckerdieck'),
(1363, 126, 'user.name.given', 'Torsten'),
(1364, 126, 'user.name.prefix', '2'),
(1365, 127, 'user.business-info.online.email', 'martin.mirgel@bezreg-koeln.nrw.de'),
(1366, 127, 'user.business-info.postal.city', 'Köln'),
(1367, 127, 'user.business-info.postal.postalcode', '50667'),
(1368, 127, 'user.business-info.postal.street', 'Zeughausstraße 2-10'),
(1369, 127, 'user.custom.ingrid.user.age.group', '0'),
(1370, 127, 'user.custom.ingrid.user.attention.from', ''),
(1371, 127, 'user.custom.ingrid.user.confirmid', '2268baf8ad9cbfd35e742f3420b8b9bf'),
(1372, 127, 'user.custom.ingrid.user.interest', '1'),
(1373, 127, 'user.custom.ingrid.user.profession', '4'),
(1374, 127, 'user.custom.ingrid.user.subscribe.newsletter', '1'),
(1375, 127, 'user.name.family', 'Mirgel'),
(1376, 127, 'user.name.given', 'Martin'),
(1377, 127, 'user.name.prefix', '2'),
(1378, 128, 'user.business-info.online.email', 'judith.bleister@bezreg-koeln.nrw.de'),
(1379, 128, 'user.business-info.postal.city', ''),
(1380, 128, 'user.business-info.postal.postalcode', ''),
(1381, 128, 'user.business-info.postal.street', ''),
(1382, 128, 'user.custom.ingrid.user.age.group', '0'),
(1383, 128, 'user.custom.ingrid.user.attention.from', ''),
(1384, 128, 'user.custom.ingrid.user.confirmid', '5b4c7499cad3e3f537de83f43defdad4'),
(1385, 128, 'user.custom.ingrid.user.interest', '0'),
(1386, 128, 'user.custom.ingrid.user.profession', '0'),
(1387, 128, 'user.custom.ingrid.user.subscribe.newsletter', ''),
(1388, 128, 'user.name.family', 'Bleister'),
(1389, 128, 'user.name.given', 'Judith'),
(1390, 128, 'user.name.prefix', '1'),
(1391, 129, 'user.business-info.online.email', 'stefan.bohres@lwk.nrw.de'),
(1392, 129, 'user.business-info.postal.city', 'Münster'),
(1393, 129, 'user.business-info.postal.postalcode', '48147'),
(1394, 129, 'user.business-info.postal.street', 'Nevinghoff 40'),
(1395, 129, 'user.custom.ingrid.user.age.group', '0'),
(1396, 129, 'user.custom.ingrid.user.attention.from', ''),
(1397, 129, 'user.custom.ingrid.user.confirmid', 'bdd704e0a0a5b38c498f8b4cc416fd82'),
(1398, 129, 'user.custom.ingrid.user.interest', '1'),
(1399, 129, 'user.custom.ingrid.user.profession', '4'),
(1400, 129, 'user.custom.ingrid.user.subscribe.newsletter', ''),
(1401, 129, 'user.name.family', 'Bohres'),
(1402, 129, 'user.name.given', 'Stefan'),
(1403, 129, 'user.name.prefix', '2'),
(1404, 130, 'user.business-info.online.email', 'manuel.goebel@wald-und-holz.nrw.de'),
(1405, 130, 'user.business-info.postal.city', 'Münster'),
(1406, 130, 'user.business-info.postal.postalcode', '48147'),
(1407, 130, 'user.business-info.postal.street', 'Albrecht-Thaer-Str. 34'),
(1408, 130, 'user.custom.ingrid.user.age.group', '2'),
(1409, 130, 'user.custom.ingrid.user.attention.from', ''),
(1410, 130, 'user.custom.ingrid.user.confirmid', '954459026b2a87169bc160e555d08dab'),
(1411, 130, 'user.custom.ingrid.user.interest', '1'),
(1412, 130, 'user.custom.ingrid.user.profession', '4'),
(1413, 130, 'user.custom.ingrid.user.subscribe.newsletter', '1'),
(1414, 130, 'user.name.family', 'Göbel'),
(1415, 130, 'user.name.given', 'Manuel'),
(1416, 130, 'user.name.prefix', '2'),
(1417, 131, 'user.business-info.online.email', 'bernd.linder@gd.nrw.de'),
(1418, 131, 'user.business-info.postal.city', 'Krefeld'),
(1419, 131, 'user.business-info.postal.postalcode', '47803'),
(1420, 131, 'user.business-info.postal.street', 'De-Greiff Str. 195'),
(1421, 131, 'user.custom.ingrid.user.age.group', '0'),
(1422, 131, 'user.custom.ingrid.user.attention.from', ''),
(1423, 131, 'user.custom.ingrid.user.confirmid', 'fb53ee3411bf865f601ab48da61907df'),
(1424, 131, 'user.custom.ingrid.user.interest', '0'),
(1425, 131, 'user.custom.ingrid.user.profession', '0'),
(1426, 131, 'user.custom.ingrid.user.subscribe.newsletter', ''),
(1427, 131, 'user.name.family', 'Linder'),
(1428, 131, 'user.name.given', 'Bernd'),
(1429, 131, 'user.name.prefix', '2'),
(1430, 132, 'user.business-info.online.email', 'siegfried.schneider@gd.nrw.de'),
(1431, 132, 'user.business-info.postal.city', 'Krefeld'),
(1432, 132, 'user.business-info.postal.postalcode', '47803'),
(1433, 132, 'user.business-info.postal.street', 'De-Greiff Str. 195'),
(1434, 132, 'user.custom.ingrid.user.age.group', '0'),
(1435, 132, 'user.custom.ingrid.user.attention.from', ''),
(1436, 132, 'user.custom.ingrid.user.confirmid', '6ecbbe90125c5e979d3c64e95a80e2b0'),
(1437, 132, 'user.custom.ingrid.user.interest', '0'),
(1438, 132, 'user.custom.ingrid.user.profession', '0'),
(1439, 132, 'user.custom.ingrid.user.subscribe.newsletter', ''),
(1440, 132, 'user.name.family', 'Schneider'),
(1441, 132, 'user.name.given', 'Siegfried'),
(1442, 132, 'user.name.prefix', '0'),
(1443, 133, 'user.business-info.online.email', 'wolfgang.fehrmann@gd.nrw.de'),
(1444, 133, 'user.business-info.postal.city', 'Krefeld'),
(1445, 133, 'user.business-info.postal.postalcode', '47803'),
(1446, 133, 'user.business-info.postal.street', 'De-Greiff Str. 195'),
(1447, 133, 'user.custom.ingrid.user.age.group', '0'),
(1448, 133, 'user.custom.ingrid.user.attention.from', ''),
(1449, 133, 'user.custom.ingrid.user.confirmid', 'b3c4e1afddfe82b04efde0fd8c137b88'),
(1450, 133, 'user.custom.ingrid.user.interest', '0'),
(1451, 133, 'user.custom.ingrid.user.profession', '0'),
(1452, 133, 'user.custom.ingrid.user.subscribe.newsletter', ''),
(1453, 133, 'user.name.family', 'Fehrmann'),
(1454, 133, 'user.name.given', 'Wolfgang'),
(1455, 133, 'user.name.prefix', '2'),
(1456, 134, 'user.business-info.online.email', 'hans-gerd.wefels@gd.nrw.de'),
(1457, 134, 'user.business-info.postal.city', 'Krefeld'),
(1458, 134, 'user.business-info.postal.postalcode', '47803'),
(1459, 134, 'user.business-info.postal.street', 'De-Greiff Str. 195'),
(1460, 134, 'user.custom.ingrid.user.age.group', '0'),
(1461, 134, 'user.custom.ingrid.user.attention.from', ''),
(1462, 134, 'user.custom.ingrid.user.confirmid', '8b69a01eb7cf0f977658dd80c2b38b83'),
(1463, 134, 'user.custom.ingrid.user.interest', '1'),
(1464, 134, 'user.custom.ingrid.user.profession', '4'),
(1465, 134, 'user.custom.ingrid.user.subscribe.newsletter', ''),
(1466, 134, 'user.name.family', 'Wefels'),
(1467, 134, 'user.name.given', 'Hans-Gerd'),
(1468, 134, 'user.name.prefix', '2'),
(1469, 135, 'user.business-info.online.email', 'andrea.poersch@geobasis-bb.de'),
(1470, 135, 'user.business-info.postal.city', ''),
(1471, 135, 'user.business-info.postal.postalcode', ''),
(1472, 135, 'user.business-info.postal.street', ''),
(1473, 135, 'user.custom.ingrid.user.age.group', '0'),
(1474, 135, 'user.custom.ingrid.user.attention.from', ''),
(1475, 135, 'user.custom.ingrid.user.confirmid', '1ab88782acb22d116314baec3de8c59d'),
(1476, 135, 'user.custom.ingrid.user.interest', '0'),
(1477, 135, 'user.custom.ingrid.user.profession', '0'),
(1478, 135, 'user.custom.ingrid.user.subscribe.newsletter', ''),
(1479, 135, 'user.name.family', 'Pörsch'),
(1480, 135, 'user.name.given', 'Andrea'),
(1481, 135, 'user.name.prefix', '0'),
(1482, 136, 'user.business-info.online.email', 'uachstetter@hpc-ag.de'),
(1483, 136, 'user.business-info.postal.city', 'Freiburg'),
(1484, 136, 'user.business-info.postal.postalcode', '79110'),
(1485, 136, 'user.business-info.postal.street', 'Ziegelhofstr. 210'),
(1486, 136, 'user.custom.ingrid.user.age.group', '7'),
(1487, 136, 'user.custom.ingrid.user.attention.from', 'Internet Suche'),
(1488, 136, 'user.custom.ingrid.user.confirmid', '0402111926458f7e5a1292dc96f406d5'),
(1489, 136, 'user.custom.ingrid.user.interest', '1'),
(1490, 136, 'user.custom.ingrid.user.profession', '3'),
(1491, 136, 'user.custom.ingrid.user.subscribe.newsletter', ''),
(1492, 136, 'user.name.family', 'Achstetter'),
(1493, 136, 'user.name.given', 'Ulrich'),
(1494, 136, 'user.name.prefix', '2'),
(1495, 137, 'user.business-info.online.email', 'saile@bafg.de'),
(1496, 137, 'user.business-info.postal.city', 'Koblenz'),
(1497, 137, 'user.business-info.postal.postalcode', '56068'),
(1498, 137, 'user.business-info.postal.street', 'Am Mainzer Tor 1'),
(1499, 137, 'user.custom.ingrid.user.age.group', '2'),
(1500, 137, 'user.custom.ingrid.user.attention.from', 'BMU Website'),
(1501, 137, 'user.custom.ingrid.user.confirmid', 'd79410ccb2a0f72bbb06915b953e9bec'),
(1502, 137, 'user.custom.ingrid.user.interest', '1'),
(1503, 137, 'user.custom.ingrid.user.profession', '4'),
(1504, 137, 'user.custom.ingrid.user.subscribe.newsletter', '1'),
(1505, 137, 'user.name.family', 'Saile'),
(1506, 137, 'user.name.given', 'Philipp'),
(1507, 137, 'user.name.prefix', '2'),
(1508, 138, 'user.business-info.online.email', 'bauer@lau.mlu.sachsen-anhalt.de'),
(1509, 138, 'user.business-info.postal.city', 'Halle (Saale)'),
(1510, 138, 'user.business-info.postal.postalcode', '06116'),
(1511, 138, 'user.business-info.postal.street', 'Reideburger Str. 47'),
(1512, 138, 'user.custom.ingrid.user.age.group', '0'),
(1513, 138, 'user.custom.ingrid.user.attention.from', ''),
(1514, 138, 'user.custom.ingrid.user.confirmid', 'd0108e5ec867b1987feccb9678639fac'),
(1515, 138, 'user.custom.ingrid.user.interest', '0'),
(1516, 138, 'user.custom.ingrid.user.profession', '0'),
(1517, 138, 'user.custom.ingrid.user.subscribe.newsletter', ''),
(1518, 138, 'user.name.family', 'Bauer'),
(1519, 138, 'user.name.given', 'Günter'),
(1520, 138, 'user.name.prefix', '2'),
(1521, 139, 'user.business-info.online.email', 'wiemue-de@yahoo.de'),
(1522, 139, 'user.business-info.postal.city', ''),
(1523, 139, 'user.business-info.postal.postalcode', ''),
(1524, 139, 'user.business-info.postal.street', ''),
(1525, 139, 'user.custom.ingrid.user.age.group', '0'),
(1526, 139, 'user.custom.ingrid.user.attention.from', ''),
(1527, 139, 'user.custom.ingrid.user.confirmid', '9ca851f657e1a97e2362891b7541c571'),
(1528, 139, 'user.custom.ingrid.user.interest', '0'),
(1529, 139, 'user.custom.ingrid.user.profession', '0'),
(1530, 139, 'user.custom.ingrid.user.subscribe.newsletter', ''),
(1531, 139, 'user.name.family', 'M'),
(1532, 139, 'user.name.given', 'Wiwi'),
(1533, 139, 'user.name.prefix', '0'),
(1534, 140, 'user.business-info.online.email', 'simone.meyer-kolumbe@bsu.hamburg.de'),
(1535, 140, 'user.business-info.postal.city', 'Hamburg'),
(1536, 140, 'user.business-info.postal.postalcode', '20459'),
(1537, 140, 'user.business-info.postal.street', 'Alter Steinweg 4'),
(1538, 140, 'user.custom.ingrid.user.age.group', '3'),
(1539, 140, 'user.custom.ingrid.user.attention.from', 'Durch Kollegen'),
(1540, 140, 'user.custom.ingrid.user.confirmid', 'a6fc70475d1c8451e8fa37c5e2edb0b6'),
(1541, 140, 'user.custom.ingrid.user.interest', '1'),
(1542, 140, 'user.custom.ingrid.user.profession', '4'),
(1543, 140, 'user.custom.ingrid.user.subscribe.newsletter', '1'),
(1544, 140, 'user.name.family', 'Meyer-Kolumbe'),
(1545, 140, 'user.name.given', 'Simone'),
(1546, 140, 'user.name.prefix', '0'),
(1547, 141, 'user.business-info.online.email', 'klinke74@yahoo.de'),
(1548, 141, 'user.business-info.postal.city', 'BBerlin'),
(1549, 141, 'user.business-info.postal.postalcode', '10965'),
(1550, 141, 'user.business-info.postal.street', 'Jüterboger Straße'),
(1551, 141, 'user.custom.ingrid.user.age.group', '3'),
(1552, 141, 'user.custom.ingrid.user.attention.from', ''),
(1553, 141, 'user.custom.ingrid.user.confirmid', 'd88b548b97cc4395ac89137ad9d4018e'),
(1554, 141, 'user.custom.ingrid.user.interest', '0'),
(1555, 141, 'user.custom.ingrid.user.profession', '6'),
(1556, 141, 'user.custom.ingrid.user.subscribe.newsletter', '1'),
(1557, 141, 'user.name.family', 'Klinke'),
(1558, 141, 'user.name.given', 'Torsten'),
(1559, 141, 'user.name.prefix', '2'),
(1560, 142, 'user.business-info.online.email', 'gudera.thomas@arc-greenlab.de'),
(1561, 142, 'user.business-info.postal.city', ''),
(1562, 142, 'user.business-info.postal.postalcode', ''),
(1563, 142, 'user.business-info.postal.street', ''),
(1564, 142, 'user.custom.ingrid.user.age.group', '3'),
(1565, 142, 'user.custom.ingrid.user.attention.from', ''),
(1566, 142, 'user.custom.ingrid.user.confirmid', '5ef70dfdcb9367b428033a8f84862a73'),
(1567, 142, 'user.custom.ingrid.user.interest', '1'),
(1568, 142, 'user.custom.ingrid.user.profession', '8'),
(1569, 142, 'user.custom.ingrid.user.subscribe.newsletter', '1'),
(1570, 142, 'user.name.family', 'Gudera'),
(1571, 142, 'user.name.given', 'Thomas'),
(1572, 142, 'user.name.prefix', '2'),
(1573, 143, 'user.business-info.online.email', 'Sembdner@Ludwigslust.de'),
(1574, 143, 'user.business-info.postal.city', ''),
(1575, 143, 'user.business-info.postal.postalcode', ''),
(1576, 143, 'user.business-info.postal.street', ''),
(1577, 143, 'user.custom.ingrid.user.age.group', '7'),
(1578, 143, 'user.custom.ingrid.user.attention.from', 'durch einen Vortrag auf der intergeo'),
(1579, 143, 'user.custom.ingrid.user.confirmid', '1fce3a35c1b0882a7c64d4d564d72f6f'),
(1580, 143, 'user.custom.ingrid.user.interest', '1'),
(1581, 143, 'user.custom.ingrid.user.profession', '4'),
(1582, 143, 'user.custom.ingrid.user.subscribe.newsletter', '1'),
(1583, 143, 'user.name.family', 'Sembdner'),
(1584, 143, 'user.name.given', 'Hajo'),
(1585, 143, 'user.name.prefix', '2'),
(1586, 144, 'user.business-info.online.email', 'info@rosenholz.org'),
(1587, 144, 'user.business-info.postal.city', 'Bochum'),
(1588, 144, 'user.business-info.postal.postalcode', '44789'),
(1589, 144, 'user.business-info.postal.street', 'Christstraße 7'),
(1590, 144, 'user.custom.ingrid.user.age.group', '4'),
(1591, 144, 'user.custom.ingrid.user.attention.from', 'Internetrecherche'),
(1592, 144, 'user.custom.ingrid.user.confirmid', 'c6d709535420d6866c9bcd0f967d19cd'),
(1593, 144, 'user.custom.ingrid.user.interest', '1'),
(1594, 144, 'user.custom.ingrid.user.profession', '3'),
(1595, 144, 'user.custom.ingrid.user.subscribe.newsletter', ''),
(1596, 144, 'user.name.family', 'Courtney'),
(1597, 144, 'user.name.given', 'Mandy'),
(1598, 144, 'user.name.prefix', '1'),
(1599, 145, 'user.business-info.online.email', 'ralf.puls@email.de'),
(1600, 145, 'user.business-info.postal.city', ''),
(1601, 145, 'user.business-info.postal.postalcode', ''),
(1602, 145, 'user.business-info.postal.street', ''),
(1603, 145, 'user.custom.ingrid.user.age.group', '2'),
(1604, 145, 'user.custom.ingrid.user.attention.from', 'Dozenten'),
(1605, 145, 'user.custom.ingrid.user.confirmid', '32c657c40f505a0a3082ac3450914d41'),
(1606, 145, 'user.custom.ingrid.user.interest', '2'),
(1607, 145, 'user.custom.ingrid.user.profession', '8'),
(1608, 145, 'user.custom.ingrid.user.subscribe.newsletter', '1'),
(1609, 145, 'user.name.family', 'Puls'),
(1610, 145, 'user.name.given', 'Ralf'),
(1611, 145, 'user.name.prefix', '2'),
(1612, 146, 'user.business-info.online.email', 'soorajnair21@gmail.com'),
(1613, 146, 'user.business-info.postal.city', 'Stuttgart'),
(1614, 146, 'user.business-info.postal.postalcode', '70190'),
(1615, 146, 'user.business-info.postal.street', 'Heilmannstrasse 4b'),
(1616, 146, 'user.custom.ingrid.user.age.group', '2'),
(1617, 146, 'user.custom.ingrid.user.attention.from', 'Through Internet'),
(1618, 146, 'user.custom.ingrid.user.confirmid', '6f80a3699c0c6c688a9193c55f98603f'),
(1619, 146, 'user.custom.ingrid.user.interest', '2'),
(1620, 146, 'user.custom.ingrid.user.profession', '6'),
(1621, 146, 'user.custom.ingrid.user.subscribe.newsletter', ''),
(1622, 146, 'user.name.family', 'Nediyaparambath'),
(1623, 146, 'user.name.given', 'S'),
(1624, 146, 'user.name.prefix', '2'),
(1625, 147, 'user.business-info.online.email', 'ronald.berger@lhw.mlu.sachsen-anhalt.de'),
(1626, 147, 'user.business-info.postal.city', ''),
(1627, 147, 'user.business-info.postal.postalcode', ''),
(1628, 147, 'user.business-info.postal.street', ''),
(1629, 147, 'user.custom.ingrid.user.age.group', '0'),
(1630, 147, 'user.custom.ingrid.user.attention.from', ''),
(1631, 147, 'user.custom.ingrid.user.confirmid', '8c64276c036a5aa8ba2d53a1fb9916ea'),
(1632, 147, 'user.custom.ingrid.user.interest', '0'),
(1633, 147, 'user.custom.ingrid.user.profession', '0'),
(1634, 147, 'user.custom.ingrid.user.subscribe.newsletter', ''),
(1635, 147, 'user.name.family', 'Berger'),
(1636, 147, 'user.name.given', 'Ronald'),
(1637, 147, 'user.name.prefix', '2'),
(1638, 148, 'user.business-info.online.email', 'cornelia.lüdemann@lhw.mlu.sachsen-anhalt.de'),
(1639, 148, 'user.business-info.postal.city', ''),
(1640, 148, 'user.business-info.postal.postalcode', ''),
(1641, 148, 'user.business-info.postal.street', ''),
(1642, 148, 'user.custom.ingrid.user.age.group', '0'),
(1643, 148, 'user.custom.ingrid.user.attention.from', ''),
(1644, 148, 'user.custom.ingrid.user.confirmid', '6e6bcbc70f60f79fed7019f1b6cbe612'),
(1645, 148, 'user.custom.ingrid.user.interest', '0'),
(1646, 148, 'user.custom.ingrid.user.profession', '0'),
(1647, 148, 'user.custom.ingrid.user.subscribe.newsletter', ''),
(1648, 148, 'user.name.family', 'Lüdemann'),
(1649, 148, 'user.name.given', 'Cornelia'),
(1650, 148, 'user.name.prefix', '1'),
(1651, 149, 'user.business-info.online.email', 'cornelia.luedemann@lhw.mlu.sachsen-anhalt.de'),
(1652, 149, 'user.business-info.postal.city', ''),
(1653, 149, 'user.business-info.postal.postalcode', ''),
(1654, 149, 'user.business-info.postal.street', ''),
(1655, 149, 'user.custom.ingrid.user.age.group', '0'),
(1656, 149, 'user.custom.ingrid.user.attention.from', ''),
(1657, 149, 'user.custom.ingrid.user.confirmid', '51d4ef056d135cb5ed12c4b77cdf0482'),
(1658, 149, 'user.custom.ingrid.user.interest', '0'),
(1659, 149, 'user.custom.ingrid.user.profession', '0'),
(1660, 149, 'user.custom.ingrid.user.subscribe.newsletter', ''),
(1661, 149, 'user.name.family', 'Lüdemann'),
(1662, 149, 'user.name.given', 'Cornelia'),
(1663, 149, 'user.name.prefix', '1'),
(1664, 150, 'user.business-info.online.email', 'kurier.rechenbach@gmail.com'),
(1665, 150, 'user.business-info.postal.city', 'Berlin'),
(1666, 150, 'user.business-info.postal.postalcode', '12683'),
(1667, 150, 'user.business-info.postal.street', 'Schackelsterstr. 133'),
(1668, 150, 'user.custom.ingrid.user.age.group', '2'),
(1669, 150, 'user.custom.ingrid.user.attention.from', 'Studium'),
(1670, 150, 'user.custom.ingrid.user.confirmid', '51f9ce9829ba4ee74fc764037faebf9b'),
(1671, 150, 'user.custom.ingrid.user.interest', '1'),
(1672, 150, 'user.custom.ingrid.user.profession', '1'),
(1673, 150, 'user.custom.ingrid.user.subscribe.newsletter', '1'),
(1674, 150, 'user.name.family', 'Rechenbach'),
(1675, 150, 'user.name.given', 'Henry'),
(1676, 150, 'user.name.prefix', '2'),
(1677, 151, 'user.business-info.online.email', 'ulf.sauerbrey@lvwa.sachsen-anhalt.de'),
(1678, 151, 'user.business-info.postal.city', 'Halle'),
(1679, 151, 'user.business-info.postal.postalcode', '06112'),
(1680, 151, 'user.business-info.postal.street', 'Ernst-Kamieth-Str.2'),
(1681, 151, 'user.custom.ingrid.user.age.group', '0'),
(1682, 151, 'user.custom.ingrid.user.attention.from', ''),
(1683, 151, 'user.custom.ingrid.user.confirmid', '33fd963b1a569c2ff7d55893a34a3644'),
(1684, 151, 'user.custom.ingrid.user.interest', '0'),
(1685, 151, 'user.custom.ingrid.user.profession', '0'),
(1686, 151, 'user.custom.ingrid.user.subscribe.newsletter', ''),
(1687, 151, 'user.name.family', 'Sauerbrey'),
(1688, 151, 'user.name.given', 'Ulf'),
(1689, 151, 'user.name.prefix', '2'),
(1690, 152, 'user.business-info.online.email', 'femmenegger@bochum.de'),
(1691, 152, 'user.business-info.postal.city', 'Bochum'),
(1692, 152, 'user.business-info.postal.postalcode', '44777'),
(1693, 152, 'user.business-info.postal.street', 'Willy-Brandt-Platz 1-3'),
(1694, 152, 'user.custom.ingrid.user.age.group', '4'),
(1695, 152, 'user.custom.ingrid.user.attention.from', 'Internet'),
(1696, 152, 'user.custom.ingrid.user.confirmid', 'fdb5d875121052ddc76cd518ec9d3d35'),
(1697, 152, 'user.custom.ingrid.user.interest', '1'),
(1698, 152, 'user.custom.ingrid.user.profession', '4'),
(1699, 152, 'user.custom.ingrid.user.subscribe.newsletter', '1'),
(1700, 152, 'user.name.family', 'Emmenegger'),
(1701, 152, 'user.name.given', 'Frank'),
(1702, 152, 'user.name.prefix', '2'),
(1703, 153, 'user.business-info.online.email', 'weingerhard@gmx.de'),
(1704, 153, 'user.business-info.postal.city', 'Kallmünz'),
(1705, 153, 'user.business-info.postal.postalcode', '93183'),
(1706, 153, 'user.business-info.postal.street', 'Charles-Palmie-Str. 9'),
(1707, 153, 'user.custom.ingrid.user.age.group', '4'),
(1708, 153, 'user.custom.ingrid.user.attention.from', 'Internet'),
(1709, 153, 'user.custom.ingrid.user.confirmid', '3d36e848b44765b55ff9eef2f2219b65'),
(1710, 153, 'user.custom.ingrid.user.interest', '1'),
(1711, 153, 'user.custom.ingrid.user.profession', '8'),
(1712, 153, 'user.custom.ingrid.user.subscribe.newsletter', '1'),
(1713, 153, 'user.name.family', 'Wein '),
(1714, 153, 'user.name.given', 'Gerhard'),
(1715, 153, 'user.name.prefix', '2'),
(1716, 154, 'user.business-info.online.email', 'joern.kohlus@lkn.landsh.de'),
(1717, 154, 'user.business-info.postal.city', 'Tönning'),
(1718, 154, 'user.business-info.postal.postalcode', '25832'),
(1719, 154, 'user.business-info.postal.street', 'Schlossgarten 1'),
(1720, 154, 'user.custom.ingrid.user.age.group', '4'),
(1721, 154, 'user.custom.ingrid.user.attention.from', 'NOKIS / MDI Mitarbeit'),
(1722, 154, 'user.custom.ingrid.user.confirmid', 'a1c10d3105b0c0c698bddf79f7660e3e'),
(1723, 154, 'user.custom.ingrid.user.interest', '1'),
(1724, 154, 'user.custom.ingrid.user.profession', '4'),
(1725, 154, 'user.custom.ingrid.user.subscribe.newsletter', '1'),
(1726, 154, 'user.name.family', 'Kohlus'),
(1727, 154, 'user.name.given', 'Jörn'),
(1728, 154, 'user.name.prefix', '2'),
(1729, 155, 'user.business-info.online.email', 'Ulrike.Hass@bsu.hamburg.de'),
(1730, 155, 'user.business-info.postal.city', ''),
(1731, 155, 'user.business-info.postal.postalcode', ''),
(1732, 155, 'user.business-info.postal.street', ''),
(1733, 155, 'user.custom.ingrid.user.age.group', '0'),
(1734, 155, 'user.custom.ingrid.user.attention.from', ''),
(1735, 155, 'user.custom.ingrid.user.confirmid', 'cf1789431f005fb4365aecf199b6e671'),
(1736, 155, 'user.custom.ingrid.user.interest', '0'),
(1737, 155, 'user.custom.ingrid.user.profession', '0'),
(1738, 155, 'user.custom.ingrid.user.subscribe.newsletter', ''),
(1739, 155, 'user.name.family', 'Haß'),
(1740, 155, 'user.name.given', 'Ulrike'),
(1741, 155, 'user.name.prefix', '1'),
(1742, 156, 'user.business-info.online.email', 'sascha.maass@nexgo.de'),
(1743, 156, 'user.business-info.postal.city', ''),
(1744, 156, 'user.business-info.postal.postalcode', ''),
(1745, 156, 'user.business-info.postal.street', ''),
(1746, 156, 'user.custom.ingrid.user.age.group', '0'),
(1747, 156, 'user.custom.ingrid.user.attention.from', ''),
(1748, 156, 'user.custom.ingrid.user.confirmid', '91c8321d4afe576c0735147fd9059b8a'),
(1749, 156, 'user.custom.ingrid.user.interest', '0'),
(1750, 156, 'user.custom.ingrid.user.profession', '0'),
(1751, 156, 'user.custom.ingrid.user.subscribe.newsletter', ''),
(1752, 156, 'user.name.family', 'Maaß'),
(1753, 156, 'user.name.given', 'Sascha'),
(1754, 156, 'user.name.prefix', '0'),
(1755, 157, 'user.business-info.online.email', 'Barbara.Sagemann@umwelt.bremen.de'),
(1756, 157, 'user.business-info.postal.city', ''),
(1757, 157, 'user.business-info.postal.postalcode', ''),
(1758, 157, 'user.business-info.postal.street', ''),
(1759, 157, 'user.custom.ingrid.user.age.group', '0'),
(1760, 157, 'user.custom.ingrid.user.attention.from', ''),
(1761, 157, 'user.custom.ingrid.user.confirmid', 'f85e983b48772b4062b5774f84cea534'),
(1762, 157, 'user.custom.ingrid.user.interest', '0'),
(1763, 157, 'user.custom.ingrid.user.profession', '0'),
(1764, 157, 'user.custom.ingrid.user.subscribe.newsletter', ''),
(1765, 157, 'user.name.family', 'Sagemann'),
(1766, 157, 'user.name.given', 'Barbara'),
(1767, 157, 'user.name.prefix', '0'),
(1768, 158, 'user.business-info.online.email', 'michael.imm@umwelt.bremen.de'),
(1769, 158, 'user.business-info.postal.city', 'Bremen'),
(1770, 158, 'user.business-info.postal.postalcode', '28195'),
(1771, 158, 'user.business-info.postal.street', 'Ansgaritorstraße 2'),
(1772, 158, 'user.custom.ingrid.user.age.group', '0'),
(1773, 158, 'user.custom.ingrid.user.attention.from', ''),
(1774, 158, 'user.custom.ingrid.user.confirmid', '042dbf74d55a9317be3bbfce41390edd'),
(1775, 158, 'user.custom.ingrid.user.interest', '0'),
(1776, 158, 'user.custom.ingrid.user.profession', '4'),
(1777, 158, 'user.custom.ingrid.user.subscribe.newsletter', '1'),
(1778, 158, 'user.name.family', 'Imm'),
(1779, 158, 'user.name.given', 'Michael'),
(1780, 158, 'user.name.prefix', '0'),
(1781, 159, 'user.business-info.online.email', 'andrea.schemmel@umwelt.bremen.de'),
(1782, 159, 'user.business-info.postal.city', 'Bremen'),
(1783, 159, 'user.business-info.postal.postalcode', '28195'),
(1784, 159, 'user.business-info.postal.street', 'Ansgaritorstraße 2'),
(1785, 159, 'user.custom.ingrid.user.age.group', '0'),
(1786, 159, 'user.custom.ingrid.user.attention.from', ''),
(1787, 159, 'user.custom.ingrid.user.confirmid', '81c38e5e24a9675b9e5d420c9fecd507'),
(1788, 159, 'user.custom.ingrid.user.interest', '1'),
(1789, 159, 'user.custom.ingrid.user.profession', '4'),
(1790, 159, 'user.custom.ingrid.user.subscribe.newsletter', '1'),
(1791, 159, 'user.name.family', 'Schemmel'),
(1792, 159, 'user.name.given', 'Andrea'),
(1793, 159, 'user.name.prefix', '1'),
(1794, 160, 'user.business-info.online.email', 'kst-gdi@geo.bremen.de'),
(1795, 160, 'user.business-info.postal.city', ''),
(1796, 160, 'user.business-info.postal.postalcode', ''),
(1797, 160, 'user.business-info.postal.street', ''),
(1798, 160, 'user.custom.ingrid.user.age.group', '0'),
(1799, 160, 'user.custom.ingrid.user.attention.from', ''),
(1800, 160, 'user.custom.ingrid.user.confirmid', '658b1d1a2e45dadbddf0a9f78cd1fa04'),
(1801, 160, 'user.custom.ingrid.user.interest', '0'),
(1802, 160, 'user.custom.ingrid.user.profession', '0'),
(1803, 160, 'user.custom.ingrid.user.subscribe.newsletter', ''),
(1804, 160, 'user.name.family', 'Faustmann'),
(1805, 160, 'user.name.given', 'Uwe'),
(1806, 160, 'user.name.prefix', '0'),
(1807, 161, 'user.business-info.online.email', 'andreas.omlin@llur.landsh.de'),
(1808, 161, 'user.business-info.postal.city', 'Flintbek'),
(1809, 161, 'user.business-info.postal.postalcode', '24220'),
(1810, 161, 'user.business-info.postal.street', 'Hamburger Chaussee 25'),
(1811, 161, 'user.custom.ingrid.user.age.group', '0'),
(1812, 161, 'user.custom.ingrid.user.attention.from', ''),
(1813, 161, 'user.custom.ingrid.user.confirmid', 'cfb3c29799797ff889f3e5a0433991a0');
INSERT INTO `security_attribute` (`ATTR_ID`, `PRINCIPAL_ID`, `ATTR_NAME`, `ATTR_VALUE`) VALUES
(1814, 161, 'user.custom.ingrid.user.interest', '1'),
(1815, 161, 'user.custom.ingrid.user.profession', '4'),
(1816, 161, 'user.custom.ingrid.user.subscribe.newsletter', '1'),
(1817, 161, 'user.name.family', 'Omlin'),
(1818, 161, 'user.name.given', 'Andreas'),
(1819, 161, 'user.name.prefix', '2'),
(1820, 162, 'user.business-info.online.email', 'noll@lau.mlu.sachsen-anhalt.de'),
(1821, 162, 'user.business-info.postal.city', 'Halle/S.'),
(1822, 162, 'user.business-info.postal.postalcode', '06116'),
(1823, 162, 'user.business-info.postal.street', 'Reideburger Str. 47'),
(1824, 162, 'user.custom.ingrid.user.age.group', '5'),
(1825, 162, 'user.custom.ingrid.user.attention.from', 'Vortrag'),
(1826, 162, 'user.custom.ingrid.user.confirmid', '019493a674549b48887d9387a4ec642d'),
(1827, 162, 'user.custom.ingrid.user.interest', '1'),
(1828, 162, 'user.custom.ingrid.user.profession', '4'),
(1829, 162, 'user.custom.ingrid.user.subscribe.newsletter', '1'),
(1830, 162, 'user.name.family', 'Noll'),
(1831, 162, 'user.name.given', 'Günter'),
(1832, 162, 'user.name.prefix', '3'),
(1833, 163, 'user.business-info.online.email', 'bernhard@knorrbrothers.de'),
(1834, 163, 'user.business-info.postal.city', 'Köln'),
(1835, 163, 'user.business-info.postal.postalcode', '50825'),
(1836, 163, 'user.business-info.postal.street', 'Subbelrather Str. 287'),
(1837, 163, 'user.custom.ingrid.user.age.group', '0'),
(1838, 163, 'user.custom.ingrid.user.attention.from', 'Internet'),
(1839, 163, 'user.custom.ingrid.user.confirmid', '41221edd64e98de124871a8ae46453be'),
(1840, 163, 'user.custom.ingrid.user.interest', '1'),
(1841, 163, 'user.custom.ingrid.user.profession', '8'),
(1842, 163, 'user.custom.ingrid.user.subscribe.newsletter', ''),
(1843, 163, 'user.name.family', 'K'),
(1844, 163, 'user.name.given', 'Bernhard'),
(1845, 163, 'user.name.prefix', '2'),
(1846, 164, 'user.business-info.online.email', 'jens.moellmann@bra.nrw.de'),
(1847, 164, 'user.business-info.postal.city', 'Dortmund'),
(1848, 164, 'user.business-info.postal.postalcode', '44139'),
(1849, 164, 'user.business-info.postal.street', 'Ruhrallee 1-3'),
(1850, 164, 'user.custom.ingrid.user.age.group', '3'),
(1851, 164, 'user.custom.ingrid.user.attention.from', ''),
(1852, 164, 'user.custom.ingrid.user.confirmid', 'c26b5b019e6cbbd7a51223dab6acd3a9'),
(1853, 164, 'user.custom.ingrid.user.interest', '1'),
(1854, 164, 'user.custom.ingrid.user.profession', '4'),
(1855, 164, 'user.custom.ingrid.user.subscribe.newsletter', '1'),
(1856, 164, 'user.name.family', 'Moellmann'),
(1857, 164, 'user.name.given', 'Jens'),
(1858, 164, 'user.name.prefix', '2'),
(1859, 165, 'user.business-info.online.email', 'juergen.evans@wver.de'),
(1860, 165, 'user.business-info.postal.city', ''),
(1861, 165, 'user.business-info.postal.postalcode', ''),
(1862, 165, 'user.business-info.postal.street', ''),
(1863, 165, 'user.custom.ingrid.user.age.group', '0'),
(1864, 165, 'user.custom.ingrid.user.attention.from', ''),
(1865, 165, 'user.custom.ingrid.user.confirmid', 'd4a57f4a6b402e6a0e2dd889aff6855b'),
(1866, 165, 'user.custom.ingrid.user.interest', '1'),
(1867, 165, 'user.custom.ingrid.user.profession', '3'),
(1868, 165, 'user.custom.ingrid.user.subscribe.newsletter', ''),
(1869, 165, 'user.name.family', 'Evans'),
(1870, 165, 'user.name.given', 'Juergen'),
(1871, 165, 'user.name.prefix', '2'),
(1872, 166, 'user.business-info.online.email', 'igf1979@hotmail.com'),
(1873, 166, 'user.business-info.postal.city', ''),
(1874, 166, 'user.business-info.postal.postalcode', ''),
(1875, 166, 'user.business-info.postal.street', ''),
(1876, 166, 'user.custom.ingrid.user.age.group', '0'),
(1877, 166, 'user.custom.ingrid.user.attention.from', ''),
(1878, 166, 'user.custom.ingrid.user.confirmid', 'beac8734dc9453fad9eaa00b01245f31'),
(1879, 166, 'user.custom.ingrid.user.interest', '0'),
(1880, 166, 'user.custom.ingrid.user.profession', '0'),
(1881, 166, 'user.custom.ingrid.user.subscribe.newsletter', ''),
(1882, 166, 'user.name.family', 'keinen'),
(1883, 166, 'user.name.given', 'hab'),
(1884, 166, 'user.name.prefix', '0'),
(1885, 167, 'user.business-info.online.email', 'ghaly.lashin@llur.landsh.de'),
(1886, 167, 'user.business-info.postal.city', 'Flintbek'),
(1887, 167, 'user.business-info.postal.postalcode', '24220'),
(1888, 167, 'user.business-info.postal.street', 'Hamburger Chaussee 25'),
(1889, 167, 'user.custom.ingrid.user.age.group', '0'),
(1890, 167, 'user.custom.ingrid.user.attention.from', ''),
(1891, 167, 'user.custom.ingrid.user.confirmid', '7cfd2f9103291427c486c42c9fd16dd2'),
(1892, 167, 'user.custom.ingrid.user.interest', '0'),
(1893, 167, 'user.custom.ingrid.user.profession', '0'),
(1894, 167, 'user.custom.ingrid.user.subscribe.newsletter', '1'),
(1895, 167, 'user.name.family', 'Lashin'),
(1896, 167, 'user.name.given', 'Ghaly'),
(1897, 167, 'user.name.prefix', '2'),
(1898, 168, 'user.business-info.online.email', 'fsauerza@lanu.landsh.de'),
(1899, 168, 'user.business-info.postal.city', 'Flintbek'),
(1900, 168, 'user.business-info.postal.postalcode', '24220'),
(1901, 168, 'user.business-info.postal.street', 'Hamburger Chaussee 25'),
(1902, 168, 'user.custom.ingrid.user.age.group', '0'),
(1903, 168, 'user.custom.ingrid.user.attention.from', ''),
(1904, 168, 'user.custom.ingrid.user.confirmid', '595552680a20c4229417085764407a04'),
(1905, 168, 'user.custom.ingrid.user.interest', '0'),
(1906, 168, 'user.custom.ingrid.user.profession', '0'),
(1907, 168, 'user.custom.ingrid.user.subscribe.newsletter', '1'),
(1908, 168, 'user.name.family', 'Sauerzapfe'),
(1909, 168, 'user.name.given', 'Florian'),
(1910, 168, 'user.name.prefix', '0'),
(1911, 169, 'user.business-info.online.email', 'axel.mischok@llur.landsh.de'),
(1912, 169, 'user.business-info.postal.city', ''),
(1913, 169, 'user.business-info.postal.postalcode', ''),
(1914, 169, 'user.business-info.postal.street', ''),
(1915, 169, 'user.custom.ingrid.user.age.group', '0'),
(1916, 169, 'user.custom.ingrid.user.attention.from', ''),
(1917, 169, 'user.custom.ingrid.user.confirmid', '4aa6d0339cd7f11fac47a56fa2fa6847'),
(1918, 169, 'user.custom.ingrid.user.interest', '0'),
(1919, 169, 'user.custom.ingrid.user.profession', '0'),
(1920, 169, 'user.custom.ingrid.user.subscribe.newsletter', ''),
(1921, 169, 'user.name.family', 'Mischok'),
(1922, 169, 'user.name.given', 'Axel'),
(1923, 169, 'user.name.prefix', '2'),
(1924, 170, 'user.business-info.online.email', 'kathleen.langner@llur.landsh.de'),
(1925, 170, 'user.business-info.postal.city', 'Flintbek'),
(1926, 170, 'user.business-info.postal.postalcode', '24220'),
(1927, 170, 'user.business-info.postal.street', 'Hamburger Chaussee 25'),
(1928, 170, 'user.custom.ingrid.user.age.group', '0'),
(1929, 170, 'user.custom.ingrid.user.attention.from', ''),
(1930, 170, 'user.custom.ingrid.user.confirmid', 'd6326d991e6ba6ae15b51dce03ea0bb6'),
(1931, 170, 'user.custom.ingrid.user.interest', '0'),
(1932, 170, 'user.custom.ingrid.user.profession', '0'),
(1933, 170, 'user.custom.ingrid.user.subscribe.newsletter', '1'),
(1934, 170, 'user.name.family', 'Langner'),
(1935, 170, 'user.name.given', 'Kathleen'),
(1936, 170, 'user.name.prefix', '1'),
(1937, 171, 'user.business-info.online.email', 'valentin.eder@gmx.net'),
(1938, 171, 'user.business-info.postal.city', ''),
(1939, 171, 'user.business-info.postal.postalcode', ''),
(1940, 171, 'user.business-info.postal.street', ''),
(1941, 171, 'user.custom.ingrid.user.age.group', '4'),
(1942, 171, 'user.custom.ingrid.user.attention.from', ''),
(1943, 171, 'user.custom.ingrid.user.confirmid', '37f033705014b742b1187712f2424c13'),
(1944, 171, 'user.custom.ingrid.user.interest', '1'),
(1945, 171, 'user.custom.ingrid.user.profession', '3'),
(1946, 171, 'user.custom.ingrid.user.subscribe.newsletter', ''),
(1947, 171, 'user.name.family', 'eder'),
(1948, 171, 'user.name.given', 'valentin'),
(1949, 171, 'user.name.prefix', '0'),
(1950, 172, 'user.business-info.online.email', 'wolfgang.petersen@llur.landsh.de'),
(1951, 172, 'user.business-info.postal.city', 'Flintbek'),
(1952, 172, 'user.business-info.postal.postalcode', '24220'),
(1953, 172, 'user.business-info.postal.street', 'Hamburger Chaussee 25'),
(1954, 172, 'user.custom.ingrid.user.age.group', '0'),
(1955, 172, 'user.custom.ingrid.user.attention.from', ''),
(1956, 172, 'user.custom.ingrid.user.confirmid', 'a91268388e724757c79e960047a63941'),
(1957, 172, 'user.custom.ingrid.user.interest', '0'),
(1958, 172, 'user.custom.ingrid.user.profession', '0'),
(1959, 172, 'user.custom.ingrid.user.subscribe.newsletter', '1'),
(1960, 172, 'user.name.family', 'Petersen'),
(1961, 172, 'user.name.given', 'Wolfgang'),
(1962, 172, 'user.name.prefix', '2'),
(1963, 173, 'user.business-info.online.email', 'Wolfgang.Wolters@llur.landsh.de'),
(1964, 173, 'user.business-info.postal.city', 'Flintbek'),
(1965, 173, 'user.business-info.postal.postalcode', '24220'),
(1966, 173, 'user.business-info.postal.street', 'Hamburger Chaussee 25'),
(1967, 173, 'user.custom.ingrid.user.age.group', '0'),
(1968, 173, 'user.custom.ingrid.user.attention.from', ''),
(1969, 173, 'user.custom.ingrid.user.confirmid', 'f2e57d62408b50f13fa67c99767c8e52'),
(1970, 173, 'user.custom.ingrid.user.interest', '0'),
(1971, 173, 'user.custom.ingrid.user.profession', '0'),
(1972, 173, 'user.custom.ingrid.user.subscribe.newsletter', '1'),
(1973, 173, 'user.name.family', 'Wolters'),
(1974, 173, 'user.name.given', 'Wolfgang'),
(1975, 173, 'user.name.prefix', '2'),
(1976, 174, 'user.business-info.online.email', 'axel.hilker@mlur.landsh.de'),
(1977, 174, 'user.business-info.postal.city', ''),
(1978, 174, 'user.business-info.postal.postalcode', ''),
(1979, 174, 'user.business-info.postal.street', ''),
(1980, 174, 'user.custom.ingrid.user.age.group', '0'),
(1981, 174, 'user.custom.ingrid.user.attention.from', ''),
(1982, 174, 'user.custom.ingrid.user.confirmid', 'c312e5a5bf94ec1919b22c016ca7f5cd'),
(1983, 174, 'user.custom.ingrid.user.interest', '0'),
(1984, 174, 'user.custom.ingrid.user.profession', '0'),
(1985, 174, 'user.custom.ingrid.user.subscribe.newsletter', '1'),
(1986, 174, 'user.name.family', 'Hilker'),
(1987, 174, 'user.name.given', 'Axel'),
(1988, 174, 'user.name.prefix', '2'),
(1989, 175, 'user.business-info.online.email', 'hartmann.to@web.de'),
(1990, 175, 'user.business-info.postal.city', ''),
(1991, 175, 'user.business-info.postal.postalcode', ''),
(1992, 175, 'user.business-info.postal.street', ''),
(1993, 175, 'user.custom.ingrid.user.age.group', '0'),
(1994, 175, 'user.custom.ingrid.user.attention.from', ''),
(1995, 175, 'user.custom.ingrid.user.confirmid', '4d13248f82a062eca8ec715227e174b6'),
(1996, 175, 'user.custom.ingrid.user.interest', '0'),
(1997, 175, 'user.custom.ingrid.user.profession', '0'),
(1998, 175, 'user.custom.ingrid.user.subscribe.newsletter', ''),
(1999, 175, 'user.name.family', 'Knut'),
(2000, 175, 'user.name.given', 'Tobias'),
(2001, 175, 'user.name.prefix', '2'),
(2002, 176, 'user.business-info.online.email', 'michael.wiese@mlur.landsh.de'),
(2003, 176, 'user.business-info.postal.city', 'Kiel'),
(2004, 176, 'user.business-info.postal.postalcode', ''),
(2005, 176, 'user.business-info.postal.street', ''),
(2006, 176, 'user.custom.ingrid.user.age.group', '0'),
(2007, 176, 'user.custom.ingrid.user.attention.from', ''),
(2008, 176, 'user.custom.ingrid.user.confirmid', '4ef90a7bc220405235d533488af50b55'),
(2009, 176, 'user.custom.ingrid.user.interest', '0'),
(2010, 176, 'user.custom.ingrid.user.profession', '0'),
(2011, 176, 'user.custom.ingrid.user.subscribe.newsletter', ''),
(2012, 176, 'user.name.family', 'Wiese'),
(2013, 176, 'user.name.given', 'Michael'),
(2014, 176, 'user.name.prefix', '2'),
(2015, 177, 'user.business-info.online.email', 'heike.mayer@llur.landsh.de'),
(2016, 177, 'user.business-info.postal.city', ''),
(2017, 177, 'user.business-info.postal.postalcode', ''),
(2018, 177, 'user.business-info.postal.street', ''),
(2019, 177, 'user.custom.ingrid.user.age.group', '0'),
(2020, 177, 'user.custom.ingrid.user.attention.from', ''),
(2021, 177, 'user.custom.ingrid.user.confirmid', '58c214ed84f0dbc7126df381f2eaff02'),
(2022, 177, 'user.custom.ingrid.user.interest', '0'),
(2023, 177, 'user.custom.ingrid.user.profession', '0'),
(2024, 177, 'user.custom.ingrid.user.subscribe.newsletter', ''),
(2025, 177, 'user.name.family', 'Mayer'),
(2026, 177, 'user.name.given', 'Heike'),
(2027, 177, 'user.name.prefix', '1'),
(2028, 178, 'user.business-info.online.email', 'triedel@llur.landsh.de'),
(2029, 178, 'user.business-info.postal.city', 'Flintbek'),
(2030, 178, 'user.business-info.postal.postalcode', '24220'),
(2031, 178, 'user.business-info.postal.street', 'Hamburger Chaussee 25'),
(2032, 178, 'user.custom.ingrid.user.age.group', '0'),
(2033, 178, 'user.custom.ingrid.user.attention.from', ''),
(2034, 178, 'user.custom.ingrid.user.confirmid', '850601d9f91bd55b9110b66cbc12c650'),
(2035, 178, 'user.custom.ingrid.user.interest', '1'),
(2036, 178, 'user.custom.ingrid.user.profession', '4'),
(2037, 178, 'user.custom.ingrid.user.subscribe.newsletter', ''),
(2038, 178, 'user.name.family', 'Riedel'),
(2039, 178, 'user.name.given', 'Thomas'),
(2040, 178, 'user.name.prefix', '2'),
(2041, 179, 'user.business-info.online.email', 'petra.durow@llur.landsh.de'),
(2042, 179, 'user.business-info.postal.city', 'Flintbek'),
(2043, 179, 'user.business-info.postal.postalcode', '24220'),
(2044, 179, 'user.business-info.postal.street', 'Hamburger Chaussee 25'),
(2045, 179, 'user.custom.ingrid.user.age.group', '0'),
(2046, 179, 'user.custom.ingrid.user.attention.from', ''),
(2047, 179, 'user.custom.ingrid.user.confirmid', '12821eb057906a7da6c8634cca45e7b7'),
(2048, 179, 'user.custom.ingrid.user.interest', '0'),
(2049, 179, 'user.custom.ingrid.user.profession', '0'),
(2050, 179, 'user.custom.ingrid.user.subscribe.newsletter', '1'),
(2051, 179, 'user.name.family', 'Durow'),
(2052, 179, 'user.name.given', 'Petra'),
(2053, 179, 'user.name.prefix', '1'),
(2054, 180, 'user.business-info.online.email', 'c.eimann@thlg.de'),
(2055, 180, 'user.business-info.postal.city', 'Erfurt'),
(2056, 180, 'user.business-info.postal.postalcode', '99099'),
(2057, 180, 'user.business-info.postal.street', 'Weimarische Str. 29b'),
(2058, 180, 'user.custom.ingrid.user.age.group', '0'),
(2059, 180, 'user.custom.ingrid.user.attention.from', ''),
(2060, 180, 'user.custom.ingrid.user.confirmid', '5e090730ae1b3a433005f251100147f0'),
(2061, 180, 'user.custom.ingrid.user.interest', '0'),
(2062, 180, 'user.custom.ingrid.user.profession', '0'),
(2063, 180, 'user.custom.ingrid.user.subscribe.newsletter', ''),
(2064, 180, 'user.name.family', 'Eimann'),
(2065, 180, 'user.name.given', 'Christiane'),
(2066, 180, 'user.name.prefix', '1'),
(2067, 181, 'user.business-info.online.email', 'juergen.meyerhoff@tu-berlin.de'),
(2068, 181, 'user.business-info.postal.city', 'Berlin'),
(2069, 181, 'user.business-info.postal.postalcode', '10623'),
(2070, 181, 'user.business-info.postal.street', 'Strasse des 17 Juni 145'),
(2071, 181, 'user.custom.ingrid.user.age.group', '4'),
(2072, 181, 'user.custom.ingrid.user.attention.from', 'Suchmaschine'),
(2073, 181, 'user.custom.ingrid.user.confirmid', 'c3acff8d5824445674449c8d56ed43ce'),
(2074, 181, 'user.custom.ingrid.user.interest', '1'),
(2075, 181, 'user.custom.ingrid.user.profession', '6'),
(2076, 181, 'user.custom.ingrid.user.subscribe.newsletter', '1'),
(2077, 181, 'user.name.family', 'Meyerhoff'),
(2078, 181, 'user.name.given', 'Jürgen'),
(2079, 181, 'user.name.prefix', '3'),
(2080, 182, 'user.business-info.online.email', 'henriette.vonnetzer-wieland@llur.landsh.de'),
(2081, 182, 'user.business-info.postal.city', 'Flintbek'),
(2082, 182, 'user.business-info.postal.postalcode', '24220'),
(2083, 182, 'user.business-info.postal.street', 'Hamburger Chaussee 25'),
(2084, 182, 'user.custom.ingrid.user.age.group', '0'),
(2085, 182, 'user.custom.ingrid.user.attention.from', 'Dienstlich/Am Arbeitsplatz'),
(2086, 182, 'user.custom.ingrid.user.confirmid', 'ba39c25c049e28f7f4a2a83c8ac970e6'),
(2087, 182, 'user.custom.ingrid.user.interest', '1'),
(2088, 182, 'user.custom.ingrid.user.profession', '4'),
(2089, 182, 'user.custom.ingrid.user.subscribe.newsletter', '1'),
(2090, 182, 'user.name.family', 'Netzer-Wieland'),
(2091, 182, 'user.name.given', 'Henriette'),
(2092, 182, 'user.name.prefix', '1'),
(2093, 183, 'user.business-info.online.email', 'fred.ludwig@stua-itz.landsh.de'),
(2094, 183, 'user.business-info.postal.city', ''),
(2095, 183, 'user.business-info.postal.postalcode', ''),
(2096, 183, 'user.business-info.postal.street', ''),
(2097, 183, 'user.custom.ingrid.user.age.group', '0'),
(2098, 183, 'user.custom.ingrid.user.attention.from', ''),
(2099, 183, 'user.custom.ingrid.user.confirmid', '2e35cc5c174381c0edd445289d210857'),
(2100, 183, 'user.custom.ingrid.user.interest', '0'),
(2101, 183, 'user.custom.ingrid.user.profession', '0'),
(2102, 183, 'user.custom.ingrid.user.subscribe.newsletter', '1'),
(2103, 183, 'user.name.family', 'Ludwig'),
(2104, 183, 'user.name.given', 'Fred'),
(2105, 183, 'user.name.prefix', '2'),
(2106, 184, 'user.business-info.online.email', 'winfried.ebner@stua-itz.landsh.de'),
(2107, 184, 'user.business-info.postal.city', ''),
(2108, 184, 'user.business-info.postal.postalcode', ''),
(2109, 184, 'user.business-info.postal.street', ''),
(2110, 184, 'user.custom.ingrid.user.age.group', '0'),
(2111, 184, 'user.custom.ingrid.user.attention.from', ''),
(2112, 184, 'user.custom.ingrid.user.confirmid', 'f006d3bdf85f70c58d56033947417003'),
(2113, 184, 'user.custom.ingrid.user.interest', '0'),
(2114, 184, 'user.custom.ingrid.user.profession', '0'),
(2115, 184, 'user.custom.ingrid.user.subscribe.newsletter', '1'),
(2116, 184, 'user.name.family', 'Ebner'),
(2117, 184, 'user.name.given', 'Winfried'),
(2118, 184, 'user.name.prefix', '2'),
(2119, 185, 'user.business-info.online.email', 'axel.mischok@LLUR.LANDSH.DE'),
(2120, 185, 'user.business-info.postal.city', ''),
(2121, 185, 'user.business-info.postal.postalcode', ''),
(2122, 185, 'user.business-info.postal.street', ''),
(2123, 185, 'user.custom.ingrid.user.age.group', '0'),
(2124, 185, 'user.custom.ingrid.user.attention.from', ''),
(2125, 185, 'user.custom.ingrid.user.confirmid', '0bf819cb4992d42a060aabc8830f1822'),
(2126, 185, 'user.custom.ingrid.user.interest', '0'),
(2127, 185, 'user.custom.ingrid.user.profession', '0'),
(2128, 185, 'user.custom.ingrid.user.subscribe.newsletter', '1'),
(2129, 185, 'user.name.family', 'Mischok'),
(2130, 185, 'user.name.given', 'Axel'),
(2131, 185, 'user.name.prefix', '2'),
(2132, 186, 'user.business-info.online.email', 'ebold@stua-ki.landsh.de'),
(2133, 186, 'user.business-info.postal.city', ''),
(2134, 186, 'user.business-info.postal.postalcode', ''),
(2135, 186, 'user.business-info.postal.street', ''),
(2136, 186, 'user.custom.ingrid.user.age.group', '0'),
(2137, 186, 'user.custom.ingrid.user.attention.from', ''),
(2138, 186, 'user.custom.ingrid.user.confirmid', 'b8d1ce4874675a68ebf57e6639edb486'),
(2139, 186, 'user.custom.ingrid.user.interest', '0'),
(2140, 186, 'user.custom.ingrid.user.profession', '0'),
(2141, 186, 'user.custom.ingrid.user.subscribe.newsletter', ''),
(2142, 186, 'user.name.family', 'Bold'),
(2143, 186, 'user.name.given', 'Enrico'),
(2144, 186, 'user.name.prefix', '2'),
(2145, 187, 'user.business-info.online.email', 'utheis@lanu.landsh.de'),
(2146, 187, 'user.business-info.postal.city', 'Flintbek'),
(2147, 187, 'user.business-info.postal.postalcode', '24220'),
(2148, 187, 'user.business-info.postal.street', 'Hamburger Chaussee 25'),
(2149, 187, 'user.custom.ingrid.user.age.group', '0'),
(2150, 187, 'user.custom.ingrid.user.attention.from', ''),
(2151, 187, 'user.custom.ingrid.user.confirmid', '2d858727be90fda5e5733c12838e968d'),
(2152, 187, 'user.custom.ingrid.user.interest', '0'),
(2153, 187, 'user.custom.ingrid.user.profession', '0'),
(2154, 187, 'user.custom.ingrid.user.subscribe.newsletter', '1'),
(2155, 187, 'user.name.family', 'Theis'),
(2156, 187, 'user.name.given', 'Ute'),
(2157, 187, 'user.name.prefix', '1'),
(2158, 188, 'user.business-info.online.email', 'birgit.boerner@uba.de'),
(2159, 188, 'user.business-info.postal.city', 'Dessau'),
(2160, 188, 'user.business-info.postal.postalcode', '06844'),
(2161, 188, 'user.business-info.postal.street', 'Wörlitzer Platz 1'),
(2162, 188, 'user.custom.ingrid.user.age.group', '7'),
(2163, 188, 'user.custom.ingrid.user.attention.from', ''),
(2164, 188, 'user.custom.ingrid.user.confirmid', 'f618313114310396ede62ac7fe3897d1'),
(2165, 188, 'user.custom.ingrid.user.interest', '1'),
(2166, 188, 'user.custom.ingrid.user.profession', '4'),
(2167, 188, 'user.custom.ingrid.user.subscribe.newsletter', '1'),
(2168, 188, 'user.name.family', 'Börner'),
(2169, 188, 'user.name.given', 'Birgit'),
(2170, 188, 'user.name.prefix', '1'),
(2171, 189, 'user.business-info.online.email', 'marion.kindlein@lau.mlu.sachsen-anhalt.de'),
(2172, 189, 'user.business-info.postal.city', ''),
(2173, 189, 'user.business-info.postal.postalcode', ''),
(2174, 189, 'user.business-info.postal.street', ''),
(2175, 189, 'user.custom.ingrid.user.age.group', '0'),
(2176, 189, 'user.custom.ingrid.user.attention.from', ''),
(2177, 189, 'user.custom.ingrid.user.confirmid', '4b87cbf9147340e56d23852705870c52'),
(2178, 189, 'user.custom.ingrid.user.interest', '1'),
(2179, 189, 'user.custom.ingrid.user.profession', '4'),
(2180, 189, 'user.custom.ingrid.user.subscribe.newsletter', ''),
(2181, 189, 'user.name.family', 'Kindlein'),
(2182, 189, 'user.name.given', 'Marion'),
(2183, 189, 'user.name.prefix', '1'),
(2184, 190, 'user.business-info.online.email', 'fawenk@gmx.de'),
(2185, 190, 'user.business-info.postal.city', ''),
(2186, 190, 'user.business-info.postal.postalcode', ''),
(2187, 190, 'user.business-info.postal.street', ''),
(2188, 190, 'user.custom.ingrid.user.age.group', '2'),
(2189, 190, 'user.custom.ingrid.user.attention.from', ''),
(2190, 190, 'user.custom.ingrid.user.confirmid', 'a2746d8bba3ded2c923c3c45636e1089'),
(2191, 190, 'user.custom.ingrid.user.interest', '1'),
(2192, 190, 'user.custom.ingrid.user.profession', '3'),
(2193, 190, 'user.custom.ingrid.user.subscribe.newsletter', ''),
(2194, 190, 'user.name.family', 'Wenk'),
(2195, 190, 'user.name.given', 'Fabian '),
(2196, 190, 'user.name.prefix', '2'),
(2197, 191, 'user.business-info.online.email', 'gabriele.schoenwiese@uba.de'),
(2198, 191, 'user.business-info.postal.city', 'Dessau-Roßlau'),
(2199, 191, 'user.business-info.postal.postalcode', '06844'),
(2200, 191, 'user.business-info.postal.street', 'Umweltbundesamt, Wörlitzer Platz 1'),
(2201, 191, 'user.custom.ingrid.user.age.group', '4'),
(2202, 191, 'user.custom.ingrid.user.attention.from', ''),
(2203, 191, 'user.custom.ingrid.user.confirmid', '65e7fef481544762ba10ceed84a2f367'),
(2204, 191, 'user.custom.ingrid.user.interest', '1'),
(2205, 191, 'user.custom.ingrid.user.profession', '4'),
(2206, 191, 'user.custom.ingrid.user.subscribe.newsletter', ''),
(2207, 191, 'user.name.family', 'Schönwiese'),
(2208, 191, 'user.name.given', 'Gabriele'),
(2209, 191, 'user.name.prefix', '1'),
(2210, 192, 'user.business-info.online.email', 'schwaenk@gmx.de'),
(2211, 192, 'user.business-info.postal.city', 'Trier'),
(2212, 192, 'user.business-info.postal.postalcode', ''),
(2213, 192, 'user.business-info.postal.street', ''),
(2214, 192, 'user.custom.ingrid.user.age.group', '2'),
(2215, 192, 'user.custom.ingrid.user.attention.from', ''),
(2216, 192, 'user.custom.ingrid.user.confirmid', 'ae3026c6311013ffedb0b4b3d4c0ca73'),
(2217, 192, 'user.custom.ingrid.user.interest', '2'),
(2218, 192, 'user.custom.ingrid.user.profession', '6'),
(2219, 192, 'user.custom.ingrid.user.subscribe.newsletter', '1'),
(2220, 192, 'user.name.family', 'Aenk'),
(2221, 192, 'user.name.given', 'Schw'),
(2222, 192, 'user.name.prefix', '0'),
(2223, 193, 'user.business-info.online.email', 'Elke.Wagner@smul.sachsen.de'),
(2224, 193, 'user.business-info.postal.city', 'Dresden'),
(2225, 193, 'user.business-info.postal.postalcode', '01311'),
(2226, 193, 'user.business-info.postal.street', 'Postfach 54 01 37'),
(2227, 193, 'user.custom.ingrid.user.age.group', '0'),
(2228, 193, 'user.custom.ingrid.user.attention.from', ''),
(2229, 193, 'user.custom.ingrid.user.confirmid', 'f2860d0657f0f4725a2e22020900e110'),
(2230, 193, 'user.custom.ingrid.user.interest', '0'),
(2231, 193, 'user.custom.ingrid.user.profession', '0'),
(2232, 193, 'user.custom.ingrid.user.subscribe.newsletter', ''),
(2233, 193, 'user.name.family', 'Wagner'),
(2234, 193, 'user.name.given', 'Elke'),
(2235, 193, 'user.name.prefix', '1'),
(2236, 194, 'user.business-info.online.email', 'stefani.toepker@portalu.de'),
(2237, 194, 'user.business-info.postal.city', ''),
(2238, 194, 'user.business-info.postal.postalcode', ''),
(2239, 194, 'user.business-info.postal.street', ''),
(2240, 194, 'user.custom.ingrid.user.age.group', '0'),
(2241, 194, 'user.custom.ingrid.user.attention.from', ''),
(2242, 194, 'user.custom.ingrid.user.confirmid', '9b33fe688c4aeb2af7703ac3bf06eac6'),
(2243, 194, 'user.custom.ingrid.user.interest', '0'),
(2244, 194, 'user.custom.ingrid.user.profession', '0'),
(2245, 194, 'user.custom.ingrid.user.subscribe.newsletter', ''),
(2246, 194, 'user.name.family', 'Töpker'),
(2247, 194, 'user.name.given', 'Stefani'),
(2248, 194, 'user.name.prefix', '1'),
(2249, 195, 'user.business-info.online.email', 'wolfgang.fritsche@gd.nrw.de'),
(2250, 195, 'user.business-info.postal.city', 'Krefeld'),
(2251, 195, 'user.business-info.postal.postalcode', '47803'),
(2252, 195, 'user.business-info.postal.street', 'De-Greiff-Straße 195'),
(2253, 195, 'user.custom.ingrid.user.age.group', '7'),
(2254, 195, 'user.custom.ingrid.user.attention.from', ''),
(2255, 195, 'user.custom.ingrid.user.confirmid', '13da1ee2caf127f0e70091ca6493ba78'),
(2256, 195, 'user.custom.ingrid.user.interest', '1'),
(2257, 195, 'user.custom.ingrid.user.profession', '4'),
(2258, 195, 'user.custom.ingrid.user.subscribe.newsletter', '1'),
(2259, 195, 'user.name.family', 'Fritsche'),
(2260, 195, 'user.name.given', 'Wolfgang'),
(2261, 195, 'user.name.prefix', '2'),
(2262, 196, 'user.business-info.online.email', 'christoph.rath@lds.nrw.de'),
(2263, 196, 'user.business-info.postal.city', ''),
(2264, 196, 'user.business-info.postal.postalcode', ''),
(2265, 196, 'user.business-info.postal.street', ''),
(2266, 196, 'user.custom.ingrid.user.age.group', '0'),
(2267, 196, 'user.custom.ingrid.user.attention.from', ''),
(2268, 196, 'user.custom.ingrid.user.confirmid', '35df0246ab2e5920ac3c27a8d5c869ce'),
(2269, 196, 'user.custom.ingrid.user.interest', '0'),
(2270, 196, 'user.custom.ingrid.user.profession', '0'),
(2271, 196, 'user.custom.ingrid.user.subscribe.newsletter', ''),
(2272, 196, 'user.name.family', 'Rath'),
(2273, 196, 'user.name.given', 'Christoph'),
(2274, 196, 'user.name.prefix', '2'),
(2275, 197, 'user.business-info.online.email', 'InsaM-Q@gmx.de'),
(2276, 197, 'user.business-info.postal.city', ''),
(2277, 197, 'user.business-info.postal.postalcode', ''),
(2278, 197, 'user.business-info.postal.street', ''),
(2279, 197, 'user.custom.ingrid.user.age.group', '2'),
(2280, 197, 'user.custom.ingrid.user.attention.from', 'Referat für die Uni zum Thema PortalU'),
(2281, 197, 'user.custom.ingrid.user.confirmid', '9c041d558dce06cd94751258c84edaf0'),
(2282, 197, 'user.custom.ingrid.user.interest', '1'),
(2283, 197, 'user.custom.ingrid.user.profession', '6'),
(2284, 197, 'user.custom.ingrid.user.subscribe.newsletter', ''),
(2285, 197, 'user.name.family', 'Mayland-Quellhorst'),
(2286, 197, 'user.name.given', 'Insa'),
(2287, 197, 'user.name.prefix', '1'),
(2288, 198, 'user.business-info.online.email', 'christoph-weber21@web.de'),
(2289, 198, 'user.business-info.postal.city', ''),
(2290, 198, 'user.business-info.postal.postalcode', ''),
(2291, 198, 'user.business-info.postal.street', ''),
(2292, 198, 'user.custom.ingrid.user.age.group', '0'),
(2293, 198, 'user.custom.ingrid.user.attention.from', 'HS - OWL'),
(2294, 198, 'user.custom.ingrid.user.confirmid', 'ef003ab1c3eea3c01d29d699cb2f06bd'),
(2295, 198, 'user.custom.ingrid.user.interest', '0'),
(2296, 198, 'user.custom.ingrid.user.profession', '0'),
(2297, 198, 'user.custom.ingrid.user.subscribe.newsletter', ''),
(2298, 198, 'user.name.family', 'Weber'),
(2299, 198, 'user.name.given', 'Christoph'),
(2300, 198, 'user.name.prefix', '2'),
(2301, 199, 'user.business-info.online.email', 'hhhh@ffff.com'),
(2302, 199, 'user.business-info.postal.city', 'Bonn'),
(2303, 199, 'user.business-info.postal.postalcode', '53220'),
(2304, 199, 'user.business-info.postal.street', ''),
(2305, 199, 'user.custom.ingrid.user.age.group', '2'),
(2306, 199, 'user.custom.ingrid.user.attention.from', 'yahoo'),
(2307, 199, 'user.custom.ingrid.user.confirmid', 'd415087c76568457e6ca76a2c9e1d759'),
(2308, 199, 'user.custom.ingrid.user.interest', '2'),
(2309, 199, 'user.custom.ingrid.user.profession', '1'),
(2310, 199, 'user.custom.ingrid.user.subscribe.newsletter', ''),
(2311, 199, 'user.name.family', 'Scholz'),
(2312, 199, 'user.name.given', 'Sabine'),
(2313, 199, 'user.name.prefix', '1'),
(2314, 200, 'user.business-info.online.email', 'andreas.roefs@wald-und-holz.nrw.de'),
(2315, 200, 'user.business-info.postal.city', 'Minden'),
(2316, 200, 'user.business-info.postal.postalcode', '32423'),
(2317, 200, 'user.business-info.postal.street', 'Bleichstraße 8'),
(2318, 200, 'user.custom.ingrid.user.age.group', '0'),
(2319, 200, 'user.custom.ingrid.user.attention.from', ''),
(2320, 200, 'user.custom.ingrid.user.confirmid', 'ae66b6cb4bda2a2b6c078f68fe4710aa'),
(2321, 200, 'user.custom.ingrid.user.interest', '0'),
(2322, 200, 'user.custom.ingrid.user.profession', '0'),
(2323, 200, 'user.custom.ingrid.user.subscribe.newsletter', ''),
(2324, 200, 'user.name.family', 'Roefs'),
(2325, 200, 'user.name.given', 'Andreas'),
(2326, 200, 'user.name.prefix', '2'),
(2327, 201, 'user.business-info.online.email', 'aramin@uos.de'),
(2328, 201, 'user.business-info.postal.city', ''),
(2329, 201, 'user.business-info.postal.postalcode', ''),
(2330, 201, 'user.business-info.postal.street', ''),
(2331, 201, 'user.custom.ingrid.user.age.group', '0'),
(2332, 201, 'user.custom.ingrid.user.attention.from', ''),
(2333, 201, 'user.custom.ingrid.user.confirmid', '3624b336387ffbfa69ca88a6c4d90f6c'),
(2334, 201, 'user.custom.ingrid.user.interest', '0'),
(2335, 201, 'user.custom.ingrid.user.profession', '0'),
(2336, 201, 'user.custom.ingrid.user.subscribe.newsletter', ''),
(2337, 201, 'user.name.family', 'Taeger'),
(2338, 201, 'user.name.given', 'Anke'),
(2339, 201, 'user.name.prefix', '0'),
(2340, 202, 'user.business-info.online.email', 'birgit.boerner@uba.de'),
(2341, 202, 'user.business-info.postal.city', 'Dessau'),
(2342, 202, 'user.business-info.postal.postalcode', '06844'),
(2343, 202, 'user.business-info.postal.street', 'Wörlitzer Platz 1'),
(2344, 202, 'user.custom.ingrid.user.age.group', '4'),
(2345, 202, 'user.custom.ingrid.user.attention.from', 'Beruf'),
(2346, 202, 'user.custom.ingrid.user.confirmid', '6d65f2c79c6323f42f592ffded8b15b8'),
(2347, 202, 'user.custom.ingrid.user.interest', '1'),
(2348, 202, 'user.custom.ingrid.user.profession', '4'),
(2349, 202, 'user.custom.ingrid.user.subscribe.newsletter', ''),
(2350, 202, 'user.name.family', 'Börner'),
(2351, 202, 'user.name.given', 'Birgit'),
(2352, 202, 'user.name.prefix', '1'),
(2353, 203, 'user.business-info.online.email', 'birgit.boerner@uba.de'),
(2354, 203, 'user.business-info.postal.city', ''),
(2355, 203, 'user.business-info.postal.postalcode', ''),
(2356, 203, 'user.business-info.postal.street', ''),
(2357, 203, 'user.custom.ingrid.user.age.group', '7'),
(2358, 203, 'user.custom.ingrid.user.attention.from', ''),
(2359, 203, 'user.custom.ingrid.user.confirmid', 'bb9ce7158d240fa73d172ca9ceef280d'),
(2360, 203, 'user.custom.ingrid.user.interest', '1'),
(2361, 203, 'user.custom.ingrid.user.profession', '4'),
(2362, 203, 'user.custom.ingrid.user.subscribe.newsletter', ''),
(2363, 203, 'user.name.family', 'Börner'),
(2364, 203, 'user.name.given', 'Birgit'),
(2365, 203, 'user.name.prefix', '1'),
(2366, 204, 'user.business-info.online.email', 'jutta@steckeweh.de'),
(2367, 204, 'user.business-info.postal.city', ''),
(2368, 204, 'user.business-info.postal.postalcode', ''),
(2369, 204, 'user.business-info.postal.street', ''),
(2370, 204, 'user.custom.ingrid.user.age.group', '0'),
(2371, 204, 'user.custom.ingrid.user.attention.from', ''),
(2372, 204, 'user.custom.ingrid.user.confirmid', '77d84cf7fe5a022374994f605af06d57'),
(2373, 204, 'user.custom.ingrid.user.interest', '0'),
(2374, 204, 'user.custom.ingrid.user.profession', '0'),
(2375, 204, 'user.custom.ingrid.user.subscribe.newsletter', ''),
(2376, 204, 'user.name.family', 'Steckeweh'),
(2377, 204, 'user.name.given', 'Jutta'),
(2378, 204, 'user.name.prefix', '1'),
(2379, 205, 'user.business-info.online.email', 'wolfgang.fritsche@gd.nrw.de'),
(2380, 205, 'user.business-info.postal.city', ''),
(2381, 205, 'user.business-info.postal.postalcode', ''),
(2382, 205, 'user.business-info.postal.street', ''),
(2383, 205, 'user.custom.ingrid.user.age.group', '0'),
(2384, 205, 'user.custom.ingrid.user.attention.from', ''),
(2385, 205, 'user.custom.ingrid.user.confirmid', '39b53cf3e271f9b9dc0c5ac85e45e9bb'),
(2386, 205, 'user.custom.ingrid.user.interest', '1'),
(2387, 205, 'user.custom.ingrid.user.profession', '4'),
(2388, 205, 'user.custom.ingrid.user.subscribe.newsletter', '1'),
(2389, 205, 'user.name.family', 'Fritsche'),
(2390, 205, 'user.name.given', 'Wolfgang'),
(2391, 205, 'user.name.prefix', '0'),
(2392, 206, 'user.business-info.online.email', 'fred.ludwigh@llur.landsh.de'),
(2393, 206, 'user.business-info.postal.city', 'Lübeck'),
(2394, 206, 'user.business-info.postal.postalcode', '23554'),
(2395, 206, 'user.business-info.postal.street', 'Schwartauer Landstraße 11'),
(2396, 206, 'user.custom.ingrid.user.age.group', '4'),
(2397, 206, 'user.custom.ingrid.user.attention.from', ''),
(2398, 206, 'user.custom.ingrid.user.confirmid', 'ef810891b8223e67ae2bfbc73e508143'),
(2399, 206, 'user.custom.ingrid.user.interest', '1'),
(2400, 206, 'user.custom.ingrid.user.profession', '4'),
(2401, 206, 'user.custom.ingrid.user.subscribe.newsletter', ''),
(2402, 206, 'user.name.family', 'Ludwigh'),
(2403, 206, 'user.name.given', 'Fred'),
(2404, 206, 'user.name.prefix', '2'),
(2405, 207, 'user.business-info.online.email', 'a@a.de'),
(2406, 207, 'user.business-info.postal.city', ''),
(2407, 207, 'user.business-info.postal.postalcode', ''),
(2408, 207, 'user.business-info.postal.street', ''),
(2409, 207, 'user.custom.ingrid.user.age.group', '0'),
(2410, 207, 'user.custom.ingrid.user.attention.from', ''),
(2411, 207, 'user.custom.ingrid.user.confirmid', 'ff200920d02b8e34b0cc35bf2b62ef70'),
(2412, 207, 'user.custom.ingrid.user.interest', '0'),
(2413, 207, 'user.custom.ingrid.user.profession', '0'),
(2414, 207, 'user.custom.ingrid.user.subscribe.newsletter', ''),
(2415, 207, 'user.name.family', 'se_provider'),
(2416, 207, 'user.name.given', 'wemove_aw'),
(2417, 207, 'user.name.prefix', '0'),
(2418, 208, 'user.business-info.online.email', 'chiharu@wcorecom'),
(2419, 208, 'user.business-info.postal.city', ''),
(2420, 208, 'user.business-info.postal.postalcode', ''),
(2421, 208, 'user.business-info.postal.street', ''),
(2422, 208, 'user.custom.ingrid.user.age.group', '0'),
(2423, 208, 'user.custom.ingrid.user.attention.from', ''),
(2424, 208, 'user.custom.ingrid.user.confirmid', 'f955138aab17a01aff6d9bde5306bdf3'),
(2425, 208, 'user.custom.ingrid.user.interest', '0'),
(2426, 208, 'user.custom.ingrid.user.profession', '0'),
(2427, 208, 'user.custom.ingrid.user.subscribe.newsletter', ''),
(2428, 208, 'user.name.family', 'Joutard'),
(2429, 208, 'user.name.given', 'Chiharu'),
(2430, 208, 'user.name.prefix', '1'),
(2431, 209, 'user.business-info.online.email', 'chiharu@wcore.com'),
(2432, 209, 'user.business-info.postal.city', ''),
(2433, 209, 'user.business-info.postal.postalcode', ''),
(2434, 209, 'user.business-info.postal.street', ''),
(2435, 209, 'user.custom.ingrid.user.age.group', '0'),
(2436, 209, 'user.custom.ingrid.user.attention.from', ''),
(2437, 209, 'user.custom.ingrid.user.confirmid', '2072087810f7e3b4cdd4b7a6e02affbd'),
(2438, 209, 'user.custom.ingrid.user.interest', '0'),
(2439, 209, 'user.custom.ingrid.user.profession', '0'),
(2440, 209, 'user.custom.ingrid.user.subscribe.newsletter', ''),
(2441, 209, 'user.name.family', 'Joutard'),
(2442, 209, 'user.name.given', 'Chiharu'),
(2443, 209, 'user.name.prefix', '1'),
(2444, 210, 'user.business-info.online.email', 'ylz365kl@gmail.com'),
(2445, 210, 'user.business-info.postal.city', ''),
(2446, 210, 'user.business-info.postal.postalcode', ''),
(2447, 210, 'user.business-info.postal.street', ''),
(2448, 210, 'user.custom.ingrid.user.age.group', '0'),
(2449, 210, 'user.custom.ingrid.user.attention.from', ''),
(2450, 210, 'user.custom.ingrid.user.confirmid', 'a70dc6e3f7ecc3315178b47fc60e17d6'),
(2451, 210, 'user.custom.ingrid.user.interest', '0'),
(2452, 210, 'user.custom.ingrid.user.profession', '0'),
(2453, 210, 'user.custom.ingrid.user.subscribe.newsletter', ''),
(2454, 210, 'user.name.family', 'sichong'),
(2455, 210, 'user.name.given', 'chang'),
(2456, 210, 'user.name.prefix', '0'),
(2457, 211, 'user.business-info.online.email', 'michael.benz@wemove.com'),
(2458, 211, 'user.business-info.postal.city', ''),
(2459, 211, 'user.business-info.postal.postalcode', ''),
(2460, 211, 'user.business-info.postal.street', ''),
(2461, 211, 'user.custom.ingrid.user.age.group', '0'),
(2462, 211, 'user.custom.ingrid.user.attention.from', ''),
(2463, 211, 'user.custom.ingrid.user.confirmid', '0e59d4f2d7fa21b33f99c5c330405de7'),
(2464, 211, 'user.custom.ingrid.user.interest', '0'),
(2465, 211, 'user.custom.ingrid.user.profession', '0'),
(2466, 211, 'user.custom.ingrid.user.subscribe.newsletter', ''),
(2467, 211, 'user.name.family', 'Benz'),
(2468, 211, 'user.name.given', 'Michael'),
(2469, 211, 'user.name.prefix', '2'),
(2470, 212, 'user.business-info.online.email', 'koerner@fh-brandenburg.de'),
(2471, 212, 'user.business-info.postal.city', ''),
(2472, 212, 'user.business-info.postal.postalcode', ''),
(2473, 212, 'user.business-info.postal.street', ''),
(2474, 212, 'user.custom.ingrid.user.age.group', '0'),
(2475, 212, 'user.custom.ingrid.user.attention.from', ''),
(2476, 212, 'user.custom.ingrid.user.confirmid', '1bd09fbc678174860c339cf9dd2585a2'),
(2477, 212, 'user.custom.ingrid.user.interest', '0'),
(2478, 212, 'user.custom.ingrid.user.profession', '0'),
(2479, 212, 'user.custom.ingrid.user.subscribe.newsletter', ''),
(2480, 212, 'user.name.family', 'Körner'),
(2481, 212, 'user.name.given', 'Roland'),
(2482, 212, 'user.name.prefix', '2'),
(2483, 213, 'user.business-info.online.email', 'sauermilch@foni.net'),
(2484, 213, 'user.business-info.postal.city', ''),
(2485, 213, 'user.business-info.postal.postalcode', ''),
(2486, 213, 'user.business-info.postal.street', ''),
(2487, 213, 'user.custom.ingrid.user.age.group', '0'),
(2488, 213, 'user.custom.ingrid.user.attention.from', ''),
(2489, 213, 'user.custom.ingrid.user.confirmid', 'd89d3163d659c8a5ba42432e73a89586'),
(2490, 213, 'user.custom.ingrid.user.interest', '0'),
(2491, 213, 'user.custom.ingrid.user.profession', '0'),
(2492, 213, 'user.custom.ingrid.user.subscribe.newsletter', ''),
(2493, 213, 'user.name.family', 'Sauermilch'),
(2494, 213, 'user.name.given', 'Walter'),
(2495, 213, 'user.name.prefix', '0'),
(2496, 214, 'user.business-info.online.email', 'heike.sommer@bfn.de'),
(2497, 214, 'user.business-info.postal.city', ''),
(2498, 214, 'user.business-info.postal.postalcode', ''),
(2499, 214, 'user.business-info.postal.street', ''),
(2500, 214, 'user.custom.ingrid.user.age.group', '0'),
(2501, 214, 'user.custom.ingrid.user.attention.from', ''),
(2502, 214, 'user.custom.ingrid.user.confirmid', '41568e0d2c81df40f2ed882c269ab2d4'),
(2503, 214, 'user.custom.ingrid.user.interest', '0'),
(2504, 214, 'user.custom.ingrid.user.profession', '0'),
(2505, 214, 'user.custom.ingrid.user.subscribe.newsletter', ''),
(2506, 214, 'user.name.family', 'Sommer'),
(2507, 214, 'user.name.given', 'Heike'),
(2508, 214, 'user.name.prefix', '1'),
(2509, 215, 'user.business-info.online.email', 'paul.r.lancaster@btinternet.com'),
(2510, 215, 'user.business-info.postal.city', ''),
(2511, 215, 'user.business-info.postal.postalcode', ''),
(2512, 215, 'user.business-info.postal.street', ''),
(2513, 215, 'user.custom.ingrid.user.age.group', '0'),
(2514, 215, 'user.custom.ingrid.user.attention.from', ''),
(2515, 215, 'user.custom.ingrid.user.confirmid', '0ad30a5d25cdb298678230bdb8a2b686'),
(2516, 215, 'user.custom.ingrid.user.interest', '0'),
(2517, 215, 'user.custom.ingrid.user.profession', '0'),
(2518, 215, 'user.custom.ingrid.user.subscribe.newsletter', ''),
(2519, 215, 'user.name.family', 'smith'),
(2520, 215, 'user.name.given', 'jim'),
(2521, 215, 'user.name.prefix', '2'),
(2522, 216, 'user.business-info.online.email', 'joachim.siebold@munlv.nrw.de'),
(2523, 216, 'user.business-info.postal.city', ''),
(2524, 216, 'user.business-info.postal.postalcode', ''),
(2525, 216, 'user.business-info.postal.street', ''),
(2526, 216, 'user.custom.ingrid.user.age.group', '0'),
(2527, 216, 'user.custom.ingrid.user.attention.from', ''),
(2528, 216, 'user.custom.ingrid.user.confirmid', '6e8dc4cfeb546e13d1b3dda00cd70ddc'),
(2529, 216, 'user.custom.ingrid.user.interest', '0'),
(2530, 216, 'user.custom.ingrid.user.profession', '0'),
(2531, 216, 'user.custom.ingrid.user.subscribe.newsletter', ''),
(2532, 216, 'user.name.family', 'Joachim'),
(2533, 216, 'user.name.given', 'Siebold'),
(2534, 216, 'user.name.prefix', '0'),
(2535, 217, 'user.business-info.online.email', 'andre.wallat@wemove.com'),
(2536, 217, 'user.business-info.postal.city', 'Somewhere'),
(2537, 217, 'user.business-info.postal.postalcode', '98765'),
(2538, 217, 'user.business-info.postal.street', 'Teststr / 12345'),
(2539, 217, 'user.custom.ingrid.user.age.group', '2'),
(2540, 217, 'user.custom.ingrid.user.attention.from', 'Zeitung'),
(2541, 217, 'user.custom.ingrid.user.confirmid', '15d96c72e30a11e50ea12442e4d3aac9'),
(2542, 217, 'user.custom.ingrid.user.interest', '1'),
(2543, 217, 'user.custom.ingrid.user.profession', '6'),
(2544, 217, 'user.custom.ingrid.user.subscribe.newsletter', ''),
(2545, 217, 'user.name.family', 'Test_Nachname'),
(2546, 217, 'user.name.given', 'Test_Vorname'),
(2547, 217, 'user.name.prefix', '2'),
(2548, 218, 'user.business-info.online.email', 'daniela.schleder@lvg.bayern.de'),
(2549, 218, 'user.business-info.postal.city', 'München'),
(2550, 218, 'user.business-info.postal.postalcode', '80538'),
(2551, 218, 'user.business-info.postal.street', 'Alexandrsstr. 4'),
(2552, 218, 'user.custom.ingrid.user.age.group', '0'),
(2553, 218, 'user.custom.ingrid.user.attention.from', ''),
(2554, 218, 'user.custom.ingrid.user.confirmid', '2882adb999768b351b7cdfeb5d1b3426'),
(2555, 218, 'user.custom.ingrid.user.interest', '0'),
(2556, 218, 'user.custom.ingrid.user.profession', '0'),
(2557, 218, 'user.custom.ingrid.user.subscribe.newsletter', ''),
(2558, 218, 'user.name.family', 'Schleder'),
(2559, 218, 'user.name.given', 'Daniela'),
(2560, 218, 'user.name.prefix', '0'),
(2561, 219, 'user.business-info.online.email', 'sabrina.guckel@gv.hamburg.de'),
(2562, 219, 'user.business-info.postal.city', ''),
(2563, 219, 'user.business-info.postal.postalcode', ''),
(2564, 219, 'user.business-info.postal.street', ''),
(2565, 219, 'user.custom.ingrid.user.age.group', '3'),
(2566, 219, 'user.custom.ingrid.user.attention.from', ''),
(2567, 219, 'user.custom.ingrid.user.confirmid', 'f6ad14bf0094a39fd23aaa5bda32caab'),
(2568, 219, 'user.custom.ingrid.user.interest', '1'),
(2569, 219, 'user.custom.ingrid.user.profession', '4'),
(2570, 219, 'user.custom.ingrid.user.subscribe.newsletter', '1'),
(2571, 219, 'user.name.family', 'Guckel'),
(2572, 219, 'user.name.given', 'Sabrina'),
(2573, 219, 'user.name.prefix', '1'),
(2574, 220, 'user.business-info.online.email', 'viorel_birsan@yahoo.com'),
(2575, 220, 'user.business-info.postal.city', ''),
(2576, 220, 'user.business-info.postal.postalcode', ''),
(2577, 220, 'user.business-info.postal.street', ''),
(2578, 220, 'user.custom.ingrid.user.age.group', '3'),
(2579, 220, 'user.custom.ingrid.user.attention.from', ''),
(2580, 220, 'user.custom.ingrid.user.confirmid', 'd99d5e944afc849b922e07916b027d2f'),
(2581, 220, 'user.custom.ingrid.user.interest', '2'),
(2582, 220, 'user.custom.ingrid.user.profession', '8'),
(2583, 220, 'user.custom.ingrid.user.subscribe.newsletter', ''),
(2584, 220, 'user.name.family', 'Birsan'),
(2585, 220, 'user.name.given', 'Viorel'),
(2586, 220, 'user.name.prefix', '2'),
(2587, 221, 'user.business-info.online.email', 'klaus@schoenowski.de'),
(2588, 221, 'user.business-info.postal.city', ''),
(2589, 221, 'user.business-info.postal.postalcode', ''),
(2590, 221, 'user.business-info.postal.street', ''),
(2591, 221, 'user.custom.ingrid.user.age.group', '0'),
(2592, 221, 'user.custom.ingrid.user.attention.from', ''),
(2593, 221, 'user.custom.ingrid.user.confirmid', 'eb809f51949f24061c135383d614eb82'),
(2594, 221, 'user.custom.ingrid.user.interest', '0'),
(2595, 221, 'user.custom.ingrid.user.profession', '0'),
(2596, 221, 'user.custom.ingrid.user.subscribe.newsletter', ''),
(2597, 221, 'user.name.family', 'Schönowski'),
(2598, 221, 'user.name.given', 'Klaus'),
(2599, 221, 'user.name.prefix', '0'),
(2600, 222, 'user.business-info.online.email', 'pia-datenbank@web.de'),
(2601, 222, 'user.business-info.postal.city', 'Kehl'),
(2602, 222, 'user.business-info.postal.postalcode', '77694'),
(2603, 222, 'user.business-info.postal.street', 'Lazarus- Mannheimer- Strasse 4'),
(2604, 222, 'user.custom.ingrid.user.age.group', '4'),
(2605, 222, 'user.custom.ingrid.user.attention.from', 'Google'),
(2606, 222, 'user.custom.ingrid.user.confirmid', '4bc6b3b93e5c7ee0f2caa5c92a7ff1d7'),
(2607, 222, 'user.custom.ingrid.user.interest', '1'),
(2608, 222, 'user.custom.ingrid.user.profession', '3'),
(2609, 222, 'user.custom.ingrid.user.subscribe.newsletter', '1'),
(2610, 222, 'user.name.family', 'Gruschka'),
(2611, 222, 'user.name.given', 'Frank'),
(2612, 222, 'user.name.prefix', '2'),
(2613, 223, 'user.business-info.online.email', 'joerg.studt@basfi.hamburg.de'),
(2614, 223, 'user.business-info.postal.city', 'Hamburg'),
(2615, 223, 'user.business-info.postal.postalcode', '22083'),
(2616, 223, 'user.business-info.postal.street', 'Hamburger Strasse 47'),
(2617, 223, 'user.custom.ingrid.user.age.group', '0'),
(2618, 223, 'user.custom.ingrid.user.attention.from', ''),
(2619, 223, 'user.custom.ingrid.user.confirmid', '7aa68b482e806d77025516534544834f'),
(2620, 223, 'user.custom.ingrid.user.interest', '1'),
(2621, 223, 'user.custom.ingrid.user.profession', '4'),
(2622, 223, 'user.custom.ingrid.user.subscribe.newsletter', ''),
(2623, 223, 'user.name.family', 'Studt'),
(2624, 223, 'user.name.given', 'Jörg'),
(2625, 223, 'user.name.prefix', '2'),
(2626, 224, 'user.business-info.online.email', 'Werner.John@basfi.hamburg.de'),
(2627, 224, 'user.business-info.postal.city', 'Hamburg'),
(2628, 224, 'user.business-info.postal.postalcode', '22083'),
(2629, 224, 'user.business-info.postal.street', 'Hamburger Straße 47'),
(2630, 224, 'user.custom.ingrid.user.age.group', '0'),
(2631, 224, 'user.custom.ingrid.user.attention.from', ''),
(2632, 224, 'user.custom.ingrid.user.confirmid', '504c4a441b92fecb4a9e61c63941e013'),
(2633, 224, 'user.custom.ingrid.user.interest', '1'),
(2634, 224, 'user.custom.ingrid.user.profession', '4'),
(2635, 224, 'user.custom.ingrid.user.subscribe.newsletter', ''),
(2636, 224, 'user.name.family', 'John'),
(2637, 224, 'user.name.given', 'Werner'),
(2638, 224, 'user.name.prefix', '0'),
(2639, 225, 'user.business-info.online.email', 'garnet.hofmann@llur.landsh.de'),
(2640, 225, 'user.business-info.postal.city', 'Flintbek'),
(2641, 225, 'user.business-info.postal.postalcode', '24220'),
(2642, 225, 'user.business-info.postal.street', 'Hamburger Chausee 25'),
(2643, 225, 'user.custom.ingrid.user.age.group', '0'),
(2644, 225, 'user.custom.ingrid.user.attention.from', ''),
(2645, 225, 'user.custom.ingrid.user.confirmid', '5d915c1ea455dea7c20d9f155c27b0a9'),
(2646, 225, 'user.custom.ingrid.user.interest', '1'),
(2647, 225, 'user.custom.ingrid.user.profession', '4'),
(2648, 225, 'user.custom.ingrid.user.subscribe.newsletter', '1'),
(2649, 225, 'user.name.family', 'Hofmann'),
(2650, 225, 'user.name.given', 'Garnet'),
(2651, 225, 'user.name.prefix', '1'),
(2652, 226, 'user.business-info.online.email', 'Thomas.Toepfer@panta.de'),
(2653, 226, 'user.business-info.postal.city', ''),
(2654, 226, 'user.business-info.postal.postalcode', ''),
(2655, 226, 'user.business-info.postal.street', ''),
(2656, 226, 'user.custom.ingrid.user.age.group', '3'),
(2657, 226, 'user.custom.ingrid.user.attention.from', ''),
(2658, 226, 'user.custom.ingrid.user.confirmid', 'e4f4e2f3634cb9185d2930ddc238d5cd'),
(2659, 226, 'user.custom.ingrid.user.interest', '1'),
(2660, 226, 'user.custom.ingrid.user.profession', '8'),
(2661, 226, 'user.custom.ingrid.user.subscribe.newsletter', '1'),
(2662, 226, 'user.name.family', 'Töpfer'),
(2663, 226, 'user.name.given', 'Thomas'),
(2664, 226, 'user.name.prefix', '2'),
(2665, 227, 'user.business-info.online.email', 'Thomas.Toepfer@panta.de'),
(2666, 227, 'user.business-info.postal.city', ''),
(2667, 227, 'user.business-info.postal.postalcode', ''),
(2668, 227, 'user.business-info.postal.street', ''),
(2669, 227, 'user.custom.ingrid.user.age.group', '0'),
(2670, 227, 'user.custom.ingrid.user.attention.from', ''),
(2671, 227, 'user.custom.ingrid.user.confirmid', 'c6ab5f74fba4c8b4cd230642383e0be4'),
(2672, 227, 'user.custom.ingrid.user.interest', '0'),
(2673, 227, 'user.custom.ingrid.user.profession', '0'),
(2674, 227, 'user.custom.ingrid.user.subscribe.newsletter', ''),
(2675, 227, 'user.name.family', 'Töpfer'),
(2676, 227, 'user.name.given', 'Thomas'),
(2677, 227, 'user.name.prefix', '2'),
(2678, 228, 'user.business-info.online.email', 'ronald.mordhorst@gv.hamburg.de'),
(2679, 228, 'user.business-info.postal.city', ''),
(2680, 228, 'user.business-info.postal.postalcode', ''),
(2681, 228, 'user.business-info.postal.street', ''),
(2682, 228, 'user.custom.ingrid.user.age.group', '0'),
(2683, 228, 'user.custom.ingrid.user.attention.from', ''),
(2684, 228, 'user.custom.ingrid.user.confirmid', '44a2feafe1dca4615e529c811c0ad237'),
(2685, 228, 'user.custom.ingrid.user.interest', '0'),
(2686, 228, 'user.custom.ingrid.user.profession', '0'),
(2687, 228, 'user.custom.ingrid.user.subscribe.newsletter', '1'),
(2688, 228, 'user.name.family', 'Mordhorst'),
(2689, 228, 'user.name.given', 'Ronald'),
(2690, 228, 'user.name.prefix', '0'),
(2691, 229, 'user.business-info.online.email', 'peter.abraham@gv.hamburg.de'),
(2692, 229, 'user.business-info.postal.city', ''),
(2693, 229, 'user.business-info.postal.postalcode', ''),
(2694, 229, 'user.business-info.postal.street', ''),
(2695, 229, 'user.custom.ingrid.user.age.group', '0'),
(2696, 229, 'user.custom.ingrid.user.attention.from', ''),
(2697, 229, 'user.custom.ingrid.user.confirmid', '7f1ca6824237301eef0e6f6b5d7b9868'),
(2698, 229, 'user.custom.ingrid.user.interest', '0'),
(2699, 229, 'user.custom.ingrid.user.profession', '0'),
(2700, 229, 'user.custom.ingrid.user.subscribe.newsletter', ''),
(2701, 229, 'user.name.family', 'Abraham'),
(2702, 229, 'user.name.given', 'Peter'),
(2703, 229, 'user.name.prefix', '2'),
(2704, 230, 'user.business-info.online.email', 'g.thomas@brain-scc.de'),
(2705, 230, 'user.business-info.postal.city', ''),
(2706, 230, 'user.business-info.postal.postalcode', ''),
(2707, 230, 'user.business-info.postal.street', '');
INSERT INTO `security_attribute` (`ATTR_ID`, `PRINCIPAL_ID`, `ATTR_NAME`, `ATTR_VALUE`) VALUES
(2708, 230, 'user.custom.ingrid.user.age.group', '2'),
(2709, 230, 'user.custom.ingrid.user.attention.from', ''),
(2710, 230, 'user.custom.ingrid.user.confirmid', '15478493cbeeaaef8b009f39ada786ff'),
(2711, 230, 'user.custom.ingrid.user.interest', '1'),
(2712, 230, 'user.custom.ingrid.user.profession', '6'),
(2713, 230, 'user.custom.ingrid.user.subscribe.newsletter', ''),
(2714, 230, 'user.name.family', 'Thomas'),
(2715, 230, 'user.name.given', 'Gunter'),
(2716, 230, 'user.name.prefix', '2'),
(2717, 231, 'user.business-info.online.email', 'clemens.hasse@uba.de'),
(2718, 231, 'user.business-info.postal.city', 'Dessau'),
(2719, 231, 'user.business-info.postal.postalcode', '06844'),
(2720, 231, 'user.business-info.postal.street', 'Wörlitzer Platz 1'),
(2721, 231, 'user.custom.ingrid.user.age.group', '3'),
(2722, 231, 'user.custom.ingrid.user.attention.from', 'Kollegen'),
(2723, 231, 'user.custom.ingrid.user.confirmid', '75dcad504578614e131b65ee51e8b5de'),
(2724, 231, 'user.custom.ingrid.user.interest', '1'),
(2725, 231, 'user.custom.ingrid.user.profession', '4'),
(2726, 231, 'user.custom.ingrid.user.subscribe.newsletter', '1'),
(2727, 231, 'user.name.family', 'Haße'),
(2728, 231, 'user.name.given', 'Clemens'),
(2729, 231, 'user.name.prefix', '2'),
(2730, 232, 'user.business-info.online.email', 'johannes.venjakob@wupperinst.org'),
(2731, 232, 'user.business-info.postal.city', ''),
(2732, 232, 'user.business-info.postal.postalcode', ''),
(2733, 232, 'user.business-info.postal.street', ''),
(2734, 232, 'user.custom.ingrid.user.age.group', '0'),
(2735, 232, 'user.custom.ingrid.user.attention.from', ''),
(2736, 232, 'user.custom.ingrid.user.confirmid', '9cb85a4527ab47005db528b11b459c35'),
(2737, 232, 'user.custom.ingrid.user.interest', '0'),
(2738, 232, 'user.custom.ingrid.user.profession', '0'),
(2739, 232, 'user.custom.ingrid.user.subscribe.newsletter', ''),
(2740, 232, 'user.name.family', 'Venjakob'),
(2741, 232, 'user.name.given', 'Johannes'),
(2742, 232, 'user.name.prefix', '0'),
(2743, 233, 'user.business-info.online.email', 'Annette.Suthau@bsu.hamburg.de'),
(2744, 233, 'user.business-info.postal.city', ''),
(2745, 233, 'user.business-info.postal.postalcode', ''),
(2746, 233, 'user.business-info.postal.street', ''),
(2747, 233, 'user.custom.ingrid.user.age.group', '0'),
(2748, 233, 'user.custom.ingrid.user.attention.from', ''),
(2749, 233, 'user.custom.ingrid.user.confirmid', 'fe58ef339669cd6877172640cce80593'),
(2750, 233, 'user.custom.ingrid.user.interest', '0'),
(2751, 233, 'user.custom.ingrid.user.profession', '0'),
(2752, 233, 'user.custom.ingrid.user.subscribe.newsletter', ''),
(2753, 233, 'user.name.family', 'Suthau'),
(2754, 233, 'user.name.given', 'Annette'),
(2755, 233, 'user.name.prefix', '0'),
(2756, 234, 'user.business-info.online.email', 'joern.beulke@geo.bremen.de'),
(2757, 234, 'user.business-info.postal.city', 'Bremen'),
(2758, 234, 'user.business-info.postal.postalcode', '28217'),
(2759, 234, 'user.business-info.postal.street', 'Lloydstr. 4'),
(2760, 234, 'user.custom.ingrid.user.age.group', '4'),
(2761, 234, 'user.custom.ingrid.user.attention.from', 'Dr. Lühmann :-)'),
(2762, 234, 'user.custom.ingrid.user.confirmid', 'c5f81683b9d6c8318e6f8272883ae41f'),
(2763, 234, 'user.custom.ingrid.user.interest', '1'),
(2764, 234, 'user.custom.ingrid.user.profession', '4'),
(2765, 234, 'user.custom.ingrid.user.subscribe.newsletter', '1'),
(2766, 234, 'user.name.family', 'Beulke'),
(2767, 234, 'user.name.given', 'Jörn'),
(2768, 234, 'user.name.prefix', '2'),
(2769, 235, 'user.business-info.online.email', 'andre.wollmann@stud.hs-merseburg.de'),
(2770, 235, 'user.business-info.postal.city', ''),
(2771, 235, 'user.business-info.postal.postalcode', ''),
(2772, 235, 'user.business-info.postal.street', ''),
(2773, 235, 'user.custom.ingrid.user.age.group', '2'),
(2774, 235, 'user.custom.ingrid.user.attention.from', ''),
(2775, 235, 'user.custom.ingrid.user.confirmid', '242403edb294a0fbbe7e0bc01ddd5b7d'),
(2776, 235, 'user.custom.ingrid.user.interest', '1'),
(2777, 235, 'user.custom.ingrid.user.profession', '6'),
(2778, 235, 'user.custom.ingrid.user.subscribe.newsletter', ''),
(2779, 235, 'user.name.family', 'Wollmann'),
(2780, 235, 'user.name.given', 'André'),
(2781, 235, 'user.name.prefix', '2'),
(2782, 236, 'user.business-info.online.email', 'klaus-dieter.kurze@bsu.hamburg.de'),
(2783, 236, 'user.business-info.postal.city', 'Hamburg'),
(2784, 236, 'user.business-info.postal.postalcode', '20355'),
(2785, 236, 'user.business-info.postal.street', 'Stadthausbrücke 8'),
(2786, 236, 'user.custom.ingrid.user.age.group', '4'),
(2787, 236, 'user.custom.ingrid.user.attention.from', ''),
(2788, 236, 'user.custom.ingrid.user.confirmid', '23b71fcc2bf333e59e21c3d99de9412d'),
(2789, 236, 'user.custom.ingrid.user.interest', '1'),
(2790, 236, 'user.custom.ingrid.user.profession', '4'),
(2791, 236, 'user.custom.ingrid.user.subscribe.newsletter', ''),
(2792, 236, 'user.name.family', 'Kurze'),
(2793, 236, 'user.name.given', 'Klaus-Dieter'),
(2794, 236, 'user.name.prefix', '2'),
(2795, 237, 'user.business-info.online.email', 'katrin.matzke@gv.hamburg.de'),
(2796, 237, 'user.business-info.postal.city', ''),
(2797, 237, 'user.business-info.postal.postalcode', ''),
(2798, 237, 'user.business-info.postal.street', ''),
(2799, 237, 'user.custom.ingrid.user.age.group', '0'),
(2800, 237, 'user.custom.ingrid.user.attention.from', ''),
(2801, 237, 'user.custom.ingrid.user.confirmid', '4968867dcb0b4793170ac526b1082dd3'),
(2802, 237, 'user.custom.ingrid.user.interest', '0'),
(2803, 237, 'user.custom.ingrid.user.profession', '0'),
(2804, 237, 'user.custom.ingrid.user.subscribe.newsletter', ''),
(2805, 237, 'user.name.family', 'Matzke'),
(2806, 237, 'user.name.given', 'Katrin'),
(2807, 237, 'user.name.prefix', '1'),
(2808, 238, 'user.business-info.online.email', 'iris.buening@bsu.hamburg.de'),
(2809, 238, 'user.business-info.postal.city', ''),
(2810, 238, 'user.business-info.postal.postalcode', ''),
(2811, 238, 'user.business-info.postal.street', ''),
(2812, 238, 'user.custom.ingrid.user.age.group', '0'),
(2813, 238, 'user.custom.ingrid.user.attention.from', ''),
(2814, 238, 'user.custom.ingrid.user.confirmid', '47bed9b7580b966ef1a6187060c2f752'),
(2815, 238, 'user.custom.ingrid.user.interest', '0'),
(2816, 238, 'user.custom.ingrid.user.profession', '0'),
(2817, 238, 'user.custom.ingrid.user.subscribe.newsletter', ''),
(2818, 238, 'user.name.family', 'Buening'),
(2819, 238, 'user.name.given', 'Iris'),
(2820, 238, 'user.name.prefix', '1'),
(2821, 239, 'user.business-info.online.email', 'rina.gerhrad@lsbg.hamburg.de'),
(2822, 239, 'user.business-info.postal.city', 'Hamburg'),
(2823, 239, 'user.business-info.postal.postalcode', '20097 '),
(2824, 239, 'user.business-info.postal.street', 'Sachsenfeld 3-5'),
(2825, 239, 'user.custom.ingrid.user.age.group', '3'),
(2826, 239, 'user.custom.ingrid.user.attention.from', ''),
(2827, 239, 'user.custom.ingrid.user.confirmid', '9e59d4eee35a4a20e2e1059011349e29'),
(2828, 239, 'user.custom.ingrid.user.interest', '1'),
(2829, 239, 'user.custom.ingrid.user.profession', '2'),
(2830, 239, 'user.custom.ingrid.user.subscribe.newsletter', ''),
(2831, 239, 'user.name.family', 'Gerhard'),
(2832, 239, 'user.name.given', 'Rina'),
(2833, 239, 'user.name.prefix', '1'),
(2834, 240, 'user.business-info.online.email', 'gerhard.schneider@hamburg-nord.hamburg.de'),
(2835, 240, 'user.business-info.postal.city', 'Geesthacht'),
(2836, 240, 'user.business-info.postal.postalcode', '21502'),
(2837, 240, 'user.business-info.postal.street', 'Buchenhof 3'),
(2838, 240, 'user.custom.ingrid.user.age.group', '5'),
(2839, 240, 'user.custom.ingrid.user.attention.from', 'Durch Mitarbeit Arbeitskreis Hamburger Metadatenkatalog'),
(2840, 240, 'user.custom.ingrid.user.confirmid', '2926b1a66077efbe22f4c7cc9c5e0126'),
(2841, 240, 'user.custom.ingrid.user.interest', '1'),
(2842, 240, 'user.custom.ingrid.user.profession', '4'),
(2843, 240, 'user.custom.ingrid.user.subscribe.newsletter', '1'),
(2844, 240, 'user.name.family', 'Schneider'),
(2845, 240, 'user.name.given', 'Gerhard'),
(2846, 240, 'user.name.prefix', '2'),
(2847, 241, 'user.business-info.online.email', 'heiko.schmidt@gv.hamburg.de'),
(2848, 241, 'user.business-info.postal.city', ''),
(2849, 241, 'user.business-info.postal.postalcode', ''),
(2850, 241, 'user.business-info.postal.street', ''),
(2851, 241, 'user.custom.ingrid.user.age.group', '0'),
(2852, 241, 'user.custom.ingrid.user.attention.from', ''),
(2853, 241, 'user.custom.ingrid.user.confirmid', '3d6b0cff046123e83a8f057d6a796e07'),
(2854, 241, 'user.custom.ingrid.user.interest', '0'),
(2855, 241, 'user.custom.ingrid.user.profession', '0'),
(2856, 241, 'user.custom.ingrid.user.subscribe.newsletter', ''),
(2857, 241, 'user.name.family', 'Schmidt'),
(2858, 241, 'user.name.given', 'Heiko'),
(2859, 241, 'user.name.prefix', '0'),
(2860, 242, 'user.business-info.online.email', 'Katrin.Schulz@gv.Hamburg.de'),
(2861, 242, 'user.business-info.postal.city', ''),
(2862, 242, 'user.business-info.postal.postalcode', ''),
(2863, 242, 'user.business-info.postal.street', ''),
(2864, 242, 'user.custom.ingrid.user.age.group', '0'),
(2865, 242, 'user.custom.ingrid.user.attention.from', ''),
(2866, 242, 'user.custom.ingrid.user.confirmid', '38d981a016314ee132b566ac33ed9d21'),
(2867, 242, 'user.custom.ingrid.user.interest', '0'),
(2868, 242, 'user.custom.ingrid.user.profession', '0'),
(2869, 242, 'user.custom.ingrid.user.subscribe.newsletter', ''),
(2870, 242, 'user.name.family', 'Schulz'),
(2871, 242, 'user.name.given', 'Katrin'),
(2872, 242, 'user.name.prefix', '1'),
(2873, 243, 'user.business-info.online.email', 'klaus-peter.prigge@bsu.hamburg.de'),
(2874, 243, 'user.business-info.postal.city', 'Hamburg'),
(2875, 243, 'user.business-info.postal.postalcode', '20355'),
(2876, 243, 'user.business-info.postal.street', 'Stadthausbrücke 8'),
(2877, 243, 'user.custom.ingrid.user.age.group', '4'),
(2878, 243, 'user.custom.ingrid.user.attention.from', 'durch den Beruf'),
(2879, 243, 'user.custom.ingrid.user.confirmid', '47b4b531280b063b966f57eaa8745e48'),
(2880, 243, 'user.custom.ingrid.user.interest', '1'),
(2881, 243, 'user.custom.ingrid.user.profession', '4'),
(2882, 243, 'user.custom.ingrid.user.subscribe.newsletter', '1'),
(2883, 243, 'user.name.family', 'Prigge'),
(2884, 243, 'user.name.given', 'Klaus-Peter'),
(2885, 243, 'user.name.prefix', '2'),
(2886, 244, 'user.business-info.online.email', 'andreas.giesenberg@bsu.hamburg.de'),
(2887, 244, 'user.business-info.postal.city', ''),
(2888, 244, 'user.business-info.postal.postalcode', ''),
(2889, 244, 'user.business-info.postal.street', ''),
(2890, 244, 'user.custom.ingrid.user.age.group', '0'),
(2891, 244, 'user.custom.ingrid.user.attention.from', ''),
(2892, 244, 'user.custom.ingrid.user.confirmid', 'c09833718506d737569c6a86882820ab'),
(2893, 244, 'user.custom.ingrid.user.interest', '1'),
(2894, 244, 'user.custom.ingrid.user.profession', '4'),
(2895, 244, 'user.custom.ingrid.user.subscribe.newsletter', ''),
(2896, 244, 'user.name.family', 'Giesenberg'),
(2897, 244, 'user.name.given', 'Andreas'),
(2898, 244, 'user.name.prefix', '2'),
(2899, 245, 'user.business-info.online.email', 'gerald.roemer@bsu.hamburg.de'),
(2900, 245, 'user.business-info.postal.city', 'Hamburg'),
(2901, 245, 'user.business-info.postal.postalcode', ''),
(2902, 245, 'user.business-info.postal.street', ''),
(2903, 245, 'user.custom.ingrid.user.age.group', '0'),
(2904, 245, 'user.custom.ingrid.user.attention.from', ''),
(2905, 245, 'user.custom.ingrid.user.confirmid', '59f6fa4a9998c48bc0dfec4acbdc7e46'),
(2906, 245, 'user.custom.ingrid.user.interest', '1'),
(2907, 245, 'user.custom.ingrid.user.profession', '4'),
(2908, 245, 'user.custom.ingrid.user.subscribe.newsletter', '1'),
(2909, 245, 'user.name.family', 'Roemer'),
(2910, 245, 'user.name.given', 'Gerald'),
(2911, 245, 'user.name.prefix', '0'),
(2912, 246, 'user.business-info.online.email', 'ulrike.niemann@bsu.hamburg.de'),
(2913, 246, 'user.business-info.postal.city', 'Hamburg'),
(2914, 246, 'user.business-info.postal.postalcode', '20355'),
(2915, 246, 'user.business-info.postal.street', 'Wexstraße 7'),
(2916, 246, 'user.custom.ingrid.user.age.group', '0'),
(2917, 246, 'user.custom.ingrid.user.attention.from', 'bsu'),
(2918, 246, 'user.custom.ingrid.user.confirmid', 'ba0363f9cd198fda7758b987ea134c63'),
(2919, 246, 'user.custom.ingrid.user.interest', '1'),
(2920, 246, 'user.custom.ingrid.user.profession', '4'),
(2921, 246, 'user.custom.ingrid.user.subscribe.newsletter', '1'),
(2922, 246, 'user.name.family', 'Niemann'),
(2923, 246, 'user.name.given', 'Ulrike'),
(2924, 246, 'user.name.prefix', '0'),
(2925, 247, 'user.business-info.online.email', 'Andre.Grohmann@bsu.hamburg.de'),
(2926, 247, 'user.business-info.postal.city', ''),
(2927, 247, 'user.business-info.postal.postalcode', ''),
(2928, 247, 'user.business-info.postal.street', ''),
(2929, 247, 'user.custom.ingrid.user.age.group', '0'),
(2930, 247, 'user.custom.ingrid.user.attention.from', ''),
(2931, 247, 'user.custom.ingrid.user.confirmid', '17a29238383824c732d2ad1034e8fafd'),
(2932, 247, 'user.custom.ingrid.user.interest', '0'),
(2933, 247, 'user.custom.ingrid.user.profession', '0'),
(2934, 247, 'user.custom.ingrid.user.subscribe.newsletter', ''),
(2935, 247, 'user.name.family', 'Grohmann'),
(2936, 247, 'user.name.given', 'Andre'),
(2937, 247, 'user.name.prefix', '2'),
(2938, 248, 'user.business-info.online.email', 'thomas.wriede@gv.hamburg.de'),
(2939, 248, 'user.business-info.postal.city', ''),
(2940, 248, 'user.business-info.postal.postalcode', ''),
(2941, 248, 'user.business-info.postal.street', ''),
(2942, 248, 'user.custom.ingrid.user.age.group', '0'),
(2943, 248, 'user.custom.ingrid.user.attention.from', ''),
(2944, 248, 'user.custom.ingrid.user.confirmid', 'e1114852ec520cfdc165a08463722df4'),
(2945, 248, 'user.custom.ingrid.user.interest', '0'),
(2946, 248, 'user.custom.ingrid.user.profession', '0'),
(2947, 248, 'user.custom.ingrid.user.subscribe.newsletter', ''),
(2948, 248, 'user.name.family', 'Wriede'),
(2949, 248, 'user.name.given', 'Thomas'),
(2950, 248, 'user.name.prefix', '0'),
(2951, 249, 'user.business-info.online.email', 'reiner.glowinski@bsu.hamburg.de'),
(2952, 249, 'user.business-info.postal.city', ''),
(2953, 249, 'user.business-info.postal.postalcode', ''),
(2954, 249, 'user.business-info.postal.street', ''),
(2955, 249, 'user.custom.ingrid.user.age.group', '0'),
(2956, 249, 'user.custom.ingrid.user.attention.from', ''),
(2957, 249, 'user.custom.ingrid.user.confirmid', 'c8fd4ca2dcbe5d557d615f4afd079308'),
(2958, 249, 'user.custom.ingrid.user.interest', '0'),
(2959, 249, 'user.custom.ingrid.user.profession', '0'),
(2960, 249, 'user.custom.ingrid.user.subscribe.newsletter', '1'),
(2961, 249, 'user.name.family', 'Glowinski'),
(2962, 249, 'user.name.given', 'Reiner'),
(2963, 249, 'user.name.prefix', '0'),
(2964, 250, 'user.business-info.online.email', 'rainer.weseloh@bsu.hamburg.de'),
(2965, 250, 'user.business-info.postal.city', 'Hamburg'),
(2966, 250, 'user.business-info.postal.postalcode', '20355'),
(2967, 250, 'user.business-info.postal.street', 'Stadthausbrücke 8'),
(2968, 250, 'user.custom.ingrid.user.age.group', '7'),
(2969, 250, 'user.custom.ingrid.user.attention.from', 'Dienst in der BSU'),
(2970, 250, 'user.custom.ingrid.user.confirmid', '9a06c1c0d58964db162392c539141068'),
(2971, 250, 'user.custom.ingrid.user.interest', '1'),
(2972, 250, 'user.custom.ingrid.user.profession', '4'),
(2973, 250, 'user.custom.ingrid.user.subscribe.newsletter', '1'),
(2974, 250, 'user.name.family', 'Weseloh'),
(2975, 250, 'user.name.given', 'Rainer'),
(2976, 250, 'user.name.prefix', '2'),
(2977, 251, 'user.business-info.online.email', 'michael.urbach@bsu.hamburg.de'),
(2978, 251, 'user.business-info.postal.city', ''),
(2979, 251, 'user.business-info.postal.postalcode', ''),
(2980, 251, 'user.business-info.postal.street', ''),
(2981, 251, 'user.custom.ingrid.user.age.group', '0'),
(2982, 251, 'user.custom.ingrid.user.attention.from', ''),
(2983, 251, 'user.custom.ingrid.user.confirmid', '69f99efe40f878e7ba2bbd410f43022a'),
(2984, 251, 'user.custom.ingrid.user.interest', '1'),
(2985, 251, 'user.custom.ingrid.user.profession', '4'),
(2986, 251, 'user.custom.ingrid.user.subscribe.newsletter', ''),
(2987, 251, 'user.name.family', 'Urbach'),
(2988, 251, 'user.name.given', 'Michael'),
(2989, 251, 'user.name.prefix', '3'),
(2990, 252, 'user.business-info.online.email', 'familie.fock@web.de'),
(2991, 252, 'user.business-info.postal.city', 'Berlin'),
(2992, 252, 'user.business-info.postal.postalcode', '12205'),
(2993, 252, 'user.business-info.postal.street', ''),
(2994, 252, 'user.custom.ingrid.user.age.group', '4'),
(2995, 252, 'user.custom.ingrid.user.attention.from', 'Internetrecherche'),
(2996, 252, 'user.custom.ingrid.user.confirmid', '94e1bd4a60437bf3a35c92364eeb63d9'),
(2997, 252, 'user.custom.ingrid.user.interest', '2'),
(2998, 252, 'user.custom.ingrid.user.profession', '8'),
(2999, 252, 'user.custom.ingrid.user.subscribe.newsletter', ''),
(3000, 252, 'user.name.family', 'Fock'),
(3001, 252, 'user.name.given', 'Familie'),
(3002, 252, 'user.name.prefix', '0'),
(3003, 253, 'user.business-info.online.email', 'mail@stefaniemarquardt.de'),
(3004, 253, 'user.business-info.postal.city', 'Barth'),
(3005, 253, 'user.business-info.postal.postalcode', '18356'),
(3006, 253, 'user.business-info.postal.street', 'Lange Straße 4'),
(3007, 253, 'user.custom.ingrid.user.age.group', '3'),
(3008, 253, 'user.custom.ingrid.user.attention.from', ''),
(3009, 253, 'user.custom.ingrid.user.confirmid', '9123517429dcf7f5916f729e0592e478'),
(3010, 253, 'user.custom.ingrid.user.interest', '1'),
(3011, 253, 'user.custom.ingrid.user.profession', '3'),
(3012, 253, 'user.custom.ingrid.user.subscribe.newsletter', ''),
(3013, 253, 'user.name.family', 'Marquardt'),
(3014, 253, 'user.name.given', 'Stefanie'),
(3015, 253, 'user.name.prefix', '1'),
(3016, 254, 'user.business-info.online.email', 'Volkmar.Eisenach@fb.hamburg.de'),
(3017, 254, 'user.business-info.postal.city', 'Hamburg'),
(3018, 254, 'user.business-info.postal.postalcode', 'D-20354'),
(3019, 254, 'user.business-info.postal.street', 'Gänsemarkt 36'),
(3020, 254, 'user.custom.ingrid.user.age.group', '0'),
(3021, 254, 'user.custom.ingrid.user.attention.from', ''),
(3022, 254, 'user.custom.ingrid.user.confirmid', '8d5c793764005bbc073b63cc5b4c71d4'),
(3023, 254, 'user.custom.ingrid.user.interest', '1'),
(3024, 254, 'user.custom.ingrid.user.profession', '4'),
(3025, 254, 'user.custom.ingrid.user.subscribe.newsletter', '1'),
(3026, 254, 'user.name.family', 'Eisenach'),
(3027, 254, 'user.name.given', 'Volkmar'),
(3028, 254, 'user.name.prefix', '2'),
(3029, 255, 'user.business-info.online.email', 'jonathanco@hotmail.de'),
(3030, 255, 'user.business-info.postal.city', ''),
(3031, 255, 'user.business-info.postal.postalcode', ''),
(3032, 255, 'user.business-info.postal.street', ''),
(3033, 255, 'user.custom.ingrid.user.age.group', ''),
(3034, 255, 'user.custom.ingrid.user.attention.from', ''),
(3035, 255, 'user.custom.ingrid.user.confirmid', '0f1b1aa4e5170e130964af630db530f9'),
(3036, 255, 'user.custom.ingrid.user.interest', ''),
(3037, 255, 'user.custom.ingrid.user.profession', ''),
(3038, 255, 'user.custom.ingrid.user.subscribe.newsletter', ''),
(3039, 255, 'user.name.family', 'Köhn'),
(3040, 255, 'user.name.given', 'Daniel'),
(3041, 255, 'user.name.prefix', '2'),
(3042, 256, 'user.business-info.online.email', 'baerbel.kostuszynski@gv.hamburg.de'),
(3043, 256, 'user.business-info.postal.city', 'Hamburg'),
(3044, 256, 'user.business-info.postal.postalcode', '20097'),
(3045, 256, 'user.business-info.postal.street', 'Sachsenkamp 4'),
(3046, 256, 'user.custom.ingrid.user.age.group', '7'),
(3047, 256, 'user.custom.ingrid.user.attention.from', 'Dienstlich'),
(3048, 256, 'user.custom.ingrid.user.confirmid', '5dbdd60463ac1c067cc2e2236a47e0bf'),
(3049, 256, 'user.custom.ingrid.user.interest', '1'),
(3050, 256, 'user.custom.ingrid.user.profession', '2'),
(3051, 256, 'user.custom.ingrid.user.subscribe.newsletter', ''),
(3052, 256, 'user.name.family', 'Kostuszynski'),
(3053, 256, 'user.name.given', 'Bärbel'),
(3054, 256, 'user.name.prefix', '1'),
(3055, 257, 'user.business-info.online.email', 'erich.kueng@bsu.hamburg.de'),
(3056, 257, 'user.business-info.postal.city', ''),
(3057, 257, 'user.business-info.postal.postalcode', ''),
(3058, 257, 'user.business-info.postal.street', ''),
(3059, 257, 'user.custom.ingrid.user.age.group', '7'),
(3060, 257, 'user.custom.ingrid.user.attention.from', 'Rundschreiben von Ihnen'),
(3061, 257, 'user.custom.ingrid.user.confirmid', 'a43f9f7f55ac39a124c9d7b762b5025c'),
(3062, 257, 'user.custom.ingrid.user.interest', '1'),
(3063, 257, 'user.custom.ingrid.user.profession', '4'),
(3064, 257, 'user.custom.ingrid.user.subscribe.newsletter', ''),
(3065, 257, 'user.name.family', 'Küng'),
(3066, 257, 'user.name.given', 'Erich'),
(3067, 257, 'user.name.prefix', '2'),
(3068, 258, 'user.business-info.online.email', 'kornelia.winkler@bsu.hamburg.de'),
(3069, 258, 'user.business-info.postal.city', 'Hamburg'),
(3070, 258, 'user.business-info.postal.postalcode', '29355'),
(3071, 258, 'user.business-info.postal.street', 'Stadthausbrücke 8, Haus E'),
(3072, 258, 'user.custom.ingrid.user.age.group', '4'),
(3073, 258, 'user.custom.ingrid.user.attention.from', 'berufsbedingt'),
(3074, 258, 'user.custom.ingrid.user.confirmid', 'deb299291f78270e5281472c3b3a1c6f'),
(3075, 258, 'user.custom.ingrid.user.interest', '1'),
(3076, 258, 'user.custom.ingrid.user.profession', '4'),
(3077, 258, 'user.custom.ingrid.user.subscribe.newsletter', '1'),
(3078, 258, 'user.name.family', 'Winkler'),
(3079, 258, 'user.name.given', 'Kornelia'),
(3080, 258, 'user.name.prefix', '1'),
(3081, 259, 'user.business-info.online.email', 'martin.zarth@bsu.hamburg.de'),
(3082, 259, 'user.business-info.postal.city', ''),
(3083, 259, 'user.business-info.postal.postalcode', ''),
(3084, 259, 'user.business-info.postal.street', ''),
(3085, 259, 'user.custom.ingrid.user.age.group', '0'),
(3086, 259, 'user.custom.ingrid.user.attention.from', ''),
(3087, 259, 'user.custom.ingrid.user.confirmid', 'e80c3b23732001420452681c53aabf7c'),
(3088, 259, 'user.custom.ingrid.user.interest', '0'),
(3089, 259, 'user.custom.ingrid.user.profession', '0'),
(3090, 259, 'user.custom.ingrid.user.subscribe.newsletter', ''),
(3091, 259, 'user.name.family', 'Zarth'),
(3092, 259, 'user.name.given', 'Martin'),
(3093, 259, 'user.name.prefix', '0'),
(3094, 260, 'user.business-info.online.email', 'michel.quermann@bwa.hamburg.de'),
(3095, 260, 'user.business-info.postal.city', 'Hamburg'),
(3096, 260, 'user.business-info.postal.postalcode', '20459'),
(3097, 260, 'user.business-info.postal.street', 'Alter Steinweg 4'),
(3098, 260, 'user.custom.ingrid.user.age.group', '4'),
(3099, 260, 'user.custom.ingrid.user.attention.from', 'Beruflich'),
(3100, 260, 'user.custom.ingrid.user.confirmid', 'cc326de6af99c2fe963d69a1669901ae'),
(3101, 260, 'user.custom.ingrid.user.interest', '1'),
(3102, 260, 'user.custom.ingrid.user.profession', '4'),
(3103, 260, 'user.custom.ingrid.user.subscribe.newsletter', '1'),
(3104, 260, 'user.name.family', 'Quermann'),
(3105, 260, 'user.name.given', 'Michel'),
(3106, 260, 'user.name.prefix', '2'),
(3107, 261, 'user.business-info.online.email', 'frank.steffen@hamburg-nord.hamburg.de'),
(3108, 261, 'user.business-info.postal.city', ''),
(3109, 261, 'user.business-info.postal.postalcode', ''),
(3110, 261, 'user.business-info.postal.street', ''),
(3111, 261, 'user.custom.ingrid.user.age.group', '0'),
(3112, 261, 'user.custom.ingrid.user.attention.from', ''),
(3113, 261, 'user.custom.ingrid.user.confirmid', 'd4151aaaff36d7e867857d605806a666'),
(3114, 261, 'user.custom.ingrid.user.interest', '0'),
(3115, 261, 'user.custom.ingrid.user.profession', '0'),
(3116, 261, 'user.custom.ingrid.user.subscribe.newsletter', ''),
(3117, 261, 'user.name.family', 'Steffen'),
(3118, 261, 'user.name.given', 'Frank'),
(3119, 261, 'user.name.prefix', '2'),
(3120, 262, 'user.business-info.online.email', 'ronny.weinkauf@hs-merseburg.de'),
(3121, 262, 'user.business-info.postal.city', ''),
(3122, 262, 'user.business-info.postal.postalcode', ''),
(3123, 262, 'user.business-info.postal.street', ''),
(3124, 262, 'user.custom.ingrid.user.age.group', '0'),
(3125, 262, 'user.custom.ingrid.user.attention.from', ''),
(3126, 262, 'user.custom.ingrid.user.confirmid', 'c34aff179986e446c54e9db7e012a0ee'),
(3127, 262, 'user.custom.ingrid.user.interest', '0'),
(3128, 262, 'user.custom.ingrid.user.profession', '0'),
(3129, 262, 'user.custom.ingrid.user.subscribe.newsletter', ''),
(3130, 262, 'user.name.family', 'Weinkauf'),
(3131, 262, 'user.name.given', 'Ronny'),
(3132, 262, 'user.name.prefix', '4'),
(3133, 263, 'user.business-info.online.email', 'baerbel.franz@gv.hamburg.de'),
(3134, 263, 'user.business-info.postal.city', ''),
(3135, 263, 'user.business-info.postal.postalcode', ''),
(3136, 263, 'user.business-info.postal.street', ''),
(3137, 263, 'user.custom.ingrid.user.age.group', '0'),
(3138, 263, 'user.custom.ingrid.user.attention.from', ''),
(3139, 263, 'user.custom.ingrid.user.confirmid', '0a590e0004072162ac1fac9cde016d29'),
(3140, 263, 'user.custom.ingrid.user.interest', '0'),
(3141, 263, 'user.custom.ingrid.user.profession', '0'),
(3142, 263, 'user.custom.ingrid.user.subscribe.newsletter', ''),
(3143, 263, 'user.name.family', 'Franz'),
(3144, 263, 'user.name.given', 'Bärbel'),
(3145, 263, 'user.name.prefix', '1'),
(3146, 264, 'user.business-info.online.email', 'andreas.kaiser@bsu.hamburg.de'),
(3147, 264, 'user.business-info.postal.city', 'Hamburg'),
(3148, 264, 'user.business-info.postal.postalcode', '20355'),
(3149, 264, 'user.business-info.postal.street', 'Wexstr. 7'),
(3150, 264, 'user.custom.ingrid.user.age.group', '3'),
(3151, 264, 'user.custom.ingrid.user.attention.from', ''),
(3152, 264, 'user.custom.ingrid.user.confirmid', 'd95ec7b5074cb78df88370f7b795b65e'),
(3153, 264, 'user.custom.ingrid.user.interest', '1'),
(3154, 264, 'user.custom.ingrid.user.profession', '4'),
(3155, 264, 'user.custom.ingrid.user.subscribe.newsletter', ''),
(3156, 264, 'user.name.family', 'Kaiser'),
(3157, 264, 'user.name.given', 'Andreas'),
(3158, 264, 'user.name.prefix', '2'),
(3159, 265, 'user.business-info.online.email', 'michael.orth@bwa.hamburg.de'),
(3160, 265, 'user.business-info.postal.city', ''),
(3161, 265, 'user.business-info.postal.postalcode', ''),
(3162, 265, 'user.business-info.postal.street', ''),
(3163, 265, 'user.custom.ingrid.user.age.group', '7'),
(3164, 265, 'user.custom.ingrid.user.attention.from', ''),
(3165, 265, 'user.custom.ingrid.user.confirmid', '60d615327f6e7512d4744769f7b80f39'),
(3166, 265, 'user.custom.ingrid.user.interest', '1'),
(3167, 265, 'user.custom.ingrid.user.profession', '4'),
(3168, 265, 'user.custom.ingrid.user.subscribe.newsletter', ''),
(3169, 265, 'user.name.family', 'Orth'),
(3170, 265, 'user.name.given', 'Michael'),
(3171, 265, 'user.name.prefix', '2'),
(3172, 266, 'user.business-info.online.email', 'birgit.augstein@bsu.hamburg.de'),
(3173, 266, 'user.business-info.postal.city', 'Hamburg'),
(3174, 266, 'user.business-info.postal.postalcode', '20355 Hamburg'),
(3175, 266, 'user.business-info.postal.street', 'Stadthausbrücke 8'),
(3176, 266, 'user.custom.ingrid.user.age.group', '0'),
(3177, 266, 'user.custom.ingrid.user.attention.from', ''),
(3178, 266, 'user.custom.ingrid.user.confirmid', '0da4a694cef2e8ed34fe1a7a22c80fc3'),
(3179, 266, 'user.custom.ingrid.user.interest', '0'),
(3180, 266, 'user.custom.ingrid.user.profession', '0'),
(3181, 266, 'user.custom.ingrid.user.subscribe.newsletter', ''),
(3182, 266, 'user.name.family', 'Augstein'),
(3183, 266, 'user.name.given', 'Birgit'),
(3184, 266, 'user.name.prefix', '1'),
(3185, 267, 'user.business-info.online.email', 'kristin.mueller@bsu.hamburg.de'),
(3186, 267, 'user.business-info.postal.city', ''),
(3187, 267, 'user.business-info.postal.postalcode', ''),
(3188, 267, 'user.business-info.postal.street', ''),
(3189, 267, 'user.custom.ingrid.user.age.group', '0'),
(3190, 267, 'user.custom.ingrid.user.attention.from', ''),
(3191, 267, 'user.custom.ingrid.user.confirmid', 'de67dd06dfd61525ac4c4a554e175453'),
(3192, 267, 'user.custom.ingrid.user.interest', '0'),
(3193, 267, 'user.custom.ingrid.user.profession', '0'),
(3194, 267, 'user.custom.ingrid.user.subscribe.newsletter', ''),
(3195, 267, 'user.name.family', 'Mueller'),
(3196, 267, 'user.name.given', 'Kristin'),
(3197, 267, 'user.name.prefix', '1'),
(3198, 268, 'user.business-info.online.email', 'diana.heuer@gv.hamburg.de'),
(3199, 268, 'user.business-info.postal.city', ''),
(3200, 268, 'user.business-info.postal.postalcode', ''),
(3201, 268, 'user.business-info.postal.street', ''),
(3202, 268, 'user.custom.ingrid.user.age.group', '0'),
(3203, 268, 'user.custom.ingrid.user.attention.from', ''),
(3204, 268, 'user.custom.ingrid.user.confirmid', '3afad39563891b2a1064c5376c16d2c2'),
(3205, 268, 'user.custom.ingrid.user.interest', '0'),
(3206, 268, 'user.custom.ingrid.user.profession', '0'),
(3207, 268, 'user.custom.ingrid.user.subscribe.newsletter', ''),
(3208, 268, 'user.name.family', 'Heuer'),
(3209, 268, 'user.name.given', 'Diana'),
(3210, 268, 'user.name.prefix', '0'),
(3211, 269, 'user.business-info.online.email', 'jeanne.schmidt@bsu.hamburg.de'),
(3212, 269, 'user.business-info.postal.city', ''),
(3213, 269, 'user.business-info.postal.postalcode', ''),
(3214, 269, 'user.business-info.postal.street', ''),
(3215, 269, 'user.custom.ingrid.user.age.group', '0'),
(3216, 269, 'user.custom.ingrid.user.attention.from', ''),
(3217, 269, 'user.custom.ingrid.user.confirmid', '30a48205a3ec498827ea6349285a6e39'),
(3218, 269, 'user.custom.ingrid.user.interest', '0'),
(3219, 269, 'user.custom.ingrid.user.profession', '0'),
(3220, 269, 'user.custom.ingrid.user.subscribe.newsletter', '1'),
(3221, 269, 'user.name.family', 'Schmidt'),
(3222, 269, 'user.name.given', 'Jeanne'),
(3223, 269, 'user.name.prefix', '0'),
(3224, 270, 'user.business-info.online.email', 'nancy.schoenemann@uba.de'),
(3225, 270, 'user.business-info.postal.city', ''),
(3226, 270, 'user.business-info.postal.postalcode', ''),
(3227, 270, 'user.business-info.postal.street', ''),
(3228, 270, 'user.custom.ingrid.user.age.group', '0'),
(3229, 270, 'user.custom.ingrid.user.attention.from', ''),
(3230, 270, 'user.custom.ingrid.user.confirmid', 'ba31a538d00026f22af63433e1cbaa85'),
(3231, 270, 'user.custom.ingrid.user.interest', '1'),
(3232, 270, 'user.custom.ingrid.user.profession', '4'),
(3233, 270, 'user.custom.ingrid.user.subscribe.newsletter', ''),
(3234, 270, 'user.name.family', 'Schoenemann'),
(3235, 270, 'user.name.given', 'Nancy'),
(3236, 270, 'user.name.prefix', '0'),
(3237, 271, 'user.business-info.online.email', 'Wilfried.Hinrichs@bsu.hamburg.de'),
(3238, 271, 'user.business-info.postal.city', ''),
(3239, 271, 'user.business-info.postal.postalcode', ''),
(3240, 271, 'user.business-info.postal.street', ''),
(3241, 271, 'user.custom.ingrid.user.age.group', '4'),
(3242, 271, 'user.custom.ingrid.user.attention.from', ''),
(3243, 271, 'user.custom.ingrid.user.confirmid', '84e1842549f867fe3e5c6ab4c2637fc6'),
(3244, 271, 'user.custom.ingrid.user.interest', '0'),
(3245, 271, 'user.custom.ingrid.user.profession', '0'),
(3246, 271, 'user.custom.ingrid.user.subscribe.newsletter', ''),
(3247, 271, 'user.name.family', 'Hinrichs'),
(3248, 271, 'user.name.given', 'Wilfried'),
(3249, 271, 'user.name.prefix', '2'),
(3250, 272, 'user.business-info.online.email', 'Philip.Benn@hpa.hamburg.de'),
(3251, 272, 'user.business-info.postal.city', 'Hamburg'),
(3252, 272, 'user.business-info.postal.postalcode', '20457'),
(3253, 272, 'user.business-info.postal.street', 'Neuer Wandrahm 4'),
(3254, 272, 'user.custom.ingrid.user.age.group', '3'),
(3255, 272, 'user.custom.ingrid.user.attention.from', ''),
(3256, 272, 'user.custom.ingrid.user.confirmid', 'e3fbfb7b3a3f3715833a8f3676448038'),
(3257, 272, 'user.custom.ingrid.user.interest', '1'),
(3258, 272, 'user.custom.ingrid.user.profession', '4'),
(3259, 272, 'user.custom.ingrid.user.subscribe.newsletter', '1'),
(3260, 272, 'user.name.family', 'Benn'),
(3261, 272, 'user.name.given', 'Philip'),
(3262, 272, 'user.name.prefix', '2'),
(3263, 273, 'user.business-info.online.email', 'klaus.wilke@lsbg.hamburg.de'),
(3264, 273, 'user.business-info.postal.city', 'Hamburg'),
(3265, 273, 'user.business-info.postal.postalcode', '20097'),
(3266, 273, 'user.business-info.postal.street', 'Sachsenkamp 1-3'),
(3267, 273, 'user.custom.ingrid.user.age.group', '5'),
(3268, 273, 'user.custom.ingrid.user.attention.from', ''),
(3269, 273, 'user.custom.ingrid.user.confirmid', '566e218188bfc57d7f048dd8f35a071d'),
(3270, 273, 'user.custom.ingrid.user.interest', '1'),
(3271, 273, 'user.custom.ingrid.user.profession', '4'),
(3272, 273, 'user.custom.ingrid.user.subscribe.newsletter', '1'),
(3273, 273, 'user.name.family', 'Wilke'),
(3274, 273, 'user.name.given', 'Klaus'),
(3275, 273, 'user.name.prefix', '2'),
(3276, 274, 'user.business-info.online.email', 'Gerald.Tessmer@mkulnv.nrw.de'),
(3277, 274, 'user.business-info.postal.city', '40476 Düsseldorf'),
(3278, 274, 'user.business-info.postal.postalcode', 'Referat VIII-1'),
(3279, 274, 'user.business-info.postal.street', 'Ministerium für Klimaschutz, Umwelt, Landwirtschaft, Natur- und Verbraucherschutz des Landes Nordrhein-Westfalen'),
(3280, 274, 'user.custom.ingrid.user.age.group', '0'),
(3281, 274, 'user.custom.ingrid.user.attention.from', ''),
(3282, 274, 'user.custom.ingrid.user.confirmid', 'ff3ccbdbfee2a54364b7f4cb083be217'),
(3283, 274, 'user.custom.ingrid.user.interest', '1'),
(3284, 274, 'user.custom.ingrid.user.profession', '4'),
(3285, 274, 'user.custom.ingrid.user.subscribe.newsletter', '1'),
(3286, 274, 'user.name.family', 'Tessmer'),
(3287, 274, 'user.name.given', 'Gerald'),
(3288, 274, 'user.name.prefix', '2'),
(3289, 275, 'user.business-info.online.email', 'thomas.katterle@halle.de'),
(3290, 275, 'user.business-info.postal.city', 'Halle (Saale)'),
(3291, 275, 'user.business-info.postal.postalcode', '06108'),
(3292, 275, 'user.business-info.postal.street', 'Hansering 15'),
(3293, 275, 'user.custom.ingrid.user.age.group', '0'),
(3294, 275, 'user.custom.ingrid.user.attention.from', ''),
(3295, 275, 'user.custom.ingrid.user.confirmid', 'd0dfebd2c586173da198242bb8bf2a6a'),
(3296, 275, 'user.custom.ingrid.user.interest', '1'),
(3297, 275, 'user.custom.ingrid.user.profession', '4'),
(3298, 275, 'user.custom.ingrid.user.subscribe.newsletter', ''),
(3299, 275, 'user.name.family', 'Katterle'),
(3300, 275, 'user.name.given', 'Thomas'),
(3301, 275, 'user.name.prefix', '2'),
(3302, 276, 'user.business-info.online.email', 'norbert.wiese@munlv.nrw.de'),
(3303, 276, 'user.business-info.postal.city', 'Düsseldorf'),
(3304, 276, 'user.business-info.postal.postalcode', '40476'),
(3305, 276, 'user.business-info.postal.street', 'Schwannstraße 3'),
(3306, 276, 'user.custom.ingrid.user.age.group', '7'),
(3307, 276, 'user.custom.ingrid.user.attention.from', ''),
(3308, 276, 'user.custom.ingrid.user.confirmid', '99f8a34ad99381c739315efebcda07ef'),
(3309, 276, 'user.custom.ingrid.user.interest', '1'),
(3310, 276, 'user.custom.ingrid.user.profession', '4'),
(3311, 276, 'user.custom.ingrid.user.subscribe.newsletter', ''),
(3312, 276, 'user.name.family', 'Wiese'),
(3313, 276, 'user.name.given', 'Norbert'),
(3314, 276, 'user.name.prefix', '3'),
(3315, 277, 'user.business-info.online.email', 'ute.kowalski@bwa.hamburg.de'),
(3316, 277, 'user.business-info.postal.city', ''),
(3317, 277, 'user.business-info.postal.postalcode', ''),
(3318, 277, 'user.business-info.postal.street', ''),
(3319, 277, 'user.custom.ingrid.user.age.group', '0'),
(3320, 277, 'user.custom.ingrid.user.attention.from', 'Link-Tipp BWA Hamburg'),
(3321, 277, 'user.custom.ingrid.user.confirmid', 'e4b7e97b3f52c0792628fd3603c8d0b5'),
(3322, 277, 'user.custom.ingrid.user.interest', '0'),
(3323, 277, 'user.custom.ingrid.user.profession', '4'),
(3324, 277, 'user.custom.ingrid.user.subscribe.newsletter', '1'),
(3325, 277, 'user.name.family', 'Kowalski'),
(3326, 277, 'user.name.given', 'Ute'),
(3327, 277, 'user.name.prefix', '0'),
(3328, 278, 'user.business-info.online.email', 'skiefer@dafis.de'),
(3329, 278, 'user.business-info.postal.city', ''),
(3330, 278, 'user.business-info.postal.postalcode', ''),
(3331, 278, 'user.business-info.postal.street', ''),
(3332, 278, 'user.custom.ingrid.user.age.group', '3'),
(3333, 278, 'user.custom.ingrid.user.attention.from', 'kongress'),
(3334, 278, 'user.custom.ingrid.user.confirmid', 'e169f8a50a8313247cc068141b493aaf'),
(3335, 278, 'user.custom.ingrid.user.interest', '1'),
(3336, 278, 'user.custom.ingrid.user.profession', '3'),
(3337, 278, 'user.custom.ingrid.user.subscribe.newsletter', ''),
(3338, 278, 'user.name.family', 'Kiefer'),
(3339, 278, 'user.name.given', 'Stefan'),
(3340, 278, 'user.name.prefix', '2'),
(3341, 279, 'user.business-info.online.email', 'a.guenther@lkvk.saarland.de'),
(3342, 279, 'user.business-info.postal.city', ''),
(3343, 279, 'user.business-info.postal.postalcode', ''),
(3344, 279, 'user.business-info.postal.street', ''),
(3345, 279, 'user.custom.ingrid.user.age.group', '0'),
(3346, 279, 'user.custom.ingrid.user.attention.from', ''),
(3347, 279, 'user.custom.ingrid.user.confirmid', 'cba05fbf067278678bddf7fba088e496'),
(3348, 279, 'user.custom.ingrid.user.interest', '1'),
(3349, 279, 'user.custom.ingrid.user.profession', '4'),
(3350, 279, 'user.custom.ingrid.user.subscribe.newsletter', ''),
(3351, 279, 'user.name.family', 'Günther'),
(3352, 279, 'user.name.given', 'Andreas'),
(3353, 279, 'user.name.prefix', '0'),
(3354, 280, 'user.business-info.online.email', 'paul.zaenker@halle.de'),
(3355, 280, 'user.business-info.postal.city', 'Halle (Saale)'),
(3356, 280, 'user.business-info.postal.postalcode', '06108'),
(3357, 280, 'user.business-info.postal.street', 'Hansering 15'),
(3358, 280, 'user.custom.ingrid.user.age.group', '2'),
(3359, 280, 'user.custom.ingrid.user.attention.from', ''),
(3360, 280, 'user.custom.ingrid.user.confirmid', '6ed1358217ddfb309f2cd95cc6415aa2'),
(3361, 280, 'user.custom.ingrid.user.interest', '1'),
(3362, 280, 'user.custom.ingrid.user.profession', '4'),
(3363, 280, 'user.custom.ingrid.user.subscribe.newsletter', '1'),
(3364, 280, 'user.name.family', 'Zänker'),
(3365, 280, 'user.name.given', 'Paul'),
(3366, 280, 'user.name.prefix', '2'),
(3367, 281, 'user.business-info.online.email', 'stephan.kuessner@mvv.de'),
(3368, 281, 'user.business-info.postal.city', 'Mannheim'),
(3369, 281, 'user.business-info.postal.postalcode', '68159'),
(3370, 281, 'user.business-info.postal.street', 'Luisenring 49'),
(3371, 281, 'user.custom.ingrid.user.age.group', '3'),
(3372, 281, 'user.custom.ingrid.user.attention.from', 'Link Nds. Umweltministerium'),
(3373, 281, 'user.custom.ingrid.user.confirmid', '1a81c232d5264037a72b38d2d3d5686f'),
(3374, 281, 'user.custom.ingrid.user.interest', '1'),
(3375, 281, 'user.custom.ingrid.user.profession', '3'),
(3376, 281, 'user.custom.ingrid.user.subscribe.newsletter', ''),
(3377, 281, 'user.name.family', 'Küßner'),
(3378, 281, 'user.name.given', 'Stephan'),
(3379, 281, 'user.name.prefix', '3'),
(3380, 282, 'user.business-info.online.email', 'familie.fock@web.de'),
(3381, 282, 'user.business-info.postal.city', ''),
(3382, 282, 'user.business-info.postal.postalcode', ''),
(3383, 282, 'user.business-info.postal.street', ''),
(3384, 282, 'user.custom.ingrid.user.age.group', '4'),
(3385, 282, 'user.custom.ingrid.user.attention.from', 'Internet'),
(3386, 282, 'user.custom.ingrid.user.confirmid', 'd9a938b6fedd0fcea3e1bddbad0c7fb1'),
(3387, 282, 'user.custom.ingrid.user.interest', '2'),
(3388, 282, 'user.custom.ingrid.user.profession', '4'),
(3389, 282, 'user.custom.ingrid.user.subscribe.newsletter', ''),
(3390, 282, 'user.name.family', 'Fock'),
(3391, 282, 'user.name.given', 'Familie'),
(3392, 282, 'user.name.prefix', '0'),
(3393, 283, 'user.business-info.online.email', 'kst@portalu.de'),
(3394, 283, 'user.business-info.postal.city', ''),
(3395, 283, 'user.business-info.postal.postalcode', ''),
(3396, 283, 'user.business-info.postal.street', ''),
(3397, 283, 'user.custom.ingrid.user.age.group', '0'),
(3398, 283, 'user.custom.ingrid.user.attention.from', ''),
(3399, 283, 'user.custom.ingrid.user.confirmid', '5a4bddc4d10f4f9e855de3bae0a76c98'),
(3400, 283, 'user.custom.ingrid.user.interest', '0'),
(3401, 283, 'user.custom.ingrid.user.profession', '0'),
(3402, 283, 'user.custom.ingrid.user.subscribe.newsletter', ''),
(3403, 283, 'user.name.family', 'Perkun'),
(3404, 283, 'user.name.given', 'Frau'),
(3405, 283, 'user.name.prefix', '1'),
(3406, 284, 'user.business-info.online.email', 'kst@portalu.de'),
(3407, 284, 'user.business-info.postal.city', ''),
(3408, 284, 'user.business-info.postal.postalcode', ''),
(3409, 284, 'user.business-info.postal.street', ''),
(3410, 284, 'user.custom.ingrid.user.age.group', '0'),
(3411, 284, 'user.custom.ingrid.user.attention.from', ''),
(3412, 284, 'user.custom.ingrid.user.confirmid', '972f7ca6d2ecd45e7fa3550bb212e675'),
(3413, 284, 'user.custom.ingrid.user.interest', '0'),
(3414, 284, 'user.custom.ingrid.user.profession', '0'),
(3415, 284, 'user.custom.ingrid.user.subscribe.newsletter', ''),
(3416, 284, 'user.name.family', 'Frank'),
(3417, 284, 'user.name.given', 'Herr'),
(3418, 284, 'user.name.prefix', '2'),
(3419, 285, 'user.business-info.online.email', 'nando.schaar-frank@llfg.mlu.sachsen-anhalt.de'),
(3420, 285, 'user.business-info.postal.city', ''),
(3421, 285, 'user.business-info.postal.postalcode', ''),
(3422, 285, 'user.business-info.postal.street', ''),
(3423, 285, 'user.custom.ingrid.user.age.group', '0'),
(3424, 285, 'user.custom.ingrid.user.attention.from', ''),
(3425, 285, 'user.custom.ingrid.user.confirmid', '2414b384a7c1bf25b08d01f4d6892558'),
(3426, 285, 'user.custom.ingrid.user.interest', '0'),
(3427, 285, 'user.custom.ingrid.user.profession', '0'),
(3428, 285, 'user.custom.ingrid.user.subscribe.newsletter', ''),
(3429, 285, 'user.name.family', 'Schaar-Frank'),
(3430, 285, 'user.name.given', 'Nando'),
(3431, 285, 'user.name.prefix', '2'),
(3432, 286, 'user.business-info.online.email', 'carola.perkuhn@llfg.mlu.sachsen-anhalt.de'),
(3433, 286, 'user.business-info.postal.city', ''),
(3434, 286, 'user.business-info.postal.postalcode', ''),
(3435, 286, 'user.business-info.postal.street', ''),
(3436, 286, 'user.custom.ingrid.user.age.group', '0'),
(3437, 286, 'user.custom.ingrid.user.attention.from', ''),
(3438, 286, 'user.custom.ingrid.user.confirmid', '8bda04d398349774d1c158505e014316'),
(3439, 286, 'user.custom.ingrid.user.interest', '0'),
(3440, 286, 'user.custom.ingrid.user.profession', '0'),
(3441, 286, 'user.custom.ingrid.user.subscribe.newsletter', ''),
(3442, 286, 'user.name.family', 'Perkuhn'),
(3443, 286, 'user.name.given', 'Carola'),
(3444, 286, 'user.name.prefix', '1'),
(3445, 287, 'user.business-info.online.email', 'joern.beulke@geo.bremen.de'),
(3446, 287, 'user.business-info.postal.city', ''),
(3447, 287, 'user.business-info.postal.postalcode', ''),
(3448, 287, 'user.business-info.postal.street', ''),
(3449, 287, 'user.custom.ingrid.user.age.group', '0'),
(3450, 287, 'user.custom.ingrid.user.attention.from', ''),
(3451, 287, 'user.custom.ingrid.user.confirmid', 'bd37f2f17ba1ffe608854576bfd5a6c7'),
(3452, 287, 'user.custom.ingrid.user.interest', '0'),
(3453, 287, 'user.custom.ingrid.user.profession', '0'),
(3454, 287, 'user.custom.ingrid.user.subscribe.newsletter', ''),
(3455, 287, 'user.name.family', 'Beulke'),
(3456, 287, 'user.name.given', 'Jörn'),
(3457, 287, 'user.name.prefix', '0'),
(3458, 288, 'user.business-info.online.email', 'leonardo.pellegrino@ranverlag.de'),
(3459, 288, 'user.business-info.postal.city', 'Köln'),
(3460, 288, 'user.business-info.postal.postalcode', '50735'),
(3461, 288, 'user.business-info.postal.street', 'Amsterdamer str. 228'),
(3462, 288, 'user.custom.ingrid.user.age.group', '2'),
(3463, 288, 'user.custom.ingrid.user.attention.from', 'Internet'),
(3464, 288, 'user.custom.ingrid.user.confirmid', '84f73548ffccfc35a43c962133884e0a'),
(3465, 288, 'user.custom.ingrid.user.interest', '1'),
(3466, 288, 'user.custom.ingrid.user.profession', '7'),
(3467, 288, 'user.custom.ingrid.user.subscribe.newsletter', ''),
(3468, 288, 'user.name.family', 'Pellegrino'),
(3469, 288, 'user.name.given', 'Leonardo'),
(3470, 288, 'user.name.prefix', '2'),
(3471, 289, 'user.business-info.online.email', 'rienau@koris-hannover.de'),
(3472, 289, 'user.business-info.postal.city', ''),
(3473, 289, 'user.business-info.postal.postalcode', ''),
(3474, 289, 'user.business-info.postal.street', ''),
(3475, 289, 'user.custom.ingrid.user.age.group', '3'),
(3476, 289, 'user.custom.ingrid.user.attention.from', ''),
(3477, 289, 'user.custom.ingrid.user.confirmid', 'aa1e4fe225b4eb3cfb6356d3d62078b4'),
(3478, 289, 'user.custom.ingrid.user.interest', '1'),
(3479, 289, 'user.custom.ingrid.user.profession', '8'),
(3480, 289, 'user.custom.ingrid.user.subscribe.newsletter', ''),
(3481, 289, 'user.name.family', 'Rienau'),
(3482, 289, 'user.name.given', 'Jochen'),
(3483, 289, 'user.name.prefix', '0'),
(3484, 290, 'user.business-info.online.email', 'ina_martin@web.de'),
(3485, 290, 'user.business-info.postal.city', ''),
(3486, 290, 'user.business-info.postal.postalcode', ''),
(3487, 290, 'user.business-info.postal.street', ''),
(3488, 290, 'user.custom.ingrid.user.age.group', ''),
(3489, 290, 'user.custom.ingrid.user.attention.from', ''),
(3490, 290, 'user.custom.ingrid.user.confirmid', 'dfb73d9e1593c174273841ed36b520fa'),
(3491, 290, 'user.custom.ingrid.user.interest', ''),
(3492, 290, 'user.custom.ingrid.user.profession', ''),
(3493, 290, 'user.custom.ingrid.user.subscribe.newsletter', ''),
(3494, 290, 'user.name.family', 'Martin'),
(3495, 290, 'user.name.given', 'Ina'),
(3496, 290, 'user.name.prefix', '1'),
(3497, 291, 'user.business-info.online.email', 'kasirske@gmx.de'),
(3498, 291, 'user.business-info.postal.city', ''),
(3499, 291, 'user.business-info.postal.postalcode', ''),
(3500, 291, 'user.business-info.postal.street', ''),
(3501, 291, 'user.custom.ingrid.user.age.group', '0'),
(3502, 291, 'user.custom.ingrid.user.attention.from', ''),
(3503, 291, 'user.custom.ingrid.user.confirmid', 'a3e732d0eb35a05da45afce8437bb6f3'),
(3504, 291, 'user.custom.ingrid.user.interest', '0'),
(3505, 291, 'user.custom.ingrid.user.profession', '0'),
(3506, 291, 'user.custom.ingrid.user.subscribe.newsletter', ''),
(3507, 291, 'user.name.family', 'Bunse'),
(3508, 291, 'user.name.given', 'Maike'),
(3509, 291, 'user.name.prefix', '0'),
(3510, 292, 'user.business-info.online.email', 'chr.albert@gmail.com'),
(3511, 292, 'user.business-info.postal.city', ''),
(3512, 292, 'user.business-info.postal.postalcode', ''),
(3513, 292, 'user.business-info.postal.street', ''),
(3514, 292, 'user.custom.ingrid.user.age.group', '0'),
(3515, 292, 'user.custom.ingrid.user.attention.from', ''),
(3516, 292, 'user.custom.ingrid.user.confirmid', '3249b0b597ab5e381e8b688648c523f2'),
(3517, 292, 'user.custom.ingrid.user.interest', '0'),
(3518, 292, 'user.custom.ingrid.user.profession', '0'),
(3519, 292, 'user.custom.ingrid.user.subscribe.newsletter', ''),
(3520, 292, 'user.name.family', 'Albert'),
(3521, 292, 'user.name.given', 'Christopher'),
(3522, 292, 'user.name.prefix', '2'),
(3523, 293, 'user.business-info.online.email', 'wetter.stade@googlemail.com'),
(3524, 293, 'user.business-info.postal.city', ''),
(3525, 293, 'user.business-info.postal.postalcode', ''),
(3526, 293, 'user.business-info.postal.street', ''),
(3527, 293, 'user.custom.ingrid.user.age.group', '4'),
(3528, 293, 'user.custom.ingrid.user.attention.from', ''),
(3529, 293, 'user.custom.ingrid.user.confirmid', 'caa54977b6982591dca30784e056ed4a'),
(3530, 293, 'user.custom.ingrid.user.interest', '2'),
(3531, 293, 'user.custom.ingrid.user.profession', '2'),
(3532, 293, 'user.custom.ingrid.user.subscribe.newsletter', ''),
(3533, 293, 'user.name.family', 'Hoops'),
(3534, 293, 'user.name.given', 'Stefan'),
(3535, 293, 'user.name.prefix', '2'),
(3536, 294, 'user.business-info.online.email', 'daniela.wandzik@tetraeder.com'),
(3537, 294, 'user.business-info.postal.city', ''),
(3538, 294, 'user.business-info.postal.postalcode', ''),
(3539, 294, 'user.business-info.postal.street', ''),
(3540, 294, 'user.custom.ingrid.user.age.group', '0'),
(3541, 294, 'user.custom.ingrid.user.attention.from', ''),
(3542, 294, 'user.custom.ingrid.user.confirmid', '1bc0f7331f2ad2dbd2480567b6386f75'),
(3543, 294, 'user.custom.ingrid.user.interest', '0'),
(3544, 294, 'user.custom.ingrid.user.profession', '0'),
(3545, 294, 'user.custom.ingrid.user.subscribe.newsletter', ''),
(3546, 294, 'user.name.family', 'Wandzik'),
(3547, 294, 'user.name.given', 'Daniela'),
(3548, 294, 'user.name.prefix', '1'),
(3549, 295, 'user.business-info.online.email', 'teggatz@mlv.sachsen-anhalt.de'),
(3550, 295, 'user.business-info.postal.city', 'Magdeburg'),
(3551, 295, 'user.business-info.postal.postalcode', '39124'),
(3552, 295, 'user.business-info.postal.street', 'Im Mittelfelde 17'),
(3553, 295, 'user.custom.ingrid.user.age.group', '7'),
(3554, 295, 'user.custom.ingrid.user.attention.from', ''),
(3555, 295, 'user.custom.ingrid.user.confirmid', 'ac51f0edc1f2b6659011f1971fc0cfbe'),
(3556, 295, 'user.custom.ingrid.user.interest', '1'),
(3557, 295, 'user.custom.ingrid.user.profession', '4'),
(3558, 295, 'user.custom.ingrid.user.subscribe.newsletter', '1'),
(3559, 295, 'user.name.family', 'Teggatz'),
(3560, 295, 'user.name.given', 'Elke'),
(3561, 295, 'user.name.prefix', '0'),
(3562, 296, 'user.business-info.online.email', 'sonja.schreiber@bfn.de'),
(3563, 296, 'user.business-info.postal.city', ''),
(3564, 296, 'user.business-info.postal.postalcode', ''),
(3565, 296, 'user.business-info.postal.street', ''),
(3566, 296, 'user.custom.ingrid.user.age.group', '0'),
(3567, 296, 'user.custom.ingrid.user.attention.from', ''),
(3568, 296, 'user.custom.ingrid.user.confirmid', '753ccdd6cd4b5d16a9c93489703160ae'),
(3569, 296, 'user.custom.ingrid.user.interest', '0'),
(3570, 296, 'user.custom.ingrid.user.profession', '0'),
(3571, 296, 'user.custom.ingrid.user.subscribe.newsletter', '1'),
(3572, 296, 'user.name.family', 'Schreiber'),
(3573, 296, 'user.name.given', 'Sonja'),
(3574, 296, 'user.name.prefix', '0'),
(3575, 297, 'user.business-info.online.email', 'hanno.lehmann@portalu.de'),
(3576, 297, 'user.business-info.postal.city', ''),
(3577, 297, 'user.business-info.postal.postalcode', ''),
(3578, 297, 'user.business-info.postal.street', ''),
(3579, 297, 'user.custom.ingrid.user.age.group', '0'),
(3580, 297, 'user.custom.ingrid.user.attention.from', ''),
(3581, 297, 'user.custom.ingrid.user.confirmid', 'b37e9c4dc45f4613caceedef80c03f4f'),
(3582, 297, 'user.custom.ingrid.user.interest', '0'),
(3583, 297, 'user.custom.ingrid.user.profession', '0'),
(3584, 297, 'user.custom.ingrid.user.subscribe.newsletter', ''),
(3585, 297, 'user.name.family', 'dek'),
(3586, 297, 'user.name.given', 'm'),
(3587, 297, 'user.name.prefix', '0'),
(3588, 298, 'user.business-info.online.email', 'wk2001@web.de'),
(3589, 298, 'user.business-info.postal.city', ''),
(3590, 298, 'user.business-info.postal.postalcode', ''),
(3591, 298, 'user.business-info.postal.street', ''),
(3592, 298, 'user.custom.ingrid.user.age.group', '0'),
(3593, 298, 'user.custom.ingrid.user.attention.from', ''),
(3594, 298, 'user.custom.ingrid.user.confirmid', '8a727cb790c64696dcb8f1d272b904f2'),
(3595, 298, 'user.custom.ingrid.user.interest', '0'),
(3596, 298, 'user.custom.ingrid.user.profession', '0');
INSERT INTO `security_attribute` (`ATTR_ID`, `PRINCIPAL_ID`, `ATTR_NAME`, `ATTR_VALUE`) VALUES
(3597, 298, 'user.custom.ingrid.user.subscribe.newsletter', '1'),
(3598, 298, 'user.name.family', 'Angabe'),
(3599, 298, 'user.name.given', 'keine'),
(3600, 298, 'user.name.prefix', '0'),
(3601, 299, 'user.business-info.online.email', 'martin.klenke@numis.niedersachsen.de'),
(3602, 299, 'user.business-info.postal.city', ''),
(3603, 299, 'user.business-info.postal.postalcode', ''),
(3604, 299, 'user.business-info.postal.street', ''),
(3605, 299, 'user.custom.ingrid.user.age.group', '0'),
(3606, 299, 'user.custom.ingrid.user.attention.from', ''),
(3607, 299, 'user.custom.ingrid.user.confirmid', '9f5c1ae483d38a3345a07e27f202f27e'),
(3608, 299, 'user.custom.ingrid.user.interest', '0'),
(3609, 299, 'user.custom.ingrid.user.profession', '0'),
(3610, 299, 'user.custom.ingrid.user.subscribe.newsletter', ''),
(3611, 299, 'user.name.family', 'Klenke'),
(3612, 299, 'user.name.given', 'Martin'),
(3613, 299, 'user.name.prefix', '3'),
(3614, 300, 'user.business-info.online.email', 'holger.burfeind@netcologne.de'),
(3615, 300, 'user.business-info.postal.city', ''),
(3616, 300, 'user.business-info.postal.postalcode', ''),
(3617, 300, 'user.business-info.postal.street', ''),
(3618, 300, 'user.custom.ingrid.user.age.group', '4'),
(3619, 300, 'user.custom.ingrid.user.attention.from', 'Zeitschrift'),
(3620, 300, 'user.custom.ingrid.user.confirmid', '31d277646217d725d2dcd8f40253fc5f'),
(3621, 300, 'user.custom.ingrid.user.interest', '1'),
(3622, 300, 'user.custom.ingrid.user.profession', '3'),
(3623, 300, 'user.custom.ingrid.user.subscribe.newsletter', '1'),
(3624, 300, 'user.name.family', 'Burfeind'),
(3625, 300, 'user.name.given', 'Holger'),
(3626, 300, 'user.name.prefix', '2'),
(3627, 301, 'user.business-info.online.email', 'henning.wagner@materna.de'),
(3628, 301, 'user.business-info.postal.city', ''),
(3629, 301, 'user.business-info.postal.postalcode', ''),
(3630, 301, 'user.business-info.postal.street', ''),
(3631, 301, 'user.custom.ingrid.user.age.group', '0'),
(3632, 301, 'user.custom.ingrid.user.attention.from', ''),
(3633, 301, 'user.custom.ingrid.user.confirmid', 'e28c0c18740248a8d36035052a599b8b'),
(3634, 301, 'user.custom.ingrid.user.interest', '1'),
(3635, 301, 'user.custom.ingrid.user.profession', '3'),
(3636, 301, 'user.custom.ingrid.user.subscribe.newsletter', ''),
(3637, 301, 'user.name.family', 'Wagner'),
(3638, 301, 'user.name.given', 'Henning'),
(3639, 301, 'user.name.prefix', '0'),
(3640, 302, 'user.business-info.online.email', 'andreas.czepuck@bmu.bund.de'),
(3641, 302, 'user.business-info.postal.city', ''),
(3642, 302, 'user.business-info.postal.postalcode', ''),
(3643, 302, 'user.business-info.postal.street', ''),
(3644, 302, 'user.custom.ingrid.user.age.group', '0'),
(3645, 302, 'user.custom.ingrid.user.attention.from', ''),
(3646, 302, 'user.custom.ingrid.user.confirmid', '3560bea26728e510a3a9b44c6f204340'),
(3647, 302, 'user.custom.ingrid.user.interest', '0'),
(3648, 302, 'user.custom.ingrid.user.profession', '0'),
(3649, 302, 'user.custom.ingrid.user.subscribe.newsletter', ''),
(3650, 302, 'user.name.family', 'Czepuck'),
(3651, 302, 'user.name.given', 'Andreas'),
(3652, 302, 'user.name.prefix', '3'),
(3653, 303, 'user.business-info.online.email', 'henrik.schwarz@mlu.sachsen-anhalt.de'),
(3654, 303, 'user.business-info.postal.city', ''),
(3655, 303, 'user.business-info.postal.postalcode', ''),
(3656, 303, 'user.business-info.postal.street', ''),
(3657, 303, 'user.custom.ingrid.user.age.group', '4'),
(3658, 303, 'user.custom.ingrid.user.attention.from', ''),
(3659, 303, 'user.custom.ingrid.user.confirmid', 'db521adeece6ed1e58e2e37de47c9367'),
(3660, 303, 'user.custom.ingrid.user.interest', '1'),
(3661, 303, 'user.custom.ingrid.user.profession', '4'),
(3662, 303, 'user.custom.ingrid.user.subscribe.newsletter', ''),
(3663, 303, 'user.name.family', 'Schwarz'),
(3664, 303, 'user.name.given', 'Henrik'),
(3665, 303, 'user.name.prefix', '0'),
(3666, 304, 'user.business-info.online.email', 'veronika.bachmann@mlu.sachsen-anhalt.de'),
(3667, 304, 'user.business-info.postal.city', ''),
(3668, 304, 'user.business-info.postal.postalcode', ''),
(3669, 304, 'user.business-info.postal.street', ''),
(3670, 304, 'user.custom.ingrid.user.age.group', '0'),
(3671, 304, 'user.custom.ingrid.user.attention.from', ''),
(3672, 304, 'user.custom.ingrid.user.confirmid', '45bfd4fd71e443728671b1f29fa7711a'),
(3673, 304, 'user.custom.ingrid.user.interest', '0'),
(3674, 304, 'user.custom.ingrid.user.profession', '0'),
(3675, 304, 'user.custom.ingrid.user.subscribe.newsletter', ''),
(3676, 304, 'user.name.family', 'Bachmann'),
(3677, 304, 'user.name.given', 'Veronika'),
(3678, 304, 'user.name.prefix', '1'),
(3679, 305, 'user.business-info.online.email', 'torsten.wolff@it-service-magdeburg.de'),
(3680, 305, 'user.business-info.postal.city', ''),
(3681, 305, 'user.business-info.postal.postalcode', ''),
(3682, 305, 'user.business-info.postal.street', ''),
(3683, 305, 'user.custom.ingrid.user.age.group', '0'),
(3684, 305, 'user.custom.ingrid.user.attention.from', ''),
(3685, 305, 'user.custom.ingrid.user.confirmid', '9227c2157be581732f7c1f3c13806399'),
(3686, 305, 'user.custom.ingrid.user.interest', '0'),
(3687, 305, 'user.custom.ingrid.user.profession', '0'),
(3688, 305, 'user.custom.ingrid.user.subscribe.newsletter', ''),
(3689, 305, 'user.name.family', 'Wolff'),
(3690, 305, 'user.name.given', 'Torsten'),
(3691, 305, 'user.name.prefix', '2'),
(3692, 306, 'user.business-info.online.email', 'mdk.hotline@it-service-magdeburg.de'),
(3693, 306, 'user.business-info.postal.city', ''),
(3694, 306, 'user.business-info.postal.postalcode', ''),
(3695, 306, 'user.business-info.postal.street', ''),
(3696, 306, 'user.custom.ingrid.user.age.group', '0'),
(3697, 306, 'user.custom.ingrid.user.attention.from', ''),
(3698, 306, 'user.custom.ingrid.user.confirmid', '64a2ad05c1f8562935098a6fc797c9ac'),
(3699, 306, 'user.custom.ingrid.user.interest', '0'),
(3700, 306, 'user.custom.ingrid.user.profession', '0'),
(3701, 306, 'user.custom.ingrid.user.subscribe.newsletter', ''),
(3702, 306, 'user.name.family', 'Platz 02'),
(3703, 306, 'user.name.given', 'Schulung'),
(3704, 306, 'user.name.prefix', '0'),
(3705, 307, 'user.business-info.online.email', 'mdk.hotline@it-service-magdeburg.de'),
(3706, 307, 'user.business-info.postal.city', ''),
(3707, 307, 'user.business-info.postal.postalcode', ''),
(3708, 307, 'user.business-info.postal.street', ''),
(3709, 307, 'user.custom.ingrid.user.age.group', '0'),
(3710, 307, 'user.custom.ingrid.user.attention.from', ''),
(3711, 307, 'user.custom.ingrid.user.confirmid', '7b22e1b598b150ca2799dd8d34991c82'),
(3712, 307, 'user.custom.ingrid.user.interest', '0'),
(3713, 307, 'user.custom.ingrid.user.profession', '0'),
(3714, 307, 'user.custom.ingrid.user.subscribe.newsletter', ''),
(3715, 307, 'user.name.family', 'Platz 01'),
(3716, 307, 'user.name.given', 'Schulung'),
(3717, 307, 'user.name.prefix', '0'),
(3718, 308, 'user.business-info.online.email', 'torsten.wolff@it-service-ges.de'),
(3719, 308, 'user.business-info.postal.city', ''),
(3720, 308, 'user.business-info.postal.postalcode', ''),
(3721, 308, 'user.business-info.postal.street', ''),
(3722, 308, 'user.custom.ingrid.user.age.group', '0'),
(3723, 308, 'user.custom.ingrid.user.attention.from', ''),
(3724, 308, 'user.custom.ingrid.user.confirmid', '15c6d2cb32e0457b62339cca7dffb8e3'),
(3725, 308, 'user.custom.ingrid.user.interest', '0'),
(3726, 308, 'user.custom.ingrid.user.profession', '0'),
(3727, 308, 'user.custom.ingrid.user.subscribe.newsletter', ''),
(3728, 308, 'user.name.family', 'ST_Platz-03'),
(3729, 308, 'user.name.given', 'Schulung'),
(3730, 308, 'user.name.prefix', '0'),
(3731, 309, 'user.business-info.online.email', 'torsten.wolff@it-service-ges.de'),
(3732, 309, 'user.business-info.postal.city', ''),
(3733, 309, 'user.business-info.postal.postalcode', ''),
(3734, 309, 'user.business-info.postal.street', ''),
(3735, 309, 'user.custom.ingrid.user.age.group', '0'),
(3736, 309, 'user.custom.ingrid.user.attention.from', ''),
(3737, 309, 'user.custom.ingrid.user.confirmid', 'b4e0223bed68471d38ebb09037850181'),
(3738, 309, 'user.custom.ingrid.user.interest', '0'),
(3739, 309, 'user.custom.ingrid.user.profession', '0'),
(3740, 309, 'user.custom.ingrid.user.subscribe.newsletter', ''),
(3741, 309, 'user.name.family', 'ST_Platz-04'),
(3742, 309, 'user.name.given', 'Schulung'),
(3743, 309, 'user.name.prefix', '0'),
(3744, 310, 'user.business-info.online.email', 'torsten.wolff@it-service-ges.de'),
(3745, 310, 'user.business-info.postal.city', ''),
(3746, 310, 'user.business-info.postal.postalcode', ''),
(3747, 310, 'user.business-info.postal.street', ''),
(3748, 310, 'user.custom.ingrid.user.age.group', '0'),
(3749, 310, 'user.custom.ingrid.user.attention.from', ''),
(3750, 310, 'user.custom.ingrid.user.confirmid', '5cbeb961e8a5b1a0550f8310f6bfce81'),
(3751, 310, 'user.custom.ingrid.user.interest', '0'),
(3752, 310, 'user.custom.ingrid.user.profession', '0'),
(3753, 310, 'user.custom.ingrid.user.subscribe.newsletter', ''),
(3754, 310, 'user.name.family', 'ST_Platz-05'),
(3755, 310, 'user.name.given', 'Schulung'),
(3756, 310, 'user.name.prefix', '0'),
(3757, 311, 'user.business-info.online.email', 'torsten.wolff@it-service-ges.de'),
(3758, 311, 'user.business-info.postal.city', ''),
(3759, 311, 'user.business-info.postal.postalcode', ''),
(3760, 311, 'user.business-info.postal.street', ''),
(3761, 311, 'user.custom.ingrid.user.age.group', '0'),
(3762, 311, 'user.custom.ingrid.user.attention.from', ''),
(3763, 311, 'user.custom.ingrid.user.confirmid', 'f1e2ace5eb5a3b9658edb3046fce7573'),
(3764, 311, 'user.custom.ingrid.user.interest', '0'),
(3765, 311, 'user.custom.ingrid.user.profession', '0'),
(3766, 311, 'user.custom.ingrid.user.subscribe.newsletter', ''),
(3767, 311, 'user.name.family', 'ST_Platz-06'),
(3768, 311, 'user.name.given', 'Schulung'),
(3769, 311, 'user.name.prefix', '0'),
(3770, 312, 'user.business-info.online.email', 'torsten.wolff@it-service-ges.de'),
(3771, 312, 'user.business-info.postal.city', ''),
(3772, 312, 'user.business-info.postal.postalcode', ''),
(3773, 312, 'user.business-info.postal.street', ''),
(3774, 312, 'user.custom.ingrid.user.age.group', '0'),
(3775, 312, 'user.custom.ingrid.user.attention.from', ''),
(3776, 312, 'user.custom.ingrid.user.confirmid', 'c8904a536c126a881d3caa4e9a999899'),
(3777, 312, 'user.custom.ingrid.user.interest', '0'),
(3778, 312, 'user.custom.ingrid.user.profession', '0'),
(3779, 312, 'user.custom.ingrid.user.subscribe.newsletter', ''),
(3780, 312, 'user.name.family', 'ST_Platz-07'),
(3781, 312, 'user.name.given', 'Schulung'),
(3782, 312, 'user.name.prefix', '0'),
(3783, 313, 'user.business-info.online.email', 'torsten.wolff@it-service-ges.de'),
(3784, 313, 'user.business-info.postal.city', ''),
(3785, 313, 'user.business-info.postal.postalcode', ''),
(3786, 313, 'user.business-info.postal.street', ''),
(3787, 313, 'user.custom.ingrid.user.age.group', '0'),
(3788, 313, 'user.custom.ingrid.user.attention.from', ''),
(3789, 313, 'user.custom.ingrid.user.confirmid', '1b3452b8b09d9ca02a9767c7ccc914fd'),
(3790, 313, 'user.custom.ingrid.user.interest', '0'),
(3791, 313, 'user.custom.ingrid.user.profession', '0'),
(3792, 313, 'user.custom.ingrid.user.subscribe.newsletter', ''),
(3793, 313, 'user.name.family', 'ST_Platz-08'),
(3794, 313, 'user.name.given', 'Schulung'),
(3795, 313, 'user.name.prefix', '0'),
(3796, 314, 'user.business-info.online.email', 'torsten.wolff@it-service-ges.de'),
(3797, 314, 'user.business-info.postal.city', ''),
(3798, 314, 'user.business-info.postal.postalcode', ''),
(3799, 314, 'user.business-info.postal.street', ''),
(3800, 314, 'user.custom.ingrid.user.age.group', '0'),
(3801, 314, 'user.custom.ingrid.user.attention.from', ''),
(3802, 314, 'user.custom.ingrid.user.confirmid', 'a9f10113f239cc2c96e43218cfe111cf'),
(3803, 314, 'user.custom.ingrid.user.interest', '0'),
(3804, 314, 'user.custom.ingrid.user.profession', '0'),
(3805, 314, 'user.custom.ingrid.user.subscribe.newsletter', ''),
(3806, 314, 'user.name.family', 'ST_Platz-09'),
(3807, 314, 'user.name.given', 'Schulung'),
(3808, 314, 'user.name.prefix', '0'),
(3809, 315, 'user.business-info.online.email', 'torsten.wolff@it-service-ges.de'),
(3810, 315, 'user.business-info.postal.city', ''),
(3811, 315, 'user.business-info.postal.postalcode', ''),
(3812, 315, 'user.business-info.postal.street', ''),
(3813, 315, 'user.custom.ingrid.user.age.group', '0'),
(3814, 315, 'user.custom.ingrid.user.attention.from', ''),
(3815, 315, 'user.custom.ingrid.user.confirmid', 'bace33057752b2d0cd3ea60eb2d3bbff'),
(3816, 315, 'user.custom.ingrid.user.interest', '0'),
(3817, 315, 'user.custom.ingrid.user.profession', '0'),
(3818, 315, 'user.custom.ingrid.user.subscribe.newsletter', ''),
(3819, 315, 'user.name.family', 'ST_Platz-10'),
(3820, 315, 'user.name.given', 'Schulung'),
(3821, 315, 'user.name.prefix', '0'),
(3822, 316, 'user.business-info.online.email', 'torsten.wolff@it-service-ges.de'),
(3823, 316, 'user.business-info.postal.city', ''),
(3824, 316, 'user.business-info.postal.postalcode', ''),
(3825, 316, 'user.business-info.postal.street', ''),
(3826, 316, 'user.custom.ingrid.user.age.group', '0'),
(3827, 316, 'user.custom.ingrid.user.attention.from', ''),
(3828, 316, 'user.custom.ingrid.user.confirmid', '54cae1bcdb641daaa7e150a487975849'),
(3829, 316, 'user.custom.ingrid.user.interest', '0'),
(3830, 316, 'user.custom.ingrid.user.profession', '0'),
(3831, 316, 'user.custom.ingrid.user.subscribe.newsletter', ''),
(3832, 316, 'user.name.family', 'ST_Platz-11'),
(3833, 316, 'user.name.given', 'Schulung'),
(3834, 316, 'user.name.prefix', '0'),
(3835, 317, 'user.business-info.online.email', 'torsten.wolff@it-service-ges.de'),
(3836, 317, 'user.business-info.postal.city', ''),
(3837, 317, 'user.business-info.postal.postalcode', ''),
(3838, 317, 'user.business-info.postal.street', ''),
(3839, 317, 'user.custom.ingrid.user.age.group', '0'),
(3840, 317, 'user.custom.ingrid.user.attention.from', ''),
(3841, 317, 'user.custom.ingrid.user.confirmid', '6ffd5bdcf5ec9415cb3154d4000b73e7'),
(3842, 317, 'user.custom.ingrid.user.interest', '0'),
(3843, 317, 'user.custom.ingrid.user.profession', '0'),
(3844, 317, 'user.custom.ingrid.user.subscribe.newsletter', ''),
(3845, 317, 'user.name.family', 'ST_Platz-12'),
(3846, 317, 'user.name.given', 'Schulung'),
(3847, 317, 'user.name.prefix', '0'),
(3848, 318, 'user.business-info.online.email', 'torsten.wolff@it-service-ges.de'),
(3849, 318, 'user.business-info.postal.city', ''),
(3850, 318, 'user.business-info.postal.postalcode', ''),
(3851, 318, 'user.business-info.postal.street', ''),
(3852, 318, 'user.custom.ingrid.user.age.group', '0'),
(3853, 318, 'user.custom.ingrid.user.attention.from', ''),
(3854, 318, 'user.custom.ingrid.user.confirmid', 'd564b087be929e9217b85a50f8ccec18'),
(3855, 318, 'user.custom.ingrid.user.interest', '0'),
(3856, 318, 'user.custom.ingrid.user.profession', '0'),
(3857, 318, 'user.custom.ingrid.user.subscribe.newsletter', ''),
(3858, 318, 'user.name.family', 'ST_Platz-13'),
(3859, 318, 'user.name.given', 'Schulung'),
(3860, 318, 'user.name.prefix', '0'),
(3861, 319, 'user.business-info.online.email', 'torsten.wolff@it-service-ges.de'),
(3862, 319, 'user.business-info.postal.city', ''),
(3863, 319, 'user.business-info.postal.postalcode', ''),
(3864, 319, 'user.business-info.postal.street', ''),
(3865, 319, 'user.custom.ingrid.user.age.group', '0'),
(3866, 319, 'user.custom.ingrid.user.attention.from', ''),
(3867, 319, 'user.custom.ingrid.user.confirmid', 'c05c4bf7861dab43afcdfad71c09ce06'),
(3868, 319, 'user.custom.ingrid.user.interest', '0'),
(3869, 319, 'user.custom.ingrid.user.profession', '0'),
(3870, 319, 'user.custom.ingrid.user.subscribe.newsletter', ''),
(3871, 319, 'user.name.family', 'ST_Platz-14'),
(3872, 319, 'user.name.given', 'Schulung'),
(3873, 319, 'user.name.prefix', '0'),
(3874, 320, 'user.business-info.online.email', 'torsten.wolff@it-service-ges.de'),
(3875, 320, 'user.business-info.postal.city', ''),
(3876, 320, 'user.business-info.postal.postalcode', ''),
(3877, 320, 'user.business-info.postal.street', ''),
(3878, 320, 'user.custom.ingrid.user.age.group', '0'),
(3879, 320, 'user.custom.ingrid.user.attention.from', ''),
(3880, 320, 'user.custom.ingrid.user.confirmid', '6cf42aff2c21116453c0b6c5027c76e6'),
(3881, 320, 'user.custom.ingrid.user.interest', '0'),
(3882, 320, 'user.custom.ingrid.user.profession', '0'),
(3883, 320, 'user.custom.ingrid.user.subscribe.newsletter', ''),
(3884, 320, 'user.name.family', 'ST_Platz-15'),
(3885, 320, 'user.name.given', 'Schulung'),
(3886, 320, 'user.name.prefix', '0'),
(3887, 321, 'user.business-info.online.email', 'torsten.wolff@it-service-ges.de'),
(3888, 321, 'user.business-info.postal.city', ''),
(3889, 321, 'user.business-info.postal.postalcode', ''),
(3890, 321, 'user.business-info.postal.street', ''),
(3891, 321, 'user.custom.ingrid.user.age.group', '0'),
(3892, 321, 'user.custom.ingrid.user.attention.from', ''),
(3893, 321, 'user.custom.ingrid.user.confirmid', '2767a178a740b274a71bee80c8225b7f'),
(3894, 321, 'user.custom.ingrid.user.interest', '0'),
(3895, 321, 'user.custom.ingrid.user.profession', '0'),
(3896, 321, 'user.custom.ingrid.user.subscribe.newsletter', ''),
(3897, 321, 'user.name.family', 'ST_Platz-16'),
(3898, 321, 'user.name.given', 'Schulung'),
(3899, 321, 'user.name.prefix', '0'),
(3900, 322, 'user.business-info.online.email', 'torsten.wolff@it-service-ges.de'),
(3901, 322, 'user.business-info.postal.city', ''),
(3902, 322, 'user.business-info.postal.postalcode', ''),
(3903, 322, 'user.business-info.postal.street', ''),
(3904, 322, 'user.custom.ingrid.user.age.group', '0'),
(3905, 322, 'user.custom.ingrid.user.attention.from', ''),
(3906, 322, 'user.custom.ingrid.user.confirmid', '1823d7362c2c25e646bf22b884f92077'),
(3907, 322, 'user.custom.ingrid.user.interest', '0'),
(3908, 322, 'user.custom.ingrid.user.profession', '0'),
(3909, 322, 'user.custom.ingrid.user.subscribe.newsletter', ''),
(3910, 322, 'user.name.family', 'ST_Platz-17'),
(3911, 322, 'user.name.given', 'Schulung'),
(3912, 322, 'user.name.prefix', '0'),
(3913, 323, 'user.business-info.online.email', 'torsten.wolff@it-service-ges.de'),
(3914, 323, 'user.business-info.postal.city', ''),
(3915, 323, 'user.business-info.postal.postalcode', ''),
(3916, 323, 'user.business-info.postal.street', ''),
(3917, 323, 'user.custom.ingrid.user.age.group', '0'),
(3918, 323, 'user.custom.ingrid.user.attention.from', ''),
(3919, 323, 'user.custom.ingrid.user.confirmid', 'ab3c9c8225044e53a60c49dadf87c806'),
(3920, 323, 'user.custom.ingrid.user.interest', '0'),
(3921, 323, 'user.custom.ingrid.user.profession', '0'),
(3922, 323, 'user.custom.ingrid.user.subscribe.newsletter', ''),
(3923, 323, 'user.name.family', 'ST_Platz-18'),
(3924, 323, 'user.name.given', 'Schulung'),
(3925, 323, 'user.name.prefix', '0'),
(3926, 324, 'user.business-info.online.email', 'torsten.wolff@it-service-ges.de'),
(3927, 324, 'user.business-info.postal.city', ''),
(3928, 324, 'user.business-info.postal.postalcode', ''),
(3929, 324, 'user.business-info.postal.street', ''),
(3930, 324, 'user.custom.ingrid.user.age.group', '0'),
(3931, 324, 'user.custom.ingrid.user.attention.from', ''),
(3932, 324, 'user.custom.ingrid.user.confirmid', 'f1bc163c34f99ae1f856f3fe761c79f9'),
(3933, 324, 'user.custom.ingrid.user.interest', '0'),
(3934, 324, 'user.custom.ingrid.user.profession', '0'),
(3935, 324, 'user.custom.ingrid.user.subscribe.newsletter', ''),
(3936, 324, 'user.name.family', 'ST_Platz-19'),
(3937, 324, 'user.name.given', 'Schulung'),
(3938, 324, 'user.name.prefix', '0'),
(3939, 325, 'user.business-info.online.email', 'torsten.wolff@it-service-ges.de'),
(3940, 325, 'user.business-info.postal.city', ''),
(3941, 325, 'user.business-info.postal.postalcode', ''),
(3942, 325, 'user.business-info.postal.street', ''),
(3943, 325, 'user.custom.ingrid.user.age.group', '0'),
(3944, 325, 'user.custom.ingrid.user.attention.from', ''),
(3945, 325, 'user.custom.ingrid.user.confirmid', '8491208036af3e8803bf42308ac8440e'),
(3946, 325, 'user.custom.ingrid.user.interest', '0'),
(3947, 325, 'user.custom.ingrid.user.profession', '0'),
(3948, 325, 'user.custom.ingrid.user.subscribe.newsletter', ''),
(3949, 325, 'user.name.family', 'ST_Platz-20'),
(3950, 325, 'user.name.given', 'Schulung'),
(3951, 325, 'user.name.prefix', '0'),
(3952, 326, 'user.business-info.online.email', 'brit.koether@mlu.sachsen-anhalt.de'),
(3953, 326, 'user.business-info.postal.city', ''),
(3954, 326, 'user.business-info.postal.postalcode', ''),
(3955, 326, 'user.business-info.postal.street', ''),
(3956, 326, 'user.custom.ingrid.user.age.group', '0'),
(3957, 326, 'user.custom.ingrid.user.attention.from', ''),
(3958, 326, 'user.custom.ingrid.user.confirmid', '9bc12deb972ff817ac6bb1135c51963d'),
(3959, 326, 'user.custom.ingrid.user.interest', '0'),
(3960, 326, 'user.custom.ingrid.user.profession', '0'),
(3961, 326, 'user.custom.ingrid.user.subscribe.newsletter', ''),
(3962, 326, 'user.name.family', 'Köther'),
(3963, 326, 'user.name.given', 'Brit'),
(3964, 326, 'user.name.prefix', '1'),
(3965, 327, 'user.business-info.online.email', 'volker.ketzel@ldc.sachsen.de'),
(3966, 327, 'user.business-info.postal.city', ''),
(3967, 327, 'user.business-info.postal.postalcode', ''),
(3968, 327, 'user.business-info.postal.street', ''),
(3969, 327, 'user.custom.ingrid.user.age.group', '0'),
(3970, 327, 'user.custom.ingrid.user.attention.from', ''),
(3971, 327, 'user.custom.ingrid.user.confirmid', '577f3fc5b970a9bd4a954e5bfcbf66a0'),
(3972, 327, 'user.custom.ingrid.user.interest', '0'),
(3973, 327, 'user.custom.ingrid.user.profession', '0'),
(3974, 327, 'user.custom.ingrid.user.subscribe.newsletter', ''),
(3975, 327, 'user.name.family', 'Ketzel'),
(3976, 327, 'user.name.given', 'Volker'),
(3977, 327, 'user.name.prefix', '0'),
(3978, 328, 'user.business-info.online.email', 'joern.beulke@geo.bremen.de'),
(3979, 328, 'user.business-info.postal.city', 'Bremen'),
(3980, 328, 'user.business-info.postal.postalcode', '28217'),
(3981, 328, 'user.business-info.postal.street', 'Lloydstr. 4'),
(3982, 328, 'user.custom.ingrid.user.age.group', '0'),
(3983, 328, 'user.custom.ingrid.user.attention.from', ''),
(3984, 328, 'user.custom.ingrid.user.confirmid', '6ed070e93a0d3edc144dee6572304cdb'),
(3985, 328, 'user.custom.ingrid.user.interest', '0'),
(3986, 328, 'user.custom.ingrid.user.profession', '0'),
(3987, 328, 'user.custom.ingrid.user.subscribe.newsletter', ''),
(3988, 328, 'user.name.family', 'Beulke'),
(3989, 328, 'user.name.given', 'Joern'),
(3990, 328, 'user.name.prefix', '2'),
(3991, 329, 'user.business-info.online.email', 'kerstin.hartsch@ipro-dresden.de'),
(3992, 329, 'user.business-info.postal.city', ''),
(3993, 329, 'user.business-info.postal.postalcode', ''),
(3994, 329, 'user.business-info.postal.street', ''),
(3995, 329, 'user.custom.ingrid.user.age.group', '0'),
(3996, 329, 'user.custom.ingrid.user.attention.from', ''),
(3997, 329, 'user.custom.ingrid.user.confirmid', 'f5f2eef2b6c948b1e3553e2902d9f185'),
(3998, 329, 'user.custom.ingrid.user.interest', '0'),
(3999, 329, 'user.custom.ingrid.user.profession', '0'),
(4000, 329, 'user.custom.ingrid.user.subscribe.newsletter', ''),
(4001, 329, 'user.name.family', 'Hartsch'),
(4002, 329, 'user.name.given', 'Kerstin'),
(4003, 329, 'user.name.prefix', '3'),
(4004, 330, 'user.business-info.online.email', 'kai-uwe.krause@gv.hamburg.de'),
(4005, 330, 'user.business-info.postal.city', 'Hamburg'),
(4006, 330, 'user.business-info.postal.postalcode', '20097'),
(4007, 330, 'user.business-info.postal.street', 'Sachsenkamp 4'),
(4008, 330, 'user.custom.ingrid.user.age.group', '4'),
(4009, 330, 'user.custom.ingrid.user.attention.from', 'LGV Hamburg'),
(4010, 330, 'user.custom.ingrid.user.confirmid', 'ba62b55a456d4ee01e79aef2b2511faa'),
(4011, 330, 'user.custom.ingrid.user.interest', '1'),
(4012, 330, 'user.custom.ingrid.user.profession', '4'),
(4013, 330, 'user.custom.ingrid.user.subscribe.newsletter', ''),
(4014, 330, 'user.name.family', 'Krause'),
(4015, 330, 'user.name.given', 'Kai-Uwe'),
(4016, 330, 'user.name.prefix', '3'),
(4017, 331, 'user.business-info.online.email', 'Alexandra.Baake@mi.sachsen-anhalt.de'),
(4018, 331, 'user.business-info.postal.city', ''),
(4019, 331, 'user.business-info.postal.postalcode', ''),
(4020, 331, 'user.business-info.postal.street', ''),
(4021, 331, 'user.custom.ingrid.user.age.group', '0'),
(4022, 331, 'user.custom.ingrid.user.attention.from', ''),
(4023, 331, 'user.custom.ingrid.user.confirmid', 'd8fee7654edbe234cf45e20aa020cfaf'),
(4024, 331, 'user.custom.ingrid.user.interest', '1'),
(4025, 331, 'user.custom.ingrid.user.profession', '4'),
(4026, 331, 'user.custom.ingrid.user.subscribe.newsletter', '1'),
(4027, 331, 'user.name.family', 'Baake'),
(4028, 331, 'user.name.given', 'Alexandra'),
(4029, 331, 'user.name.prefix', '1'),
(4030, 332, 'user.business-info.online.email', 'Matthias.Wagner@tlug.thueringen.de.de'),
(4031, 332, 'user.business-info.postal.city', 'Jena'),
(4032, 332, 'user.business-info.postal.postalcode', '07745'),
(4033, 332, 'user.business-info.postal.street', 'Göschwitzer Str. 41'),
(4034, 332, 'user.custom.ingrid.user.age.group', '0'),
(4035, 332, 'user.custom.ingrid.user.attention.from', ''),
(4036, 332, 'user.custom.ingrid.user.confirmid', 'b4481a9b6039e39741ce9e6fe1629516'),
(4037, 332, 'user.custom.ingrid.user.interest', '1'),
(4038, 332, 'user.custom.ingrid.user.profession', '4'),
(4039, 332, 'user.custom.ingrid.user.subscribe.newsletter', '1'),
(4040, 332, 'user.name.family', 'Wagner'),
(4041, 332, 'user.name.given', 'Matthias'),
(4042, 332, 'user.name.prefix', '2'),
(4043, 333, 'user.business-info.online.email', 'gabriele.schoenwiese@uba.de'),
(4044, 333, 'user.business-info.postal.city', 'Dessau-Roßlau'),
(4045, 333, 'user.business-info.postal.postalcode', '06844'),
(4046, 333, 'user.business-info.postal.street', 'Umweltbundesamt, Wörlitzer Platz 1'),
(4047, 333, 'user.custom.ingrid.user.age.group', '4'),
(4048, 333, 'user.custom.ingrid.user.attention.from', ''),
(4049, 333, 'user.custom.ingrid.user.confirmid', '7c04c4e16e401bb92b7ae51f18fd71e6'),
(4050, 333, 'user.custom.ingrid.user.interest', '1'),
(4051, 333, 'user.custom.ingrid.user.profession', '4'),
(4052, 333, 'user.custom.ingrid.user.subscribe.newsletter', ''),
(4053, 333, 'user.name.family', 'Schönwiese'),
(4054, 333, 'user.name.given', 'Gabriele'),
(4055, 333, 'user.name.prefix', '1'),
(4056, 334, 'user.business-info.online.email', 'Stefanie.Hass@mu.niedersachsen.de'),
(4057, 334, 'user.business-info.postal.city', ''),
(4058, 334, 'user.business-info.postal.postalcode', ''),
(4059, 334, 'user.business-info.postal.street', ''),
(4060, 334, 'user.custom.ingrid.user.age.group', '0'),
(4061, 334, 'user.custom.ingrid.user.attention.from', ''),
(4062, 334, 'user.custom.ingrid.user.confirmid', '690052667bdca450457e010717f899a1'),
(4063, 334, 'user.custom.ingrid.user.interest', '0'),
(4064, 334, 'user.custom.ingrid.user.profession', '0'),
(4065, 334, 'user.custom.ingrid.user.subscribe.newsletter', '1'),
(4066, 334, 'user.name.family', 'Hass'),
(4067, 334, 'user.name.given', 'Stefanie'),
(4068, 334, 'user.name.prefix', '1'),
(4069, 335, 'user.business-info.online.email', 'klaus.wieland@portalu.de'),
(4070, 335, 'user.business-info.postal.city', ''),
(4071, 335, 'user.business-info.postal.postalcode', ''),
(4072, 335, 'user.business-info.postal.street', ''),
(4073, 335, 'user.custom.ingrid.user.age.group', '0'),
(4074, 335, 'user.custom.ingrid.user.attention.from', ''),
(4075, 335, 'user.custom.ingrid.user.confirmid', 'bc2b30f4d43a840c84b39c5d414fef26'),
(4076, 335, 'user.custom.ingrid.user.interest', '0'),
(4077, 335, 'user.custom.ingrid.user.profession', '0'),
(4078, 335, 'user.custom.ingrid.user.subscribe.newsletter', '1'),
(4079, 335, 'user.name.family', 'Wieland'),
(4080, 335, 'user.name.given', 'Klaus'),
(4081, 335, 'user.name.prefix', '2'),
(4082, 336, 'user.business-info.online.email', 'solarfuchs@googlemail.com'),
(4083, 336, 'user.business-info.postal.city', ''),
(4084, 336, 'user.business-info.postal.postalcode', ''),
(4085, 336, 'user.business-info.postal.street', ''),
(4086, 336, 'user.custom.ingrid.user.age.group', '7'),
(4087, 336, 'user.custom.ingrid.user.attention.from', ''),
(4088, 336, 'user.custom.ingrid.user.confirmid', '48055ebf2316c2dde66a92b0c8634b20'),
(4089, 336, 'user.custom.ingrid.user.interest', '1'),
(4090, 336, 'user.custom.ingrid.user.profession', '4'),
(4091, 336, 'user.custom.ingrid.user.subscribe.newsletter', '1'),
(4092, 336, 'user.name.family', 'Kohl'),
(4093, 336, 'user.name.given', 'Rudi'),
(4094, 336, 'user.name.prefix', '2'),
(4095, 337, 'user.business-info.online.email', 'annette.sawade@um.bwl.de'),
(4096, 337, 'user.business-info.postal.city', 'Stuttgart'),
(4097, 337, 'user.business-info.postal.postalcode', '70182'),
(4098, 337, 'user.business-info.postal.street', 'kernerplatz 9'),
(4099, 337, 'user.custom.ingrid.user.age.group', '7'),
(4100, 337, 'user.custom.ingrid.user.attention.from', 'MA UM'),
(4101, 337, 'user.custom.ingrid.user.confirmid', 'c1db728080f37f29dab5c906c4289e89'),
(4102, 337, 'user.custom.ingrid.user.interest', '1'),
(4103, 337, 'user.custom.ingrid.user.profession', '3'),
(4104, 337, 'user.custom.ingrid.user.subscribe.newsletter', '1'),
(4105, 337, 'user.name.family', 'Sawade'),
(4106, 337, 'user.name.given', 'Annette'),
(4107, 337, 'user.name.prefix', '1'),
(4108, 338, 'user.business-info.online.email', 'andreas.richter@magistrat.bremerhaven.de'),
(4109, 338, 'user.business-info.postal.city', ''),
(4110, 338, 'user.business-info.postal.postalcode', ''),
(4111, 338, 'user.business-info.postal.street', ''),
(4112, 338, 'user.custom.ingrid.user.age.group', '2'),
(4113, 338, 'user.custom.ingrid.user.attention.from', ''),
(4114, 338, 'user.custom.ingrid.user.confirmid', '6aa12b97d44961fa883e40e2865653b0'),
(4115, 338, 'user.custom.ingrid.user.interest', '1'),
(4116, 338, 'user.custom.ingrid.user.profession', '4'),
(4117, 338, 'user.custom.ingrid.user.subscribe.newsletter', '1'),
(4118, 338, 'user.name.family', 'Richter'),
(4119, 338, 'user.name.given', 'Andreas'),
(4120, 338, 'user.name.prefix', '2'),
(4121, 339, 'user.business-info.online.email', 'andreas.richter@magistrat.bremerhaven.de'),
(4122, 339, 'user.business-info.postal.city', ''),
(4123, 339, 'user.business-info.postal.postalcode', ''),
(4124, 339, 'user.business-info.postal.street', ''),
(4125, 339, 'user.custom.ingrid.user.age.group', '2'),
(4126, 339, 'user.custom.ingrid.user.attention.from', ''),
(4127, 339, 'user.custom.ingrid.user.confirmid', '3da6868e24c3c8e57ce95f11da56510d'),
(4128, 339, 'user.custom.ingrid.user.interest', '1'),
(4129, 339, 'user.custom.ingrid.user.profession', '4'),
(4130, 339, 'user.custom.ingrid.user.subscribe.newsletter', '1'),
(4131, 339, 'user.name.family', 'Richter'),
(4132, 339, 'user.name.given', 'Andreas'),
(4133, 339, 'user.name.prefix', '2'),
(4134, 340, 'user.business-info.online.email', 'marco.kewes@magistrat.bremerhaven.de'),
(4135, 340, 'user.business-info.postal.city', 'Bremerhaven'),
(4136, 340, 'user.business-info.postal.postalcode', '27524'),
(4137, 340, 'user.business-info.postal.street', 'Fährstraße 20'),
(4138, 340, 'user.custom.ingrid.user.age.group', '3'),
(4139, 340, 'user.custom.ingrid.user.attention.from', 'dienstlich'),
(4140, 340, 'user.custom.ingrid.user.confirmid', '78440e33c905e130268641b4c2588b1e'),
(4141, 340, 'user.custom.ingrid.user.interest', '1'),
(4142, 340, 'user.custom.ingrid.user.profession', '4'),
(4143, 340, 'user.custom.ingrid.user.subscribe.newsletter', '1'),
(4144, 340, 'user.name.family', 'Kewes'),
(4145, 340, 'user.name.given', 'Marco'),
(4146, 340, 'user.name.prefix', '2'),
(4147, 341, 'user.business-info.online.email', 'mayergefahrgut@aol.com'),
(4148, 341, 'user.business-info.postal.city', 'Achberg'),
(4149, 341, 'user.business-info.postal.postalcode', '88147'),
(4150, 341, 'user.business-info.postal.street', 'Regnitz 1'),
(4151, 341, 'user.custom.ingrid.user.age.group', '4'),
(4152, 341, 'user.custom.ingrid.user.attention.from', 'Internet'),
(4153, 341, 'user.custom.ingrid.user.confirmid', '10d14c9d26758e341ea8b5544a120010'),
(4154, 341, 'user.custom.ingrid.user.interest', '1'),
(4155, 341, 'user.custom.ingrid.user.profession', '3'),
(4156, 341, 'user.custom.ingrid.user.subscribe.newsletter', '1'),
(4157, 341, 'user.name.family', 'Mayer'),
(4158, 341, 'user.name.given', 'Helmut'),
(4159, 341, 'user.name.prefix', '2'),
(4160, 342, 'user.business-info.online.email', 'monika.kneissl@lau.mlu.sachsen-anhalt.de'),
(4161, 342, 'user.business-info.postal.city', 'Halle'),
(4162, 342, 'user.business-info.postal.postalcode', '06106'),
(4163, 342, 'user.business-info.postal.street', 'Reideburger Straße 47'),
(4164, 342, 'user.custom.ingrid.user.age.group', '7'),
(4165, 342, 'user.custom.ingrid.user.attention.from', 'Dienst'),
(4166, 342, 'user.custom.ingrid.user.confirmid', 'f9179682cea714d4b08996ca35e6624b'),
(4167, 342, 'user.custom.ingrid.user.interest', '1'),
(4168, 342, 'user.custom.ingrid.user.profession', '4'),
(4169, 342, 'user.custom.ingrid.user.subscribe.newsletter', '1'),
(4170, 342, 'user.name.family', 'Kneissl'),
(4171, 342, 'user.name.given', 'Monika'),
(4172, 342, 'user.name.prefix', '1'),
(4173, 343, 'user.business-info.online.email', 'Matthias.Greye@mlv.sachsen-anhalt.de'),
(4174, 343, 'user.business-info.postal.city', 'Magdeburg'),
(4175, 343, 'user.business-info.postal.postalcode', '39114'),
(4176, 343, 'user.business-info.postal.street', 'Turmschanzenstraße 30'),
(4177, 343, 'user.custom.ingrid.user.age.group', '0'),
(4178, 343, 'user.custom.ingrid.user.attention.from', ''),
(4179, 343, 'user.custom.ingrid.user.confirmid', 'e6dfd8720ad36b912d356dbcfb0114df'),
(4180, 343, 'user.custom.ingrid.user.interest', '0'),
(4181, 343, 'user.custom.ingrid.user.profession', '0'),
(4182, 343, 'user.custom.ingrid.user.subscribe.newsletter', ''),
(4183, 343, 'user.name.family', 'Greye'),
(4184, 343, 'user.name.given', 'Matthias'),
(4185, 343, 'user.name.prefix', '2'),
(4186, 344, 'user.business-info.online.email', 'marian.pohl@uba.de'),
(4187, 344, 'user.business-info.postal.city', ''),
(4188, 344, 'user.business-info.postal.postalcode', ''),
(4189, 344, 'user.business-info.postal.street', ''),
(4190, 344, 'user.custom.ingrid.user.age.group', '0'),
(4191, 344, 'user.custom.ingrid.user.attention.from', ''),
(4192, 344, 'user.custom.ingrid.user.confirmid', 'c67ac5e127e67bcd9918857f5fcb78fa'),
(4193, 344, 'user.custom.ingrid.user.interest', '0'),
(4194, 344, 'user.custom.ingrid.user.profession', '0'),
(4195, 344, 'user.custom.ingrid.user.subscribe.newsletter', ''),
(4196, 344, 'user.name.family', 'Pohl'),
(4197, 344, 'user.name.given', 'Marian'),
(4198, 344, 'user.name.prefix', '2'),
(4199, 345, 'user.business-info.online.email', 'grit.hartmann@lvwa.sachsen-anhalt.de'),
(4200, 345, 'user.business-info.postal.city', ''),
(4201, 345, 'user.business-info.postal.postalcode', ''),
(4202, 345, 'user.business-info.postal.street', ''),
(4203, 345, 'user.custom.ingrid.user.age.group', '0'),
(4204, 345, 'user.custom.ingrid.user.attention.from', ''),
(4205, 345, 'user.custom.ingrid.user.confirmid', '0dbe42ee1868c98170c3680d5f9ad4a3'),
(4206, 345, 'user.custom.ingrid.user.interest', '0'),
(4207, 345, 'user.custom.ingrid.user.profession', '0'),
(4208, 345, 'user.custom.ingrid.user.subscribe.newsletter', ''),
(4209, 345, 'user.name.family', 'Hartmann'),
(4210, 345, 'user.name.given', 'Grit'),
(4211, 345, 'user.name.prefix', '1'),
(4212, 346, 'user.business-info.online.email', 'Noreen.Bittermann@lsbb.sachsen-anhalt.de'),
(4213, 346, 'user.business-info.postal.city', 'Magdeburg'),
(4214, 346, 'user.business-info.postal.postalcode', '39104'),
(4215, 346, 'user.business-info.postal.street', 'Hasselbachstraße 6'),
(4216, 346, 'user.custom.ingrid.user.age.group', '3'),
(4217, 346, 'user.custom.ingrid.user.attention.from', 'Informationsveranstalltung'),
(4218, 346, 'user.custom.ingrid.user.confirmid', '8d23e4567a0db7c634509feec4a7f15b'),
(4219, 346, 'user.custom.ingrid.user.interest', '1'),
(4220, 346, 'user.custom.ingrid.user.profession', '4'),
(4221, 346, 'user.custom.ingrid.user.subscribe.newsletter', ''),
(4222, 346, 'user.name.family', 'Bittermann'),
(4223, 346, 'user.name.given', 'Noreen'),
(4224, 346, 'user.name.prefix', '1'),
(4225, 347, 'user.business-info.online.email', 'mike.elstermann@itc-halle.de'),
(4226, 347, 'user.business-info.postal.city', 'Halle'),
(4227, 347, 'user.business-info.postal.postalcode', '06108'),
(4228, 347, 'user.business-info.postal.street', 'Bornknechtstraße 5'),
(4229, 347, 'user.custom.ingrid.user.age.group', '4'),
(4230, 347, 'user.custom.ingrid.user.attention.from', 'Vortrag Bohlmann/Bachmann/Köther'),
(4231, 347, 'user.custom.ingrid.user.confirmid', '11d35b6711663ba554a43c47bd344b4a'),
(4232, 347, 'user.custom.ingrid.user.interest', '1'),
(4233, 347, 'user.custom.ingrid.user.profession', '8'),
(4234, 347, 'user.custom.ingrid.user.subscribe.newsletter', '1'),
(4235, 347, 'user.name.family', 'Elstermann'),
(4236, 347, 'user.name.given', 'Mike'),
(4237, 347, 'user.name.prefix', '2'),
(4238, 348, 'user.business-info.online.email', 'nagel@lau.mlu.sachsen-anhalt.de'),
(4239, 348, 'user.business-info.postal.city', ''),
(4240, 348, 'user.business-info.postal.postalcode', ''),
(4241, 348, 'user.business-info.postal.street', ''),
(4242, 348, 'user.custom.ingrid.user.age.group', '0'),
(4243, 348, 'user.custom.ingrid.user.attention.from', ''),
(4244, 348, 'user.custom.ingrid.user.confirmid', '014c018d5c0b3ed4a683e1902623b876'),
(4245, 348, 'user.custom.ingrid.user.interest', '0'),
(4246, 348, 'user.custom.ingrid.user.profession', '0'),
(4247, 348, 'user.custom.ingrid.user.subscribe.newsletter', ''),
(4248, 348, 'user.name.family', 'Nagel'),
(4249, 348, 'user.name.given', 'heiner'),
(4250, 348, 'user.name.prefix', '2'),
(4251, 349, 'user.business-info.online.email', 'torsten.wolff@it-service-ges.de'),
(4252, 349, 'user.business-info.postal.city', ''),
(4253, 349, 'user.business-info.postal.postalcode', ''),
(4254, 349, 'user.business-info.postal.street', ''),
(4255, 349, 'user.custom.ingrid.user.age.group', '0'),
(4256, 349, 'user.custom.ingrid.user.attention.from', ''),
(4257, 349, 'user.custom.ingrid.user.confirmid', '01dfe064e136e9b83186f73d2d7af503'),
(4258, 349, 'user.custom.ingrid.user.interest', '0'),
(4259, 349, 'user.custom.ingrid.user.profession', '0'),
(4260, 349, 'user.custom.ingrid.user.subscribe.newsletter', ''),
(4261, 349, 'user.name.family', 'ST-Metadaten-Autor'),
(4262, 349, 'user.name.given', 'Test'),
(4263, 349, 'user.name.prefix', '2'),
(4264, 350, 'user.business-info.online.email', 'Horst.Bolte@wuh.bremen.de'),
(4265, 350, 'user.business-info.postal.city', ''),
(4266, 350, 'user.business-info.postal.postalcode', ''),
(4267, 350, 'user.business-info.postal.street', ''),
(4268, 350, 'user.custom.ingrid.user.age.group', '0'),
(4269, 350, 'user.custom.ingrid.user.attention.from', ''),
(4270, 350, 'user.custom.ingrid.user.confirmid', '5f7c0dc8197dc6d6693e1c1fb0c825d3'),
(4271, 350, 'user.custom.ingrid.user.interest', '0'),
(4272, 350, 'user.custom.ingrid.user.profession', '0'),
(4273, 350, 'user.custom.ingrid.user.subscribe.newsletter', ''),
(4274, 350, 'user.name.family', 'Bolte'),
(4275, 350, 'user.name.given', 'Horst'),
(4276, 350, 'user.name.prefix', '2'),
(4277, 351, 'user.business-info.online.email', 'Anngret.Brandt-Wehner@bau.bremen.de'),
(4278, 351, 'user.business-info.postal.city', ''),
(4279, 351, 'user.business-info.postal.postalcode', ''),
(4280, 351, 'user.business-info.postal.street', ''),
(4281, 351, 'user.custom.ingrid.user.age.group', '0'),
(4282, 351, 'user.custom.ingrid.user.attention.from', ''),
(4283, 351, 'user.custom.ingrid.user.confirmid', 'e72c86e0a4fc9fe91aefd613b4975c21'),
(4284, 351, 'user.custom.ingrid.user.interest', '0'),
(4285, 351, 'user.custom.ingrid.user.profession', '0'),
(4286, 351, 'user.custom.ingrid.user.subscribe.newsletter', ''),
(4287, 351, 'user.name.family', 'Brandt-Wehner'),
(4288, 351, 'user.name.given', 'Anngret'),
(4289, 351, 'user.name.prefix', '1'),
(4290, 352, 'user.business-info.online.email', 'Viktoria.Grusdow@BAU.BREMEN.de'),
(4291, 352, 'user.business-info.postal.city', ''),
(4292, 352, 'user.business-info.postal.postalcode', ''),
(4293, 352, 'user.business-info.postal.street', ''),
(4294, 352, 'user.custom.ingrid.user.age.group', '0'),
(4295, 352, 'user.custom.ingrid.user.attention.from', ''),
(4296, 352, 'user.custom.ingrid.user.confirmid', '551f3c52ee5c95383fe3035565f873d9'),
(4297, 352, 'user.custom.ingrid.user.interest', '0'),
(4298, 352, 'user.custom.ingrid.user.profession', '0'),
(4299, 352, 'user.custom.ingrid.user.subscribe.newsletter', ''),
(4300, 352, 'user.name.family', 'Grusdow'),
(4301, 352, 'user.name.given', 'Viktoria'),
(4302, 352, 'user.name.prefix', '1'),
(4303, 353, 'user.business-info.online.email', 'Jutta.Hager@SOZIALES.BREMEN.DE'),
(4304, 353, 'user.business-info.postal.city', ''),
(4305, 353, 'user.business-info.postal.postalcode', ''),
(4306, 353, 'user.business-info.postal.street', ''),
(4307, 353, 'user.custom.ingrid.user.age.group', '0'),
(4308, 353, 'user.custom.ingrid.user.attention.from', ''),
(4309, 353, 'user.custom.ingrid.user.confirmid', 'ebec4bbe47dd1e51c77e46e98193ccc7'),
(4310, 353, 'user.custom.ingrid.user.interest', '0'),
(4311, 353, 'user.custom.ingrid.user.profession', '0'),
(4312, 353, 'user.custom.ingrid.user.subscribe.newsletter', ''),
(4313, 353, 'user.name.family', 'Hager'),
(4314, 353, 'user.name.given', 'Jutta'),
(4315, 353, 'user.name.prefix', '1'),
(4316, 354, 'user.business-info.online.email', 'Jens.Harjes@IMMOBILIEN.BREMEN.DE'),
(4317, 354, 'user.business-info.postal.city', ''),
(4318, 354, 'user.business-info.postal.postalcode', ''),
(4319, 354, 'user.business-info.postal.street', ''),
(4320, 354, 'user.custom.ingrid.user.age.group', '0'),
(4321, 354, 'user.custom.ingrid.user.attention.from', ''),
(4322, 354, 'user.custom.ingrid.user.confirmid', '29133c755c47346588440c59e8e44aad'),
(4323, 354, 'user.custom.ingrid.user.interest', '0'),
(4324, 354, 'user.custom.ingrid.user.profession', '0'),
(4325, 354, 'user.custom.ingrid.user.subscribe.newsletter', ''),
(4326, 354, 'user.name.family', 'Harjes'),
(4327, 354, 'user.name.given', 'Jens'),
(4328, 354, 'user.name.prefix', '2'),
(4329, 355, 'user.business-info.online.email', 'Frank.Hillmann@wuh.Bremen.de'),
(4330, 355, 'user.business-info.postal.city', ''),
(4331, 355, 'user.business-info.postal.postalcode', ''),
(4332, 355, 'user.business-info.postal.street', ''),
(4333, 355, 'user.custom.ingrid.user.age.group', '0'),
(4334, 355, 'user.custom.ingrid.user.attention.from', ''),
(4335, 355, 'user.custom.ingrid.user.confirmid', '429a7f750b59a9649606ba5c96fb758f'),
(4336, 355, 'user.custom.ingrid.user.interest', '0'),
(4337, 355, 'user.custom.ingrid.user.profession', '0'),
(4338, 355, 'user.custom.ingrid.user.subscribe.newsletter', ''),
(4339, 355, 'user.name.family', 'Hillmann'),
(4340, 355, 'user.name.given', 'Frank'),
(4341, 355, 'user.name.prefix', '2'),
(4342, 356, 'user.business-info.online.email', 'hanno.humann@bildung.bremen.de'),
(4343, 356, 'user.business-info.postal.city', ''),
(4344, 356, 'user.business-info.postal.postalcode', ''),
(4345, 356, 'user.business-info.postal.street', ''),
(4346, 356, 'user.custom.ingrid.user.age.group', '0'),
(4347, 356, 'user.custom.ingrid.user.attention.from', ''),
(4348, 356, 'user.custom.ingrid.user.confirmid', 'c99630c3266a5d26632e5b138cfec731'),
(4349, 356, 'user.custom.ingrid.user.interest', '0'),
(4350, 356, 'user.custom.ingrid.user.profession', '0'),
(4351, 356, 'user.custom.ingrid.user.subscribe.newsletter', ''),
(4352, 356, 'user.name.family', 'Humann'),
(4353, 356, 'user.name.given', 'Hanno'),
(4354, 356, 'user.name.prefix', '2'),
(4355, 357, 'user.business-info.online.email', 'WKrawinkel@inneres.bremen.de'),
(4356, 357, 'user.business-info.postal.city', 'Bremen'),
(4357, 357, 'user.business-info.postal.postalcode', '28203'),
(4358, 357, 'user.business-info.postal.street', 'Contrescarpe 22 / 24'),
(4359, 357, 'user.custom.ingrid.user.age.group', '7'),
(4360, 357, 'user.custom.ingrid.user.attention.from', ''),
(4361, 357, 'user.custom.ingrid.user.confirmid', 'f778b47c32a8b54b3f8ea5d71fcb2fa0'),
(4362, 357, 'user.custom.ingrid.user.interest', '1'),
(4363, 357, 'user.custom.ingrid.user.profession', '4'),
(4364, 357, 'user.custom.ingrid.user.subscribe.newsletter', '1'),
(4365, 357, 'user.name.family', 'Krawinkel'),
(4366, 357, 'user.name.given', 'Walter'),
(4367, 357, 'user.name.prefix', '2'),
(4368, 358, 'user.business-info.online.email', 'Wolfgang.Schulz-Gerdes@bau.bremen.de'),
(4369, 358, 'user.business-info.postal.city', ''),
(4370, 358, 'user.business-info.postal.postalcode', ''),
(4371, 358, 'user.business-info.postal.street', ''),
(4372, 358, 'user.custom.ingrid.user.age.group', '0'),
(4373, 358, 'user.custom.ingrid.user.attention.from', ''),
(4374, 358, 'user.custom.ingrid.user.confirmid', 'b037da00747d03642511b8186fa913c9'),
(4375, 358, 'user.custom.ingrid.user.interest', '0'),
(4376, 358, 'user.custom.ingrid.user.profession', '0'),
(4377, 358, 'user.custom.ingrid.user.subscribe.newsletter', ''),
(4378, 358, 'user.name.family', 'Schulz-Gerdes'),
(4379, 358, 'user.name.given', 'Wolfgang'),
(4380, 358, 'user.name.prefix', '2'),
(4381, 359, 'user.business-info.online.email', 'sibylle.wilke@uba.de'),
(4382, 359, 'user.business-info.postal.city', ''),
(4383, 359, 'user.business-info.postal.postalcode', ''),
(4384, 359, 'user.business-info.postal.street', ''),
(4385, 359, 'user.custom.ingrid.user.age.group', '2'),
(4386, 359, 'user.custom.ingrid.user.attention.from', ''),
(4387, 359, 'user.custom.ingrid.user.confirmid', 'b869ef1322f454f8cf6e4758a362c0a0'),
(4388, 359, 'user.custom.ingrid.user.interest', '1'),
(4389, 359, 'user.custom.ingrid.user.profession', '4'),
(4390, 359, 'user.custom.ingrid.user.subscribe.newsletter', ''),
(4391, 359, 'user.name.family', 'Wilke'),
(4392, 359, 'user.name.given', 'Sibylle'),
(4393, 359, 'user.name.prefix', '1'),
(4394, 360, 'user.business-info.online.email', 'dirk.groh@uba.de'),
(4395, 360, 'user.business-info.postal.city', ''),
(4396, 360, 'user.business-info.postal.postalcode', ''),
(4397, 360, 'user.business-info.postal.street', ''),
(4398, 360, 'user.custom.ingrid.user.age.group', '2'),
(4399, 360, 'user.custom.ingrid.user.attention.from', ''),
(4400, 360, 'user.custom.ingrid.user.confirmid', '14084b8d707c7cb5f5f8a6f2a3b40523'),
(4401, 360, 'user.custom.ingrid.user.interest', '1'),
(4402, 360, 'user.custom.ingrid.user.profession', '4'),
(4403, 360, 'user.custom.ingrid.user.subscribe.newsletter', ''),
(4404, 360, 'user.name.family', 'Groh'),
(4405, 360, 'user.name.given', 'Dirk'),
(4406, 360, 'user.name.prefix', '2'),
(4407, 361, 'user.business-info.online.email', 'weber@guebs.de'),
(4408, 361, 'user.business-info.postal.city', ''),
(4409, 361, 'user.business-info.postal.postalcode', ''),
(4410, 361, 'user.business-info.postal.street', ''),
(4411, 361, 'user.custom.ingrid.user.age.group', ''),
(4412, 361, 'user.custom.ingrid.user.attention.from', ''),
(4413, 361, 'user.custom.ingrid.user.confirmid', '4b3f34f0873cf267d46bf7515c26df19'),
(4414, 361, 'user.custom.ingrid.user.interest', ''),
(4415, 361, 'user.custom.ingrid.user.profession', ''),
(4416, 361, 'user.custom.ingrid.user.subscribe.newsletter', ''),
(4417, 361, 'user.name.family', 'Weber'),
(4418, 361, 'user.name.given', 'Frederyk'),
(4419, 361, 'user.name.prefix', '2'),
(4420, 362, 'user.business-info.online.email', 'michael.flathmann@geo.bremen.de'),
(4421, 362, 'user.business-info.postal.city', ''),
(4422, 362, 'user.business-info.postal.postalcode', ''),
(4423, 362, 'user.business-info.postal.street', ''),
(4424, 362, 'user.custom.ingrid.user.age.group', '0'),
(4425, 362, 'user.custom.ingrid.user.attention.from', ''),
(4426, 362, 'user.custom.ingrid.user.confirmid', 'd9468c225c2174f8b0c68d28bab6cd51'),
(4427, 362, 'user.custom.ingrid.user.interest', '0'),
(4428, 362, 'user.custom.ingrid.user.profession', '0'),
(4429, 362, 'user.custom.ingrid.user.subscribe.newsletter', ''),
(4430, 362, 'user.name.family', 'Flathmann'),
(4431, 362, 'user.name.given', 'Michael'),
(4432, 362, 'user.name.prefix', '0'),
(4433, 363, 'user.business-info.online.email', 'doege@lagb.mw.sachsen-anhalt.de'),
(4434, 363, 'user.business-info.postal.city', 'Halle (Saale)'),
(4435, 363, 'user.business-info.postal.postalcode', '06118'),
(4436, 363, 'user.business-info.postal.street', 'Köthener Straße 38'),
(4437, 363, 'user.custom.ingrid.user.age.group', '7'),
(4438, 363, 'user.custom.ingrid.user.attention.from', 'dienstlich'),
(4439, 363, 'user.custom.ingrid.user.confirmid', 'd2497dc0d9f7e7bc9bf279219f9b4aa4'),
(4440, 363, 'user.custom.ingrid.user.interest', '1'),
(4441, 363, 'user.custom.ingrid.user.profession', '4'),
(4442, 363, 'user.custom.ingrid.user.subscribe.newsletter', ''),
(4443, 363, 'user.name.family', 'Döge'),
(4444, 363, 'user.name.given', 'Holm'),
(4445, 363, 'user.name.prefix', '2'),
(4446, 364, 'user.business-info.online.email', 'boettger.alexander@forst.thueringen.de'),
(4447, 364, 'user.business-info.postal.city', ''),
(4448, 364, 'user.business-info.postal.postalcode', ''),
(4449, 364, 'user.business-info.postal.street', ''),
(4450, 364, 'user.custom.ingrid.user.age.group', '0'),
(4451, 364, 'user.custom.ingrid.user.attention.from', ''),
(4452, 364, 'user.custom.ingrid.user.confirmid', 'd114e96b249b7461a2d22a6e33c54663'),
(4453, 364, 'user.custom.ingrid.user.interest', '0'),
(4454, 364, 'user.custom.ingrid.user.profession', '0'),
(4455, 364, 'user.custom.ingrid.user.subscribe.newsletter', ''),
(4456, 364, 'user.name.family', 'Böttger'),
(4457, 364, 'user.name.given', 'Alexander'),
(4458, 364, 'user.name.prefix', '2'),
(4459, 365, 'user.business-info.online.email', 'reinhard.braun@br-np.thueringen.de'),
(4460, 365, 'user.business-info.postal.city', ''),
(4461, 365, 'user.business-info.postal.postalcode', ''),
(4462, 365, 'user.business-info.postal.street', ''),
(4463, 365, 'user.custom.ingrid.user.age.group', '0'),
(4464, 365, 'user.custom.ingrid.user.attention.from', ''),
(4465, 365, 'user.custom.ingrid.user.confirmid', 'c9e1ad48c4aef110a5b015c90fc9fea6'),
(4466, 365, 'user.custom.ingrid.user.interest', '0'),
(4467, 365, 'user.custom.ingrid.user.profession', '0'),
(4468, 365, 'user.custom.ingrid.user.subscribe.newsletter', ''),
(4469, 365, 'user.name.family', 'Braun'),
(4470, 365, 'user.name.given', 'Reinhard'),
(4471, 365, 'user.name.prefix', '2'),
(4472, 366, 'user.business-info.online.email', 'e.nussbaum@tll.thueringen.de'),
(4473, 366, 'user.business-info.postal.city', 'Jena'),
(4474, 366, 'user.business-info.postal.postalcode', '07743'),
(4475, 366, 'user.business-info.postal.street', 'Naumburger Str. 98'),
(4476, 366, 'user.custom.ingrid.user.age.group', '0'),
(4477, 366, 'user.custom.ingrid.user.attention.from', ''),
(4478, 366, 'user.custom.ingrid.user.confirmid', '06c25654c4157a76147b41de45046130'),
(4479, 366, 'user.custom.ingrid.user.interest', '0'),
(4480, 366, 'user.custom.ingrid.user.profession', '0'),
(4481, 366, 'user.custom.ingrid.user.subscribe.newsletter', ''),
(4482, 366, 'user.name.family', 'Nußbaum'),
(4483, 366, 'user.name.given', 'Eleonore'),
(4484, 366, 'user.name.prefix', '1'),
(4485, 367, 'user.business-info.online.email', 'juergen.schulz@tlug.thueringen.de'),
(4486, 367, 'user.business-info.postal.city', ''),
(4487, 367, 'user.business-info.postal.postalcode', ''),
(4488, 367, 'user.business-info.postal.street', ''),
(4489, 367, 'user.custom.ingrid.user.age.group', '0');
INSERT INTO `security_attribute` (`ATTR_ID`, `PRINCIPAL_ID`, `ATTR_NAME`, `ATTR_VALUE`) VALUES
(4490, 367, 'user.custom.ingrid.user.attention.from', ''),
(4491, 367, 'user.custom.ingrid.user.confirmid', 'bc4375243d1cfd62fd4fe52d58cd5ecf'),
(4492, 367, 'user.custom.ingrid.user.interest', '0'),
(4493, 367, 'user.custom.ingrid.user.profession', '0'),
(4494, 367, 'user.custom.ingrid.user.subscribe.newsletter', ''),
(4495, 367, 'user.name.family', 'Schulz'),
(4496, 367, 'user.name.given', 'Jürgen'),
(4497, 367, 'user.name.prefix', '3'),
(4498, 368, 'user.business-info.online.email', 'gundula.lilienthal@tlvwa.thueringen.de'),
(4499, 368, 'user.business-info.postal.city', ''),
(4500, 368, 'user.business-info.postal.postalcode', ''),
(4501, 368, 'user.business-info.postal.street', ''),
(4502, 368, 'user.custom.ingrid.user.age.group', '0'),
(4503, 368, 'user.custom.ingrid.user.attention.from', ''),
(4504, 368, 'user.custom.ingrid.user.confirmid', 'd636385a53c8cfb458d22aa5f5d5b5d8'),
(4505, 368, 'user.custom.ingrid.user.interest', '0'),
(4506, 368, 'user.custom.ingrid.user.profession', '0'),
(4507, 368, 'user.custom.ingrid.user.subscribe.newsletter', ''),
(4508, 368, 'user.name.family', 'Lilienthal'),
(4509, 368, 'user.name.given', 'Gundula'),
(4510, 368, 'user.name.prefix', '1'),
(4511, 369, 'user.business-info.online.email', 'diana.kunze@tlvermgeo.thueringen.de'),
(4512, 369, 'user.business-info.postal.city', ''),
(4513, 369, 'user.business-info.postal.postalcode', ''),
(4514, 369, 'user.business-info.postal.street', ''),
(4515, 369, 'user.custom.ingrid.user.age.group', '0'),
(4516, 369, 'user.custom.ingrid.user.attention.from', ''),
(4517, 369, 'user.custom.ingrid.user.confirmid', 'd34dff2d61bae2c129d2b168464fb17d'),
(4518, 369, 'user.custom.ingrid.user.interest', '0'),
(4519, 369, 'user.custom.ingrid.user.profession', '0'),
(4520, 369, 'user.custom.ingrid.user.subscribe.newsletter', ''),
(4521, 369, 'user.name.family', 'Kunze'),
(4522, 369, 'user.name.given', 'Diana'),
(4523, 369, 'user.name.prefix', '1'),
(4524, 370, 'user.business-info.online.email', 'barbara.schmidt@tmlfun.thueringen.de'),
(4525, 370, 'user.business-info.postal.city', ''),
(4526, 370, 'user.business-info.postal.postalcode', ''),
(4527, 370, 'user.business-info.postal.street', ''),
(4528, 370, 'user.custom.ingrid.user.age.group', '0'),
(4529, 370, 'user.custom.ingrid.user.attention.from', ''),
(4530, 370, 'user.custom.ingrid.user.confirmid', 'b47dfe3a9cb24fee3c08446268f64d1e'),
(4531, 370, 'user.custom.ingrid.user.interest', '0'),
(4532, 370, 'user.custom.ingrid.user.profession', '0'),
(4533, 370, 'user.custom.ingrid.user.subscribe.newsletter', ''),
(4534, 370, 'user.name.family', 'Schmidt'),
(4535, 370, 'user.name.given', 'Barbara'),
(4536, 370, 'user.name.prefix', '1'),
(4537, 371, 'user.business-info.online.email', 'heike.koerner@tmlfun.thueringen.de'),
(4538, 371, 'user.business-info.postal.city', ''),
(4539, 371, 'user.business-info.postal.postalcode', ''),
(4540, 371, 'user.business-info.postal.street', ''),
(4541, 371, 'user.custom.ingrid.user.age.group', '0'),
(4542, 371, 'user.custom.ingrid.user.attention.from', ''),
(4543, 371, 'user.custom.ingrid.user.confirmid', '9f72f601b3ff8e0e14005bf4f24c0fe3'),
(4544, 371, 'user.custom.ingrid.user.interest', '0'),
(4545, 371, 'user.custom.ingrid.user.profession', '0'),
(4546, 371, 'user.custom.ingrid.user.subscribe.newsletter', ''),
(4547, 371, 'user.name.family', 'Körner'),
(4548, 371, 'user.name.given', 'Heike'),
(4549, 371, 'user.name.prefix', '1'),
(4550, 372, 'user.business-info.online.email', 'rolf.knebel@tmlfun.thueringen.de'),
(4551, 372, 'user.business-info.postal.city', ''),
(4552, 372, 'user.business-info.postal.postalcode', ''),
(4553, 372, 'user.business-info.postal.street', ''),
(4554, 372, 'user.custom.ingrid.user.age.group', '7'),
(4555, 372, 'user.custom.ingrid.user.attention.from', ''),
(4556, 372, 'user.custom.ingrid.user.confirmid', '3b5f46f0a2e036bddd757ba326a51189'),
(4557, 372, 'user.custom.ingrid.user.interest', '1'),
(4558, 372, 'user.custom.ingrid.user.profession', '4'),
(4559, 372, 'user.custom.ingrid.user.subscribe.newsletter', ''),
(4560, 372, 'user.name.family', 'Knebel'),
(4561, 372, 'user.name.given', 'Rolf'),
(4562, 372, 'user.name.prefix', '2'),
(4563, 373, 'user.business-info.online.email', 'maeusle007@gmx.de'),
(4564, 373, 'user.business-info.postal.city', ''),
(4565, 373, 'user.business-info.postal.postalcode', ''),
(4566, 373, 'user.business-info.postal.street', ''),
(4567, 373, 'user.custom.ingrid.user.age.group', '0'),
(4568, 373, 'user.custom.ingrid.user.attention.from', ''),
(4569, 373, 'user.custom.ingrid.user.confirmid', 'cdedd0b4180ab627b17564c336aac3b2'),
(4570, 373, 'user.custom.ingrid.user.interest', '0'),
(4571, 373, 'user.custom.ingrid.user.profession', '0'),
(4572, 373, 'user.custom.ingrid.user.subscribe.newsletter', ''),
(4573, 373, 'user.name.family', 'Aichinger'),
(4574, 373, 'user.name.given', 'Mona'),
(4575, 373, 'user.name.prefix', '1'),
(4576, 374, 'user.business-info.online.email', 'dietmar.skrobanek@rpk.bwl.de'),
(4577, 374, 'user.business-info.postal.city', ''),
(4578, 374, 'user.business-info.postal.postalcode', ''),
(4579, 374, 'user.business-info.postal.street', ''),
(4580, 374, 'user.custom.ingrid.user.age.group', '0'),
(4581, 374, 'user.custom.ingrid.user.attention.from', ''),
(4582, 374, 'user.custom.ingrid.user.confirmid', '9dd2100c58ef1f97048c4989e763bb34'),
(4583, 374, 'user.custom.ingrid.user.interest', '0'),
(4584, 374, 'user.custom.ingrid.user.profession', '0'),
(4585, 374, 'user.custom.ingrid.user.subscribe.newsletter', '1'),
(4586, 374, 'user.name.family', 'Skrobanek'),
(4587, 374, 'user.name.given', 'Dietmar'),
(4588, 374, 'user.name.prefix', '0'),
(4589, 375, 'user.business-info.online.email', 'bajerke.lars@googlemail.com'),
(4590, 375, 'user.business-info.postal.city', ''),
(4591, 375, 'user.business-info.postal.postalcode', ''),
(4592, 375, 'user.business-info.postal.street', ''),
(4593, 375, 'user.custom.ingrid.user.age.group', '0'),
(4594, 375, 'user.custom.ingrid.user.attention.from', ''),
(4595, 375, 'user.custom.ingrid.user.confirmid', 'dfa1d09dbc6bad31f7c471d0c379cdcf'),
(4596, 375, 'user.custom.ingrid.user.interest', '0'),
(4597, 375, 'user.custom.ingrid.user.profession', '0'),
(4598, 375, 'user.custom.ingrid.user.subscribe.newsletter', ''),
(4599, 375, 'user.name.family', 'Bajerke'),
(4600, 375, 'user.name.given', 'Lars'),
(4601, 375, 'user.name.prefix', '0'),
(4602, 376, 'user.business-info.online.email', 'Dirk.Weber@NLWKN-Hi.Niedersachsen.de'),
(4603, 376, 'user.business-info.postal.city', ''),
(4604, 376, 'user.business-info.postal.postalcode', ''),
(4605, 376, 'user.business-info.postal.street', ''),
(4606, 376, 'user.custom.ingrid.user.age.group', '0'),
(4607, 376, 'user.custom.ingrid.user.attention.from', ''),
(4608, 376, 'user.custom.ingrid.user.confirmid', 'ad4e643348f649c89ed37b6024a42924'),
(4609, 376, 'user.custom.ingrid.user.interest', '0'),
(4610, 376, 'user.custom.ingrid.user.profession', '0'),
(4611, 376, 'user.custom.ingrid.user.subscribe.newsletter', ''),
(4612, 376, 'user.name.family', 'Weber'),
(4613, 376, 'user.name.given', 'Dirk'),
(4614, 376, 'user.name.prefix', '2'),
(4615, 377, 'user.business-info.online.email', 'kontakt@m-langguth.de'),
(4616, 377, 'user.business-info.postal.city', 'Ahaus'),
(4617, 377, 'user.business-info.postal.postalcode', '48683'),
(4618, 377, 'user.business-info.postal.street', 'Rüskenkamp 5'),
(4619, 377, 'user.custom.ingrid.user.age.group', '7'),
(4620, 377, 'user.custom.ingrid.user.attention.from', ''),
(4621, 377, 'user.custom.ingrid.user.confirmid', '110ab728cdea3524b7fc2c45cd567894'),
(4622, 377, 'user.custom.ingrid.user.interest', '1'),
(4623, 377, 'user.custom.ingrid.user.profession', '3'),
(4624, 377, 'user.custom.ingrid.user.subscribe.newsletter', '1'),
(4625, 377, 'user.name.family', 'Langguth'),
(4626, 377, 'user.name.given', 'Manfred'),
(4627, 377, 'user.name.prefix', '2'),
(4628, 378, 'user.business-info.online.email', 'mail@stefaniemarquardt.de'),
(4629, 378, 'user.business-info.postal.city', ''),
(4630, 378, 'user.business-info.postal.postalcode', ''),
(4631, 378, 'user.business-info.postal.street', ''),
(4632, 378, 'user.custom.ingrid.user.age.group', '3'),
(4633, 378, 'user.custom.ingrid.user.attention.from', ''),
(4634, 378, 'user.custom.ingrid.user.confirmid', 'e9511fc95cf895dc6457d91231258ca1'),
(4635, 378, 'user.custom.ingrid.user.interest', '1'),
(4636, 378, 'user.custom.ingrid.user.profession', '8'),
(4637, 378, 'user.custom.ingrid.user.subscribe.newsletter', ''),
(4638, 378, 'user.name.family', 'Marquardt'),
(4639, 378, 'user.name.given', 'Stefanie'),
(4640, 378, 'user.name.prefix', '1'),
(4641, 379, 'user.business-info.online.email', 'jens_andre@web.de'),
(4642, 379, 'user.business-info.postal.city', ''),
(4643, 379, 'user.business-info.postal.postalcode', ''),
(4644, 379, 'user.business-info.postal.street', ''),
(4645, 379, 'user.custom.ingrid.user.age.group', '2'),
(4646, 379, 'user.custom.ingrid.user.attention.from', ''),
(4647, 379, 'user.custom.ingrid.user.confirmid', '56fe35526d333b30402e6176e8bafeba'),
(4648, 379, 'user.custom.ingrid.user.interest', '1'),
(4649, 379, 'user.custom.ingrid.user.profession', '8'),
(4650, 379, 'user.custom.ingrid.user.subscribe.newsletter', '1'),
(4651, 379, 'user.name.family', 'Andre'),
(4652, 379, 'user.name.given', 'Jens'),
(4653, 379, 'user.name.prefix', '0'),
(4654, 380, 'user.business-info.online.email', 'bick@halberstadt.de'),
(4655, 380, 'user.business-info.postal.city', 'Halberstadt'),
(4656, 380, 'user.business-info.postal.postalcode', '38820'),
(4657, 380, 'user.business-info.postal.street', 'Domplatz 49'),
(4658, 380, 'user.custom.ingrid.user.age.group', '0'),
(4659, 380, 'user.custom.ingrid.user.attention.from', 'Infoveranstaltung im Nov. in MD'),
(4660, 380, 'user.custom.ingrid.user.confirmid', '7ba81d9b7c07c4f4666cb9d9a7d678a0'),
(4661, 380, 'user.custom.ingrid.user.interest', '1'),
(4662, 380, 'user.custom.ingrid.user.profession', '4'),
(4663, 380, 'user.custom.ingrid.user.subscribe.newsletter', '1'),
(4664, 380, 'user.name.family', 'Bick'),
(4665, 380, 'user.name.given', 'Gudrun'),
(4666, 380, 'user.name.prefix', '1'),
(4667, 381, 'user.business-info.online.email', 'evelyn.mattukat@lvermgeo.sachsen-anhalt.de'),
(4668, 381, 'user.business-info.postal.city', ''),
(4669, 381, 'user.business-info.postal.postalcode', ''),
(4670, 381, 'user.business-info.postal.street', ''),
(4671, 381, 'user.custom.ingrid.user.age.group', '0'),
(4672, 381, 'user.custom.ingrid.user.attention.from', ''),
(4673, 381, 'user.custom.ingrid.user.confirmid', 'fcff1c4b51a4b36edf7672e1b2ac8120'),
(4674, 381, 'user.custom.ingrid.user.interest', '1'),
(4675, 381, 'user.custom.ingrid.user.profession', '4'),
(4676, 381, 'user.custom.ingrid.user.subscribe.newsletter', ''),
(4677, 381, 'user.name.family', 'Mattukat'),
(4678, 381, 'user.name.given', 'Evelyn'),
(4679, 381, 'user.name.prefix', '0'),
(4680, 382, 'user.business-info.online.email', 'Birgit.Knopf@mlu.sachsen-anhalt.de'),
(4681, 382, 'user.business-info.postal.city', ''),
(4682, 382, 'user.business-info.postal.postalcode', ''),
(4683, 382, 'user.business-info.postal.street', ''),
(4684, 382, 'user.custom.ingrid.user.age.group', '0'),
(4685, 382, 'user.custom.ingrid.user.attention.from', ''),
(4686, 382, 'user.custom.ingrid.user.confirmid', 'd65c2b272eca3754c158097ba7eca1b9'),
(4687, 382, 'user.custom.ingrid.user.interest', '0'),
(4688, 382, 'user.custom.ingrid.user.profession', '0'),
(4689, 382, 'user.custom.ingrid.user.subscribe.newsletter', ''),
(4690, 382, 'user.name.family', 'Knopf'),
(4691, 382, 'user.name.given', 'Birgit '),
(4692, 382, 'user.name.prefix', '1'),
(4693, 383, 'user.business-info.online.email', 'NKrause@kreis-slk.de'),
(4694, 383, 'user.business-info.postal.city', 'Bernburg (Saale)'),
(4695, 383, 'user.business-info.postal.postalcode', '06406'),
(4696, 383, 'user.business-info.postal.street', 'Karlsplatz 37'),
(4697, 383, 'user.custom.ingrid.user.age.group', '0'),
(4698, 383, 'user.custom.ingrid.user.attention.from', ''),
(4699, 383, 'user.custom.ingrid.user.confirmid', 'd49a4bc4d6f4b58a3f1901e411aa53a2'),
(4700, 383, 'user.custom.ingrid.user.interest', '1'),
(4701, 383, 'user.custom.ingrid.user.profession', '4'),
(4702, 383, 'user.custom.ingrid.user.subscribe.newsletter', '1'),
(4703, 383, 'user.name.family', 'Krause'),
(4704, 383, 'user.name.given', 'Norbert'),
(4705, 383, 'user.name.prefix', '2'),
(4706, 384, 'user.business-info.online.email', 'sabine.nebauer@mlu.sachsen-anhalt.de'),
(4707, 384, 'user.business-info.postal.city', ''),
(4708, 384, 'user.business-info.postal.postalcode', ''),
(4709, 384, 'user.business-info.postal.street', ''),
(4710, 384, 'user.custom.ingrid.user.age.group', '0'),
(4711, 384, 'user.custom.ingrid.user.attention.from', ''),
(4712, 384, 'user.custom.ingrid.user.confirmid', 'adf71cc39a5a153e391eeea6b0959f50'),
(4713, 384, 'user.custom.ingrid.user.interest', '0'),
(4714, 384, 'user.custom.ingrid.user.profession', '0'),
(4715, 384, 'user.custom.ingrid.user.subscribe.newsletter', ''),
(4716, 384, 'user.name.family', 'Nebauer'),
(4717, 384, 'user.name.given', 'Sabine'),
(4718, 384, 'user.name.prefix', '1'),
(4719, 385, 'user.business-info.online.email', 'ulbrich@mlv.sachsen-anhalt'),
(4720, 385, 'user.business-info.postal.city', 'Magdedburg'),
(4721, 385, 'user.business-info.postal.postalcode', '39114'),
(4722, 385, 'user.business-info.postal.street', 'Turmschanzenstraße 30'),
(4723, 385, 'user.custom.ingrid.user.age.group', '0'),
(4724, 385, 'user.custom.ingrid.user.attention.from', ''),
(4725, 385, 'user.custom.ingrid.user.confirmid', 'ac32a4b4e8d29466129cc7a22370f369'),
(4726, 385, 'user.custom.ingrid.user.interest', '0'),
(4727, 385, 'user.custom.ingrid.user.profession', '0'),
(4728, 385, 'user.custom.ingrid.user.subscribe.newsletter', ''),
(4729, 385, 'user.name.family', 'Ulbrich'),
(4730, 385, 'user.name.given', 'Ines'),
(4731, 385, 'user.name.prefix', '1'),
(4732, 386, 'user.business-info.online.email', 'Peitek@mlv.sachsen-anhalt.de'),
(4733, 386, 'user.business-info.postal.city', 'Magdeburg'),
(4734, 386, 'user.business-info.postal.postalcode', '39114 '),
(4735, 386, 'user.business-info.postal.street', 'Turmschanzenstraße 30'),
(4736, 386, 'user.custom.ingrid.user.age.group', '4'),
(4737, 386, 'user.custom.ingrid.user.attention.from', ''),
(4738, 386, 'user.custom.ingrid.user.confirmid', 'ad4a01e59d799207210421c3ea4a100e'),
(4739, 386, 'user.custom.ingrid.user.interest', '1'),
(4740, 386, 'user.custom.ingrid.user.profession', '4'),
(4741, 386, 'user.custom.ingrid.user.subscribe.newsletter', ''),
(4742, 386, 'user.name.family', 'Peitek'),
(4743, 386, 'user.name.given', 'Andrea'),
(4744, 386, 'user.name.prefix', '1'),
(4745, 387, 'user.business-info.online.email', 'Feustel@mlv.sachsen-anhalt.de'),
(4746, 387, 'user.business-info.postal.city', 'Magdeburg'),
(4747, 387, 'user.business-info.postal.postalcode', '39114'),
(4748, 387, 'user.business-info.postal.street', 'Turmschanzenstraße 30'),
(4749, 387, 'user.custom.ingrid.user.age.group', '4'),
(4750, 387, 'user.custom.ingrid.user.attention.from', 'Schulung'),
(4751, 387, 'user.custom.ingrid.user.confirmid', '9bd33facc19d20d8a3af439a7b3b108e'),
(4752, 387, 'user.custom.ingrid.user.interest', '1'),
(4753, 387, 'user.custom.ingrid.user.profession', '4'),
(4754, 387, 'user.custom.ingrid.user.subscribe.newsletter', ''),
(4755, 387, 'user.name.family', 'Feustel'),
(4756, 387, 'user.name.given', 'Andrea'),
(4757, 387, 'user.name.prefix', '1'),
(4758, 388, 'user.business-info.online.email', 'Simone.Krug@anhalt-bitterfeld.de'),
(4759, 388, 'user.business-info.postal.city', ''),
(4760, 388, 'user.business-info.postal.postalcode', ''),
(4761, 388, 'user.business-info.postal.street', ''),
(4762, 388, 'user.custom.ingrid.user.age.group', '3'),
(4763, 388, 'user.custom.ingrid.user.attention.from', ''),
(4764, 388, 'user.custom.ingrid.user.confirmid', '8539cd5257cfc7910707da14d053b375'),
(4765, 388, 'user.custom.ingrid.user.interest', '1'),
(4766, 388, 'user.custom.ingrid.user.profession', '0'),
(4767, 388, 'user.custom.ingrid.user.subscribe.newsletter', ''),
(4768, 388, 'user.name.family', 'Krug'),
(4769, 388, 'user.name.given', 'Simone'),
(4770, 388, 'user.name.prefix', '1'),
(4771, 389, 'user.business-info.online.email', 'bokermann@campaign-online.de'),
(4772, 389, 'user.business-info.postal.city', ''),
(4773, 389, 'user.business-info.postal.postalcode', ''),
(4774, 389, 'user.business-info.postal.street', ''),
(4775, 389, 'user.custom.ingrid.user.age.group', '4'),
(4776, 389, 'user.custom.ingrid.user.attention.from', ''),
(4777, 389, 'user.custom.ingrid.user.confirmid', '5c59f5db8e648b07a44b0bcdad74d3d8'),
(4778, 389, 'user.custom.ingrid.user.interest', '1'),
(4779, 389, 'user.custom.ingrid.user.profession', '7'),
(4780, 389, 'user.custom.ingrid.user.subscribe.newsletter', '1'),
(4781, 389, 'user.name.family', 'Bokermann'),
(4782, 389, 'user.name.given', 'Ingo'),
(4783, 389, 'user.name.prefix', '2'),
(4784, 390, 'user.business-info.online.email', 'kniggesven@web.de'),
(4785, 390, 'user.business-info.postal.city', ''),
(4786, 390, 'user.business-info.postal.postalcode', ''),
(4787, 390, 'user.business-info.postal.street', ''),
(4788, 390, 'user.custom.ingrid.user.age.group', '0'),
(4789, 390, 'user.custom.ingrid.user.attention.from', ''),
(4790, 390, 'user.custom.ingrid.user.confirmid', '5a84eac9a2e8b4f30dbf9f27b0c8533b'),
(4791, 390, 'user.custom.ingrid.user.interest', '0'),
(4792, 390, 'user.custom.ingrid.user.profession', '8'),
(4793, 390, 'user.custom.ingrid.user.subscribe.newsletter', ''),
(4794, 390, 'user.name.family', 'Knigge'),
(4795, 390, 'user.name.given', 'Sven'),
(4796, 390, 'user.name.prefix', '2'),
(4797, 391, 'user.business-info.online.email', 'rene.griebsch@anhalt-bitterfeld.de'),
(4798, 391, 'user.business-info.postal.city', 'Köthen (Anhalt)'),
(4799, 391, 'user.business-info.postal.postalcode', '06366'),
(4800, 391, 'user.business-info.postal.street', 'Am Flugplatz 1'),
(4801, 391, 'user.custom.ingrid.user.age.group', '4'),
(4802, 391, 'user.custom.ingrid.user.attention.from', ''),
(4803, 391, 'user.custom.ingrid.user.confirmid', 'fd6c2dfcb1bb6a5732cee517e96f83e2'),
(4804, 391, 'user.custom.ingrid.user.interest', '1'),
(4805, 391, 'user.custom.ingrid.user.profession', '4'),
(4806, 391, 'user.custom.ingrid.user.subscribe.newsletter', '1'),
(4807, 391, 'user.name.family', 'Griebsch'),
(4808, 391, 'user.name.given', 'Rene'),
(4809, 391, 'user.name.prefix', '2'),
(4810, 392, 'user.business-info.online.email', 'karin.schoepke@anhalt-bitterfeld.de'),
(4811, 392, 'user.business-info.postal.city', 'Köthen (Anhalt)'),
(4812, 392, 'user.business-info.postal.postalcode', '06366'),
(4813, 392, 'user.business-info.postal.street', 'Am Flugplatz 1'),
(4814, 392, 'user.custom.ingrid.user.age.group', '3'),
(4815, 392, 'user.custom.ingrid.user.attention.from', ''),
(4816, 392, 'user.custom.ingrid.user.confirmid', 'f4fe22f72013931746a1ba8606014ce8'),
(4817, 392, 'user.custom.ingrid.user.interest', '1'),
(4818, 392, 'user.custom.ingrid.user.profession', '4'),
(4819, 392, 'user.custom.ingrid.user.subscribe.newsletter', '1'),
(4820, 392, 'user.name.family', 'Schöpke'),
(4821, 392, 'user.name.given', 'Karin'),
(4822, 392, 'user.name.prefix', '1'),
(4823, 393, 'user.business-info.online.email', 'schroeder@halberstadt.de'),
(4824, 393, 'user.business-info.postal.city', ''),
(4825, 393, 'user.business-info.postal.postalcode', ''),
(4826, 393, 'user.business-info.postal.street', ''),
(4827, 393, 'user.custom.ingrid.user.age.group', '0'),
(4828, 393, 'user.custom.ingrid.user.attention.from', ''),
(4829, 393, 'user.custom.ingrid.user.confirmid', 'fd7f2a845a85b65ca30a25188d742e40'),
(4830, 393, 'user.custom.ingrid.user.interest', '0'),
(4831, 393, 'user.custom.ingrid.user.profession', '0'),
(4832, 393, 'user.custom.ingrid.user.subscribe.newsletter', ''),
(4833, 393, 'user.name.family', 'Schroeder'),
(4834, 393, 'user.name.given', 'Jeannette'),
(4835, 393, 'user.name.prefix', '1'),
(4836, 394, 'user.business-info.online.email', 'martin.herbert@landkreis.wittenberg.de'),
(4837, 394, 'user.business-info.postal.city', 'Lutherstadt Wittenberg'),
(4838, 394, 'user.business-info.postal.postalcode', '06886'),
(4839, 394, 'user.business-info.postal.street', 'Breitscheidstraße 4'),
(4840, 394, 'user.custom.ingrid.user.age.group', '0'),
(4841, 394, 'user.custom.ingrid.user.attention.from', ''),
(4842, 394, 'user.custom.ingrid.user.confirmid', '17e4fb7332db2fbfea58643c24a19713'),
(4843, 394, 'user.custom.ingrid.user.interest', '1'),
(4844, 394, 'user.custom.ingrid.user.profession', '4'),
(4845, 394, 'user.custom.ingrid.user.subscribe.newsletter', '1'),
(4846, 394, 'user.name.family', 'Herbert'),
(4847, 394, 'user.name.given', 'Martin'),
(4848, 394, 'user.name.prefix', '2'),
(4849, 395, 'user.business-info.online.email', 'olaf.roehling@landkreis.wittenberg.de'),
(4850, 395, 'user.business-info.postal.city', ''),
(4851, 395, 'user.business-info.postal.postalcode', ''),
(4852, 395, 'user.business-info.postal.street', ''),
(4853, 395, 'user.custom.ingrid.user.age.group', '0'),
(4854, 395, 'user.custom.ingrid.user.attention.from', ''),
(4855, 395, 'user.custom.ingrid.user.confirmid', '4889e3e7a806508252fd3cfbb000953e'),
(4856, 395, 'user.custom.ingrid.user.interest', '1'),
(4857, 395, 'user.custom.ingrid.user.profession', '4'),
(4858, 395, 'user.custom.ingrid.user.subscribe.newsletter', ''),
(4859, 395, 'user.name.family', 'Roehling'),
(4860, 395, 'user.name.given', 'Olaf'),
(4861, 395, 'user.name.prefix', '2'),
(4862, 396, 'user.business-info.online.email', 'heideck@halberstadt.de'),
(4863, 396, 'user.business-info.postal.city', ''),
(4864, 396, 'user.business-info.postal.postalcode', ''),
(4865, 396, 'user.business-info.postal.street', ''),
(4866, 396, 'user.custom.ingrid.user.age.group', '0'),
(4867, 396, 'user.custom.ingrid.user.attention.from', ''),
(4868, 396, 'user.custom.ingrid.user.confirmid', '717c8cc9ec97def65e78f40b55cbb11d'),
(4869, 396, 'user.custom.ingrid.user.interest', '1'),
(4870, 396, 'user.custom.ingrid.user.profession', '4'),
(4871, 396, 'user.custom.ingrid.user.subscribe.newsletter', ''),
(4872, 396, 'user.name.family', 'Heideck'),
(4873, 396, 'user.name.given', 'Jörg'),
(4874, 396, 'user.name.prefix', '2'),
(4875, 397, 'user.business-info.online.email', 'Stefanie.Hass@mu.niedersachsen.de'),
(4876, 397, 'user.business-info.postal.city', ''),
(4877, 397, 'user.business-info.postal.postalcode', ''),
(4878, 397, 'user.business-info.postal.street', ''),
(4879, 397, 'user.custom.ingrid.user.age.group', '0'),
(4880, 397, 'user.custom.ingrid.user.attention.from', ''),
(4881, 397, 'user.custom.ingrid.user.confirmid', '332ae5b6acaa658c008b5a4df939a55d'),
(4882, 397, 'user.custom.ingrid.user.interest', '0'),
(4883, 397, 'user.custom.ingrid.user.profession', '0'),
(4884, 397, 'user.custom.ingrid.user.subscribe.newsletter', '1'),
(4885, 397, 'user.name.family', 'Hass'),
(4886, 397, 'user.name.given', 'Stefanie'),
(4887, 397, 'user.name.prefix', '1'),
(4888, 398, 'user.business-info.online.email', 'schweitzer@mlv.sachsen-anhalt.de'),
(4889, 398, 'user.business-info.postal.city', ''),
(4890, 398, 'user.business-info.postal.postalcode', ''),
(4891, 398, 'user.business-info.postal.street', ''),
(4892, 398, 'user.custom.ingrid.user.age.group', '0'),
(4893, 398, 'user.custom.ingrid.user.attention.from', ''),
(4894, 398, 'user.custom.ingrid.user.confirmid', 'dd32de98019b6039a7d0a7835ba35e50'),
(4895, 398, 'user.custom.ingrid.user.interest', '0'),
(4896, 398, 'user.custom.ingrid.user.profession', '0'),
(4897, 398, 'user.custom.ingrid.user.subscribe.newsletter', ''),
(4898, 398, 'user.name.family', 'Schweitzer'),
(4899, 398, 'user.name.given', 'Andreas'),
(4900, 398, 'user.name.prefix', '2'),
(4901, 399, 'user.business-info.online.email', 'birgit.warstat@lau.mlu.sachsen-anhalt.de'),
(4902, 399, 'user.business-info.postal.city', ''),
(4903, 399, 'user.business-info.postal.postalcode', ''),
(4904, 399, 'user.business-info.postal.street', ''),
(4905, 399, 'user.custom.ingrid.user.age.group', '0'),
(4906, 399, 'user.custom.ingrid.user.attention.from', ''),
(4907, 399, 'user.custom.ingrid.user.confirmid', '4cf6392aca7724d4bcebf43fb8ebf45e'),
(4908, 399, 'user.custom.ingrid.user.interest', '0'),
(4909, 399, 'user.custom.ingrid.user.profession', '0'),
(4910, 399, 'user.custom.ingrid.user.subscribe.newsletter', ''),
(4911, 399, 'user.name.family', 'Warstat'),
(4912, 399, 'user.name.given', 'Birgit'),
(4913, 399, 'user.name.prefix', '1'),
(4914, 400, 'user.business-info.online.email', 'sabine.weise@lau.mlu.sachsen-anhalt.de'),
(4915, 400, 'user.business-info.postal.city', ''),
(4916, 400, 'user.business-info.postal.postalcode', ''),
(4917, 400, 'user.business-info.postal.street', ''),
(4918, 400, 'user.custom.ingrid.user.age.group', '0'),
(4919, 400, 'user.custom.ingrid.user.attention.from', ''),
(4920, 400, 'user.custom.ingrid.user.confirmid', '0887a139884eb0d5f60ac4a9814f81e2'),
(4921, 400, 'user.custom.ingrid.user.interest', '0'),
(4922, 400, 'user.custom.ingrid.user.profession', '0'),
(4923, 400, 'user.custom.ingrid.user.subscribe.newsletter', ''),
(4924, 400, 'user.name.family', 'Weise'),
(4925, 400, 'user.name.given', 'Sabine'),
(4926, 400, 'user.name.prefix', '1'),
(4927, 401, 'user.business-info.online.email', 'schuemichen@lau.mlu.sachsen-anhalt.de'),
(4928, 401, 'user.business-info.postal.city', ''),
(4929, 401, 'user.business-info.postal.postalcode', ''),
(4930, 401, 'user.business-info.postal.street', ''),
(4931, 401, 'user.custom.ingrid.user.age.group', '0'),
(4932, 401, 'user.custom.ingrid.user.attention.from', ''),
(4933, 401, 'user.custom.ingrid.user.confirmid', '898be6cdca3cbe5827a1ebc193ecdd9b'),
(4934, 401, 'user.custom.ingrid.user.interest', '0'),
(4935, 401, 'user.custom.ingrid.user.profession', '0'),
(4936, 401, 'user.custom.ingrid.user.subscribe.newsletter', ''),
(4937, 401, 'user.name.family', 'Schümichen'),
(4938, 401, 'user.name.given', 'Peter'),
(4939, 401, 'user.name.prefix', '2'),
(4940, 402, 'user.business-info.online.email', 'Steffen.Riese@llfg.mlu.sachsen-anhalt.de'),
(4941, 402, 'user.business-info.postal.city', 'Bernburg (Saale)'),
(4942, 402, 'user.business-info.postal.postalcode', '06406'),
(4943, 402, 'user.business-info.postal.street', 'Strenzfelder Allee 22'),
(4944, 402, 'user.custom.ingrid.user.age.group', '7'),
(4945, 402, 'user.custom.ingrid.user.attention.from', ''),
(4946, 402, 'user.custom.ingrid.user.confirmid', '4014b69e91a1dd91a075ffd8bebf9889'),
(4947, 402, 'user.custom.ingrid.user.interest', '1'),
(4948, 402, 'user.custom.ingrid.user.profession', '4'),
(4949, 402, 'user.custom.ingrid.user.subscribe.newsletter', '1'),
(4950, 402, 'user.name.family', 'Riese'),
(4951, 402, 'user.name.given', 'Steffen'),
(4952, 402, 'user.name.prefix', '0'),
(4953, 403, 'user.business-info.online.email', 'klaus.beyer@mlv.sachsen-anhalt.de'),
(4954, 403, 'user.business-info.postal.city', ''),
(4955, 403, 'user.business-info.postal.postalcode', ''),
(4956, 403, 'user.business-info.postal.street', ''),
(4957, 403, 'user.custom.ingrid.user.age.group', '0'),
(4958, 403, 'user.custom.ingrid.user.attention.from', ''),
(4959, 403, 'user.custom.ingrid.user.confirmid', '10bb3e38c9444ea497fa0b8a353421ec'),
(4960, 403, 'user.custom.ingrid.user.interest', '0'),
(4961, 403, 'user.custom.ingrid.user.profession', '0'),
(4962, 403, 'user.custom.ingrid.user.subscribe.newsletter', ''),
(4963, 403, 'user.name.family', 'beyer'),
(4964, 403, 'user.name.given', 'klaus'),
(4965, 403, 'user.name.prefix', '0'),
(4966, 404, 'user.business-info.online.email', 'dieter.baumert@afi.mi.sachsen-anhalt.de'),
(4967, 404, 'user.business-info.postal.city', ''),
(4968, 404, 'user.business-info.postal.postalcode', ''),
(4969, 404, 'user.business-info.postal.street', ''),
(4970, 404, 'user.custom.ingrid.user.age.group', '0'),
(4971, 404, 'user.custom.ingrid.user.attention.from', ''),
(4972, 404, 'user.custom.ingrid.user.confirmid', '47873fda1be7e6aa75e093a55258c51b'),
(4973, 404, 'user.custom.ingrid.user.interest', '0'),
(4974, 404, 'user.custom.ingrid.user.profession', '0'),
(4975, 404, 'user.custom.ingrid.user.subscribe.newsletter', ''),
(4976, 404, 'user.name.family', 'Baumert'),
(4977, 404, 'user.name.given', 'Dieter'),
(4978, 404, 'user.name.prefix', '0'),
(4979, 405, 'user.business-info.online.email', 'elke.otte@nasa.de'),
(4980, 405, 'user.business-info.postal.city', ''),
(4981, 405, 'user.business-info.postal.postalcode', ''),
(4982, 405, 'user.business-info.postal.street', ''),
(4983, 405, 'user.custom.ingrid.user.age.group', '0'),
(4984, 405, 'user.custom.ingrid.user.attention.from', ''),
(4985, 405, 'user.custom.ingrid.user.confirmid', 'c72fcdfd07ad26f43eaa9c442a123291'),
(4986, 405, 'user.custom.ingrid.user.interest', '0'),
(4987, 405, 'user.custom.ingrid.user.profession', '0'),
(4988, 405, 'user.custom.ingrid.user.subscribe.newsletter', ''),
(4989, 405, 'user.name.family', 'Otte'),
(4990, 405, 'user.name.given', 'Elke'),
(4991, 405, 'user.name.prefix', '1'),
(4992, 406, 'user.business-info.online.email', 'ralf.zacharias@lau.mlu.sachsen-anhalt.de'),
(4993, 406, 'user.business-info.postal.city', ''),
(4994, 406, 'user.business-info.postal.postalcode', ''),
(4995, 406, 'user.business-info.postal.street', ''),
(4996, 406, 'user.custom.ingrid.user.age.group', '0'),
(4997, 406, 'user.custom.ingrid.user.attention.from', ''),
(4998, 406, 'user.custom.ingrid.user.confirmid', '0409fe06758af2389c4e6fc0c453bd9b'),
(4999, 406, 'user.custom.ingrid.user.interest', '0'),
(5000, 406, 'user.custom.ingrid.user.profession', '0'),
(5001, 406, 'user.custom.ingrid.user.subscribe.newsletter', ''),
(5002, 406, 'user.name.family', 'Zacharias'),
(5003, 406, 'user.name.given', 'Ralf'),
(5004, 406, 'user.name.prefix', '2'),
(5005, 407, 'user.business-info.online.email', 'grit.tannert@dessau-rosslau.de'),
(5006, 407, 'user.business-info.postal.city', ''),
(5007, 407, 'user.business-info.postal.postalcode', ''),
(5008, 407, 'user.business-info.postal.street', ''),
(5009, 407, 'user.custom.ingrid.user.age.group', '0'),
(5010, 407, 'user.custom.ingrid.user.attention.from', ''),
(5011, 407, 'user.custom.ingrid.user.confirmid', 'a5f8ba61442d47c921266bd95de3979d'),
(5012, 407, 'user.custom.ingrid.user.interest', '0'),
(5013, 407, 'user.custom.ingrid.user.profession', '0'),
(5014, 407, 'user.custom.ingrid.user.subscribe.newsletter', ''),
(5015, 407, 'user.name.family', 'Tannert'),
(5016, 407, 'user.name.given', 'Grit'),
(5017, 407, 'user.name.prefix', '1'),
(5018, 408, 'user.business-info.online.email', 'thomas.stein@landkreis-stendal.de'),
(5019, 408, 'user.business-info.postal.city', 'Stendal'),
(5020, 408, 'user.business-info.postal.postalcode', '39576'),
(5021, 408, 'user.business-info.postal.street', 'Hospitalstraße 1-2'),
(5022, 408, 'user.custom.ingrid.user.age.group', '7'),
(5023, 408, 'user.custom.ingrid.user.attention.from', 'Schulung'),
(5024, 408, 'user.custom.ingrid.user.confirmid', '982dc0b3923dec877b7bc82613692bdb'),
(5025, 408, 'user.custom.ingrid.user.interest', '1'),
(5026, 408, 'user.custom.ingrid.user.profession', '4'),
(5027, 408, 'user.custom.ingrid.user.subscribe.newsletter', '1'),
(5028, 408, 'user.name.family', 'Stein'),
(5029, 408, 'user.name.given', 'Thomas'),
(5030, 408, 'user.name.prefix', '2'),
(5031, 409, 'user.business-info.online.email', 'kathrin.porzelle@lvwa.sachsen-anhalt.de'),
(5032, 409, 'user.business-info.postal.city', 'Oebisfelde'),
(5033, 409, 'user.business-info.postal.postalcode', '39646'),
(5034, 409, 'user.business-info.postal.street', 'Bahnhofstr. 32'),
(5035, 409, 'user.custom.ingrid.user.age.group', '0'),
(5036, 409, 'user.custom.ingrid.user.attention.from', ''),
(5037, 409, 'user.custom.ingrid.user.confirmid', 'ee80f647d2fa7b373d50ab88450b455b'),
(5038, 409, 'user.custom.ingrid.user.interest', '1'),
(5039, 409, 'user.custom.ingrid.user.profession', '4'),
(5040, 409, 'user.custom.ingrid.user.subscribe.newsletter', '1'),
(5041, 409, 'user.name.family', 'Porzelle'),
(5042, 409, 'user.name.given', 'Kathrin'),
(5043, 409, 'user.name.prefix', '1'),
(5044, 410, 'user.business-info.online.email', 'dankert.richter@lvwa.sachsen-anhalt.de'),
(5045, 410, 'user.business-info.postal.city', 'Halle'),
(5046, 410, 'user.business-info.postal.postalcode', '06118'),
(5047, 410, 'user.business-info.postal.street', 'Dessauer Straße 70'),
(5048, 410, 'user.custom.ingrid.user.age.group', '0'),
(5049, 410, 'user.custom.ingrid.user.attention.from', ''),
(5050, 410, 'user.custom.ingrid.user.confirmid', '971d814a28b46b9d133258969e49bfef'),
(5051, 410, 'user.custom.ingrid.user.interest', '1'),
(5052, 410, 'user.custom.ingrid.user.profession', '0'),
(5053, 410, 'user.custom.ingrid.user.subscribe.newsletter', ''),
(5054, 410, 'user.name.family', 'Richter'),
(5055, 410, 'user.name.given', 'Dankert'),
(5056, 410, 'user.name.prefix', '2'),
(5057, 411, 'user.business-info.online.email', 'ute.bartsch@kreis-hz.de'),
(5058, 411, 'user.business-info.postal.city', 'Halberstadt'),
(5059, 411, 'user.business-info.postal.postalcode', '38820'),
(5060, 411, 'user.business-info.postal.street', 'Friedrich-Ebert-Str. 42'),
(5061, 411, 'user.custom.ingrid.user.age.group', '0'),
(5062, 411, 'user.custom.ingrid.user.attention.from', ''),
(5063, 411, 'user.custom.ingrid.user.confirmid', 'df81e23c9b38026e22539a27500e0eda'),
(5064, 411, 'user.custom.ingrid.user.interest', '0'),
(5065, 411, 'user.custom.ingrid.user.profession', '0'),
(5066, 411, 'user.custom.ingrid.user.subscribe.newsletter', ''),
(5067, 411, 'user.name.family', 'Bartsch'),
(5068, 411, 'user.name.given', 'Ute'),
(5069, 411, 'user.name.prefix', '1'),
(5070, 412, 'user.business-info.online.email', 'peter.hustedt@rpg-altmark.de'),
(5071, 412, 'user.business-info.postal.city', 'Salzwedel'),
(5072, 412, 'user.business-info.postal.postalcode', '29410 '),
(5073, 412, 'user.business-info.postal.street', 'Karl-Marx-Straße 30'),
(5074, 412, 'user.custom.ingrid.user.age.group', '0'),
(5075, 412, 'user.custom.ingrid.user.attention.from', ''),
(5076, 412, 'user.custom.ingrid.user.confirmid', 'f87f5eab003623e4a9b123c5b39504da'),
(5077, 412, 'user.custom.ingrid.user.interest', '0'),
(5078, 412, 'user.custom.ingrid.user.profession', '4'),
(5079, 412, 'user.custom.ingrid.user.subscribe.newsletter', ''),
(5080, 412, 'user.name.family', 'Hustedt'),
(5081, 412, 'user.name.given', 'Peter'),
(5082, 412, 'user.name.prefix', '2'),
(5083, 413, 'user.business-info.online.email', 'frank.niebel@lvwa.sachsen-anhalt.de'),
(5084, 413, 'user.business-info.postal.city', 'Oebisfelde'),
(5085, 413, 'user.business-info.postal.postalcode', '39646 Oebisfelde'),
(5086, 413, 'user.business-info.postal.street', 'Bahnhofstraße 32'),
(5087, 413, 'user.custom.ingrid.user.age.group', '4'),
(5088, 413, 'user.custom.ingrid.user.attention.from', ''),
(5089, 413, 'user.custom.ingrid.user.confirmid', '79877e065a44f5a6a704e1823809da8c'),
(5090, 413, 'user.custom.ingrid.user.interest', '1'),
(5091, 413, 'user.custom.ingrid.user.profession', '4'),
(5092, 413, 'user.custom.ingrid.user.subscribe.newsletter', '1'),
(5093, 413, 'user.name.family', 'Niebel'),
(5094, 413, 'user.name.given', 'Frank'),
(5095, 413, 'user.name.prefix', '2'),
(5096, 414, 'user.business-info.online.email', 'christine.musiol@lvwa.sachsen-anhalt.de'),
(5097, 414, 'user.business-info.postal.city', 'Dessau-Roßlau'),
(5098, 414, 'user.business-info.postal.postalcode', '06813'),
(5099, 414, 'user.business-info.postal.street', 'Kapenmühle'),
(5100, 414, 'user.custom.ingrid.user.age.group', '0'),
(5101, 414, 'user.custom.ingrid.user.attention.from', ''),
(5102, 414, 'user.custom.ingrid.user.confirmid', '9036d4563afd000a6477ba8dba95dda1'),
(5103, 414, 'user.custom.ingrid.user.interest', '0'),
(5104, 414, 'user.custom.ingrid.user.profession', '0'),
(5105, 414, 'user.custom.ingrid.user.subscribe.newsletter', ''),
(5106, 414, 'user.name.family', 'Musiol'),
(5107, 414, 'user.name.given', 'Christine'),
(5108, 414, 'user.name.prefix', '1'),
(5109, 415, 'user.business-info.online.email', 'diemar.poetsch@lvwa.sachsen-anhalt.de'),
(5110, 415, 'user.business-info.postal.city', ''),
(5111, 415, 'user.business-info.postal.postalcode', ''),
(5112, 415, 'user.business-info.postal.street', ''),
(5113, 415, 'user.custom.ingrid.user.age.group', '0'),
(5114, 415, 'user.custom.ingrid.user.attention.from', ''),
(5115, 415, 'user.custom.ingrid.user.confirmid', '3ae7745999c71fe5dc85ed8ea81b32d0'),
(5116, 415, 'user.custom.ingrid.user.interest', '0'),
(5117, 415, 'user.custom.ingrid.user.profession', '0'),
(5118, 415, 'user.custom.ingrid.user.subscribe.newsletter', ''),
(5119, 415, 'user.name.family', 'Pötsch'),
(5120, 415, 'user.name.given', 'Dietmar'),
(5121, 415, 'user.name.prefix', '0'),
(5122, 416, 'user.business-info.online.email', 'dennis.mollenhauer@lvwa.lsa-net.de'),
(5123, 416, 'user.business-info.postal.city', ''),
(5124, 416, 'user.business-info.postal.postalcode', ''),
(5125, 416, 'user.business-info.postal.street', ''),
(5126, 416, 'user.custom.ingrid.user.age.group', '0'),
(5127, 416, 'user.custom.ingrid.user.attention.from', ''),
(5128, 416, 'user.custom.ingrid.user.confirmid', '307e16294511fe5b4a7a459598bb7f58'),
(5129, 416, 'user.custom.ingrid.user.interest', '0'),
(5130, 416, 'user.custom.ingrid.user.profession', '0'),
(5131, 416, 'user.custom.ingrid.user.subscribe.newsletter', ''),
(5132, 416, 'user.name.family', 'Mollenhauer'),
(5133, 416, 'user.name.given', 'Dennis'),
(5134, 416, 'user.name.prefix', '2'),
(5135, 417, 'user.business-info.online.email', 'bartsch.rpgharz@t-online.de'),
(5136, 417, 'user.business-info.postal.city', ''),
(5137, 417, 'user.business-info.postal.postalcode', ''),
(5138, 417, 'user.business-info.postal.street', ''),
(5139, 417, 'user.custom.ingrid.user.age.group', '0'),
(5140, 417, 'user.custom.ingrid.user.attention.from', ''),
(5141, 417, 'user.custom.ingrid.user.confirmid', '411ff4cfcbf8c68961105e5e73b75f35'),
(5142, 417, 'user.custom.ingrid.user.interest', '0'),
(5143, 417, 'user.custom.ingrid.user.profession', '0'),
(5144, 417, 'user.custom.ingrid.user.subscribe.newsletter', ''),
(5145, 417, 'user.name.family', 'Bartsch'),
(5146, 417, 'user.name.given', 'Ute'),
(5147, 417, 'user.name.prefix', '1'),
(5148, 418, 'user.business-info.online.email', 'annehebsaker@web.de'),
(5149, 418, 'user.business-info.postal.city', ''),
(5150, 418, 'user.business-info.postal.postalcode', ''),
(5151, 418, 'user.business-info.postal.street', ''),
(5152, 418, 'user.custom.ingrid.user.age.group', '0'),
(5153, 418, 'user.custom.ingrid.user.attention.from', ''),
(5154, 418, 'user.custom.ingrid.user.confirmid', 'd8f84ee34b6688d9b9b75ca67387a542'),
(5155, 418, 'user.custom.ingrid.user.interest', '0'),
(5156, 418, 'user.custom.ingrid.user.profession', '0'),
(5157, 418, 'user.custom.ingrid.user.subscribe.newsletter', '1'),
(5158, 418, 'user.name.family', 'Hebsaker'),
(5159, 418, 'user.name.given', 'Anne'),
(5160, 418, 'user.name.prefix', '1'),
(5161, 419, 'user.business-info.online.email', 'annehebsaker@web.de'),
(5162, 419, 'user.business-info.postal.city', ''),
(5163, 419, 'user.business-info.postal.postalcode', ''),
(5164, 419, 'user.business-info.postal.street', ''),
(5165, 419, 'user.custom.ingrid.user.age.group', '0'),
(5166, 419, 'user.custom.ingrid.user.attention.from', ''),
(5167, 419, 'user.custom.ingrid.user.confirmid', 'c774fb33865c0a362b4a297ca22c621d'),
(5168, 419, 'user.custom.ingrid.user.interest', '0'),
(5169, 419, 'user.custom.ingrid.user.profession', '0'),
(5170, 419, 'user.custom.ingrid.user.subscribe.newsletter', '1'),
(5171, 419, 'user.name.family', 'Hebsaker'),
(5172, 419, 'user.name.given', 'Anne'),
(5173, 419, 'user.name.prefix', '0'),
(5174, 420, 'user.business-info.online.email', 'Maxi.Boronczyk@lvwa.sachsen-anhalt.de'),
(5175, 420, 'user.business-info.postal.city', ''),
(5176, 420, 'user.business-info.postal.postalcode', ''),
(5177, 420, 'user.business-info.postal.street', ''),
(5178, 420, 'user.custom.ingrid.user.age.group', '0'),
(5179, 420, 'user.custom.ingrid.user.attention.from', ''),
(5180, 420, 'user.custom.ingrid.user.confirmid', '193f2d7acd2ea7ea5dc04695972dde9d'),
(5181, 420, 'user.custom.ingrid.user.interest', '0'),
(5182, 420, 'user.custom.ingrid.user.profession', '0'),
(5183, 420, 'user.custom.ingrid.user.subscribe.newsletter', ''),
(5184, 420, 'user.name.family', 'Boronczyk'),
(5185, 420, 'user.name.given', 'Maxi'),
(5186, 420, 'user.name.prefix', '0'),
(5187, 421, 'user.business-info.online.email', 'm.voellinger@dillenburg.de'),
(5188, 421, 'user.business-info.postal.city', 'Dillenburg'),
(5189, 421, 'user.business-info.postal.postalcode', '35683'),
(5190, 421, 'user.business-info.postal.street', 'Bahnhofsplatz 1'),
(5191, 421, 'user.custom.ingrid.user.age.group', '7'),
(5192, 421, 'user.custom.ingrid.user.attention.from', 'Internet-Link'),
(5193, 421, 'user.custom.ingrid.user.confirmid', '34c58beea0199f4c6b96ebe90fb05446'),
(5194, 421, 'user.custom.ingrid.user.interest', '1'),
(5195, 421, 'user.custom.ingrid.user.profession', '4'),
(5196, 421, 'user.custom.ingrid.user.subscribe.newsletter', '1'),
(5197, 421, 'user.name.family', 'Völlinger'),
(5198, 421, 'user.name.given', 'Michael'),
(5199, 421, 'user.name.prefix', '3'),
(5200, 422, 'user.business-info.online.email', 'christina.drenkmann@altmarkkreis-salzwedel.de'),
(5201, 422, 'user.business-info.postal.city', 'Salzwedel'),
(5202, 422, 'user.business-info.postal.postalcode', '29410'),
(5203, 422, 'user.business-info.postal.street', 'Karl-Marx-Straße 32'),
(5204, 422, 'user.custom.ingrid.user.age.group', '4'),
(5205, 422, 'user.custom.ingrid.user.attention.from', ''),
(5206, 422, 'user.custom.ingrid.user.confirmid', '5f42a99754cd9d05b65871ebcc2b3672'),
(5207, 422, 'user.custom.ingrid.user.interest', '1'),
(5208, 422, 'user.custom.ingrid.user.profession', '4'),
(5209, 422, 'user.custom.ingrid.user.subscribe.newsletter', ''),
(5210, 422, 'user.name.family', 'Drenkmann'),
(5211, 422, 'user.name.given', 'Christina'),
(5212, 422, 'user.name.prefix', '1'),
(5213, 423, 'user.business-info.online.email', 'egbert.freisinger@lvwa.sachsen-anhalt.de'),
(5214, 423, 'user.business-info.postal.city', 'Roßla'),
(5215, 423, 'user.business-info.postal.postalcode', '06536'),
(5216, 423, 'user.business-info.postal.street', 'Hallesche Straße 68a'),
(5217, 423, 'user.custom.ingrid.user.age.group', '7'),
(5218, 423, 'user.custom.ingrid.user.attention.from', ''),
(5219, 423, 'user.custom.ingrid.user.confirmid', 'b046d76f097d647f922031c2b78eee20'),
(5220, 423, 'user.custom.ingrid.user.interest', '1'),
(5221, 423, 'user.custom.ingrid.user.profession', '3'),
(5222, 423, 'user.custom.ingrid.user.subscribe.newsletter', ''),
(5223, 423, 'user.name.family', 'Freisinger'),
(5224, 423, 'user.name.given', 'Egbert'),
(5225, 423, 'user.name.prefix', '2'),
(5226, 424, 'user.business-info.online.email', 'tobias.reckruehm@polizei.sachsen-anhalt.de'),
(5227, 424, 'user.business-info.postal.city', ''),
(5228, 424, 'user.business-info.postal.postalcode', ''),
(5229, 424, 'user.business-info.postal.street', ''),
(5230, 424, 'user.custom.ingrid.user.age.group', '0'),
(5231, 424, 'user.custom.ingrid.user.attention.from', ''),
(5232, 424, 'user.custom.ingrid.user.confirmid', 'b277743b82eff129ea6f94cb549bd148'),
(5233, 424, 'user.custom.ingrid.user.interest', '0'),
(5234, 424, 'user.custom.ingrid.user.profession', '0'),
(5235, 424, 'user.custom.ingrid.user.subscribe.newsletter', ''),
(5236, 424, 'user.name.family', 'Reckrühm'),
(5237, 424, 'user.name.given', 'Tobias'),
(5238, 424, 'user.name.prefix', '2'),
(5239, 425, 'user.business-info.online.email', 'Sigrid.Lindwedel@lvwa.sachsen-anhalt.de'),
(5240, 425, 'user.business-info.postal.city', ''),
(5241, 425, 'user.business-info.postal.postalcode', ''),
(5242, 425, 'user.business-info.postal.street', ''),
(5243, 425, 'user.custom.ingrid.user.age.group', '0'),
(5244, 425, 'user.custom.ingrid.user.attention.from', ''),
(5245, 425, 'user.custom.ingrid.user.confirmid', 'ae4eaf8547b395e071d1448fd9568b87'),
(5246, 425, 'user.custom.ingrid.user.interest', '0'),
(5247, 425, 'user.custom.ingrid.user.profession', '0'),
(5248, 425, 'user.custom.ingrid.user.subscribe.newsletter', '1'),
(5249, 425, 'user.name.family', 'Lindwedel'),
(5250, 425, 'user.name.given', 'Sigrid'),
(5251, 425, 'user.name.prefix', '1'),
(5252, 426, 'user.business-info.online.email', 'michael.kuemmel@rpgh.sachsen-anhalt.de'),
(5253, 426, 'user.business-info.postal.city', 'Halle'),
(5254, 426, 'user.business-info.postal.postalcode', '06132'),
(5255, 426, 'user.business-info.postal.street', 'Willi-Brundert-Straße 4'),
(5256, 426, 'user.custom.ingrid.user.age.group', '0'),
(5257, 426, 'user.custom.ingrid.user.attention.from', ''),
(5258, 426, 'user.custom.ingrid.user.confirmid', 'e8c7313f258b0b88f0efff2633be4bf9'),
(5259, 426, 'user.custom.ingrid.user.interest', '0'),
(5260, 426, 'user.custom.ingrid.user.profession', '4'),
(5261, 426, 'user.custom.ingrid.user.subscribe.newsletter', '1'),
(5262, 426, 'user.name.family', 'Kümmel'),
(5263, 426, 'user.name.given', 'Michael'),
(5264, 426, 'user.name.prefix', '2'),
(5265, 427, 'user.business-info.online.email', 'dorothea.michalowski@regionmagdeburg.de'),
(5266, 427, 'user.business-info.postal.city', 'Magdeburg'),
(5267, 427, 'user.business-info.postal.postalcode', '39104'),
(5268, 427, 'user.business-info.postal.street', 'Julius-Bremer-Straße 10'),
(5269, 427, 'user.custom.ingrid.user.age.group', '0'),
(5270, 427, 'user.custom.ingrid.user.attention.from', ''),
(5271, 427, 'user.custom.ingrid.user.confirmid', 'ec8bae490525ac1453eb691ab7f5095c'),
(5272, 427, 'user.custom.ingrid.user.interest', '0'),
(5273, 427, 'user.custom.ingrid.user.profession', '4'),
(5274, 427, 'user.custom.ingrid.user.subscribe.newsletter', ''),
(5275, 427, 'user.name.family', 'Michalowski'),
(5276, 427, 'user.name.given', 'Dorothea'),
(5277, 427, 'user.name.prefix', '1'),
(5278, 428, 'user.business-info.online.email', 'schoenemann@talsperren-lsa.de'),
(5279, 428, 'user.business-info.postal.city', ''),
(5280, 428, 'user.business-info.postal.postalcode', ''),
(5281, 428, 'user.business-info.postal.street', ''),
(5282, 428, 'user.custom.ingrid.user.age.group', '0'),
(5283, 428, 'user.custom.ingrid.user.attention.from', ''),
(5284, 428, 'user.custom.ingrid.user.confirmid', 'fa08ecaf599c02a614fcc30fbbf2ec8a'),
(5285, 428, 'user.custom.ingrid.user.interest', '0'),
(5286, 428, 'user.custom.ingrid.user.profession', '0'),
(5287, 428, 'user.custom.ingrid.user.subscribe.newsletter', ''),
(5288, 428, 'user.name.family', 'Schönemann'),
(5289, 428, 'user.name.given', 'Bertram'),
(5290, 428, 'user.name.prefix', '2'),
(5291, 429, 'user.business-info.online.email', 'thomas.rossbach@lvwa.sachsen-anhalt.de'),
(5292, 429, 'user.business-info.postal.city', ''),
(5293, 429, 'user.business-info.postal.postalcode', ''),
(5294, 429, 'user.business-info.postal.street', ''),
(5295, 429, 'user.custom.ingrid.user.age.group', '0'),
(5296, 429, 'user.custom.ingrid.user.attention.from', ''),
(5297, 429, 'user.custom.ingrid.user.confirmid', '4800ca381120d36ae2c9cf2303e1aca3'),
(5298, 429, 'user.custom.ingrid.user.interest', '0'),
(5299, 429, 'user.custom.ingrid.user.profession', '0'),
(5300, 429, 'user.custom.ingrid.user.subscribe.newsletter', ''),
(5301, 429, 'user.name.family', 'Roßbach'),
(5302, 429, 'user.name.given', 'Thomas'),
(5303, 429, 'user.name.prefix', '2'),
(5304, 430, 'user.business-info.online.email', 'Ronald.Steinig@Altmarkkreis-Salzwedel.de'),
(5305, 430, 'user.business-info.postal.city', 'Salzwedel'),
(5306, 430, 'user.business-info.postal.postalcode', '29410'),
(5307, 430, 'user.business-info.postal.street', 'Karl-Marx-Straße 32'),
(5308, 430, 'user.custom.ingrid.user.age.group', '4'),
(5309, 430, 'user.custom.ingrid.user.attention.from', 'Schulung'),
(5310, 430, 'user.custom.ingrid.user.confirmid', '7300a6cb684abad5fac4284a1d89bdea'),
(5311, 430, 'user.custom.ingrid.user.interest', '1'),
(5312, 430, 'user.custom.ingrid.user.profession', '4'),
(5313, 430, 'user.custom.ingrid.user.subscribe.newsletter', ''),
(5314, 430, 'user.name.family', 'Steinig'),
(5315, 430, 'user.name.given', 'Ronald'),
(5316, 430, 'user.name.prefix', '2'),
(5317, 431, 'user.business-info.online.email', 'Guenter.Westfeld@mlu.sachsen-anhalt.de'),
(5318, 431, 'user.business-info.postal.city', 'Magbeburg'),
(5319, 431, 'user.business-info.postal.postalcode', '39108'),
(5320, 431, 'user.business-info.postal.street', 'Olvenstedter Str. 4'),
(5321, 431, 'user.custom.ingrid.user.age.group', '0'),
(5322, 431, 'user.custom.ingrid.user.attention.from', ''),
(5323, 431, 'user.custom.ingrid.user.confirmid', '9fa436ac2b3c4ec91b8932c8163254ff'),
(5324, 431, 'user.custom.ingrid.user.interest', '0'),
(5325, 431, 'user.custom.ingrid.user.profession', '0'),
(5326, 431, 'user.custom.ingrid.user.subscribe.newsletter', ''),
(5327, 431, 'user.name.family', 'Westfeld'),
(5328, 431, 'user.name.given', 'Günter'),
(5329, 431, 'user.name.prefix', '2'),
(5330, 432, 'user.business-info.online.email', 'Isolde.Foerster@lvermgeo.sachsen-anhalt.de'),
(5331, 432, 'user.business-info.postal.city', 'Magdeburg'),
(5332, 432, 'user.business-info.postal.postalcode', '39104'),
(5333, 432, 'user.business-info.postal.street', 'Otto-von-Guericke-Straße 15'),
(5334, 432, 'user.custom.ingrid.user.age.group', '0'),
(5335, 432, 'user.custom.ingrid.user.attention.from', ''),
(5336, 432, 'user.custom.ingrid.user.confirmid', 'a445e9c66a9a6ae5806f28a0ecab3c36'),
(5337, 432, 'user.custom.ingrid.user.interest', '0'),
(5338, 432, 'user.custom.ingrid.user.profession', '0'),
(5339, 432, 'user.custom.ingrid.user.subscribe.newsletter', ''),
(5340, 432, 'user.name.family', 'Foerster'),
(5341, 432, 'user.name.given', 'Isolde'),
(5342, 432, 'user.name.prefix', '1'),
(5343, 433, 'user.business-info.online.email', 'Tobias-Rauth@gmx.de'),
(5344, 433, 'user.business-info.postal.city', ''),
(5345, 433, 'user.business-info.postal.postalcode', ''),
(5346, 433, 'user.business-info.postal.street', ''),
(5347, 433, 'user.custom.ingrid.user.age.group', '2'),
(5348, 433, 'user.custom.ingrid.user.attention.from', ''),
(5349, 433, 'user.custom.ingrid.user.confirmid', '690a659ed5d03106d1b79affdaaf9527'),
(5350, 433, 'user.custom.ingrid.user.interest', '2'),
(5351, 433, 'user.custom.ingrid.user.profession', '0'),
(5352, 433, 'user.custom.ingrid.user.subscribe.newsletter', ''),
(5353, 433, 'user.name.family', 'Rauth'),
(5354, 433, 'user.name.given', 'Tobias'),
(5355, 433, 'user.name.prefix', '2'),
(5356, 434, 'user.business-info.online.email', 'dietze@talsperren-lsa.de'),
(5357, 434, 'user.business-info.postal.city', 'Blankenburg'),
(5358, 434, 'user.business-info.postal.postalcode', '38889 '),
(5359, 434, 'user.business-info.postal.street', 'Timmenröder Str.1a'),
(5360, 434, 'user.custom.ingrid.user.age.group', '3'),
(5361, 434, 'user.custom.ingrid.user.attention.from', ''),
(5362, 434, 'user.custom.ingrid.user.confirmid', '95a46e19b5b1d5ec126fcd3f6648fbe5'),
(5363, 434, 'user.custom.ingrid.user.interest', '1'),
(5364, 434, 'user.custom.ingrid.user.profession', '4'),
(5365, 434, 'user.custom.ingrid.user.subscribe.newsletter', ''),
(5366, 434, 'user.name.family', 'Dietze'),
(5367, 434, 'user.name.given', 'Maren'),
(5368, 434, 'user.name.prefix', '1'),
(5369, 435, 'user.business-info.online.email', 'Dietrich.Jaeschke@t-online.de'),
(5370, 435, 'user.business-info.postal.city', 'Barsinghausen'),
(5371, 435, 'user.business-info.postal.postalcode', '30890'),
(5372, 435, 'user.business-info.postal.street', 'Am Kampe 4'),
(5373, 435, 'user.custom.ingrid.user.age.group', '7'),
(5374, 435, 'user.custom.ingrid.user.attention.from', 'im Internet');
INSERT INTO `security_attribute` (`ATTR_ID`, `PRINCIPAL_ID`, `ATTR_NAME`, `ATTR_VALUE`) VALUES
(5375, 435, 'user.custom.ingrid.user.confirmid', '5e266c1794897eca6deac8047c919eee'),
(5376, 435, 'user.custom.ingrid.user.interest', '1'),
(5377, 435, 'user.custom.ingrid.user.profession', '8'),
(5378, 435, 'user.custom.ingrid.user.subscribe.newsletter', ''),
(5379, 435, 'user.name.family', 'Jaeschke'),
(5380, 435, 'user.name.given', 'Dietrich'),
(5381, 435, 'user.name.prefix', '2'),
(5382, 436, 'user.business-info.online.email', 'christian_weskampß@yahoo.de'),
(5383, 436, 'user.business-info.postal.city', 'Clausthal-Zellerfeld'),
(5384, 436, 'user.business-info.postal.postalcode', '38678'),
(5385, 436, 'user.business-info.postal.street', 'Rollplatz 1'),
(5386, 436, 'user.custom.ingrid.user.age.group', '2'),
(5387, 436, 'user.custom.ingrid.user.attention.from', 'Vorlesung Dr. Lessing'),
(5388, 436, 'user.custom.ingrid.user.confirmid', 'e3ff46fec5cc0bf455d6a725a5a91159'),
(5389, 436, 'user.custom.ingrid.user.interest', '1'),
(5390, 436, 'user.custom.ingrid.user.profession', '6'),
(5391, 436, 'user.custom.ingrid.user.subscribe.newsletter', ''),
(5392, 436, 'user.name.family', 'Weskamp'),
(5393, 436, 'user.name.given', 'Jörn-Christian'),
(5394, 436, 'user.name.prefix', '2'),
(5395, 437, 'user.business-info.online.email', 'metadaten.hotline@it-service-ges.de'),
(5396, 437, 'user.business-info.postal.city', ''),
(5397, 437, 'user.business-info.postal.postalcode', ''),
(5398, 437, 'user.business-info.postal.street', ''),
(5399, 437, 'user.custom.ingrid.user.age.group', '0'),
(5400, 437, 'user.custom.ingrid.user.attention.from', ''),
(5401, 437, 'user.custom.ingrid.user.confirmid', '9778823e1afc9c1d8405c5303de864af'),
(5402, 437, 'user.custom.ingrid.user.interest', '0'),
(5403, 437, 'user.custom.ingrid.user.profession', '0'),
(5404, 437, 'user.custom.ingrid.user.subscribe.newsletter', ''),
(5405, 437, 'user.name.family', 'Administrator-ST'),
(5406, 437, 'user.name.given', 'Metadaten'),
(5407, 437, 'user.name.prefix', '0'),
(5408, 438, 'user.business-info.online.email', 'marcmanns@gmx.de'),
(5409, 438, 'user.business-info.postal.city', ''),
(5410, 438, 'user.business-info.postal.postalcode', ''),
(5411, 438, 'user.business-info.postal.street', ''),
(5412, 438, 'user.custom.ingrid.user.age.group', '2'),
(5413, 438, 'user.custom.ingrid.user.attention.from', 'Dienstlich'),
(5414, 438, 'user.custom.ingrid.user.confirmid', '05ad8885440c5273c6e1308320c1e60c'),
(5415, 438, 'user.custom.ingrid.user.interest', '1'),
(5416, 438, 'user.custom.ingrid.user.profession', '4'),
(5417, 438, 'user.custom.ingrid.user.subscribe.newsletter', '1'),
(5418, 438, 'user.name.family', 'Manns'),
(5419, 438, 'user.name.given', 'Marc'),
(5420, 438, 'user.name.prefix', '2'),
(5421, 439, 'user.business-info.online.email', 'rolf.keyser@bsu.hamburg.de'),
(5422, 439, 'user.business-info.postal.city', 'Hamburg'),
(5423, 439, 'user.business-info.postal.postalcode', '20459'),
(5424, 439, 'user.business-info.postal.street', 'Alter Steinweg 4'),
(5425, 439, 'user.custom.ingrid.user.age.group', '0'),
(5426, 439, 'user.custom.ingrid.user.attention.from', ''),
(5427, 439, 'user.custom.ingrid.user.confirmid', '1c1f444db0654f2337305bc325cbb595'),
(5428, 439, 'user.custom.ingrid.user.interest', '0'),
(5429, 439, 'user.custom.ingrid.user.profession', '0'),
(5430, 439, 'user.custom.ingrid.user.subscribe.newsletter', '1'),
(5431, 439, 'user.name.family', 'Keyser'),
(5432, 439, 'user.name.given', 'Rolf'),
(5433, 439, 'user.name.prefix', '2'),
(5434, 440, 'user.business-info.online.email', 'franz.schenk@portalu.de'),
(5435, 440, 'user.business-info.postal.city', ''),
(5436, 440, 'user.business-info.postal.postalcode', ''),
(5437, 440, 'user.business-info.postal.street', ''),
(5438, 440, 'user.custom.ingrid.user.age.group', '0'),
(5439, 440, 'user.custom.ingrid.user.attention.from', ''),
(5440, 440, 'user.custom.ingrid.user.confirmid', 'db7421745336cee70e80d5db6b714eff'),
(5441, 440, 'user.custom.ingrid.user.interest', '0'),
(5442, 440, 'user.custom.ingrid.user.profession', '0'),
(5443, 440, 'user.custom.ingrid.user.subscribe.newsletter', ''),
(5444, 440, 'user.name.family', 'Schenk'),
(5445, 440, 'user.name.given', 'Franz'),
(5446, 440, 'user.name.prefix', '3'),
(5447, 441, 'user.business-info.online.email', 'norbert.sawallisch@tmlfun.thueringen.de'),
(5448, 441, 'user.business-info.postal.city', ''),
(5449, 441, 'user.business-info.postal.postalcode', ''),
(5450, 441, 'user.business-info.postal.street', ''),
(5451, 441, 'user.custom.ingrid.user.age.group', '0'),
(5452, 441, 'user.custom.ingrid.user.attention.from', ''),
(5453, 441, 'user.custom.ingrid.user.confirmid', 'e85a448fa2b591fd12d3f14e90e53957'),
(5454, 441, 'user.custom.ingrid.user.interest', '0'),
(5455, 441, 'user.custom.ingrid.user.profession', '0'),
(5456, 441, 'user.custom.ingrid.user.subscribe.newsletter', ''),
(5457, 441, 'user.name.family', 'Sawallisch'),
(5458, 441, 'user.name.given', 'Norbert'),
(5459, 441, 'user.name.prefix', '0'),
(5460, 442, 'user.business-info.online.email', 'doris.keil@tmlfun.thueringen.d'),
(5461, 442, 'user.business-info.postal.city', ''),
(5462, 442, 'user.business-info.postal.postalcode', ''),
(5463, 442, 'user.business-info.postal.street', ''),
(5464, 442, 'user.custom.ingrid.user.age.group', '0'),
(5465, 442, 'user.custom.ingrid.user.attention.from', ''),
(5466, 442, 'user.custom.ingrid.user.confirmid', 'bf9f08eb0e90acea7a0bd1b236dc3e58'),
(5467, 442, 'user.custom.ingrid.user.interest', '0'),
(5468, 442, 'user.custom.ingrid.user.profession', '0'),
(5469, 442, 'user.custom.ingrid.user.subscribe.newsletter', ''),
(5470, 442, 'user.name.family', 'Keil'),
(5471, 442, 'user.name.given', 'Doris'),
(5472, 442, 'user.name.prefix', '0'),
(5473, 443, 'user.business-info.online.email', 'lutz.baseler@tlug.thueringen.de'),
(5474, 443, 'user.business-info.postal.city', 'Jena'),
(5475, 443, 'user.business-info.postal.postalcode', '07745 '),
(5476, 443, 'user.business-info.postal.street', 'Göschwitzer Str. 41'),
(5477, 443, 'user.custom.ingrid.user.age.group', '0'),
(5478, 443, 'user.custom.ingrid.user.attention.from', ''),
(5479, 443, 'user.custom.ingrid.user.confirmid', 'd17db0e70438be9adec472586e64ceb2'),
(5480, 443, 'user.custom.ingrid.user.interest', '0'),
(5481, 443, 'user.custom.ingrid.user.profession', '0'),
(5482, 443, 'user.custom.ingrid.user.subscribe.newsletter', ''),
(5483, 443, 'user.name.family', 'Baseler'),
(5484, 443, 'user.name.given', 'Lutz'),
(5485, 443, 'user.name.prefix', '3'),
(5486, 444, 'user.business-info.online.email', 'juergen.schulz@tlug.thueringen.de'),
(5487, 444, 'user.business-info.postal.city', ''),
(5488, 444, 'user.business-info.postal.postalcode', ''),
(5489, 444, 'user.business-info.postal.street', ''),
(5490, 444, 'user.custom.ingrid.user.age.group', '0'),
(5491, 444, 'user.custom.ingrid.user.attention.from', ''),
(5492, 444, 'user.custom.ingrid.user.confirmid', '679788718db34febc02ca2aedeabc82e'),
(5493, 444, 'user.custom.ingrid.user.interest', '0'),
(5494, 444, 'user.custom.ingrid.user.profession', '0'),
(5495, 444, 'user.custom.ingrid.user.subscribe.newsletter', ''),
(5496, 444, 'user.name.family', 'Schulz'),
(5497, 444, 'user.name.given', 'Jürgen'),
(5498, 444, 'user.name.prefix', '3'),
(5499, 445, 'user.business-info.online.email', 'kst@portalu.de'),
(5500, 445, 'user.business-info.postal.city', ''),
(5501, 445, 'user.business-info.postal.postalcode', ''),
(5502, 445, 'user.business-info.postal.street', ''),
(5503, 445, 'user.custom.ingrid.user.age.group', '0'),
(5504, 445, 'user.custom.ingrid.user.attention.from', ''),
(5505, 445, 'user.custom.ingrid.user.confirmid', '99efa7e7bf9c57b039ec78b01538294f'),
(5506, 445, 'user.custom.ingrid.user.interest', '0'),
(5507, 445, 'user.custom.ingrid.user.profession', '0'),
(5508, 445, 'user.custom.ingrid.user.subscribe.newsletter', ''),
(5509, 445, 'user.name.family', 'Schenk'),
(5510, 445, 'user.name.given', 'Franz'),
(5511, 445, 'user.name.prefix', '3'),
(5512, 446, 'user.business-info.online.email', 'lutz.baseler@tlug.thueringen.de'),
(5513, 446, 'user.business-info.postal.city', 'Jena'),
(5514, 446, 'user.business-info.postal.postalcode', '07745'),
(5515, 446, 'user.business-info.postal.street', 'Göschwitzer Str. 41'),
(5516, 446, 'user.custom.ingrid.user.age.group', '0'),
(5517, 446, 'user.custom.ingrid.user.attention.from', ''),
(5518, 446, 'user.custom.ingrid.user.confirmid', 'e4bf51c56c57ba914edf5eadfb918b04'),
(5519, 446, 'user.custom.ingrid.user.interest', '0'),
(5520, 446, 'user.custom.ingrid.user.profession', '0'),
(5521, 446, 'user.custom.ingrid.user.subscribe.newsletter', ''),
(5522, 446, 'user.name.family', 'Baseler'),
(5523, 446, 'user.name.given', 'Lutz'),
(5524, 446, 'user.name.prefix', '3'),
(5525, 447, 'user.business-info.online.email', 'andreas.knorr@tlug.thueringen.de'),
(5526, 447, 'user.business-info.postal.city', ''),
(5527, 447, 'user.business-info.postal.postalcode', ''),
(5528, 447, 'user.business-info.postal.street', 'G'),
(5529, 447, 'user.custom.ingrid.user.age.group', '0'),
(5530, 447, 'user.custom.ingrid.user.attention.from', ''),
(5531, 447, 'user.custom.ingrid.user.confirmid', '33b56a88f20b7c59b7b22c08fe06cb6d'),
(5532, 447, 'user.custom.ingrid.user.interest', '0'),
(5533, 447, 'user.custom.ingrid.user.profession', '0'),
(5534, 447, 'user.custom.ingrid.user.subscribe.newsletter', ''),
(5535, 447, 'user.name.family', 'Knorr'),
(5536, 447, 'user.name.given', 'Andreas'),
(5537, 447, 'user.name.prefix', '2'),
(5538, 448, 'user.business-info.online.email', 'hans-joachim.hahn@tlug.thueringen.de'),
(5539, 448, 'user.business-info.postal.city', 'Jena'),
(5540, 448, 'user.business-info.postal.postalcode', '07745'),
(5541, 448, 'user.business-info.postal.street', 'Göschwitzer Str. 41'),
(5542, 448, 'user.custom.ingrid.user.age.group', '0'),
(5543, 448, 'user.custom.ingrid.user.attention.from', ''),
(5544, 448, 'user.custom.ingrid.user.confirmid', 'd4633d07b26eb6c6a7146dec614cdc66'),
(5545, 448, 'user.custom.ingrid.user.interest', '0'),
(5546, 448, 'user.custom.ingrid.user.profession', '0'),
(5547, 448, 'user.custom.ingrid.user.subscribe.newsletter', ''),
(5548, 448, 'user.name.family', 'Hahn'),
(5549, 448, 'user.name.given', 'Hans-Joachim'),
(5550, 448, 'user.name.prefix', '2'),
(5551, 449, 'user.business-info.online.email', 'nicole.reinhardt@tlug.thueringen.de'),
(5552, 449, 'user.business-info.postal.city', 'Jena'),
(5553, 449, 'user.business-info.postal.postalcode', '07745'),
(5554, 449, 'user.business-info.postal.street', 'Göschwitzer Str. 41'),
(5555, 449, 'user.custom.ingrid.user.age.group', '0'),
(5556, 449, 'user.custom.ingrid.user.attention.from', ''),
(5557, 449, 'user.custom.ingrid.user.confirmid', '2bb26aca309ca68b7de6c9e62f6d7b6a'),
(5558, 449, 'user.custom.ingrid.user.interest', '0'),
(5559, 449, 'user.custom.ingrid.user.profession', '0'),
(5560, 449, 'user.custom.ingrid.user.subscribe.newsletter', ''),
(5561, 449, 'user.name.family', 'Reinhardt'),
(5562, 449, 'user.name.given', 'Nicole'),
(5563, 449, 'user.name.prefix', '1'),
(5564, 450, 'user.business-info.online.email', 'rainer.wilke@tlug.thueringen.de'),
(5565, 450, 'user.business-info.postal.city', 'Jena'),
(5566, 450, 'user.business-info.postal.postalcode', '07745'),
(5567, 450, 'user.business-info.postal.street', 'Göschwitzer Str. 41'),
(5568, 450, 'user.custom.ingrid.user.age.group', '0'),
(5569, 450, 'user.custom.ingrid.user.attention.from', ''),
(5570, 450, 'user.custom.ingrid.user.confirmid', 'd8d7b55e2d2f3def121f57a2dd110d9b'),
(5571, 450, 'user.custom.ingrid.user.interest', '0'),
(5572, 450, 'user.custom.ingrid.user.profession', '0'),
(5573, 450, 'user.custom.ingrid.user.subscribe.newsletter', ''),
(5574, 450, 'user.name.family', 'Wilke'),
(5575, 450, 'user.name.given', 'Rainer'),
(5576, 450, 'user.name.prefix', '2'),
(5577, 451, 'user.business-info.online.email', 'sven.schmidt@tlug.thueringen.de'),
(5578, 451, 'user.business-info.postal.city', 'Jena'),
(5579, 451, 'user.business-info.postal.postalcode', '07745'),
(5580, 451, 'user.business-info.postal.street', 'Göschwitzer Str. 41'),
(5581, 451, 'user.custom.ingrid.user.age.group', '0'),
(5582, 451, 'user.custom.ingrid.user.attention.from', ''),
(5583, 451, 'user.custom.ingrid.user.confirmid', 'aa9e2dc5c793e89bf20b7c066f5a07b4'),
(5584, 451, 'user.custom.ingrid.user.interest', '0'),
(5585, 451, 'user.custom.ingrid.user.profession', '0'),
(5586, 451, 'user.custom.ingrid.user.subscribe.newsletter', ''),
(5587, 451, 'user.name.family', 'Schmidt'),
(5588, 451, 'user.name.given', 'Sven'),
(5589, 451, 'user.name.prefix', '3'),
(5590, 452, 'user.business-info.online.email', 'kh.wallenfels@arcor.de'),
(5591, 452, 'user.business-info.postal.city', ''),
(5592, 452, 'user.business-info.postal.postalcode', ''),
(5593, 452, 'user.business-info.postal.street', ''),
(5594, 452, 'user.custom.ingrid.user.age.group', '0'),
(5595, 452, 'user.custom.ingrid.user.attention.from', ''),
(5596, 452, 'user.custom.ingrid.user.confirmid', '842248ed1e9ac30ba98fe1c0274e6caf'),
(5597, 452, 'user.custom.ingrid.user.interest', '0'),
(5598, 452, 'user.custom.ingrid.user.profession', '0'),
(5599, 452, 'user.custom.ingrid.user.subscribe.newsletter', ''),
(5600, 452, 'user.name.family', 'Wallenfels'),
(5601, 452, 'user.name.given', 'Karl-Heinz'),
(5602, 452, 'user.name.prefix', '0'),
(5603, 453, 'user.business-info.online.email', 'stefan.peschel@tmlfun.thueringen.de'),
(5604, 453, 'user.business-info.postal.city', ''),
(5605, 453, 'user.business-info.postal.postalcode', ''),
(5606, 453, 'user.business-info.postal.street', ''),
(5607, 453, 'user.custom.ingrid.user.age.group', '0'),
(5608, 453, 'user.custom.ingrid.user.attention.from', ''),
(5609, 453, 'user.custom.ingrid.user.confirmid', '0b483ab0c82bd1d4df2e7ac6e3c642cc'),
(5610, 453, 'user.custom.ingrid.user.interest', '0'),
(5611, 453, 'user.custom.ingrid.user.profession', '0'),
(5612, 453, 'user.custom.ingrid.user.subscribe.newsletter', ''),
(5613, 453, 'user.name.family', 'peschel'),
(5614, 453, 'user.name.given', 'stefan'),
(5615, 453, 'user.name.prefix', '2'),
(5616, 454, 'user.business-info.online.email', 'stefan.peschel@tmlfun.thueringen.de'),
(5617, 454, 'user.business-info.postal.city', ''),
(5618, 454, 'user.business-info.postal.postalcode', ''),
(5619, 454, 'user.business-info.postal.street', ''),
(5620, 454, 'user.custom.ingrid.user.age.group', '0'),
(5621, 454, 'user.custom.ingrid.user.attention.from', ''),
(5622, 454, 'user.custom.ingrid.user.confirmid', 'f0cb95d65db9b8f317951e85d3efc6b0'),
(5623, 454, 'user.custom.ingrid.user.interest', '0'),
(5624, 454, 'user.custom.ingrid.user.profession', '0'),
(5625, 454, 'user.custom.ingrid.user.subscribe.newsletter', ''),
(5626, 454, 'user.name.family', 'Peschel'),
(5627, 454, 'user.name.given', 'Stefan'),
(5628, 454, 'user.name.prefix', '2'),
(5629, 455, 'user.business-info.online.email', 'volkerlangmesser@bundeswehr.org'),
(5630, 455, 'user.business-info.postal.city', 'Hannover'),
(5631, 455, 'user.business-info.postal.postalcode', '30179'),
(5632, 455, 'user.business-info.postal.street', 'Alter Flughafen 2'),
(5633, 455, 'user.custom.ingrid.user.age.group', '7'),
(5634, 455, 'user.custom.ingrid.user.attention.from', 'Internet'),
(5635, 455, 'user.custom.ingrid.user.confirmid', 'fbac45e1e8e1ebf0f76c9eba0f7ef87a'),
(5636, 455, 'user.custom.ingrid.user.interest', '1'),
(5637, 455, 'user.custom.ingrid.user.profession', '7'),
(5638, 455, 'user.custom.ingrid.user.subscribe.newsletter', ''),
(5639, 455, 'user.name.family', 'Langmesser'),
(5640, 455, 'user.name.given', 'Volker'),
(5641, 455, 'user.name.prefix', '2'),
(5642, 456, 'user.business-info.online.email', 'wxr3344ww@163.com'),
(5643, 456, 'user.business-info.postal.city', ''),
(5644, 456, 'user.business-info.postal.postalcode', ''),
(5645, 456, 'user.business-info.postal.street', ''),
(5646, 456, 'user.custom.ingrid.user.age.group', '0'),
(5647, 456, 'user.custom.ingrid.user.attention.from', ''),
(5648, 456, 'user.custom.ingrid.user.confirmid', '77aef044878acecbaeed03ac87df7630'),
(5649, 456, 'user.custom.ingrid.user.interest', '0'),
(5650, 456, 'user.custom.ingrid.user.profession', '0'),
(5651, 456, 'user.custom.ingrid.user.subscribe.newsletter', '1'),
(5652, 456, 'user.name.family', 'wang'),
(5653, 456, 'user.name.given', 'xuerui'),
(5654, 456, 'user.name.prefix', '1'),
(5655, 457, 'user.business-info.online.email', 'playwithu@arcor.de'),
(5656, 457, 'user.business-info.postal.city', ''),
(5657, 457, 'user.business-info.postal.postalcode', ''),
(5658, 457, 'user.business-info.postal.street', ''),
(5659, 457, 'user.custom.ingrid.user.age.group', '0'),
(5660, 457, 'user.custom.ingrid.user.attention.from', ''),
(5661, 457, 'user.custom.ingrid.user.confirmid', 'c6ebe0ffada654abdb2efef26bbd9bbc'),
(5662, 457, 'user.custom.ingrid.user.interest', '0'),
(5663, 457, 'user.custom.ingrid.user.profession', '0'),
(5664, 457, 'user.custom.ingrid.user.subscribe.newsletter', ''),
(5665, 457, 'user.name.family', 'Tester'),
(5666, 457, 'user.name.given', 'Test'),
(5667, 457, 'user.name.prefix', '0'),
(5668, 458, 'user.business-info.online.email', 'stefanie.konstantinidis@portalu.de'),
(5669, 458, 'user.business-info.postal.city', ''),
(5670, 458, 'user.business-info.postal.postalcode', ''),
(5671, 458, 'user.business-info.postal.street', ''),
(5672, 458, 'user.custom.ingrid.user.age.group', '0'),
(5673, 458, 'user.custom.ingrid.user.attention.from', ''),
(5674, 458, 'user.custom.ingrid.user.confirmid', '57dbc349d1e2764ae49de093b50ad83c'),
(5675, 458, 'user.custom.ingrid.user.interest', '0'),
(5676, 458, 'user.custom.ingrid.user.profession', '0'),
(5677, 458, 'user.custom.ingrid.user.subscribe.newsletter', ''),
(5678, 458, 'user.name.family', 'Konstantinidis'),
(5679, 458, 'user.name.given', 'PartnerAdminTestuser'),
(5680, 458, 'user.name.prefix', '0'),
(5681, 459, 'user.business-info.online.email', 'helga.schmidtke@mugv.brandenburg.de'),
(5682, 459, 'user.business-info.postal.city', ''),
(5683, 459, 'user.business-info.postal.postalcode', ''),
(5684, 459, 'user.business-info.postal.street', ''),
(5685, 459, 'user.custom.ingrid.user.age.group', '0'),
(5686, 459, 'user.custom.ingrid.user.attention.from', ''),
(5687, 459, 'user.custom.ingrid.user.confirmid', '47338351deb6244bda7d8d06b9ba4d1f'),
(5688, 459, 'user.custom.ingrid.user.interest', '0'),
(5689, 459, 'user.custom.ingrid.user.profession', '0'),
(5690, 459, 'user.custom.ingrid.user.subscribe.newsletter', ''),
(5691, 459, 'user.name.family', 'schmidtke'),
(5692, 459, 'user.name.given', 'helga'),
(5693, 459, 'user.name.prefix', '1'),
(5694, 460, 'user.business-info.online.email', 'heike.wetzel@geo.bremen.de'),
(5695, 460, 'user.business-info.postal.city', ''),
(5696, 460, 'user.business-info.postal.postalcode', ''),
(5697, 460, 'user.business-info.postal.street', ''),
(5698, 460, 'user.custom.ingrid.user.age.group', '3'),
(5699, 460, 'user.custom.ingrid.user.attention.from', ''),
(5700, 460, 'user.custom.ingrid.user.confirmid', 'cbdc54d3248586f8bc6cbf285daee816'),
(5701, 460, 'user.custom.ingrid.user.interest', '1'),
(5702, 460, 'user.custom.ingrid.user.profession', '4'),
(5703, 460, 'user.custom.ingrid.user.subscribe.newsletter', ''),
(5704, 460, 'user.name.family', 'Wetzel'),
(5705, 460, 'user.name.given', 'Heike'),
(5706, 460, 'user.name.prefix', '0'),
(5707, 461, 'user.business-info.online.email', 'tobias.debald@geo.bremen.de'),
(5708, 461, 'user.business-info.postal.city', ''),
(5709, 461, 'user.business-info.postal.postalcode', ''),
(5710, 461, 'user.business-info.postal.street', ''),
(5711, 461, 'user.custom.ingrid.user.age.group', '0'),
(5712, 461, 'user.custom.ingrid.user.attention.from', ''),
(5713, 461, 'user.custom.ingrid.user.confirmid', '93b0b3025ed99e936450ed3500fb3991'),
(5714, 461, 'user.custom.ingrid.user.interest', '1'),
(5715, 461, 'user.custom.ingrid.user.profession', '4'),
(5716, 461, 'user.custom.ingrid.user.subscribe.newsletter', ''),
(5717, 461, 'user.name.family', 'Debald'),
(5718, 461, 'user.name.given', 'Tobias'),
(5719, 461, 'user.name.prefix', '2'),
(5720, 462, 'user.business-info.online.email', 'astrid.rademann@magistrat.bremerhaven.de'),
(5721, 462, 'user.business-info.postal.city', ''),
(5722, 462, 'user.business-info.postal.postalcode', ''),
(5723, 462, 'user.business-info.postal.street', ''),
(5724, 462, 'user.custom.ingrid.user.age.group', '0'),
(5725, 462, 'user.custom.ingrid.user.attention.from', ''),
(5726, 462, 'user.custom.ingrid.user.confirmid', '8840bf1073416d3e169e670529e0381a'),
(5727, 462, 'user.custom.ingrid.user.interest', '0'),
(5728, 462, 'user.custom.ingrid.user.profession', '0'),
(5729, 462, 'user.custom.ingrid.user.subscribe.newsletter', ''),
(5730, 462, 'user.name.family', 'Rademann'),
(5731, 462, 'user.name.given', 'Astrid'),
(5732, 462, 'user.name.prefix', '0'),
(5733, 463, 'user.business-info.online.email', 'kst@portalu.de'),
(5734, 463, 'user.business-info.postal.city', ''),
(5735, 463, 'user.business-info.postal.postalcode', ''),
(5736, 463, 'user.business-info.postal.street', ''),
(5737, 463, 'user.custom.ingrid.user.age.group', '0'),
(5738, 463, 'user.custom.ingrid.user.attention.from', ''),
(5739, 463, 'user.custom.ingrid.user.confirmid', '081f74fb307ec7b7753801e88bb6e390'),
(5740, 463, 'user.custom.ingrid.user.interest', '0'),
(5741, 463, 'user.custom.ingrid.user.profession', '0'),
(5742, 463, 'user.custom.ingrid.user.subscribe.newsletter', ''),
(5743, 463, 'user.name.family', 'Richter'),
(5744, 463, 'user.name.given', 'Andreas'),
(5745, 463, 'user.name.prefix', '0'),
(5746, 464, 'user.business-info.online.email', 'goetz.pergande@magistrat.bremerhaven.de'),
(5747, 464, 'user.business-info.postal.city', ''),
(5748, 464, 'user.business-info.postal.postalcode', ''),
(5749, 464, 'user.business-info.postal.street', ''),
(5750, 464, 'user.custom.ingrid.user.age.group', '0'),
(5751, 464, 'user.custom.ingrid.user.attention.from', ''),
(5752, 464, 'user.custom.ingrid.user.confirmid', '3d55d006720be10d20aaa2d291d2d7bb'),
(5753, 464, 'user.custom.ingrid.user.interest', '0'),
(5754, 464, 'user.custom.ingrid.user.profession', '0'),
(5755, 464, 'user.custom.ingrid.user.subscribe.newsletter', ''),
(5756, 464, 'user.name.family', 'Pergande'),
(5757, 464, 'user.name.given', 'Götz'),
(5758, 464, 'user.name.prefix', '0'),
(5759, 465, 'user.business-info.online.email', 'WKrawinkel@inneres.bremen.de'),
(5760, 465, 'user.business-info.postal.city', 'Bremen'),
(5761, 465, 'user.business-info.postal.postalcode', '28203'),
(5762, 465, 'user.business-info.postal.street', 'Contrescarpe 22/24'),
(5763, 465, 'user.custom.ingrid.user.age.group', '7'),
(5764, 465, 'user.custom.ingrid.user.attention.from', ''),
(5765, 465, 'user.custom.ingrid.user.confirmid', '6469e8fe2e4ffa9fba4b320a8adead8b'),
(5766, 465, 'user.custom.ingrid.user.interest', '1'),
(5767, 465, 'user.custom.ingrid.user.profession', '4'),
(5768, 465, 'user.custom.ingrid.user.subscribe.newsletter', '1'),
(5769, 465, 'user.name.family', 'Krawinkel'),
(5770, 465, 'user.name.given', 'Walter'),
(5771, 465, 'user.name.prefix', '2'),
(5772, 466, 'user.business-info.online.email', 'frank.hillmann@wuh.bremen.de'),
(5773, 466, 'user.business-info.postal.city', ''),
(5774, 466, 'user.business-info.postal.postalcode', ''),
(5775, 466, 'user.business-info.postal.street', ''),
(5776, 466, 'user.custom.ingrid.user.age.group', '0'),
(5777, 466, 'user.custom.ingrid.user.attention.from', ''),
(5778, 466, 'user.custom.ingrid.user.confirmid', 'a4d00ff31893222485c4d7cbd31d2364'),
(5779, 466, 'user.custom.ingrid.user.interest', '0'),
(5780, 466, 'user.custom.ingrid.user.profession', '0'),
(5781, 466, 'user.custom.ingrid.user.subscribe.newsletter', ''),
(5782, 466, 'user.name.family', 'Hillmann'),
(5783, 466, 'user.name.given', 'Frank'),
(5784, 466, 'user.name.prefix', '0'),
(5785, 467, 'user.business-info.online.email', 'kst@portalu.de'),
(5786, 467, 'user.business-info.postal.city', ''),
(5787, 467, 'user.business-info.postal.postalcode', ''),
(5788, 467, 'user.business-info.postal.street', ''),
(5789, 467, 'user.custom.ingrid.user.age.group', '0'),
(5790, 467, 'user.custom.ingrid.user.attention.from', ''),
(5791, 467, 'user.custom.ingrid.user.confirmid', '2bb623229c2b226fc1438dc3914e4e53'),
(5792, 467, 'user.custom.ingrid.user.interest', '0'),
(5793, 467, 'user.custom.ingrid.user.profession', '0'),
(5794, 467, 'user.custom.ingrid.user.subscribe.newsletter', ''),
(5795, 467, 'user.name.family', 'Bolte'),
(5796, 467, 'user.name.given', 'Horst'),
(5797, 467, 'user.name.prefix', '0'),
(5798, 468, 'user.business-info.online.email', 'imke.hahn@bau.bremen.de'),
(5799, 468, 'user.business-info.postal.city', ''),
(5800, 468, 'user.business-info.postal.postalcode', ''),
(5801, 468, 'user.business-info.postal.street', ''),
(5802, 468, 'user.custom.ingrid.user.age.group', '0'),
(5803, 468, 'user.custom.ingrid.user.attention.from', ''),
(5804, 468, 'user.custom.ingrid.user.confirmid', 'c7cb6f714301764ecb98d18fb2b2398d'),
(5805, 468, 'user.custom.ingrid.user.interest', '0'),
(5806, 468, 'user.custom.ingrid.user.profession', '0'),
(5807, 468, 'user.custom.ingrid.user.subscribe.newsletter', ''),
(5808, 468, 'user.name.family', 'Hahn'),
(5809, 468, 'user.name.given', 'Imke'),
(5810, 468, 'user.name.prefix', '0'),
(5811, 469, 'user.business-info.online.email', 'claudia.castens@umwelt.bremen.de'),
(5812, 469, 'user.business-info.postal.city', 'Bremen'),
(5813, 469, 'user.business-info.postal.postalcode', '29195'),
(5814, 469, 'user.business-info.postal.street', 'Hanseatenhof 5'),
(5815, 469, 'user.custom.ingrid.user.age.group', '0'),
(5816, 469, 'user.custom.ingrid.user.attention.from', ''),
(5817, 469, 'user.custom.ingrid.user.confirmid', '16c87b7827bc68fedf3bf03b153adb2d'),
(5818, 469, 'user.custom.ingrid.user.interest', '0'),
(5819, 469, 'user.custom.ingrid.user.profession', '0'),
(5820, 469, 'user.custom.ingrid.user.subscribe.newsletter', ''),
(5821, 469, 'user.name.family', 'Castens'),
(5822, 469, 'user.name.given', 'Claudia'),
(5823, 469, 'user.name.prefix', '1'),
(5824, 470, 'user.business-info.online.email', 'Bodo.Westphal@ASV.Bremen.de'),
(5825, 470, 'user.business-info.postal.city', ''),
(5826, 470, 'user.business-info.postal.postalcode', ''),
(5827, 470, 'user.business-info.postal.street', ''),
(5828, 470, 'user.custom.ingrid.user.age.group', '0'),
(5829, 470, 'user.custom.ingrid.user.attention.from', ''),
(5830, 470, 'user.custom.ingrid.user.confirmid', '6f888fca6e21c2fa67276592b9e27dd5'),
(5831, 470, 'user.custom.ingrid.user.interest', '1'),
(5832, 470, 'user.custom.ingrid.user.profession', '4'),
(5833, 470, 'user.custom.ingrid.user.subscribe.newsletter', ''),
(5834, 470, 'user.name.family', 'Westphal'),
(5835, 470, 'user.name.given', 'Bodo'),
(5836, 470, 'user.name.prefix', '2'),
(5837, 471, 'user.business-info.online.email', 'wolfgang.thiemann@bau.bremen.de'),
(5838, 471, 'user.business-info.postal.city', 'Bremen'),
(5839, 471, 'user.business-info.postal.postalcode', '28279'),
(5840, 471, 'user.business-info.postal.street', 'Contrescarpe 72'),
(5841, 471, 'user.custom.ingrid.user.age.group', '4'),
(5842, 471, 'user.custom.ingrid.user.attention.from', 'Schulung'),
(5843, 471, 'user.custom.ingrid.user.confirmid', '753df0ad5d0071d792df55001045c2bf'),
(5844, 471, 'user.custom.ingrid.user.interest', '1'),
(5845, 471, 'user.custom.ingrid.user.profession', '4'),
(5846, 471, 'user.custom.ingrid.user.subscribe.newsletter', '1'),
(5847, 471, 'user.name.family', 'Thiemann'),
(5848, 471, 'user.name.given', 'Wolfgang'),
(5849, 471, 'user.name.prefix', '2'),
(5850, 472, 'user.business-info.online.email', 'Torsten.Lambeck@bau.bremen.de'),
(5851, 472, 'user.business-info.postal.city', 'Bremen'),
(5852, 472, 'user.business-info.postal.postalcode', '28195'),
(5853, 472, 'user.business-info.postal.street', 'Ansgaritorstraße 2'),
(5854, 472, 'user.custom.ingrid.user.age.group', '3'),
(5855, 472, 'user.custom.ingrid.user.attention.from', 'Schulung als Metadateneditor'),
(5856, 472, 'user.custom.ingrid.user.confirmid', 'e648fa903ad5432f7f64b2db2e459a13'),
(5857, 472, 'user.custom.ingrid.user.interest', '1'),
(5858, 472, 'user.custom.ingrid.user.profession', '4'),
(5859, 472, 'user.custom.ingrid.user.subscribe.newsletter', '1'),
(5860, 472, 'user.name.family', 'Lambeck'),
(5861, 472, 'user.name.given', 'Torsten'),
(5862, 472, 'user.name.prefix', '0'),
(5863, 473, 'user.business-info.online.email', 'uta.gramatzki@geo.bremen.de'),
(5864, 473, 'user.business-info.postal.city', ''),
(5865, 473, 'user.business-info.postal.postalcode', ''),
(5866, 473, 'user.business-info.postal.street', ''),
(5867, 473, 'user.custom.ingrid.user.age.group', '0'),
(5868, 473, 'user.custom.ingrid.user.attention.from', ''),
(5869, 473, 'user.custom.ingrid.user.confirmid', '20834be0eaa9e08cdf44a6229b231a5a'),
(5870, 473, 'user.custom.ingrid.user.interest', '0'),
(5871, 473, 'user.custom.ingrid.user.profession', '0'),
(5872, 473, 'user.custom.ingrid.user.subscribe.newsletter', ''),
(5873, 473, 'user.name.family', 'Gramatzki'),
(5874, 473, 'user.name.given', 'Uta'),
(5875, 473, 'user.name.prefix', '0'),
(5876, 474, 'user.business-info.online.email', 'info@winterdienst-best.de'),
(5877, 474, 'user.business-info.postal.city', 'Berlin'),
(5878, 474, 'user.business-info.postal.postalcode', '10715'),
(5879, 474, 'user.business-info.postal.street', 'Babelsberger Str. 5'),
(5880, 474, 'user.custom.ingrid.user.age.group', '0'),
(5881, 474, 'user.custom.ingrid.user.attention.from', ''),
(5882, 474, 'user.custom.ingrid.user.confirmid', '36a540bc7abb1214109179805b82888d'),
(5883, 474, 'user.custom.ingrid.user.interest', '0'),
(5884, 474, 'user.custom.ingrid.user.profession', '8'),
(5885, 474, 'user.custom.ingrid.user.subscribe.newsletter', ''),
(5886, 474, 'user.name.family', 'Steffen'),
(5887, 474, 'user.name.given', 'Horst'),
(5888, 474, 'user.name.prefix', '2'),
(5889, 475, 'user.business-info.online.email', 'b_pers01@uni-muenster.de'),
(5890, 475, 'user.business-info.postal.city', ''),
(5891, 475, 'user.business-info.postal.postalcode', ''),
(5892, 475, 'user.business-info.postal.street', ''),
(5893, 475, 'user.custom.ingrid.user.age.group', '3'),
(5894, 475, 'user.custom.ingrid.user.attention.from', 'Internetrecherche'),
(5895, 475, 'user.custom.ingrid.user.confirmid', '0577db21db76adf853c211b386da7a4b'),
(5896, 475, 'user.custom.ingrid.user.interest', '1'),
(5897, 475, 'user.custom.ingrid.user.profession', '3'),
(5898, 475, 'user.custom.ingrid.user.subscribe.newsletter', '1'),
(5899, 475, 'user.name.family', 'Perschbacher'),
(5900, 475, 'user.name.given', 'Britta'),
(5901, 475, 'user.name.prefix', '1'),
(5902, 476, 'user.business-info.online.email', 'a.salomon@friesland.de'),
(5903, 476, 'user.business-info.postal.city', 'Jever'),
(5904, 476, 'user.business-info.postal.postalcode', '26441'),
(5905, 476, 'user.business-info.postal.street', 'Lindenallee 1'),
(5906, 476, 'user.custom.ingrid.user.age.group', '2'),
(5907, 476, 'user.custom.ingrid.user.attention.from', ''),
(5908, 476, 'user.custom.ingrid.user.confirmid', 'ccec87194e4344ca072408b0e39765e6'),
(5909, 476, 'user.custom.ingrid.user.interest', '1'),
(5910, 476, 'user.custom.ingrid.user.profession', '4'),
(5911, 476, 'user.custom.ingrid.user.subscribe.newsletter', ''),
(5912, 476, 'user.name.family', 'Salomon'),
(5913, 476, 'user.name.given', 'Anna-Maria'),
(5914, 476, 'user.name.prefix', '1'),
(5915, 477, 'user.business-info.online.email', 'nicole.reinhardt@tlug.thueringen.de'),
(5916, 477, 'user.business-info.postal.city', 'Jena'),
(5917, 477, 'user.business-info.postal.postalcode', '07745'),
(5918, 477, 'user.business-info.postal.street', 'Göschwitzer Str. 41'),
(5919, 477, 'user.custom.ingrid.user.age.group', '0'),
(5920, 477, 'user.custom.ingrid.user.attention.from', ''),
(5921, 477, 'user.custom.ingrid.user.confirmid', 'ff27b9fea5129181ee238e368c729dcb'),
(5922, 477, 'user.custom.ingrid.user.interest', '0'),
(5923, 477, 'user.custom.ingrid.user.profession', '0'),
(5924, 477, 'user.custom.ingrid.user.subscribe.newsletter', ''),
(5925, 477, 'user.name.family', 'Reinhardt'),
(5926, 477, 'user.name.given', 'Nicole'),
(5927, 477, 'user.name.prefix', '1'),
(5928, 478, 'user.business-info.online.email', 'henrichroeper@gmail.com'),
(5929, 478, 'user.business-info.postal.city', ''),
(5930, 478, 'user.business-info.postal.postalcode', ''),
(5931, 478, 'user.business-info.postal.street', ''),
(5932, 478, 'user.custom.ingrid.user.age.group', '3'),
(5933, 478, 'user.custom.ingrid.user.attention.from', ''),
(5934, 478, 'user.custom.ingrid.user.confirmid', '97a3184abe0cbd367e1be12a68ca93bd'),
(5935, 478, 'user.custom.ingrid.user.interest', '2'),
(5936, 478, 'user.custom.ingrid.user.profession', '4'),
(5937, 478, 'user.custom.ingrid.user.subscribe.newsletter', ''),
(5938, 478, 'user.name.family', 'Röper'),
(5939, 478, 'user.name.given', 'Henrich'),
(5940, 478, 'user.name.prefix', '2'),
(5941, 479, 'user.business-info.online.email', 'seifer_tomek@wp.pl'),
(5942, 479, 'user.business-info.postal.city', ''),
(5943, 479, 'user.business-info.postal.postalcode', ''),
(5944, 479, 'user.business-info.postal.street', ''),
(5945, 479, 'user.custom.ingrid.user.age.group', '0'),
(5946, 479, 'user.custom.ingrid.user.attention.from', ''),
(5947, 479, 'user.custom.ingrid.user.confirmid', '3bd11f6a722d001d69fd1c42aac94d43'),
(5948, 479, 'user.custom.ingrid.user.interest', '0'),
(5949, 479, 'user.custom.ingrid.user.profession', '0'),
(5950, 479, 'user.custom.ingrid.user.subscribe.newsletter', ''),
(5951, 479, 'user.name.family', 'Bob'),
(5952, 479, 'user.name.given', 'Tom'),
(5953, 479, 'user.name.prefix', '2'),
(5954, 480, 'user.business-info.online.email', 'seifer_tomek@op.pl'),
(5955, 480, 'user.business-info.postal.city', ''),
(5956, 480, 'user.business-info.postal.postalcode', ''),
(5957, 480, 'user.business-info.postal.street', ''),
(5958, 480, 'user.custom.ingrid.user.age.group', '0'),
(5959, 480, 'user.custom.ingrid.user.attention.from', ''),
(5960, 480, 'user.custom.ingrid.user.confirmid', 'd480a96da8b95d9c1ddcc5851f3ef7f5'),
(5961, 480, 'user.custom.ingrid.user.interest', '0'),
(5962, 480, 'user.custom.ingrid.user.profession', '0'),
(5963, 480, 'user.custom.ingrid.user.subscribe.newsletter', '1'),
(5964, 480, 'user.name.family', 'Tom'),
(5965, 480, 'user.name.given', 'Bob'),
(5966, 480, 'user.name.prefix', '2'),
(5967, 481, 'user.business-info.online.email', 'seifero88@yahoo.com'),
(5968, 481, 'user.business-info.postal.city', ''),
(5969, 481, 'user.business-info.postal.postalcode', ''),
(5970, 481, 'user.business-info.postal.street', ''),
(5971, 481, 'user.custom.ingrid.user.age.group', '2'),
(5972, 481, 'user.custom.ingrid.user.attention.from', ''),
(5973, 481, 'user.custom.ingrid.user.confirmid', '438cebfe2f376e1fff6d6cad5d0a28c5'),
(5974, 481, 'user.custom.ingrid.user.interest', '2'),
(5975, 481, 'user.custom.ingrid.user.profession', '1'),
(5976, 481, 'user.custom.ingrid.user.subscribe.newsletter', '1'),
(5977, 481, 'user.name.family', 'Bobi'),
(5978, 481, 'user.name.given', 'Tomi'),
(5979, 481, 'user.name.prefix', '2'),
(5980, 482, 'user.business-info.online.email', 'joachim.fock@uba.de'),
(5981, 482, 'user.business-info.postal.city', 'Dessau-Roßlau'),
(5982, 482, 'user.business-info.postal.postalcode', '06844'),
(5983, 482, 'user.business-info.postal.street', 'Wörlitzer Platz 1'),
(5984, 482, 'user.custom.ingrid.user.age.group', '3'),
(5985, 482, 'user.custom.ingrid.user.attention.from', 'dienstlich'),
(5986, 482, 'user.custom.ingrid.user.confirmid', 'edd51eaa071cc1e131d855449361c533'),
(5987, 482, 'user.custom.ingrid.user.interest', '1'),
(5988, 482, 'user.custom.ingrid.user.profession', '4'),
(5989, 482, 'user.custom.ingrid.user.subscribe.newsletter', ''),
(5990, 482, 'user.name.family', 'Dauert'),
(5991, 482, 'user.name.given', 'Ute'),
(5992, 482, 'user.name.prefix', '1'),
(5993, 483, 'user.business-info.online.email', 'ulrich.greve@gv.hamburg.de'),
(5994, 483, 'user.business-info.postal.city', ''),
(5995, 483, 'user.business-info.postal.postalcode', ''),
(5996, 483, 'user.business-info.postal.street', ''),
(5997, 483, 'user.custom.ingrid.user.age.group', '0'),
(5998, 483, 'user.custom.ingrid.user.attention.from', ''),
(5999, 483, 'user.custom.ingrid.user.confirmid', 'fe68ed21cbdf9d62e68c9848a41c873e'),
(6000, 483, 'user.custom.ingrid.user.interest', '0'),
(6001, 483, 'user.custom.ingrid.user.profession', '0'),
(6002, 483, 'user.custom.ingrid.user.subscribe.newsletter', ''),
(6003, 483, 'user.name.family', 'Greve'),
(6004, 483, 'user.name.given', 'Ulrich'),
(6005, 483, 'user.name.prefix', '2'),
(6006, 484, 'user.business-info.online.email', 'kai.golzio@llur.landsh.de'),
(6007, 484, 'user.business-info.postal.city', 'Flensburg'),
(6008, 484, 'user.business-info.postal.postalcode', '24937'),
(6009, 484, 'user.business-info.postal.street', 'Bahnhofstr. 38'),
(6010, 484, 'user.custom.ingrid.user.age.group', '4'),
(6011, 484, 'user.custom.ingrid.user.attention.from', ''),
(6012, 484, 'user.custom.ingrid.user.confirmid', '85a5796cde9b3349cd5c39b35b9efc86'),
(6013, 484, 'user.custom.ingrid.user.interest', '1'),
(6014, 484, 'user.custom.ingrid.user.profession', '4'),
(6015, 484, 'user.custom.ingrid.user.subscribe.newsletter', '1'),
(6016, 484, 'user.name.family', 'Golzio'),
(6017, 484, 'user.name.given', 'Kai'),
(6018, 484, 'user.name.prefix', '2'),
(6019, 485, 'user.business-info.online.email', 'karsten.riege@llur.landsh.de'),
(6020, 485, 'user.business-info.postal.city', 'Flintbek'),
(6021, 485, 'user.business-info.postal.postalcode', '24220'),
(6022, 485, 'user.business-info.postal.street', 'Hamburger Chaussee 25'),
(6023, 485, 'user.custom.ingrid.user.age.group', '0'),
(6024, 485, 'user.custom.ingrid.user.attention.from', ''),
(6025, 485, 'user.custom.ingrid.user.confirmid', 'eb0e2795914286033f35cc308d35165c'),
(6026, 485, 'user.custom.ingrid.user.interest', '1'),
(6027, 485, 'user.custom.ingrid.user.profession', '4'),
(6028, 485, 'user.custom.ingrid.user.subscribe.newsletter', '1'),
(6029, 485, 'user.name.family', 'Riege'),
(6030, 485, 'user.name.given', 'Karsten'),
(6031, 485, 'user.name.prefix', '2'),
(6032, 486, 'user.business-info.online.email', 'heike.wetzel@geo.bremen.de'),
(6033, 486, 'user.business-info.postal.city', ''),
(6034, 486, 'user.business-info.postal.postalcode', ''),
(6035, 486, 'user.business-info.postal.street', ''),
(6036, 486, 'user.custom.ingrid.user.age.group', '0'),
(6037, 486, 'user.custom.ingrid.user.attention.from', ''),
(6038, 486, 'user.custom.ingrid.user.confirmid', 'a5f8bba7525efa575f5f4b75ec735e81'),
(6039, 486, 'user.custom.ingrid.user.interest', '0'),
(6040, 486, 'user.custom.ingrid.user.profession', '0'),
(6041, 486, 'user.custom.ingrid.user.subscribe.newsletter', ''),
(6042, 486, 'user.name.family', 'Bremen'),
(6043, 486, 'user.name.given', 'Subve'),
(6044, 486, 'user.name.prefix', '0'),
(6045, 487, 'user.business-info.online.email', 'heike.wetzel@geo.bremen.de'),
(6046, 487, 'user.business-info.postal.city', ''),
(6047, 487, 'user.business-info.postal.postalcode', ''),
(6048, 487, 'user.business-info.postal.street', ''),
(6049, 487, 'user.custom.ingrid.user.age.group', '0'),
(6050, 487, 'user.custom.ingrid.user.attention.from', ''),
(6051, 487, 'user.custom.ingrid.user.confirmid', '9b6d62a5d0e508dd071448e8105f3e4a'),
(6052, 487, 'user.custom.ingrid.user.interest', '1'),
(6053, 487, 'user.custom.ingrid.user.profession', '0'),
(6054, 487, 'user.custom.ingrid.user.subscribe.newsletter', ''),
(6055, 487, 'user.name.family', 'FHB'),
(6056, 487, 'user.name.given', 'Kst'),
(6057, 487, 'user.name.prefix', '0'),
(6058, 488, 'user.business-info.online.email', 'heike.wetzel@geo.bremen.de'),
(6059, 488, 'user.business-info.postal.city', ''),
(6060, 488, 'user.business-info.postal.postalcode', ''),
(6061, 488, 'user.business-info.postal.street', ''),
(6062, 488, 'user.custom.ingrid.user.age.group', '0'),
(6063, 488, 'user.custom.ingrid.user.attention.from', ''),
(6064, 488, 'user.custom.ingrid.user.confirmid', '8b23aa9f4960f4b74fdcc2e80f431bed'),
(6065, 488, 'user.custom.ingrid.user.interest', '1'),
(6066, 488, 'user.custom.ingrid.user.profession', '0'),
(6067, 488, 'user.custom.ingrid.user.subscribe.newsletter', ''),
(6068, 488, 'user.name.family', 'autor'),
(6069, 488, 'user.name.given', 'kst'),
(6070, 488, 'user.name.prefix', '0'),
(6071, 489, 'user.business-info.online.email', 'heike.wetzel@geo.bremen.de'),
(6072, 489, 'user.business-info.postal.city', ''),
(6073, 489, 'user.business-info.postal.postalcode', ''),
(6074, 489, 'user.business-info.postal.street', ''),
(6075, 489, 'user.custom.ingrid.user.age.group', '0'),
(6076, 489, 'user.custom.ingrid.user.attention.from', ''),
(6077, 489, 'user.custom.ingrid.user.confirmid', 'a220fcd554a4f856b652b27462f2c170'),
(6078, 489, 'user.custom.ingrid.user.interest', '1'),
(6079, 489, 'user.custom.ingrid.user.profession', '0'),
(6080, 489, 'user.custom.ingrid.user.subscribe.newsletter', ''),
(6081, 489, 'user.name.family', 'autor01'),
(6082, 489, 'user.name.given', 'umwelt'),
(6083, 489, 'user.name.prefix', '0'),
(6084, 490, 'user.business-info.online.email', 'michael.flathmann@geo.bremen.de'),
(6085, 490, 'user.business-info.postal.city', ''),
(6086, 490, 'user.business-info.postal.postalcode', ''),
(6087, 490, 'user.business-info.postal.street', ''),
(6088, 490, 'user.custom.ingrid.user.age.group', '0'),
(6089, 490, 'user.custom.ingrid.user.attention.from', ''),
(6090, 490, 'user.custom.ingrid.user.confirmid', '4061e26b3291fc541809ea64a499cfb8'),
(6091, 490, 'user.custom.ingrid.user.interest', '0'),
(6092, 490, 'user.custom.ingrid.user.profession', '0'),
(6093, 490, 'user.custom.ingrid.user.subscribe.newsletter', ''),
(6094, 490, 'user.name.family', 'Flathmann'),
(6095, 490, 'user.name.given', 'Michael'),
(6096, 490, 'user.name.prefix', '0'),
(6097, 491, 'user.business-info.online.email', 'torsten.wolff@it-service-ges.de'),
(6098, 491, 'user.business-info.postal.city', ''),
(6099, 491, 'user.business-info.postal.postalcode', ''),
(6100, 491, 'user.business-info.postal.street', ''),
(6101, 491, 'user.custom.ingrid.user.age.group', '0'),
(6102, 491, 'user.custom.ingrid.user.attention.from', ''),
(6103, 491, 'user.custom.ingrid.user.confirmid', '156250c0f98c66e91af5a219af375196'),
(6104, 491, 'user.custom.ingrid.user.interest', '0'),
(6105, 491, 'user.custom.ingrid.user.profession', '0'),
(6106, 491, 'user.custom.ingrid.user.subscribe.newsletter', ''),
(6107, 491, 'user.name.family', 'Döge'),
(6108, 491, 'user.name.given', 'Holm'),
(6109, 491, 'user.name.prefix', '0'),
(6110, 492, 'user.business-info.online.email', 'hubertus.goeddeke@gd.nrw.de'),
(6111, 492, 'user.business-info.postal.city', 'Krefeld'),
(6112, 492, 'user.business-info.postal.postalcode', '47803'),
(6113, 492, 'user.business-info.postal.street', 'De-Greiff Str. 195'),
(6114, 492, 'user.custom.ingrid.user.age.group', '0'),
(6115, 492, 'user.custom.ingrid.user.attention.from', '--'),
(6116, 492, 'user.custom.ingrid.user.confirmid', '2cb587799d1fa92fc0e3d9a5f0be04a7'),
(6117, 492, 'user.custom.ingrid.user.interest', '0'),
(6118, 492, 'user.custom.ingrid.user.profession', '0'),
(6119, 492, 'user.custom.ingrid.user.subscribe.newsletter', ''),
(6120, 492, 'user.name.family', 'Goeddeke'),
(6121, 492, 'user.name.given', 'Hubertus'),
(6122, 492, 'user.name.prefix', '0'),
(6123, 493, 'user.business-info.online.email', 'heike.wetzel@geo.bremen.de'),
(6124, 493, 'user.business-info.postal.city', ''),
(6125, 493, 'user.business-info.postal.postalcode', ''),
(6126, 493, 'user.business-info.postal.street', ''),
(6127, 493, 'user.custom.ingrid.user.age.group', '0'),
(6128, 493, 'user.custom.ingrid.user.attention.from', ''),
(6129, 493, 'user.custom.ingrid.user.confirmid', '6799ad07e2043732f5dc9db2bff1d267'),
(6130, 493, 'user.custom.ingrid.user.interest', '0'),
(6131, 493, 'user.custom.ingrid.user.profession', '0'),
(6132, 493, 'user.custom.ingrid.user.subscribe.newsletter', ''),
(6133, 493, 'user.name.family', 'admin'),
(6134, 493, 'user.name.given', 'geo'),
(6135, 493, 'user.name.prefix', '0'),
(6136, 494, 'user.business-info.online.email', 'goeble@iag-goebel.de'),
(6137, 494, 'user.business-info.postal.city', ''),
(6138, 494, 'user.business-info.postal.postalcode', ''),
(6139, 494, 'user.business-info.postal.street', ''),
(6140, 494, 'user.custom.ingrid.user.age.group', '7'),
(6141, 494, 'user.custom.ingrid.user.attention.from', ''),
(6142, 494, 'user.custom.ingrid.user.confirmid', '0fe2de8f25d83c9c6510bca465e23e9e'),
(6143, 494, 'user.custom.ingrid.user.interest', '1'),
(6144, 494, 'user.custom.ingrid.user.profession', '3'),
(6145, 494, 'user.custom.ingrid.user.subscribe.newsletter', '1'),
(6146, 494, 'user.name.family', 'Göbel'),
(6147, 494, 'user.name.given', 'Hans-Dieter'),
(6148, 494, 'user.name.prefix', '2'),
(6149, 495, 'user.business-info.online.email', 'meyer.maika@t-online.de'),
(6150, 495, 'user.business-info.postal.city', ''),
(6151, 495, 'user.business-info.postal.postalcode', ''),
(6152, 495, 'user.business-info.postal.street', ''),
(6153, 495, 'user.custom.ingrid.user.age.group', '0'),
(6154, 495, 'user.custom.ingrid.user.attention.from', ''),
(6155, 495, 'user.custom.ingrid.user.confirmid', 'b77fff207f70948a5dedab612f1c9b84'),
(6156, 495, 'user.custom.ingrid.user.interest', '0'),
(6157, 495, 'user.custom.ingrid.user.profession', '0'),
(6158, 495, 'user.custom.ingrid.user.subscribe.newsletter', ''),
(6159, 495, 'user.name.family', 'Meyer'),
(6160, 495, 'user.name.given', 'Maika'),
(6161, 495, 'user.name.prefix', '0'),
(6162, 496, 'user.business-info.online.email', 'knieriem@igvp.de'),
(6163, 496, 'user.business-info.postal.city', ''),
(6164, 496, 'user.business-info.postal.postalcode', ''),
(6165, 496, 'user.business-info.postal.street', ''),
(6166, 496, 'user.custom.ingrid.user.age.group', '3'),
(6167, 496, 'user.custom.ingrid.user.attention.from', ''),
(6168, 496, 'user.custom.ingrid.user.confirmid', '26f48463d7d9b6d1ea508cac5302e627'),
(6169, 496, 'user.custom.ingrid.user.interest', '1'),
(6170, 496, 'user.custom.ingrid.user.profession', '8'),
(6171, 496, 'user.custom.ingrid.user.subscribe.newsletter', ''),
(6172, 496, 'user.name.family', 'Knieriem'),
(6173, 496, 'user.name.given', 'Helge'),
(6174, 496, 'user.name.prefix', '2'),
(6175, 497, 'user.business-info.online.email', 'Anja.Scholz@lvwa.sachsen-anhalt.de'),
(6176, 497, 'user.business-info.postal.city', 'Halle'),
(6177, 497, 'user.business-info.postal.postalcode', '06118'),
(6178, 497, 'user.business-info.postal.street', 'Dessauer Straße 70'),
(6179, 497, 'user.custom.ingrid.user.age.group', '0'),
(6180, 497, 'user.custom.ingrid.user.attention.from', ''),
(6181, 497, 'user.custom.ingrid.user.confirmid', '03e361b477dfd089262264160f89a78b'),
(6182, 497, 'user.custom.ingrid.user.interest', '0'),
(6183, 497, 'user.custom.ingrid.user.profession', '0'),
(6184, 497, 'user.custom.ingrid.user.subscribe.newsletter', ''),
(6185, 497, 'user.name.family', 'Scholz'),
(6186, 497, 'user.name.given', 'Anja'),
(6187, 497, 'user.name.prefix', '0'),
(6188, 498, 'user.business-info.online.email', 'bmarkowska@poczta.onet.pl'),
(6189, 498, 'user.business-info.postal.city', ''),
(6190, 498, 'user.business-info.postal.postalcode', ''),
(6191, 498, 'user.business-info.postal.street', ''),
(6192, 498, 'user.custom.ingrid.user.age.group', '0'),
(6193, 498, 'user.custom.ingrid.user.attention.from', ''),
(6194, 498, 'user.custom.ingrid.user.confirmid', 'dfb2a8e0dec8ac7b2570498f55071350'),
(6195, 498, 'user.custom.ingrid.user.interest', '0'),
(6196, 498, 'user.custom.ingrid.user.profession', '0'),
(6197, 498, 'user.custom.ingrid.user.subscribe.newsletter', ''),
(6198, 498, 'user.name.family', 'markowska'),
(6199, 498, 'user.name.given', 'beata'),
(6200, 498, 'user.name.prefix', '1'),
(6201, 499, 'user.business-info.online.email', 'norbert.bartscher@fh-duesseldorf.de'),
(6202, 499, 'user.business-info.postal.city', ''),
(6203, 499, 'user.business-info.postal.postalcode', ''),
(6204, 499, 'user.business-info.postal.street', ''),
(6205, 499, 'user.custom.ingrid.user.age.group', '0'),
(6206, 499, 'user.custom.ingrid.user.attention.from', ''),
(6207, 499, 'user.custom.ingrid.user.confirmid', '1eed473db3575f74c688fe2f3887483f'),
(6208, 499, 'user.custom.ingrid.user.interest', '0'),
(6209, 499, 'user.custom.ingrid.user.profession', '0'),
(6210, 499, 'user.custom.ingrid.user.subscribe.newsletter', '1'),
(6211, 499, 'user.name.family', 'Bartscher'),
(6212, 499, 'user.name.given', 'Norbert'),
(6213, 499, 'user.name.prefix', '2'),
(6214, 500, 'user.business-info.online.email', 'juergen.ahrndt@lfe-p.brandenburg.de'),
(6215, 500, 'user.business-info.postal.city', ''),
(6216, 500, 'user.business-info.postal.postalcode', ''),
(6217, 500, 'user.business-info.postal.street', ''),
(6218, 500, 'user.custom.ingrid.user.age.group', '0'),
(6219, 500, 'user.custom.ingrid.user.attention.from', ''),
(6220, 500, 'user.custom.ingrid.user.confirmid', 'da51647c094c06ac6db32e6b39f5c0f4'),
(6221, 500, 'user.custom.ingrid.user.interest', '0'),
(6222, 500, 'user.custom.ingrid.user.profession', '0'),
(6223, 500, 'user.custom.ingrid.user.subscribe.newsletter', ''),
(6224, 500, 'user.name.family', 'Ahrndt'),
(6225, 500, 'user.name.given', 'Jürgen'),
(6226, 500, 'user.name.prefix', '2'),
(6227, 501, 'user.business-info.online.email', 'stephan.allert@lelf.brandenburg.de'),
(6228, 501, 'user.business-info.postal.city', ''),
(6229, 501, 'user.business-info.postal.postalcode', ''),
(6230, 501, 'user.business-info.postal.street', ''),
(6231, 501, 'user.custom.ingrid.user.age.group', '0'),
(6232, 501, 'user.custom.ingrid.user.attention.from', ''),
(6233, 501, 'user.custom.ingrid.user.confirmid', 'c3fe9853c8aaab733f03cdc25e514eb7'),
(6234, 501, 'user.custom.ingrid.user.interest', '0'),
(6235, 501, 'user.custom.ingrid.user.profession', '0'),
(6236, 501, 'user.custom.ingrid.user.subscribe.newsletter', ''),
(6237, 501, 'user.name.family', 'Allert'),
(6238, 501, 'user.name.given', 'Stephan'),
(6239, 501, 'user.name.prefix', '2'),
(6240, 502, 'user.business-info.online.email', 'sabine.henschke@lelf.brandenburg.de'),
(6241, 502, 'user.business-info.postal.city', ''),
(6242, 502, 'user.business-info.postal.postalcode', ''),
(6243, 502, 'user.business-info.postal.street', ''),
(6244, 502, 'user.custom.ingrid.user.age.group', '0'),
(6245, 502, 'user.custom.ingrid.user.attention.from', ''),
(6246, 502, 'user.custom.ingrid.user.confirmid', '0b9c526be22436dc510400469eec71ac'),
(6247, 502, 'user.custom.ingrid.user.interest', '0'),
(6248, 502, 'user.custom.ingrid.user.profession', '0'),
(6249, 502, 'user.custom.ingrid.user.subscribe.newsletter', ''),
(6250, 502, 'user.name.family', 'Henschke'),
(6251, 502, 'user.name.given', 'Sabine'),
(6252, 502, 'user.name.prefix', '1'),
(6253, 503, 'user.business-info.online.email', 'olaf.schoenerstedt@saalekreis.de'),
(6254, 503, 'user.business-info.postal.city', 'Merseburg'),
(6255, 503, 'user.business-info.postal.postalcode', '06217'),
(6256, 503, 'user.business-info.postal.street', 'Domplatz 09'),
(6257, 503, 'user.custom.ingrid.user.age.group', '0'),
(6258, 503, 'user.custom.ingrid.user.attention.from', ''),
(6259, 503, 'user.custom.ingrid.user.confirmid', 'e1aece3a7a6894294a5869e3376041b2'),
(6260, 503, 'user.custom.ingrid.user.interest', '0'),
(6261, 503, 'user.custom.ingrid.user.profession', '0'),
(6262, 503, 'user.custom.ingrid.user.subscribe.newsletter', '1'),
(6263, 503, 'user.name.family', 'Schönerstedt'),
(6264, 503, 'user.name.given', 'Olaf'),
(6265, 503, 'user.name.prefix', '2'),
(6266, 504, 'user.business-info.online.email', 'steffi.herrmann@saalekreis.de'),
(6267, 504, 'user.business-info.postal.city', 'Merseburg'),
(6268, 504, 'user.business-info.postal.postalcode', '06217');
INSERT INTO `security_attribute` (`ATTR_ID`, `PRINCIPAL_ID`, `ATTR_NAME`, `ATTR_VALUE`) VALUES
(6269, 504, 'user.business-info.postal.street', 'Domplatz 09'),
(6270, 504, 'user.custom.ingrid.user.age.group', '0'),
(6271, 504, 'user.custom.ingrid.user.attention.from', ''),
(6272, 504, 'user.custom.ingrid.user.confirmid', '616d60b78a3029e9c4d9d5c2a740cb7d'),
(6273, 504, 'user.custom.ingrid.user.interest', '0'),
(6274, 504, 'user.custom.ingrid.user.profession', '0'),
(6275, 504, 'user.custom.ingrid.user.subscribe.newsletter', ''),
(6276, 504, 'user.name.family', 'Herrmann'),
(6277, 504, 'user.name.given', 'Steffi'),
(6278, 504, 'user.name.prefix', '1'),
(6279, 505, 'user.business-info.online.email', 'davidhuehne@gmx.de'),
(6280, 505, 'user.business-info.postal.city', ''),
(6281, 505, 'user.business-info.postal.postalcode', ''),
(6282, 505, 'user.business-info.postal.street', ''),
(6283, 505, 'user.custom.ingrid.user.age.group', '2'),
(6284, 505, 'user.custom.ingrid.user.attention.from', 'Recherche wg Bachelorarbeit'),
(6285, 505, 'user.custom.ingrid.user.confirmid', '849d102626bc5f5aaf7ac9d7a8f3e198'),
(6286, 505, 'user.custom.ingrid.user.interest', '1'),
(6287, 505, 'user.custom.ingrid.user.profession', '1'),
(6288, 505, 'user.custom.ingrid.user.subscribe.newsletter', ''),
(6289, 505, 'user.name.family', 'Hühne'),
(6290, 505, 'user.name.given', 'David'),
(6291, 505, 'user.name.prefix', '2'),
(6292, 506, 'user.business-info.online.email', 'Reinhard.Ploetz@NLWKN-H.Niedersachsen.de'),
(6293, 506, 'user.business-info.postal.city', 'Hannover'),
(6294, 506, 'user.business-info.postal.postalcode', '30453'),
(6295, 506, 'user.business-info.postal.street', 'Göttinger Chaussee 76 A'),
(6296, 506, 'user.custom.ingrid.user.age.group', '0'),
(6297, 506, 'user.custom.ingrid.user.attention.from', ''),
(6298, 506, 'user.custom.ingrid.user.confirmid', '1da74316f996d605ccdefc8173b20146'),
(6299, 506, 'user.custom.ingrid.user.interest', '0'),
(6300, 506, 'user.custom.ingrid.user.profession', '0'),
(6301, 506, 'user.custom.ingrid.user.subscribe.newsletter', ''),
(6302, 506, 'user.name.family', 'Plötz'),
(6303, 506, 'user.name.given', 'Reinhard'),
(6304, 506, 'user.name.prefix', '2'),
(6305, 507, 'user.business-info.online.email', 'Dirk.Weber@NLWKN-Hi.Niedersachsen.de'),
(6306, 507, 'user.business-info.postal.city', 'Hildesheim'),
(6307, 507, 'user.business-info.postal.postalcode', '31135'),
(6308, 507, 'user.business-info.postal.street', 'An der Scharlake 39'),
(6309, 507, 'user.custom.ingrid.user.age.group', '0'),
(6310, 507, 'user.custom.ingrid.user.attention.from', ''),
(6311, 507, 'user.custom.ingrid.user.confirmid', '963cd48dfca6821575b025f83f0b0fd3'),
(6312, 507, 'user.custom.ingrid.user.interest', '0'),
(6313, 507, 'user.custom.ingrid.user.profession', '0'),
(6314, 507, 'user.custom.ingrid.user.subscribe.newsletter', ''),
(6315, 507, 'user.name.family', 'Weber'),
(6316, 507, 'user.name.given', 'Dirk'),
(6317, 507, 'user.name.prefix', '2'),
(6318, 508, 'user.business-info.online.email', 'Elisabeth.Reinke@nlwkn-aur.niedersachsen.de'),
(6319, 508, 'user.business-info.postal.city', 'Aurich'),
(6320, 508, 'user.business-info.postal.postalcode', '26603'),
(6321, 508, 'user.business-info.postal.street', 'Oldersumer Straße 48'),
(6322, 508, 'user.custom.ingrid.user.age.group', '0'),
(6323, 508, 'user.custom.ingrid.user.attention.from', ''),
(6324, 508, 'user.custom.ingrid.user.confirmid', '0da292a0670a276a52fd400698a7036d'),
(6325, 508, 'user.custom.ingrid.user.interest', '0'),
(6326, 508, 'user.custom.ingrid.user.profession', '0'),
(6327, 508, 'user.custom.ingrid.user.subscribe.newsletter', ''),
(6328, 508, 'user.name.family', 'Reinke'),
(6329, 508, 'user.name.given', 'Elisabeth'),
(6330, 508, 'user.name.prefix', '1'),
(6331, 509, 'user.business-info.online.email', 'andrea.bergmann@mw.niedersachsen.de'),
(6332, 509, 'user.business-info.postal.city', ''),
(6333, 509, 'user.business-info.postal.postalcode', ''),
(6334, 509, 'user.business-info.postal.street', ''),
(6335, 509, 'user.custom.ingrid.user.age.group', '0'),
(6336, 509, 'user.custom.ingrid.user.attention.from', ''),
(6337, 509, 'user.custom.ingrid.user.confirmid', '931d3c92e792418fdd78f81c443686f9'),
(6338, 509, 'user.custom.ingrid.user.interest', '0'),
(6339, 509, 'user.custom.ingrid.user.profession', '0'),
(6340, 509, 'user.custom.ingrid.user.subscribe.newsletter', ''),
(6341, 509, 'user.name.family', 'bergmann'),
(6342, 509, 'user.name.given', 'andrea'),
(6343, 509, 'user.name.prefix', '1'),
(6344, 510, 'user.business-info.online.email', 'josefgladziwa@gmx.de'),
(6345, 510, 'user.business-info.postal.city', 'Freiberg'),
(6346, 510, 'user.business-info.postal.postalcode', '09599'),
(6347, 510, 'user.business-info.postal.street', 'Weisbachstraße 20'),
(6348, 510, 'user.custom.ingrid.user.age.group', '2'),
(6349, 510, 'user.custom.ingrid.user.attention.from', 'Internetsuche'),
(6350, 510, 'user.custom.ingrid.user.confirmid', '50548da84010031df0f7dc478500c07c'),
(6351, 510, 'user.custom.ingrid.user.interest', '1'),
(6352, 510, 'user.custom.ingrid.user.profession', '6'),
(6353, 510, 'user.custom.ingrid.user.subscribe.newsletter', ''),
(6354, 510, 'user.name.family', 'Gladziwa'),
(6355, 510, 'user.name.given', 'Joseph'),
(6356, 510, 'user.name.prefix', '1'),
(6357, 511, 'user.business-info.online.email', 'stephanvg@gmx.de'),
(6358, 511, 'user.business-info.postal.city', ''),
(6359, 511, 'user.business-info.postal.postalcode', ''),
(6360, 511, 'user.business-info.postal.street', ''),
(6361, 511, 'user.custom.ingrid.user.age.group', '3'),
(6362, 511, 'user.custom.ingrid.user.attention.from', ''),
(6363, 511, 'user.custom.ingrid.user.confirmid', 'ecd43e6c2c3a75ce1bea2bea438e8738'),
(6364, 511, 'user.custom.ingrid.user.interest', '2'),
(6365, 511, 'user.custom.ingrid.user.profession', '8'),
(6366, 511, 'user.custom.ingrid.user.subscribe.newsletter', '1'),
(6367, 511, 'user.name.family', 'von Gizycki'),
(6368, 511, 'user.name.given', 'Stephan'),
(6369, 511, 'user.name.prefix', '2'),
(6370, 512, 'user.business-info.online.email', 'peter.hoyer@gmx.de'),
(6371, 512, 'user.business-info.postal.city', ''),
(6372, 512, 'user.business-info.postal.postalcode', ''),
(6373, 512, 'user.business-info.postal.street', ''),
(6374, 512, 'user.custom.ingrid.user.age.group', '4'),
(6375, 512, 'user.custom.ingrid.user.attention.from', ''),
(6376, 512, 'user.custom.ingrid.user.confirmid', 'e6d0ff65aee1833f3bb8940b5310bba9'),
(6377, 512, 'user.custom.ingrid.user.interest', '0'),
(6378, 512, 'user.custom.ingrid.user.profession', '3'),
(6379, 512, 'user.custom.ingrid.user.subscribe.newsletter', '1'),
(6380, 512, 'user.name.family', 'Hoyer'),
(6381, 512, 'user.name.given', 'Peter'),
(6382, 512, 'user.name.prefix', '2'),
(6383, 513, 'user.business-info.online.email', 'giselaw@uni-muenster.de'),
(6384, 513, 'user.business-info.postal.city', ''),
(6385, 513, 'user.business-info.postal.postalcode', ''),
(6386, 513, 'user.business-info.postal.street', ''),
(6387, 513, 'user.custom.ingrid.user.age.group', '0'),
(6388, 513, 'user.custom.ingrid.user.attention.from', ''),
(6389, 513, 'user.custom.ingrid.user.confirmid', '848d95c8f638deffd26ec10ab9daa763'),
(6390, 513, 'user.custom.ingrid.user.interest', '1'),
(6391, 513, 'user.custom.ingrid.user.profession', '0'),
(6392, 513, 'user.custom.ingrid.user.subscribe.newsletter', ''),
(6393, 513, 'user.name.family', 'Woltermann'),
(6394, 513, 'user.name.given', 'Gisela'),
(6395, 513, 'user.name.prefix', '1'),
(6396, 514, 'user.business-info.online.email', 'dietmar.skrobanek@hi.hessen.de'),
(6397, 514, 'user.business-info.postal.city', ''),
(6398, 514, 'user.business-info.postal.postalcode', ''),
(6399, 514, 'user.business-info.postal.street', ''),
(6400, 514, 'user.custom.ingrid.user.age.group', '4'),
(6401, 514, 'user.custom.ingrid.user.attention.from', ''),
(6402, 514, 'user.custom.ingrid.user.confirmid', 'b90ea6f489fe4b54cbdaa74432176347'),
(6403, 514, 'user.custom.ingrid.user.interest', '1'),
(6404, 514, 'user.custom.ingrid.user.profession', '4'),
(6405, 514, 'user.custom.ingrid.user.subscribe.newsletter', '1'),
(6406, 514, 'user.name.family', 'Skrobanek'),
(6407, 514, 'user.name.given', 'Dietmar'),
(6408, 514, 'user.name.prefix', '0'),
(6409, 515, 'user.business-info.online.email', 'franz.schenk@portalu.de'),
(6410, 515, 'user.business-info.postal.city', ''),
(6411, 515, 'user.business-info.postal.postalcode', ''),
(6412, 515, 'user.business-info.postal.street', ''),
(6413, 515, 'user.custom.ingrid.user.age.group', '0'),
(6414, 515, 'user.custom.ingrid.user.attention.from', ''),
(6415, 515, 'user.custom.ingrid.user.confirmid', '436d5a11e5b61f214d1b7ae7b2bf12de'),
(6416, 515, 'user.custom.ingrid.user.interest', '0'),
(6417, 515, 'user.custom.ingrid.user.profession', '0'),
(6418, 515, 'user.custom.ingrid.user.subscribe.newsletter', ''),
(6419, 515, 'user.name.family', 'VanSchink'),
(6420, 515, 'user.name.given', 'Aristide'),
(6421, 515, 'user.name.prefix', '0'),
(6422, 516, 'user.business-info.online.email', 'dk@windbauer.com'),
(6423, 516, 'user.business-info.postal.city', 'Neubrandenburg'),
(6424, 516, 'user.business-info.postal.postalcode', '17033'),
(6425, 516, 'user.business-info.postal.street', 'Marktplatz 1'),
(6426, 516, 'user.custom.ingrid.user.age.group', ''),
(6427, 516, 'user.custom.ingrid.user.attention.from', ''),
(6428, 516, 'user.custom.ingrid.user.confirmid', 'a7363514864076932e06baa3575a0eb4'),
(6429, 516, 'user.custom.ingrid.user.interest', ''),
(6430, 516, 'user.custom.ingrid.user.profession', ''),
(6431, 516, 'user.custom.ingrid.user.subscribe.newsletter', ''),
(6432, 516, 'user.name.family', 'Keller'),
(6433, 516, 'user.name.given', 'Diana'),
(6434, 516, 'user.name.prefix', '1'),
(6435, 517, 'user.business-info.online.email', 's.schwank@umweltberatung-schwank.de'),
(6436, 517, 'user.business-info.postal.city', ''),
(6437, 517, 'user.business-info.postal.postalcode', ''),
(6438, 517, 'user.business-info.postal.street', ''),
(6439, 517, 'user.custom.ingrid.user.age.group', '0'),
(6440, 517, 'user.custom.ingrid.user.attention.from', ''),
(6441, 517, 'user.custom.ingrid.user.confirmid', '9ad6c03e13e824f7cc69b3d46a7b8727'),
(6442, 517, 'user.custom.ingrid.user.interest', '0'),
(6443, 517, 'user.custom.ingrid.user.profession', '0'),
(6444, 517, 'user.custom.ingrid.user.subscribe.newsletter', '1'),
(6445, 517, 'user.name.family', 'Schwank'),
(6446, 517, 'user.name.given', 'Stefanie'),
(6447, 517, 'user.name.prefix', '1'),
(6448, 518, 'user.business-info.online.email', 'nilsfue@web.de'),
(6449, 518, 'user.business-info.postal.city', ''),
(6450, 518, 'user.business-info.postal.postalcode', ''),
(6451, 518, 'user.business-info.postal.street', ''),
(6452, 518, 'user.custom.ingrid.user.age.group', '2'),
(6453, 518, 'user.custom.ingrid.user.attention.from', ''),
(6454, 518, 'user.custom.ingrid.user.confirmid', '49b846673647fe55a51deac22b13afc9'),
(6455, 518, 'user.custom.ingrid.user.interest', '1'),
(6456, 518, 'user.custom.ingrid.user.profession', '6'),
(6457, 518, 'user.custom.ingrid.user.subscribe.newsletter', '1'),
(6458, 518, 'user.name.family', 'Führer'),
(6459, 518, 'user.name.given', 'Nils'),
(6460, 518, 'user.name.prefix', '2'),
(6461, 519, 'user.business-info.online.email', 'huber@bioconsult.de'),
(6462, 519, 'user.business-info.postal.city', 'Bremen'),
(6463, 519, 'user.business-info.postal.postalcode', '28757'),
(6464, 519, 'user.business-info.postal.street', 'Reeder-Bischoff-Str. 54'),
(6465, 519, 'user.custom.ingrid.user.age.group', '4'),
(6466, 519, 'user.custom.ingrid.user.attention.from', ''),
(6467, 519, 'user.custom.ingrid.user.confirmid', '01e61b4307cf387843f42f15d45e38d3'),
(6468, 519, 'user.custom.ingrid.user.interest', '1'),
(6469, 519, 'user.custom.ingrid.user.profession', '3'),
(6470, 519, 'user.custom.ingrid.user.subscribe.newsletter', ''),
(6471, 519, 'user.name.family', 'Huber'),
(6472, 519, 'user.name.given', 'Alke'),
(6473, 519, 'user.name.prefix', '1'),
(6474, 520, 'user.business-info.online.email', 'Suzyl@gmx.de'),
(6475, 520, 'user.business-info.postal.city', ''),
(6476, 520, 'user.business-info.postal.postalcode', ''),
(6477, 520, 'user.business-info.postal.street', ''),
(6478, 520, 'user.custom.ingrid.user.age.group', '3'),
(6479, 520, 'user.custom.ingrid.user.attention.from', ''),
(6480, 520, 'user.custom.ingrid.user.confirmid', '0c6f47e07055f04cfd468291ddbab0ba'),
(6481, 520, 'user.custom.ingrid.user.interest', '2'),
(6482, 520, 'user.custom.ingrid.user.profession', '8'),
(6483, 520, 'user.custom.ingrid.user.subscribe.newsletter', ''),
(6484, 520, 'user.name.family', 'Linde'),
(6485, 520, 'user.name.given', 'Susann'),
(6486, 520, 'user.name.prefix', '0'),
(6487, 521, 'user.business-info.online.email', 'Brigitte.john@uni-bayreuth.de'),
(6488, 521, 'user.business-info.postal.city', 'Bayreuth'),
(6489, 521, 'user.business-info.postal.postalcode', '95447'),
(6490, 521, 'user.business-info.postal.street', 'Universitätsstr. 30'),
(6491, 521, 'user.custom.ingrid.user.age.group', '0'),
(6492, 521, 'user.custom.ingrid.user.attention.from', 'Literatur'),
(6493, 521, 'user.custom.ingrid.user.confirmid', '2e1b5fb18f3944d0759da005b9638357'),
(6494, 521, 'user.custom.ingrid.user.interest', '1'),
(6495, 521, 'user.custom.ingrid.user.profession', '6'),
(6496, 521, 'user.custom.ingrid.user.subscribe.newsletter', ''),
(6497, 521, 'user.name.family', 'John'),
(6498, 521, 'user.name.given', 'Brigitte'),
(6499, 521, 'user.name.prefix', '3'),
(6500, 522, 'user.business-info.online.email', 'heike.wetzel@geo.bremen.de'),
(6501, 522, 'user.business-info.postal.city', ''),
(6502, 522, 'user.business-info.postal.postalcode', ''),
(6503, 522, 'user.business-info.postal.street', ''),
(6504, 522, 'user.custom.ingrid.user.age.group', '0'),
(6505, 522, 'user.custom.ingrid.user.attention.from', ''),
(6506, 522, 'user.custom.ingrid.user.confirmid', '819294da50e6645f601a508a9bdb453a'),
(6507, 522, 'user.custom.ingrid.user.interest', '0'),
(6508, 522, 'user.custom.ingrid.user.profession', '0'),
(6509, 522, 'user.custom.ingrid.user.subscribe.newsletter', ''),
(6510, 522, 'user.name.family', 'Admin'),
(6511, 522, 'user.name.given', 'Umwelt'),
(6512, 522, 'user.name.prefix', '0'),
(6513, 523, 'user.business-info.online.email', 'heike.wetzel@geo.bremen.de'),
(6514, 523, 'user.business-info.postal.city', ''),
(6515, 523, 'user.business-info.postal.postalcode', ''),
(6516, 523, 'user.business-info.postal.street', ''),
(6517, 523, 'user.custom.ingrid.user.age.group', '0'),
(6518, 523, 'user.custom.ingrid.user.attention.from', ''),
(6519, 523, 'user.custom.ingrid.user.confirmid', '2d3bba0b3f8688f979881a420312d25a'),
(6520, 523, 'user.custom.ingrid.user.interest', '0'),
(6521, 523, 'user.custom.ingrid.user.profession', '0'),
(6522, 523, 'user.custom.ingrid.user.subscribe.newsletter', ''),
(6523, 523, 'user.name.family', 'admin'),
(6524, 523, 'user.name.given', 'asv'),
(6525, 523, 'user.name.prefix', '0'),
(6526, 524, 'user.business-info.online.email', 'heike.wetzel@geo.bremen.de'),
(6527, 524, 'user.business-info.postal.city', ''),
(6528, 524, 'user.business-info.postal.postalcode', ''),
(6529, 524, 'user.business-info.postal.street', ''),
(6530, 524, 'user.custom.ingrid.user.age.group', '0'),
(6531, 524, 'user.custom.ingrid.user.attention.from', ''),
(6532, 524, 'user.custom.ingrid.user.confirmid', 'bf7a34eca86ae53753a918f22c9e9205'),
(6533, 524, 'user.custom.ingrid.user.interest', '0'),
(6534, 524, 'user.custom.ingrid.user.profession', '0'),
(6535, 524, 'user.custom.ingrid.user.subscribe.newsletter', ''),
(6536, 524, 'user.name.family', 'Karstens'),
(6537, 524, 'user.name.given', 'Uwe'),
(6538, 524, 'user.name.prefix', '0'),
(6539, 525, 'user.business-info.online.email', 'marion.riesner-kabus@umwelt.bremen.de'),
(6540, 525, 'user.business-info.postal.city', ''),
(6541, 525, 'user.business-info.postal.postalcode', ''),
(6542, 525, 'user.business-info.postal.street', ''),
(6543, 525, 'user.custom.ingrid.user.age.group', '0'),
(6544, 525, 'user.custom.ingrid.user.attention.from', ''),
(6545, 525, 'user.custom.ingrid.user.confirmid', 'edc38c215b83362324905846eed7cb03'),
(6546, 525, 'user.custom.ingrid.user.interest', '0'),
(6547, 525, 'user.custom.ingrid.user.profession', '0'),
(6548, 525, 'user.custom.ingrid.user.subscribe.newsletter', ''),
(6549, 525, 'user.name.family', 'Riesner-Kabus'),
(6550, 525, 'user.name.given', 'Marion'),
(6551, 525, 'user.name.prefix', '0'),
(6552, 526, 'user.business-info.online.email', 'Gudrun.Gerdes@umwelt.bremen.de'),
(6553, 526, 'user.business-info.postal.city', ''),
(6554, 526, 'user.business-info.postal.postalcode', ''),
(6555, 526, 'user.business-info.postal.street', ''),
(6556, 526, 'user.custom.ingrid.user.age.group', '0'),
(6557, 526, 'user.custom.ingrid.user.attention.from', ''),
(6558, 526, 'user.custom.ingrid.user.confirmid', '1ce0f167cabf2575a820021e0dc4079a'),
(6559, 526, 'user.custom.ingrid.user.interest', '0'),
(6560, 526, 'user.custom.ingrid.user.profession', '0'),
(6561, 526, 'user.custom.ingrid.user.subscribe.newsletter', ''),
(6562, 526, 'user.name.family', 'Gerdes'),
(6563, 526, 'user.name.given', 'Gudrun'),
(6564, 526, 'user.name.prefix', '0'),
(6565, 527, 'user.business-info.online.email', 'marlies.raudschus@lanuv.nrw.de'),
(6566, 527, 'user.business-info.postal.city', ''),
(6567, 527, 'user.business-info.postal.postalcode', ''),
(6568, 527, 'user.business-info.postal.street', ''),
(6569, 527, 'user.custom.ingrid.user.age.group', '5'),
(6570, 527, 'user.custom.ingrid.user.attention.from', 'beruflich'),
(6571, 527, 'user.custom.ingrid.user.confirmid', '3200c6decdb69c55fb6994f347cae528'),
(6572, 527, 'user.custom.ingrid.user.interest', '1'),
(6573, 527, 'user.custom.ingrid.user.profession', '4'),
(6574, 527, 'user.custom.ingrid.user.subscribe.newsletter', '1'),
(6575, 527, 'user.name.family', 'Raudschus'),
(6576, 527, 'user.name.given', 'Marlies'),
(6577, 527, 'user.name.prefix', '3'),
(6578, 528, 'user.business-info.online.email', 'Bodo.Westpha@ASV.Bremen.de'),
(6579, 528, 'user.business-info.postal.city', 'Bremen'),
(6580, 528, 'user.business-info.postal.postalcode', '28195'),
(6581, 528, 'user.business-info.postal.street', 'Herdentorsteinweg 49/50'),
(6582, 528, 'user.custom.ingrid.user.age.group', '0'),
(6583, 528, 'user.custom.ingrid.user.attention.from', ''),
(6584, 528, 'user.custom.ingrid.user.confirmid', 'caac7517096608c6eeead085ddb8a361'),
(6585, 528, 'user.custom.ingrid.user.interest', '0'),
(6586, 528, 'user.custom.ingrid.user.profession', '0'),
(6587, 528, 'user.custom.ingrid.user.subscribe.newsletter', ''),
(6588, 528, 'user.name.family', 'Westphal'),
(6589, 528, 'user.name.given', 'Bodo'),
(6590, 528, 'user.name.prefix', '2'),
(6591, 529, 'user.business-info.online.email', 'heike.wetzel@geo.bremen.de'),
(6592, 529, 'user.business-info.postal.city', ''),
(6593, 529, 'user.business-info.postal.postalcode', ''),
(6594, 529, 'user.business-info.postal.street', ''),
(6595, 529, 'user.custom.ingrid.user.age.group', '0'),
(6596, 529, 'user.custom.ingrid.user.attention.from', ''),
(6597, 529, 'user.custom.ingrid.user.confirmid', 'c62bfb0ed6059ee02a0c5ae08e9f1163'),
(6598, 529, 'user.custom.ingrid.user.interest', '0'),
(6599, 529, 'user.custom.ingrid.user.profession', '0'),
(6600, 529, 'user.custom.ingrid.user.subscribe.newsletter', ''),
(6601, 529, 'user.name.family', 'Castens'),
(6602, 529, 'user.name.given', 'Claudia'),
(6603, 529, 'user.name.prefix', '0'),
(6604, 530, 'user.business-info.online.email', 'robert.buckley@zgb.de'),
(6605, 530, 'user.business-info.postal.city', 'Braunschweig'),
(6606, 530, 'user.business-info.postal.postalcode', '38122'),
(6607, 530, 'user.business-info.postal.street', 'Frankfurter Strasse 2'),
(6608, 530, 'user.custom.ingrid.user.age.group', '3'),
(6609, 530, 'user.custom.ingrid.user.attention.from', 'Fachtagung'),
(6610, 530, 'user.custom.ingrid.user.confirmid', 'f27169bea373fb5aff1d681f653ee905'),
(6611, 530, 'user.custom.ingrid.user.interest', '1'),
(6612, 530, 'user.custom.ingrid.user.profession', '4'),
(6613, 530, 'user.custom.ingrid.user.subscribe.newsletter', '1'),
(6614, 530, 'user.name.family', 'Buckley'),
(6615, 530, 'user.name.given', 'Robert'),
(6616, 530, 'user.name.prefix', '2'),
(6617, 531, 'user.business-info.online.email', 'Nathalie-Mayer@gmx.de'),
(6618, 531, 'user.business-info.postal.city', ''),
(6619, 531, 'user.business-info.postal.postalcode', ''),
(6620, 531, 'user.business-info.postal.street', ''),
(6621, 531, 'user.custom.ingrid.user.age.group', '0'),
(6622, 531, 'user.custom.ingrid.user.attention.from', ''),
(6623, 531, 'user.custom.ingrid.user.confirmid', '5e0d6a66c9b6f6b44eb5e8498a1adfd1'),
(6624, 531, 'user.custom.ingrid.user.interest', '0'),
(6625, 531, 'user.custom.ingrid.user.profession', '0'),
(6626, 531, 'user.custom.ingrid.user.subscribe.newsletter', ''),
(6627, 531, 'user.name.family', 'Mayer'),
(6628, 531, 'user.name.given', 'Nathalie'),
(6629, 531, 'user.name.prefix', '1'),
(6630, 532, 'user.business-info.online.email', 'christian.loeffelholz@tmlfun.thueringen.de'),
(6631, 532, 'user.business-info.postal.city', 'Erfurt'),
(6632, 532, 'user.business-info.postal.postalcode', '99085'),
(6633, 532, 'user.business-info.postal.street', 'Hallesche Straße 16'),
(6634, 532, 'user.custom.ingrid.user.age.group', '3'),
(6635, 532, 'user.custom.ingrid.user.attention.from', ''),
(6636, 532, 'user.custom.ingrid.user.confirmid', '79f3aabecdf42f606b298dc8104af826'),
(6637, 532, 'user.custom.ingrid.user.interest', '1'),
(6638, 532, 'user.custom.ingrid.user.profession', '4'),
(6639, 532, 'user.custom.ingrid.user.subscribe.newsletter', ''),
(6640, 532, 'user.name.family', 'Löffelholz'),
(6641, 532, 'user.name.given', 'Christian'),
(6642, 532, 'user.name.prefix', '2'),
(6643, 533, 'user.business-info.online.email', 'marianne.krille@tmlfun.thueringen.de'),
(6644, 533, 'user.business-info.postal.city', ''),
(6645, 533, 'user.business-info.postal.postalcode', ''),
(6646, 533, 'user.business-info.postal.street', ''),
(6647, 533, 'user.custom.ingrid.user.age.group', '0'),
(6648, 533, 'user.custom.ingrid.user.attention.from', ''),
(6649, 533, 'user.custom.ingrid.user.confirmid', 'cf2338307cf4fe8e1a9a98766df1bcf2'),
(6650, 533, 'user.custom.ingrid.user.interest', '1'),
(6651, 533, 'user.custom.ingrid.user.profession', '4'),
(6652, 533, 'user.custom.ingrid.user.subscribe.newsletter', ''),
(6653, 533, 'user.name.family', 'Krille'),
(6654, 533, 'user.name.given', 'Marianne'),
(6655, 533, 'user.name.prefix', '1'),
(6656, 534, 'user.business-info.online.email', 'annette.sawade@um.bwl.de'),
(6657, 534, 'user.business-info.postal.city', 'Stuttgart'),
(6658, 534, 'user.business-info.postal.postalcode', '70 182'),
(6659, 534, 'user.business-info.postal.street', 'Kernerplatz 9'),
(6660, 534, 'user.custom.ingrid.user.age.group', '7'),
(6661, 534, 'user.custom.ingrid.user.attention.from', ''),
(6662, 534, 'user.custom.ingrid.user.confirmid', '7c43a1fab5fa68e863de7072de20cc44'),
(6663, 534, 'user.custom.ingrid.user.interest', '1'),
(6664, 534, 'user.custom.ingrid.user.profession', '3'),
(6665, 534, 'user.custom.ingrid.user.subscribe.newsletter', '1'),
(6666, 534, 'user.name.family', 'Sawade'),
(6667, 534, 'user.name.given', 'Annette'),
(6668, 534, 'user.name.prefix', '1'),
(6669, 535, 'user.business-info.online.email', 'imke.hahn@bau.bremen.de'),
(6670, 535, 'user.business-info.postal.city', ''),
(6671, 535, 'user.business-info.postal.postalcode', ''),
(6672, 535, 'user.business-info.postal.street', ''),
(6673, 535, 'user.custom.ingrid.user.age.group', '0'),
(6674, 535, 'user.custom.ingrid.user.attention.from', ''),
(6675, 535, 'user.custom.ingrid.user.confirmid', 'bd0707dbad8198d5555646bd13e575f7'),
(6676, 535, 'user.custom.ingrid.user.interest', '0'),
(6677, 535, 'user.custom.ingrid.user.profession', '0'),
(6678, 535, 'user.custom.ingrid.user.subscribe.newsletter', ''),
(6679, 535, 'user.name.family', 'Hahn'),
(6680, 535, 'user.name.given', 'Imke'),
(6681, 535, 'user.name.prefix', '1'),
(6682, 536, 'user.business-info.online.email', 'wolfgang.thiemann@bau.bremen.de'),
(6683, 536, 'user.business-info.postal.city', ''),
(6684, 536, 'user.business-info.postal.postalcode', ''),
(6685, 536, 'user.business-info.postal.street', ''),
(6686, 536, 'user.custom.ingrid.user.age.group', '0'),
(6687, 536, 'user.custom.ingrid.user.attention.from', ''),
(6688, 536, 'user.custom.ingrid.user.confirmid', '44b09be30b1e8053302a504728f97d1a'),
(6689, 536, 'user.custom.ingrid.user.interest', '0'),
(6690, 536, 'user.custom.ingrid.user.profession', '0'),
(6691, 536, 'user.custom.ingrid.user.subscribe.newsletter', ''),
(6692, 536, 'user.name.family', 'Thiemann'),
(6693, 536, 'user.name.given', 'Wolfgang'),
(6694, 536, 'user.name.prefix', '2'),
(6695, 537, 'user.business-info.online.email', 'kst-gdi@geo.bremen.de'),
(6696, 537, 'user.business-info.postal.city', ''),
(6697, 537, 'user.business-info.postal.postalcode', ''),
(6698, 537, 'user.business-info.postal.street', ''),
(6699, 537, 'user.custom.ingrid.user.age.group', '0'),
(6700, 537, 'user.custom.ingrid.user.attention.from', ''),
(6701, 537, 'user.custom.ingrid.user.confirmid', 'f26a442b3e47020a1da1d56cf95908ef'),
(6702, 537, 'user.custom.ingrid.user.interest', '0'),
(6703, 537, 'user.custom.ingrid.user.profession', '0'),
(6704, 537, 'user.custom.ingrid.user.subscribe.newsletter', ''),
(6705, 537, 'user.name.family', 'Hesemann'),
(6706, 537, 'user.name.given', 'Götz'),
(6707, 537, 'user.name.prefix', '2'),
(6708, 538, 'user.business-info.online.email', 'simsel_simi@yahoo.de'),
(6709, 538, 'user.business-info.postal.city', 'Starzach'),
(6710, 538, 'user.business-info.postal.postalcode', '72181'),
(6711, 538, 'user.business-info.postal.street', 'Hofstraße 9'),
(6712, 538, 'user.custom.ingrid.user.age.group', '2'),
(6713, 538, 'user.custom.ingrid.user.attention.from', 'PortalU als Bestandteil meiner Hausarbeit im Seminar Fachinformation Technik/Umwelt im Studiengang Bibliotheks- und Informationemanagement'),
(6714, 538, 'user.custom.ingrid.user.confirmid', '6c143a37bf7ab0af3934e90ee7c3ee7b'),
(6715, 538, 'user.custom.ingrid.user.interest', '1'),
(6716, 538, 'user.custom.ingrid.user.profession', '6'),
(6717, 538, 'user.custom.ingrid.user.subscribe.newsletter', '1'),
(6718, 538, 'user.name.family', 'Roob'),
(6719, 538, 'user.name.given', 'Simone'),
(6720, 538, 'user.name.prefix', '1'),
(6721, 539, 'user.business-info.online.email', 'anhalt-bitterfeld-wittenberg@gmx.de'),
(6722, 539, 'user.business-info.postal.city', 'Köthen'),
(6723, 539, 'user.business-info.postal.postalcode', '06366'),
(6724, 539, 'user.business-info.postal.street', 'Am Flugplatz 1'),
(6725, 539, 'user.custom.ingrid.user.age.group', '3'),
(6726, 539, 'user.custom.ingrid.user.attention.from', 'wurde von Ihnen angerufen'),
(6727, 539, 'user.custom.ingrid.user.confirmid', 'a787192c7dd2f7d997ada3c8bea0653c'),
(6728, 539, 'user.custom.ingrid.user.interest', '1'),
(6729, 539, 'user.custom.ingrid.user.profession', '4'),
(6730, 539, 'user.custom.ingrid.user.subscribe.newsletter', ''),
(6731, 539, 'user.name.family', 'Naumann'),
(6732, 539, 'user.name.given', 'Holger'),
(6733, 539, 'user.name.prefix', '2'),
(6734, 540, 'user.business-info.online.email', 'dirk.hinterlang@lanuv.nrw.de'),
(6735, 540, 'user.business-info.postal.city', 'Recklinghausen'),
(6736, 540, 'user.business-info.postal.postalcode', '45659'),
(6737, 540, 'user.business-info.postal.street', 'Leibnizstrasse 10'),
(6738, 540, 'user.custom.ingrid.user.age.group', '0'),
(6739, 540, 'user.custom.ingrid.user.attention.from', ''),
(6740, 540, 'user.custom.ingrid.user.confirmid', 'e9574e87adb4afc406ed3e6269d2078b'),
(6741, 540, 'user.custom.ingrid.user.interest', '1'),
(6742, 540, 'user.custom.ingrid.user.profession', '4'),
(6743, 540, 'user.custom.ingrid.user.subscribe.newsletter', ''),
(6744, 540, 'user.name.family', 'Hinterlang'),
(6745, 540, 'user.name.given', 'Dirk'),
(6746, 540, 'user.name.prefix', '3'),
(6747, 541, 'user.business-info.online.email', 'christiane.swigon@lanuv.nrw.de'),
(6748, 541, 'user.business-info.postal.city', 'Recklinghausen'),
(6749, 541, 'user.business-info.postal.postalcode', '45659'),
(6750, 541, 'user.business-info.postal.street', 'Leibnizstrasse 10'),
(6751, 541, 'user.custom.ingrid.user.age.group', '0'),
(6752, 541, 'user.custom.ingrid.user.attention.from', ''),
(6753, 541, 'user.custom.ingrid.user.confirmid', '42e0fdf9e4e372de8c7126c2c67217c5'),
(6754, 541, 'user.custom.ingrid.user.interest', '1'),
(6755, 541, 'user.custom.ingrid.user.profession', '4'),
(6756, 541, 'user.custom.ingrid.user.subscribe.newsletter', ''),
(6757, 541, 'user.name.family', 'Swigon'),
(6758, 541, 'user.name.given', 'Christiane '),
(6759, 541, 'user.name.prefix', '0'),
(6760, 542, 'user.business-info.online.email', 'c.cschmidt@brain-scc.de'),
(6761, 542, 'user.business-info.postal.city', 'Merseburg'),
(6762, 542, 'user.business-info.postal.postalcode', '06217'),
(6763, 542, 'user.business-info.postal.street', 'Fritz-Haber-Str.'),
(6764, 542, 'user.custom.ingrid.user.age.group', '0'),
(6765, 542, 'user.custom.ingrid.user.attention.from', ''),
(6766, 542, 'user.custom.ingrid.user.confirmid', '6a541f3338fe1031d704d64b70227a5c'),
(6767, 542, 'user.custom.ingrid.user.interest', '0'),
(6768, 542, 'user.custom.ingrid.user.profession', '0'),
(6769, 542, 'user.custom.ingrid.user.subscribe.newsletter', '1'),
(6770, 542, 'user.name.family', 'Schmidt'),
(6771, 542, 'user.name.given', 'Christian'),
(6772, 542, 'user.name.prefix', '0'),
(6773, 543, 'user.business-info.online.email', 'c.schmidt@brain-scc.de'),
(6774, 543, 'user.business-info.postal.city', 'Merseburg'),
(6775, 543, 'user.business-info.postal.postalcode', '06217'),
(6776, 543, 'user.business-info.postal.street', 'Fritz-Haber-Str. 9'),
(6777, 543, 'user.custom.ingrid.user.age.group', '2'),
(6778, 543, 'user.custom.ingrid.user.attention.from', ''),
(6779, 543, 'user.custom.ingrid.user.confirmid', 'a7279c1b9df41ca9bf341cad8ff57caa'),
(6780, 543, 'user.custom.ingrid.user.interest', '1'),
(6781, 543, 'user.custom.ingrid.user.profession', '0'),
(6782, 543, 'user.custom.ingrid.user.subscribe.newsletter', '1'),
(6783, 543, 'user.name.family', 'Schmidt'),
(6784, 543, 'user.name.given', 'Christian'),
(6785, 543, 'user.name.prefix', '2'),
(6786, 544, 'user.business-info.online.email', 'marcia.giacomini@uba.de'),
(6787, 544, 'user.business-info.postal.city', ''),
(6788, 544, 'user.business-info.postal.postalcode', ''),
(6789, 544, 'user.business-info.postal.street', ''),
(6790, 544, 'user.custom.ingrid.user.age.group', '3'),
(6791, 544, 'user.custom.ingrid.user.attention.from', ''),
(6792, 544, 'user.custom.ingrid.user.confirmid', '311b4bb171451a28d345c0a453c40c11'),
(6793, 544, 'user.custom.ingrid.user.interest', '1'),
(6794, 544, 'user.custom.ingrid.user.profession', '4'),
(6795, 544, 'user.custom.ingrid.user.subscribe.newsletter', ''),
(6796, 544, 'user.name.family', 'Giacomini'),
(6797, 544, 'user.name.given', 'Marcia'),
(6798, 544, 'user.name.prefix', '3'),
(6799, 545, 'user.business-info.online.email', 'buero.melzer@t-online.de'),
(6800, 545, 'user.business-info.postal.city', ''),
(6801, 545, 'user.business-info.postal.postalcode', ''),
(6802, 545, 'user.business-info.postal.street', ''),
(6803, 545, 'user.custom.ingrid.user.age.group', '3'),
(6804, 545, 'user.custom.ingrid.user.attention.from', 'Recherche Internet'),
(6805, 545, 'user.custom.ingrid.user.confirmid', 'c3b5d9d7d5fdec51cec4237ff7d44464'),
(6806, 545, 'user.custom.ingrid.user.interest', '1'),
(6807, 545, 'user.custom.ingrid.user.profession', '3'),
(6808, 545, 'user.custom.ingrid.user.subscribe.newsletter', '1'),
(6809, 545, 'user.name.family', 'Eichler'),
(6810, 545, 'user.name.given', 'Steffen'),
(6811, 545, 'user.name.prefix', '2'),
(6812, 546, 'user.business-info.online.email', 'rainer.huebner@hlug.hessen.de'),
(6813, 546, 'user.business-info.postal.city', 'Wiesbaden'),
(6814, 546, 'user.business-info.postal.postalcode', '65203'),
(6815, 546, 'user.business-info.postal.street', 'Rheingaustraße 186'),
(6816, 546, 'user.custom.ingrid.user.age.group', '0'),
(6817, 546, 'user.custom.ingrid.user.attention.from', ''),
(6818, 546, 'user.custom.ingrid.user.confirmid', '518de0462eea3b3a45ce4f5c6a074f60'),
(6819, 546, 'user.custom.ingrid.user.interest', '1'),
(6820, 546, 'user.custom.ingrid.user.profession', '4'),
(6821, 546, 'user.custom.ingrid.user.subscribe.newsletter', ''),
(6822, 546, 'user.name.family', 'Hübner'),
(6823, 546, 'user.name.given', 'Rainer'),
(6824, 546, 'user.name.prefix', '2'),
(6825, 547, 'user.business-info.online.email', 'helge.huckfeldt@llur.landsh.de'),
(6826, 547, 'user.business-info.postal.city', ''),
(6827, 547, 'user.business-info.postal.postalcode', ''),
(6828, 547, 'user.business-info.postal.street', ''),
(6829, 547, 'user.custom.ingrid.user.age.group', '0'),
(6830, 547, 'user.custom.ingrid.user.attention.from', ''),
(6831, 547, 'user.custom.ingrid.user.confirmid', '8f72c5d1ba317db26b086c5c2de9f222'),
(6832, 547, 'user.custom.ingrid.user.interest', '1'),
(6833, 547, 'user.custom.ingrid.user.profession', '4'),
(6834, 547, 'user.custom.ingrid.user.subscribe.newsletter', '1'),
(6835, 547, 'user.name.family', 'Huckfeldt'),
(6836, 547, 'user.name.given', 'Helge'),
(6837, 547, 'user.name.prefix', '2'),
(6838, 548, 'user.business-info.online.email', 'frank.danberg@llur.landsh.de'),
(6839, 548, 'user.business-info.postal.city', 'Flintbek'),
(6840, 548, 'user.business-info.postal.postalcode', '24220'),
(6841, 548, 'user.business-info.postal.street', 'Hamburger Chaussee 25'),
(6842, 548, 'user.custom.ingrid.user.age.group', '4'),
(6843, 548, 'user.custom.ingrid.user.attention.from', ''),
(6844, 548, 'user.custom.ingrid.user.confirmid', '51a30f0ff13e1493c6f70c8225bb7dee'),
(6845, 548, 'user.custom.ingrid.user.interest', '1'),
(6846, 548, 'user.custom.ingrid.user.profession', '4'),
(6847, 548, 'user.custom.ingrid.user.subscribe.newsletter', ''),
(6848, 548, 'user.name.family', 'Danberg'),
(6849, 548, 'user.name.given', 'Frank'),
(6850, 548, 'user.name.prefix', '2'),
(6851, 549, 'user.business-info.online.email', 'Stefanie.Hackel@tlvermgeo.thueringen.de'),
(6852, 549, 'user.business-info.postal.city', ''),
(6853, 549, 'user.business-info.postal.postalcode', ''),
(6854, 549, 'user.business-info.postal.street', ''),
(6855, 549, 'user.custom.ingrid.user.age.group', '0'),
(6856, 549, 'user.custom.ingrid.user.attention.from', ''),
(6857, 549, 'user.custom.ingrid.user.confirmid', '41977d0fa84332229ffa7864f9739139'),
(6858, 549, 'user.custom.ingrid.user.interest', '2'),
(6859, 549, 'user.custom.ingrid.user.profession', '4'),
(6860, 549, 'user.custom.ingrid.user.subscribe.newsletter', '1'),
(6861, 549, 'user.name.family', 'Hackel'),
(6862, 549, 'user.name.given', 'Stefanie'),
(6863, 549, 'user.name.prefix', '1'),
(6864, 550, 'user.business-info.online.email', 'kirsten.bohlmann@kultur.bremen.de'),
(6865, 550, 'user.business-info.postal.city', ''),
(6866, 550, 'user.business-info.postal.postalcode', ''),
(6867, 550, 'user.business-info.postal.street', ''),
(6868, 550, 'user.custom.ingrid.user.age.group', '0'),
(6869, 550, 'user.custom.ingrid.user.attention.from', ''),
(6870, 550, 'user.custom.ingrid.user.confirmid', '8034a73ca9e6737c56ba705593e2bfb4'),
(6871, 550, 'user.custom.ingrid.user.interest', '0'),
(6872, 550, 'user.custom.ingrid.user.profession', '0'),
(6873, 550, 'user.custom.ingrid.user.subscribe.newsletter', ''),
(6874, 550, 'user.name.family', 'Bohlmann'),
(6875, 550, 'user.name.given', 'Kirsten'),
(6876, 550, 'user.name.prefix', '1'),
(6877, 551, 'user.business-info.online.email', 'simon@print-pool.com'),
(6878, 551, 'user.business-info.postal.city', 'taunusstein'),
(6879, 551, 'user.business-info.postal.postalcode', '65232'),
(6880, 551, 'user.business-info.postal.street', 'georg-ohm-strasse 11'),
(6881, 551, 'user.custom.ingrid.user.age.group', '0'),
(6882, 551, 'user.custom.ingrid.user.attention.from', ''),
(6883, 551, 'user.custom.ingrid.user.confirmid', '8d5ce61b20acae9ce67f6049f642f617'),
(6884, 551, 'user.custom.ingrid.user.interest', '1'),
(6885, 551, 'user.custom.ingrid.user.profession', '3'),
(6886, 551, 'user.custom.ingrid.user.subscribe.newsletter', ''),
(6887, 551, 'user.name.family', 'simon'),
(6888, 551, 'user.name.given', 'matthias'),
(6889, 551, 'user.name.prefix', '2'),
(6890, 552, 'user.business-info.online.email', 'Madlen.Dering@lvermgeo.sachsen-anhalt.de'),
(6891, 552, 'user.business-info.postal.city', 'Aschersleben'),
(6892, 552, 'user.business-info.postal.postalcode', '06449'),
(6893, 552, 'user.business-info.postal.street', 'Otto-von-Guericke-Str. 15'),
(6894, 552, 'user.custom.ingrid.user.age.group', '0'),
(6895, 552, 'user.custom.ingrid.user.attention.from', ''),
(6896, 552, 'user.custom.ingrid.user.confirmid', '06913f0a41306e3a28a816fc10016fdc'),
(6897, 552, 'user.custom.ingrid.user.interest', '1'),
(6898, 552, 'user.custom.ingrid.user.profession', '4'),
(6899, 552, 'user.custom.ingrid.user.subscribe.newsletter', '1'),
(6900, 552, 'user.name.family', 'Dering'),
(6901, 552, 'user.name.given', 'Madlen '),
(6902, 552, 'user.name.prefix', '1'),
(6903, 553, 'user.business-info.online.email', 'danny-klotzsche@web.de'),
(6904, 553, 'user.business-info.postal.city', ''),
(6905, 553, 'user.business-info.postal.postalcode', ''),
(6906, 553, 'user.business-info.postal.street', ''),
(6907, 553, 'user.custom.ingrid.user.age.group', '2'),
(6908, 553, 'user.custom.ingrid.user.attention.from', ''),
(6909, 553, 'user.custom.ingrid.user.confirmid', '85f40eec32e1c3de6696b0d17cf031e8'),
(6910, 553, 'user.custom.ingrid.user.interest', '1'),
(6911, 553, 'user.custom.ingrid.user.profession', '3'),
(6912, 553, 'user.custom.ingrid.user.subscribe.newsletter', ''),
(6913, 553, 'user.name.family', 'Klotzsche'),
(6914, 553, 'user.name.given', 'Danny'),
(6915, 553, 'user.name.prefix', '2'),
(6916, 554, 'user.business-info.online.email', 'guenther.rothberger@geobasis-bb.de'),
(6917, 554, 'user.business-info.postal.city', 'Potsdam'),
(6918, 554, 'user.business-info.postal.postalcode', '14469'),
(6919, 554, 'user.business-info.postal.street', 'Heinrich-Mann-Allee 103'),
(6920, 554, 'user.custom.ingrid.user.age.group', '7'),
(6921, 554, 'user.custom.ingrid.user.attention.from', 'LUGV BB'),
(6922, 554, 'user.custom.ingrid.user.confirmid', 'ab57d63a66c83fdf7efae9fb5474938f'),
(6923, 554, 'user.custom.ingrid.user.interest', '1'),
(6924, 554, 'user.custom.ingrid.user.profession', '4'),
(6925, 554, 'user.custom.ingrid.user.subscribe.newsletter', ''),
(6926, 554, 'user.name.family', 'Rothberger'),
(6927, 554, 'user.name.given', 'Günther'),
(6928, 554, 'user.name.prefix', '2'),
(6929, 555, 'user.business-info.online.email', 'kst@portalu.de'),
(6930, 555, 'user.business-info.postal.city', ''),
(6931, 555, 'user.business-info.postal.postalcode', ''),
(6932, 555, 'user.business-info.postal.street', ''),
(6933, 555, 'user.custom.ingrid.user.age.group', '0'),
(6934, 555, 'user.custom.ingrid.user.attention.from', ''),
(6935, 555, 'user.custom.ingrid.user.confirmid', 'f47dc9e283e4c1a0aa155a0b76d259ae'),
(6936, 555, 'user.custom.ingrid.user.interest', '0'),
(6937, 555, 'user.custom.ingrid.user.profession', '0'),
(6938, 555, 'user.custom.ingrid.user.subscribe.newsletter', ''),
(6939, 555, 'user.name.family', 'Wieland'),
(6940, 555, 'user.name.given', 'Klaus'),
(6941, 555, 'user.name.prefix', '0'),
(6942, 556, 'user.business-info.online.email', 'kwielan2@gmx.de'),
(6943, 556, 'user.business-info.postal.city', ''),
(6944, 556, 'user.business-info.postal.postalcode', ''),
(6945, 556, 'user.business-info.postal.street', ''),
(6946, 556, 'user.custom.ingrid.user.age.group', '0'),
(6947, 556, 'user.custom.ingrid.user.attention.from', ''),
(6948, 556, 'user.custom.ingrid.user.confirmid', '72570de571f06e03c1dc3ae6b5550735'),
(6949, 556, 'user.custom.ingrid.user.interest', '0'),
(6950, 556, 'user.custom.ingrid.user.profession', '0'),
(6951, 556, 'user.custom.ingrid.user.subscribe.newsletter', ''),
(6952, 556, 'user.name.family', 'Wieland'),
(6953, 556, 'user.name.given', 'Klaus'),
(6954, 556, 'user.name.prefix', '0'),
(6955, 557, 'user.business-info.online.email', 'gis@lwk-rlp.de'),
(6956, 557, 'user.business-info.postal.city', 'Bad Kreuznach'),
(6957, 557, 'user.business-info.postal.postalcode', '55543'),
(6958, 557, 'user.business-info.postal.street', 'Burgenlandstr. 7'),
(6959, 557, 'user.custom.ingrid.user.age.group', '3'),
(6960, 557, 'user.custom.ingrid.user.attention.from', 'GDI'),
(6961, 557, 'user.custom.ingrid.user.confirmid', 'f0f5ec1146ed9faa53c52e11fd0b972e'),
(6962, 557, 'user.custom.ingrid.user.interest', '1'),
(6963, 557, 'user.custom.ingrid.user.profession', '4'),
(6964, 557, 'user.custom.ingrid.user.subscribe.newsletter', '1'),
(6965, 557, 'user.name.family', 'Emmel'),
(6966, 557, 'user.name.given', 'Volker'),
(6967, 557, 'user.name.prefix', '2'),
(6968, 558, 'user.business-info.online.email', 'bir.st@web.de'),
(6969, 558, 'user.business-info.postal.city', ''),
(6970, 558, 'user.business-info.postal.postalcode', ''),
(6971, 558, 'user.business-info.postal.street', ''),
(6972, 558, 'user.custom.ingrid.user.age.group', '4'),
(6973, 558, 'user.custom.ingrid.user.attention.from', ''),
(6974, 558, 'user.custom.ingrid.user.confirmid', '397f6334021f1b7c524adee18d8d2e90'),
(6975, 558, 'user.custom.ingrid.user.interest', '2'),
(6976, 558, 'user.custom.ingrid.user.profession', '0'),
(6977, 558, 'user.custom.ingrid.user.subscribe.newsletter', ''),
(6978, 558, 'user.name.family', 'Stattmann'),
(6979, 558, 'user.name.given', 'Birgit'),
(6980, 558, 'user.name.prefix', '0'),
(6981, 559, 'user.business-info.online.email', 'dbaldin@web.de'),
(6982, 559, 'user.business-info.postal.city', ''),
(6983, 559, 'user.business-info.postal.postalcode', ''),
(6984, 559, 'user.business-info.postal.street', ''),
(6985, 559, 'user.custom.ingrid.user.age.group', '4'),
(6986, 559, 'user.custom.ingrid.user.attention.from', ''),
(6987, 559, 'user.custom.ingrid.user.confirmid', 'db68e488d90178e26639cec9f61b748a'),
(6988, 559, 'user.custom.ingrid.user.interest', '1'),
(6989, 559, 'user.custom.ingrid.user.profession', '7'),
(6990, 559, 'user.custom.ingrid.user.subscribe.newsletter', '1'),
(6991, 559, 'user.name.family', 'Baldin'),
(6992, 559, 'user.name.given', 'D.'),
(6993, 559, 'user.name.prefix', '0'),
(6994, 560, 'user.business-info.online.email', 'heike.wetzel@geo.bremen.de'),
(6995, 560, 'user.business-info.postal.city', ''),
(6996, 560, 'user.business-info.postal.postalcode', ''),
(6997, 560, 'user.business-info.postal.street', ''),
(6998, 560, 'user.custom.ingrid.user.age.group', '0'),
(6999, 560, 'user.custom.ingrid.user.attention.from', ''),
(7000, 560, 'user.custom.ingrid.user.confirmid', 'c70103f96cdf6f2900cb774e52c8d50f'),
(7001, 560, 'user.custom.ingrid.user.interest', '0'),
(7002, 560, 'user.custom.ingrid.user.profession', '0'),
(7003, 560, 'user.custom.ingrid.user.subscribe.newsletter', ''),
(7004, 560, 'user.name.family', 'Schwartz'),
(7005, 560, 'user.name.given', 'Uwe'),
(7006, 560, 'user.name.prefix', '0'),
(7007, 561, 'user.business-info.online.email', 'heike.wetzel@geo.bremen.de'),
(7008, 561, 'user.business-info.postal.city', ''),
(7009, 561, 'user.business-info.postal.postalcode', ''),
(7010, 561, 'user.business-info.postal.street', ''),
(7011, 561, 'user.custom.ingrid.user.age.group', '0'),
(7012, 561, 'user.custom.ingrid.user.attention.from', ''),
(7013, 561, 'user.custom.ingrid.user.confirmid', '95e24ce05bc774f4b5f11f12c7e6c05b'),
(7014, 561, 'user.custom.ingrid.user.interest', '0'),
(7015, 561, 'user.custom.ingrid.user.profession', '0'),
(7016, 561, 'user.custom.ingrid.user.subscribe.newsletter', ''),
(7017, 561, 'user.name.family', 'Wetzel'),
(7018, 561, 'user.name.given', 'Heike'),
(7019, 561, 'user.name.prefix', '0'),
(7020, 562, 'user.business-info.online.email', 'christian.meissner@llur.landsh.de'),
(7021, 562, 'user.business-info.postal.city', ''),
(7022, 562, 'user.business-info.postal.postalcode', ''),
(7023, 562, 'user.business-info.postal.street', ''),
(7024, 562, 'user.custom.ingrid.user.age.group', '0'),
(7025, 562, 'user.custom.ingrid.user.attention.from', ''),
(7026, 562, 'user.custom.ingrid.user.confirmid', 'c63c055b26c0182f4138e937ff35692e'),
(7027, 562, 'user.custom.ingrid.user.interest', '1'),
(7028, 562, 'user.custom.ingrid.user.profession', '3'),
(7029, 562, 'user.custom.ingrid.user.subscribe.newsletter', '1'),
(7030, 562, 'user.name.family', 'Meissner'),
(7031, 562, 'user.name.given', 'Christian'),
(7032, 562, 'user.name.prefix', '2'),
(7033, 563, 'user.business-info.online.email', 'dr.r.krug@gmx.de'),
(7034, 563, 'user.business-info.postal.city', ''),
(7035, 563, 'user.business-info.postal.postalcode', ''),
(7036, 563, 'user.business-info.postal.street', ''),
(7037, 563, 'user.custom.ingrid.user.age.group', '0'),
(7038, 563, 'user.custom.ingrid.user.attention.from', 'google-suche'),
(7039, 563, 'user.custom.ingrid.user.confirmid', '47ac136289634a8975513f8bdb0112c7'),
(7040, 563, 'user.custom.ingrid.user.interest', '0'),
(7041, 563, 'user.custom.ingrid.user.profession', '3'),
(7042, 563, 'user.custom.ingrid.user.subscribe.newsletter', ''),
(7043, 563, 'user.name.family', 'Krug'),
(7044, 563, 'user.name.given', 'Roland'),
(7045, 563, 'user.name.prefix', '3'),
(7046, 564, 'user.business-info.online.email', 'christinepost@gmx.de'),
(7047, 564, 'user.business-info.postal.city', ''),
(7048, 564, 'user.business-info.postal.postalcode', ''),
(7049, 564, 'user.business-info.postal.street', ''),
(7050, 564, 'user.custom.ingrid.user.age.group', '0'),
(7051, 564, 'user.custom.ingrid.user.attention.from', ''),
(7052, 564, 'user.custom.ingrid.user.confirmid', 'b2bc86b92ed6761cf3ef34812ff3840f'),
(7053, 564, 'user.custom.ingrid.user.interest', '0'),
(7054, 564, 'user.custom.ingrid.user.profession', '0'),
(7055, 564, 'user.custom.ingrid.user.subscribe.newsletter', ''),
(7056, 564, 'user.name.family', 'Post'),
(7057, 564, 'user.name.given', 'Christine'),
(7058, 564, 'user.name.prefix', '0'),
(7059, 565, 'user.business-info.online.email', 'info@inoekon.org'),
(7060, 565, 'user.business-info.postal.city', 'Münster'),
(7061, 565, 'user.business-info.postal.postalcode', '48151'),
(7062, 565, 'user.business-info.postal.street', 'Elsässer Straße 26'),
(7063, 565, 'user.custom.ingrid.user.age.group', '7'),
(7064, 565, 'user.custom.ingrid.user.attention.from', 'web'),
(7065, 565, 'user.custom.ingrid.user.confirmid', '1be24f4b629bdda669bc798172c14b1b'),
(7066, 565, 'user.custom.ingrid.user.interest', '1'),
(7067, 565, 'user.custom.ingrid.user.profession', '3'),
(7068, 565, 'user.custom.ingrid.user.subscribe.newsletter', '1'),
(7069, 565, 'user.name.family', 'Zimmermann'),
(7070, 565, 'user.name.given', 'Alfred'),
(7071, 565, 'user.name.prefix', '2'),
(7072, 566, 'user.business-info.online.email', 'Helga.Wondraczek@tlug.thueringen.de'),
(7073, 566, 'user.business-info.postal.city', 'Jena'),
(7074, 566, 'user.business-info.postal.postalcode', '07745'),
(7075, 566, 'user.business-info.postal.street', 'Göschwitzer Str. 41'),
(7076, 566, 'user.custom.ingrid.user.age.group', '7'),
(7077, 566, 'user.custom.ingrid.user.attention.from', ''),
(7078, 566, 'user.custom.ingrid.user.confirmid', '0844f0b2b40fc76f2c9fbea8cfe7628a'),
(7079, 566, 'user.custom.ingrid.user.interest', '1'),
(7080, 566, 'user.custom.ingrid.user.profession', '4'),
(7081, 566, 'user.custom.ingrid.user.subscribe.newsletter', ''),
(7082, 566, 'user.name.family', 'Wondraczek'),
(7083, 566, 'user.name.given', 'Helga'),
(7084, 566, 'user.name.prefix', '1'),
(7085, 567, 'user.business-info.online.email', 'eqfive@yahoo.com'),
(7086, 567, 'user.business-info.postal.city', ''),
(7087, 567, 'user.business-info.postal.postalcode', ''),
(7088, 567, 'user.business-info.postal.street', ''),
(7089, 567, 'user.custom.ingrid.user.age.group', '0'),
(7090, 567, 'user.custom.ingrid.user.attention.from', ''),
(7091, 567, 'user.custom.ingrid.user.confirmid', '44fe5b618353339b0d0742aca7368c27'),
(7092, 567, 'user.custom.ingrid.user.interest', '0'),
(7093, 567, 'user.custom.ingrid.user.profession', '0'),
(7094, 567, 'user.custom.ingrid.user.subscribe.newsletter', ''),
(7095, 567, 'user.name.family', 'Schreiner'),
(7096, 567, 'user.name.given', 'Thomas'),
(7097, 567, 'user.name.prefix', '2'),
(7098, 568, 'user.business-info.online.email', 'connorlein@web.de'),
(7099, 568, 'user.business-info.postal.city', 'Oldenburg'),
(7100, 568, 'user.business-info.postal.postalcode', '26122 '),
(7101, 568, 'user.business-info.postal.street', 'Bismarckstr. 22'),
(7102, 568, 'user.custom.ingrid.user.age.group', '2'),
(7103, 568, 'user.custom.ingrid.user.attention.from', 'Suchmaschine'),
(7104, 568, 'user.custom.ingrid.user.confirmid', '7f6250e1799317dd04c50b387f3f3ce5'),
(7105, 568, 'user.custom.ingrid.user.interest', '1'),
(7106, 568, 'user.custom.ingrid.user.profession', '6'),
(7107, 568, 'user.custom.ingrid.user.subscribe.newsletter', ''),
(7108, 568, 'user.name.family', 'Menke'),
(7109, 568, 'user.name.given', 'Nadine'),
(7110, 568, 'user.name.prefix', '1'),
(7111, 569, 'user.business-info.online.email', 'jens.mueller@mkulnv.nrw.de'),
(7112, 569, 'user.business-info.postal.city', 'Düsseldorf'),
(7113, 569, 'user.business-info.postal.postalcode', '40476'),
(7114, 569, 'user.business-info.postal.street', 'Schwannstraße 3'),
(7115, 569, 'user.custom.ingrid.user.age.group', '0'),
(7116, 569, 'user.custom.ingrid.user.attention.from', ''),
(7117, 569, 'user.custom.ingrid.user.confirmid', 'ff25c300ae989d36372107d9a6174069'),
(7118, 569, 'user.custom.ingrid.user.interest', '0'),
(7119, 569, 'user.custom.ingrid.user.profession', '0'),
(7120, 569, 'user.custom.ingrid.user.subscribe.newsletter', ''),
(7121, 569, 'user.name.family', 'Müller'),
(7122, 569, 'user.name.given', 'Jens'),
(7123, 569, 'user.name.prefix', '2'),
(7124, 570, 'user.business-info.online.email', 'becker-kh.nw@t-online.de'),
(7125, 570, 'user.business-info.postal.city', 'Neustadt'),
(7126, 570, 'user.business-info.postal.postalcode', '67433'),
(7127, 570, 'user.business-info.postal.street', 'Konrad Adenauer Str 31 '),
(7128, 570, 'user.custom.ingrid.user.age.group', '5'),
(7129, 570, 'user.custom.ingrid.user.attention.from', ''),
(7130, 570, 'user.custom.ingrid.user.confirmid', 'b58bf0c7a1610598b039e263ca1a6c61'),
(7131, 570, 'user.custom.ingrid.user.interest', '2'),
(7132, 570, 'user.custom.ingrid.user.profession', '8'),
(7133, 570, 'user.custom.ingrid.user.subscribe.newsletter', '1'),
(7134, 570, 'user.name.family', 'Becker'),
(7135, 570, 'user.name.given', 'Karl Heinz'),
(7136, 570, 'user.name.prefix', '2'),
(7137, 571, 'user.business-info.online.email', 'kurier.rechenbach@gmail.com'),
(7138, 571, 'user.business-info.postal.city', 'Berlin'),
(7139, 571, 'user.business-info.postal.postalcode', '12683'),
(7140, 571, 'user.business-info.postal.street', 'Schackelsterstr. 133'),
(7141, 571, 'user.custom.ingrid.user.age.group', '2'),
(7142, 571, 'user.custom.ingrid.user.attention.from', 'Frank Fuchs-Kittowski HTW Berlin Betriebliche Umweltinformatik'),
(7143, 571, 'user.custom.ingrid.user.confirmid', 'e01bd47e5f564e2c7d19f4eddae507e6'),
(7144, 571, 'user.custom.ingrid.user.interest', '1'),
(7145, 571, 'user.custom.ingrid.user.profession', '8'),
(7146, 571, 'user.custom.ingrid.user.subscribe.newsletter', '1'),
(7147, 571, 'user.name.family', 'Rechenbach'),
(7148, 571, 'user.name.given', 'Henry'),
(7149, 571, 'user.name.prefix', '2'),
(7150, 572, 'user.business-info.online.email', 'c.klinger@alpecon-kulturtechnik.at'),
(7151, 572, 'user.business-info.postal.city', ''),
(7152, 572, 'user.business-info.postal.postalcode', ''),
(7153, 572, 'user.business-info.postal.street', ''),
(7154, 572, 'user.custom.ingrid.user.age.group', '0'),
(7155, 572, 'user.custom.ingrid.user.attention.from', '');
INSERT INTO `security_attribute` (`ATTR_ID`, `PRINCIPAL_ID`, `ATTR_NAME`, `ATTR_VALUE`) VALUES
(7156, 572, 'user.custom.ingrid.user.confirmid', '0a37b42aae863d3f34d90fb6b0a10c5e'),
(7157, 572, 'user.custom.ingrid.user.interest', '0'),
(7158, 572, 'user.custom.ingrid.user.profession', '0'),
(7159, 572, 'user.custom.ingrid.user.subscribe.newsletter', ''),
(7160, 572, 'user.name.family', 'Klinger'),
(7161, 572, 'user.name.given', 'Christoph'),
(7162, 572, 'user.name.prefix', '0'),
(7163, 573, 'user.business-info.online.email', 'isabell.raschke@yahoo.de'),
(7164, 573, 'user.business-info.postal.city', 'Göttingen'),
(7165, 573, 'user.business-info.postal.postalcode', '37077'),
(7166, 573, 'user.business-info.postal.street', 'Goldschmidtstraße 5'),
(7167, 573, 'user.custom.ingrid.user.age.group', '2'),
(7168, 573, 'user.custom.ingrid.user.attention.from', 'Internet Recherche nach Umweltdaten'),
(7169, 573, 'user.custom.ingrid.user.confirmid', 'f9dd7e52ddbb4c63687e954b0a49f58e'),
(7170, 573, 'user.custom.ingrid.user.interest', '1'),
(7171, 573, 'user.custom.ingrid.user.profession', '6'),
(7172, 573, 'user.custom.ingrid.user.subscribe.newsletter', '1'),
(7173, 573, 'user.name.family', 'Raschke'),
(7174, 573, 'user.name.given', 'Isabell'),
(7175, 573, 'user.name.prefix', '1'),
(7176, 574, 'user.business-info.online.email', 'rene.otparlik@smul.sachsen.de'),
(7177, 574, 'user.business-info.postal.city', ''),
(7178, 574, 'user.business-info.postal.postalcode', ''),
(7179, 574, 'user.business-info.postal.street', ''),
(7180, 574, 'user.custom.ingrid.user.age.group', '3'),
(7181, 574, 'user.custom.ingrid.user.attention.from', ''),
(7182, 574, 'user.custom.ingrid.user.confirmid', '11d786041e4972cbd956681e49f5a554'),
(7183, 574, 'user.custom.ingrid.user.interest', '1'),
(7184, 574, 'user.custom.ingrid.user.profession', '4'),
(7185, 574, 'user.custom.ingrid.user.subscribe.newsletter', '1'),
(7186, 574, 'user.name.family', 'Otparlik'),
(7187, 574, 'user.name.given', 'René'),
(7188, 574, 'user.name.prefix', '2'),
(7189, 575, 'user.business-info.online.email', 'andreas.schulze@bsb.hamburg.de'),
(7190, 575, 'user.business-info.postal.city', 'Hamburg'),
(7191, 575, 'user.business-info.postal.postalcode', '22399'),
(7192, 575, 'user.business-info.postal.street', 'Schulbergredder  13/21'),
(7193, 575, 'user.custom.ingrid.user.age.group', '7'),
(7194, 575, 'user.custom.ingrid.user.attention.from', 'Internet'),
(7195, 575, 'user.custom.ingrid.user.confirmid', 'bd645c1829683cc53cb63640d7fc6634'),
(7196, 575, 'user.custom.ingrid.user.interest', '1'),
(7197, 575, 'user.custom.ingrid.user.profession', '5'),
(7198, 575, 'user.custom.ingrid.user.subscribe.newsletter', ''),
(7199, 575, 'user.name.family', 'Schulze'),
(7200, 575, 'user.name.given', 'Andreas'),
(7201, 575, 'user.name.prefix', '2'),
(7202, 576, 'user.business-info.online.email', 'frankhoepner@bundeswehr.org'),
(7203, 576, 'user.business-info.postal.city', ''),
(7204, 576, 'user.business-info.postal.postalcode', ''),
(7205, 576, 'user.business-info.postal.street', ''),
(7206, 576, 'user.custom.ingrid.user.age.group', '4'),
(7207, 576, 'user.custom.ingrid.user.attention.from', ''),
(7208, 576, 'user.custom.ingrid.user.confirmid', '414900ce7a550e0860dfe57e758e248a'),
(7209, 576, 'user.custom.ingrid.user.interest', '1'),
(7210, 576, 'user.custom.ingrid.user.profession', '4'),
(7211, 576, 'user.custom.ingrid.user.subscribe.newsletter', ''),
(7212, 576, 'user.name.family', 'Höpner'),
(7213, 576, 'user.name.given', 'Frank'),
(7214, 576, 'user.name.prefix', '2'),
(7215, 577, 'user.business-info.online.email', 'gruederich@yahoo.de'),
(7216, 577, 'user.business-info.postal.city', ''),
(7217, 577, 'user.business-info.postal.postalcode', ''),
(7218, 577, 'user.business-info.postal.street', ''),
(7219, 577, 'user.custom.ingrid.user.age.group', '0'),
(7220, 577, 'user.custom.ingrid.user.attention.from', ''),
(7221, 577, 'user.custom.ingrid.user.confirmid', 'ca5639fa91801da3c428e540ed0eb912'),
(7222, 577, 'user.custom.ingrid.user.interest', '0'),
(7223, 577, 'user.custom.ingrid.user.profession', '0'),
(7224, 577, 'user.custom.ingrid.user.subscribe.newsletter', ''),
(7225, 577, 'user.name.family', 'Hasenbein'),
(7226, 577, 'user.name.given', 'Renate'),
(7227, 577, 'user.name.prefix', '1'),
(7228, 578, 'user.business-info.online.email', 'space65@freenet.de'),
(7229, 578, 'user.business-info.postal.city', 'Dresden'),
(7230, 578, 'user.business-info.postal.postalcode', '01097'),
(7231, 578, 'user.business-info.postal.street', 'lößnitzstraße 15'),
(7232, 578, 'user.custom.ingrid.user.age.group', ''),
(7233, 578, 'user.custom.ingrid.user.attention.from', ''),
(7234, 578, 'user.custom.ingrid.user.confirmid', 'b062011c8e9c40fcc9d2d839207d3923'),
(7235, 578, 'user.custom.ingrid.user.interest', ''),
(7236, 578, 'user.custom.ingrid.user.profession', ''),
(7237, 578, 'user.custom.ingrid.user.subscribe.newsletter', ''),
(7238, 578, 'user.name.family', 'Lorenz'),
(7239, 578, 'user.name.given', 'Klaus-Peter'),
(7240, 578, 'user.name.prefix', '0'),
(7241, 579, 'user.business-info.online.email', 'chwo1973@yahoo.de'),
(7242, 579, 'user.business-info.postal.city', 'Heidelberg'),
(7243, 579, 'user.business-info.postal.postalcode', '69126 '),
(7244, 579, 'user.business-info.postal.street', 'Rohrbacher Strasse 29'),
(7245, 579, 'user.custom.ingrid.user.age.group', '7'),
(7246, 579, 'user.custom.ingrid.user.attention.from', 'Internet'),
(7247, 579, 'user.custom.ingrid.user.confirmid', '15ef0b777b6afcdb1caedf23969a722e'),
(7248, 579, 'user.custom.ingrid.user.interest', '1'),
(7249, 579, 'user.custom.ingrid.user.profession', '5'),
(7250, 579, 'user.custom.ingrid.user.subscribe.newsletter', ''),
(7251, 579, 'user.name.family', 'Wohlgezogen'),
(7252, 579, 'user.name.given', 'Chris'),
(7253, 579, 'user.name.prefix', '2'),
(7254, 580, 'user.business-info.online.email', 'f.wagenbret@thlg.de'),
(7255, 580, 'user.business-info.postal.city', 'Erfurt'),
(7256, 580, 'user.business-info.postal.postalcode', '99099'),
(7257, 580, 'user.business-info.postal.street', 'Weimarische Straße 29 b'),
(7258, 580, 'user.custom.ingrid.user.age.group', '0'),
(7259, 580, 'user.custom.ingrid.user.attention.from', ''),
(7260, 580, 'user.custom.ingrid.user.confirmid', '9e51b29584d90e124cf73cb820899635'),
(7261, 580, 'user.custom.ingrid.user.interest', '0'),
(7262, 580, 'user.custom.ingrid.user.profession', '0'),
(7263, 580, 'user.custom.ingrid.user.subscribe.newsletter', ''),
(7264, 580, 'user.name.family', 'Wagenbret'),
(7265, 580, 'user.name.given', 'Franziska'),
(7266, 580, 'user.name.prefix', '1'),
(7267, 581, 'user.business-info.online.email', 'Matthias.grotelueschen@bundesimmobilien.de'),
(7268, 581, 'user.business-info.postal.city', ''),
(7269, 581, 'user.business-info.postal.postalcode', ''),
(7270, 581, 'user.business-info.postal.street', ''),
(7271, 581, 'user.custom.ingrid.user.age.group', '2'),
(7272, 581, 'user.custom.ingrid.user.attention.from', 'Internet'),
(7273, 581, 'user.custom.ingrid.user.confirmid', '1388f4d5f7835606c1efd27b75b8d9eb'),
(7274, 581, 'user.custom.ingrid.user.interest', '1'),
(7275, 581, 'user.custom.ingrid.user.profession', '4'),
(7276, 581, 'user.custom.ingrid.user.subscribe.newsletter', ''),
(7277, 581, 'user.name.family', 'Grotelüschen'),
(7278, 581, 'user.name.given', 'Matthias'),
(7279, 581, 'user.name.prefix', '2'),
(7280, 582, 'user.business-info.online.email', 'Harald.Timm@bsu.hamburg.de'),
(7281, 582, 'user.business-info.postal.city', ''),
(7282, 582, 'user.business-info.postal.postalcode', ''),
(7283, 582, 'user.business-info.postal.street', ''),
(7284, 582, 'user.custom.ingrid.user.age.group', '5'),
(7285, 582, 'user.custom.ingrid.user.attention.from', ''),
(7286, 582, 'user.custom.ingrid.user.confirmid', 'e1173c3f0190a6327b15264f22b1a52c'),
(7287, 582, 'user.custom.ingrid.user.interest', '1'),
(7288, 582, 'user.custom.ingrid.user.profession', '4'),
(7289, 582, 'user.custom.ingrid.user.subscribe.newsletter', ''),
(7290, 582, 'user.name.family', 'Timm'),
(7291, 582, 'user.name.given', 'Harald'),
(7292, 582, 'user.name.prefix', '0'),
(7293, 583, 'user.business-info.online.email', 'f.wagenbret@thlg.de'),
(7294, 583, 'user.business-info.postal.city', 'Erfurt'),
(7295, 583, 'user.business-info.postal.postalcode', '99099'),
(7296, 583, 'user.business-info.postal.street', 'Weimarische Straße 29b'),
(7297, 583, 'user.custom.ingrid.user.age.group', '3'),
(7298, 583, 'user.custom.ingrid.user.attention.from', 'TMLFUN'),
(7299, 583, 'user.custom.ingrid.user.confirmid', 'd5d00c3aa2c92e1b77c94c654150270d'),
(7300, 583, 'user.custom.ingrid.user.interest', '1'),
(7301, 583, 'user.custom.ingrid.user.profession', '3'),
(7302, 583, 'user.custom.ingrid.user.subscribe.newsletter', ''),
(7303, 583, 'user.name.family', 'Wagenbret'),
(7304, 583, 'user.name.given', 'Franziska'),
(7305, 583, 'user.name.prefix', '1'),
(7306, 584, 'user.business-info.online.email', 'jens.zschiedrich@lugv.brabdenburg.de'),
(7307, 584, 'user.business-info.postal.city', 'Potsdam'),
(7308, 584, 'user.business-info.postal.postalcode', '14476'),
(7309, 584, 'user.business-info.postal.street', 'Seeburger Chaussee 2'),
(7310, 584, 'user.custom.ingrid.user.age.group', '7'),
(7311, 584, 'user.custom.ingrid.user.attention.from', 'Intranet'),
(7312, 584, 'user.custom.ingrid.user.confirmid', 'd047b0bb6c21d812e2cf820c77679b1f'),
(7313, 584, 'user.custom.ingrid.user.interest', '1'),
(7314, 584, 'user.custom.ingrid.user.profession', '4'),
(7315, 584, 'user.custom.ingrid.user.subscribe.newsletter', ''),
(7316, 584, 'user.name.family', 'Zschiedrich'),
(7317, 584, 'user.name.given', 'Jens'),
(7318, 584, 'user.name.prefix', '2'),
(7319, 585, 'user.business-info.online.email', 'angela.bialluch@lgv.hamburg.de'),
(7320, 585, 'user.business-info.postal.city', ''),
(7321, 585, 'user.business-info.postal.postalcode', ''),
(7322, 585, 'user.business-info.postal.street', ''),
(7323, 585, 'user.custom.ingrid.user.age.group', '0'),
(7324, 585, 'user.custom.ingrid.user.attention.from', ''),
(7325, 585, 'user.custom.ingrid.user.confirmid', 'd04afedb9be3877cd93bb9a8d1879b52'),
(7326, 585, 'user.custom.ingrid.user.interest', '0'),
(7327, 585, 'user.custom.ingrid.user.profession', '0'),
(7328, 585, 'user.custom.ingrid.user.subscribe.newsletter', ''),
(7329, 585, 'user.name.family', 'Bialluch'),
(7330, 585, 'user.name.given', 'Angela'),
(7331, 585, 'user.name.prefix', '0'),
(7332, 586, 'user.business-info.online.email', 'Anglea.Bialluch@gv.hamburg.de'),
(7333, 586, 'user.business-info.postal.city', ''),
(7334, 586, 'user.business-info.postal.postalcode', ''),
(7335, 586, 'user.business-info.postal.street', ''),
(7336, 586, 'user.custom.ingrid.user.age.group', '0'),
(7337, 586, 'user.custom.ingrid.user.attention.from', ''),
(7338, 586, 'user.custom.ingrid.user.confirmid', 'f1e5bf73a31371b32a3f0922c81e730f'),
(7339, 586, 'user.custom.ingrid.user.interest', '0'),
(7340, 586, 'user.custom.ingrid.user.profession', '0'),
(7341, 586, 'user.custom.ingrid.user.subscribe.newsletter', ''),
(7342, 586, 'user.name.family', 'Bialluch'),
(7343, 586, 'user.name.given', 'Angela'),
(7344, 586, 'user.name.prefix', '0'),
(7345, 587, 'user.business-info.online.email', 'ronny.weinkauf@hs-merseburg.de'),
(7346, 587, 'user.business-info.postal.city', 'Merseburg'),
(7347, 587, 'user.business-info.postal.postalcode', '06217'),
(7348, 587, 'user.business-info.postal.street', 'Geusaer Str. 88'),
(7349, 587, 'user.custom.ingrid.user.age.group', '4'),
(7350, 587, 'user.custom.ingrid.user.attention.from', 'Internet'),
(7351, 587, 'user.custom.ingrid.user.confirmid', '50f82c3a12dabd5f0161917429846ef3'),
(7352, 587, 'user.custom.ingrid.user.interest', '1'),
(7353, 587, 'user.custom.ingrid.user.profession', '8'),
(7354, 587, 'user.custom.ingrid.user.subscribe.newsletter', ''),
(7355, 587, 'user.name.family', 'Weinkauf'),
(7356, 587, 'user.name.given', 'Ronny'),
(7357, 587, 'user.name.prefix', '4'),
(7358, 588, 'user.business-info.online.email', 'franz.beau@web.de'),
(7359, 588, 'user.business-info.postal.city', 'Dresden'),
(7360, 588, 'user.business-info.postal.postalcode', '01139'),
(7361, 588, 'user.business-info.postal.street', 'Sternstr.'),
(7362, 588, 'user.custom.ingrid.user.age.group', '3'),
(7363, 588, 'user.custom.ingrid.user.attention.from', 'Internet'),
(7364, 588, 'user.custom.ingrid.user.confirmid', 'e6772a6daa0f85b6623ece92b76a837f'),
(7365, 588, 'user.custom.ingrid.user.interest', '2'),
(7366, 588, 'user.custom.ingrid.user.profession', '3'),
(7367, 588, 'user.custom.ingrid.user.subscribe.newsletter', ''),
(7368, 588, 'user.name.family', 'Beau'),
(7369, 588, 'user.name.given', 'Franziska'),
(7370, 588, 'user.name.prefix', '1'),
(7371, 589, 'user.business-info.online.email', 'danatennstedt@gmx.de'),
(7372, 589, 'user.business-info.postal.city', ''),
(7373, 589, 'user.business-info.postal.postalcode', ''),
(7374, 589, 'user.business-info.postal.street', ''),
(7375, 589, 'user.custom.ingrid.user.age.group', '3'),
(7376, 589, 'user.custom.ingrid.user.attention.from', 'google'),
(7377, 589, 'user.custom.ingrid.user.confirmid', 'c0502b3b588ebffe97a90123fae94b11'),
(7378, 589, 'user.custom.ingrid.user.interest', '1'),
(7379, 589, 'user.custom.ingrid.user.profession', '8'),
(7380, 589, 'user.custom.ingrid.user.subscribe.newsletter', ''),
(7381, 589, 'user.name.family', 'Roberts'),
(7382, 589, 'user.name.given', 'Dana'),
(7383, 589, 'user.name.prefix', '1'),
(7384, 590, 'user.business-info.online.email', 'ingrid-test@wemove.com'),
(7385, 590, 'user.business-info.postal.city', ''),
(7386, 590, 'user.business-info.postal.postalcode', ''),
(7387, 590, 'user.business-info.postal.street', ''),
(7388, 590, 'user.custom.ingrid.user.age.group', '0'),
(7389, 590, 'user.custom.ingrid.user.attention.from', ''),
(7390, 590, 'user.custom.ingrid.user.confirmid', 'aff542aaf21dfbb2ecb3e69d3d7a398d'),
(7391, 590, 'user.custom.ingrid.user.interest', '0'),
(7392, 590, 'user.custom.ingrid.user.profession', '0'),
(7393, 590, 'user.custom.ingrid.user.subscribe.newsletter', ''),
(7394, 590, 'user.name.family', 'SH1'),
(7395, 590, 'user.name.given', 'Schulung'),
(7396, 590, 'user.name.prefix', '0'),
(7397, 591, 'user.business-info.online.email', 'webmaster@portalu.de'),
(7398, 591, 'user.business-info.postal.city', ''),
(7399, 591, 'user.business-info.postal.postalcode', ''),
(7400, 591, 'user.business-info.postal.street', ''),
(7401, 591, 'user.custom.ingrid.user.age.group', '0'),
(7402, 591, 'user.custom.ingrid.user.attention.from', ''),
(7403, 591, 'user.custom.ingrid.user.confirmid', '30abb8f6a130968c83b77876132bd6b4'),
(7404, 591, 'user.custom.ingrid.user.interest', '0'),
(7405, 591, 'user.custom.ingrid.user.profession', '0'),
(7406, 591, 'user.custom.ingrid.user.subscribe.newsletter', ''),
(7407, 591, 'user.name.family', 'SH9'),
(7408, 591, 'user.name.given', 'Schulung'),
(7409, 591, 'user.name.prefix', '0'),
(7410, 592, 'user.business-info.online.email', 'webmaster@portalu.de'),
(7411, 592, 'user.business-info.postal.city', ''),
(7412, 592, 'user.business-info.postal.postalcode', ''),
(7413, 592, 'user.business-info.postal.street', ''),
(7414, 592, 'user.custom.ingrid.user.age.group', '0'),
(7415, 592, 'user.custom.ingrid.user.attention.from', ''),
(7416, 592, 'user.custom.ingrid.user.confirmid', '3e7a8cfceb9d68b4e4d9a2364e6253c1'),
(7417, 592, 'user.custom.ingrid.user.interest', '0'),
(7418, 592, 'user.custom.ingrid.user.profession', '0'),
(7419, 592, 'user.custom.ingrid.user.subscribe.newsletter', ''),
(7420, 592, 'user.name.family', 'SH8'),
(7421, 592, 'user.name.given', 'Schulung'),
(7422, 592, 'user.name.prefix', '0'),
(7423, 593, 'user.business-info.online.email', 'webmaster@portalu.de'),
(7424, 593, 'user.business-info.postal.city', ''),
(7425, 593, 'user.business-info.postal.postalcode', ''),
(7426, 593, 'user.business-info.postal.street', ''),
(7427, 593, 'user.custom.ingrid.user.age.group', '0'),
(7428, 593, 'user.custom.ingrid.user.attention.from', ''),
(7429, 593, 'user.custom.ingrid.user.confirmid', '666d47b7f0a5c980e046ec553a84a1fa'),
(7430, 593, 'user.custom.ingrid.user.interest', '0'),
(7431, 593, 'user.custom.ingrid.user.profession', '0'),
(7432, 593, 'user.custom.ingrid.user.subscribe.newsletter', ''),
(7433, 593, 'user.name.family', 'SH7'),
(7434, 593, 'user.name.given', 'Schulung'),
(7435, 593, 'user.name.prefix', '0'),
(7436, 594, 'user.business-info.online.email', 'webmaster@portalu.de'),
(7437, 594, 'user.business-info.postal.city', ''),
(7438, 594, 'user.business-info.postal.postalcode', ''),
(7439, 594, 'user.business-info.postal.street', ''),
(7440, 594, 'user.custom.ingrid.user.age.group', '0'),
(7441, 594, 'user.custom.ingrid.user.attention.from', ''),
(7442, 594, 'user.custom.ingrid.user.confirmid', '640ac2aece79a0b5ac51b118b2267a89'),
(7443, 594, 'user.custom.ingrid.user.interest', '0'),
(7444, 594, 'user.custom.ingrid.user.profession', '0'),
(7445, 594, 'user.custom.ingrid.user.subscribe.newsletter', ''),
(7446, 594, 'user.name.family', 'SH6'),
(7447, 594, 'user.name.given', 'Schulung'),
(7448, 594, 'user.name.prefix', '0'),
(7449, 595, 'user.business-info.online.email', 'webmaster@portalu.de'),
(7450, 595, 'user.business-info.postal.city', ''),
(7451, 595, 'user.business-info.postal.postalcode', ''),
(7452, 595, 'user.business-info.postal.street', ''),
(7453, 595, 'user.custom.ingrid.user.age.group', '0'),
(7454, 595, 'user.custom.ingrid.user.attention.from', ''),
(7455, 595, 'user.custom.ingrid.user.confirmid', 'b4e3f10ba0a21dbca36484c0f8210f20'),
(7456, 595, 'user.custom.ingrid.user.interest', '0'),
(7457, 595, 'user.custom.ingrid.user.profession', '0'),
(7458, 595, 'user.custom.ingrid.user.subscribe.newsletter', ''),
(7459, 595, 'user.name.family', 'SH5'),
(7460, 595, 'user.name.given', 'Schulung'),
(7461, 595, 'user.name.prefix', '0'),
(7462, 596, 'user.business-info.online.email', 'webmaster@portalu.de'),
(7463, 596, 'user.business-info.postal.city', ''),
(7464, 596, 'user.business-info.postal.postalcode', ''),
(7465, 596, 'user.business-info.postal.street', ''),
(7466, 596, 'user.custom.ingrid.user.age.group', '0'),
(7467, 596, 'user.custom.ingrid.user.attention.from', ''),
(7468, 596, 'user.custom.ingrid.user.confirmid', 'c797cce2c28582082eb46370bad9eaaf'),
(7469, 596, 'user.custom.ingrid.user.interest', '0'),
(7470, 596, 'user.custom.ingrid.user.profession', '0'),
(7471, 596, 'user.custom.ingrid.user.subscribe.newsletter', ''),
(7472, 596, 'user.name.family', 'SH4'),
(7473, 596, 'user.name.given', 'Schulung'),
(7474, 596, 'user.name.prefix', '0'),
(7475, 597, 'user.business-info.online.email', 'webmaster@portalu.de'),
(7476, 597, 'user.business-info.postal.city', ''),
(7477, 597, 'user.business-info.postal.postalcode', ''),
(7478, 597, 'user.business-info.postal.street', ''),
(7479, 597, 'user.custom.ingrid.user.age.group', '0'),
(7480, 597, 'user.custom.ingrid.user.attention.from', ''),
(7481, 597, 'user.custom.ingrid.user.confirmid', 'aa761d8ff633d14f5c509d76776f9601'),
(7482, 597, 'user.custom.ingrid.user.interest', '0'),
(7483, 597, 'user.custom.ingrid.user.profession', '0'),
(7484, 597, 'user.custom.ingrid.user.subscribe.newsletter', ''),
(7485, 597, 'user.name.family', 'SH2'),
(7486, 597, 'user.name.given', 'Schulung'),
(7487, 597, 'user.name.prefix', '0'),
(7488, 598, 'user.business-info.online.email', 'webmaster@portalu.de'),
(7489, 598, 'user.business-info.postal.city', ''),
(7490, 598, 'user.business-info.postal.postalcode', ''),
(7491, 598, 'user.business-info.postal.street', ''),
(7492, 598, 'user.custom.ingrid.user.age.group', '0'),
(7493, 598, 'user.custom.ingrid.user.attention.from', ''),
(7494, 598, 'user.custom.ingrid.user.confirmid', '87a76fc011507a599abfc2db1aa7793d'),
(7495, 598, 'user.custom.ingrid.user.interest', '0'),
(7496, 598, 'user.custom.ingrid.user.profession', '0'),
(7497, 598, 'user.custom.ingrid.user.subscribe.newsletter', ''),
(7498, 598, 'user.name.family', 'SH3'),
(7499, 598, 'user.name.given', 'Schulung'),
(7500, 598, 'user.name.prefix', '0'),
(7501, 599, 'user.business-info.online.email', 'webmaster@portalu.de'),
(7502, 599, 'user.business-info.postal.city', ''),
(7503, 599, 'user.business-info.postal.postalcode', ''),
(7504, 599, 'user.business-info.postal.street', ''),
(7505, 599, 'user.custom.ingrid.user.age.group', '0'),
(7506, 599, 'user.custom.ingrid.user.attention.from', ''),
(7507, 599, 'user.custom.ingrid.user.confirmid', 'd5934ad040151674d09f91fc605d8a3e'),
(7508, 599, 'user.custom.ingrid.user.interest', '0'),
(7509, 599, 'user.custom.ingrid.user.profession', '0'),
(7510, 599, 'user.custom.ingrid.user.subscribe.newsletter', ''),
(7511, 599, 'user.name.family', 'SH10'),
(7512, 599, 'user.name.given', 'Schulung'),
(7513, 599, 'user.name.prefix', '0'),
(7514, 600, 'user.business-info.online.email', 'webmaster@portalu.de'),
(7515, 600, 'user.business-info.postal.city', ''),
(7516, 600, 'user.business-info.postal.postalcode', ''),
(7517, 600, 'user.business-info.postal.street', ''),
(7518, 600, 'user.custom.ingrid.user.age.group', '0'),
(7519, 600, 'user.custom.ingrid.user.attention.from', ''),
(7520, 600, 'user.custom.ingrid.user.confirmid', '5263ef2fcfe902a816ce3979ee05ad6a'),
(7521, 600, 'user.custom.ingrid.user.interest', '0'),
(7522, 600, 'user.custom.ingrid.user.profession', '0'),
(7523, 600, 'user.custom.ingrid.user.subscribe.newsletter', ''),
(7524, 600, 'user.name.family', 'SH11'),
(7525, 600, 'user.name.given', 'Schulung'),
(7526, 600, 'user.name.prefix', '0'),
(7527, 601, 'user.business-info.online.email', 'webmaster@portalu.de'),
(7528, 601, 'user.business-info.postal.city', ''),
(7529, 601, 'user.business-info.postal.postalcode', ''),
(7530, 601, 'user.business-info.postal.street', ''),
(7531, 601, 'user.custom.ingrid.user.age.group', '0'),
(7532, 601, 'user.custom.ingrid.user.attention.from', ''),
(7533, 601, 'user.custom.ingrid.user.confirmid', '18b584d57c98b0d0954f477d4bcef1af'),
(7534, 601, 'user.custom.ingrid.user.interest', '0'),
(7535, 601, 'user.custom.ingrid.user.profession', '0'),
(7536, 601, 'user.custom.ingrid.user.subscribe.newsletter', ''),
(7537, 601, 'user.name.family', 'SH12'),
(7538, 601, 'user.name.given', 'Schulung'),
(7539, 601, 'user.name.prefix', '0'),
(7540, 602, 'user.business-info.online.email', 'webmaster@portalu.de'),
(7541, 602, 'user.business-info.postal.city', ''),
(7542, 602, 'user.business-info.postal.postalcode', ''),
(7543, 602, 'user.business-info.postal.street', ''),
(7544, 602, 'user.custom.ingrid.user.age.group', '0'),
(7545, 602, 'user.custom.ingrid.user.attention.from', ''),
(7546, 602, 'user.custom.ingrid.user.confirmid', '6e016442af71054c7e9600374067156e'),
(7547, 602, 'user.custom.ingrid.user.interest', '0'),
(7548, 602, 'user.custom.ingrid.user.profession', '0'),
(7549, 602, 'user.custom.ingrid.user.subscribe.newsletter', ''),
(7550, 602, 'user.name.family', 'SH13'),
(7551, 602, 'user.name.given', 'Schulung'),
(7552, 602, 'user.name.prefix', '0'),
(7553, 603, 'user.business-info.online.email', 'webmaster@portalu.de'),
(7554, 603, 'user.business-info.postal.city', ''),
(7555, 603, 'user.business-info.postal.postalcode', ''),
(7556, 603, 'user.business-info.postal.street', ''),
(7557, 603, 'user.custom.ingrid.user.age.group', '0'),
(7558, 603, 'user.custom.ingrid.user.attention.from', ''),
(7559, 603, 'user.custom.ingrid.user.confirmid', '49389bacc327675cb83c652ea8309264'),
(7560, 603, 'user.custom.ingrid.user.interest', '0'),
(7561, 603, 'user.custom.ingrid.user.profession', '0'),
(7562, 603, 'user.custom.ingrid.user.subscribe.newsletter', ''),
(7563, 603, 'user.name.family', 'SH14'),
(7564, 603, 'user.name.given', 'Schulung'),
(7565, 603, 'user.name.prefix', '0'),
(7566, 604, 'user.business-info.online.email', 'cherzo82@mail.ru'),
(7567, 604, 'user.business-info.postal.city', ''),
(7568, 604, 'user.business-info.postal.postalcode', ''),
(7569, 604, 'user.business-info.postal.street', ''),
(7570, 604, 'user.custom.ingrid.user.age.group', '0'),
(7571, 604, 'user.custom.ingrid.user.attention.from', ''),
(7572, 604, 'user.custom.ingrid.user.confirmid', '85e56ab35045695115aa659b6546fb65'),
(7573, 604, 'user.custom.ingrid.user.interest', '0'),
(7574, 604, 'user.custom.ingrid.user.profession', '0'),
(7575, 604, 'user.custom.ingrid.user.subscribe.newsletter', ''),
(7576, 604, 'user.name.family', 'Z'),
(7577, 604, 'user.name.given', 'Ser'),
(7578, 604, 'user.name.prefix', '2'),
(7579, 605, 'user.business-info.online.email', 'tavitojaramillo@gmail.com'),
(7580, 605, 'user.business-info.postal.city', ''),
(7581, 605, 'user.business-info.postal.postalcode', ''),
(7582, 605, 'user.business-info.postal.street', ''),
(7583, 605, 'user.custom.ingrid.user.age.group', '0'),
(7584, 605, 'user.custom.ingrid.user.attention.from', ''),
(7585, 605, 'user.custom.ingrid.user.confirmid', '2477d13376a78aaad9620805a008e9a5'),
(7586, 605, 'user.custom.ingrid.user.interest', '0'),
(7587, 605, 'user.custom.ingrid.user.profession', '0'),
(7588, 605, 'user.custom.ingrid.user.subscribe.newsletter', ''),
(7589, 605, 'user.name.family', 'Jaramillo'),
(7590, 605, 'user.name.given', 'Gustavo'),
(7591, 605, 'user.name.prefix', '2'),
(7592, 606, 'user.business-info.online.email', 'vera.kirchenbauer@portalu.de'),
(7593, 606, 'user.business-info.postal.city', ''),
(7594, 606, 'user.business-info.postal.postalcode', ''),
(7595, 606, 'user.business-info.postal.street', ''),
(7596, 606, 'user.custom.ingrid.user.age.group', '0'),
(7597, 606, 'user.custom.ingrid.user.attention.from', ''),
(7598, 606, 'user.custom.ingrid.user.confirmid', 'ac08aa7dedc0914c16b84e2e7b6c8c84'),
(7599, 606, 'user.custom.ingrid.user.interest', '0'),
(7600, 606, 'user.custom.ingrid.user.profession', '0'),
(7601, 606, 'user.custom.ingrid.user.subscribe.newsletter', ''),
(7602, 606, 'user.name.family', 'Kirchenbauer'),
(7603, 606, 'user.name.given', 'Vera'),
(7604, 606, 'user.name.prefix', '0'),
(7605, 607, 'user.business-info.online.email', 'katja.hafi@gmx.de'),
(7606, 607, 'user.business-info.postal.city', ''),
(7607, 607, 'user.business-info.postal.postalcode', ''),
(7608, 607, 'user.business-info.postal.street', ''),
(7609, 607, 'user.custom.ingrid.user.age.group', '3'),
(7610, 607, 'user.custom.ingrid.user.attention.from', ''),
(7611, 607, 'user.custom.ingrid.user.confirmid', '9755a4e29f51c0e30388dbcb43bab143'),
(7612, 607, 'user.custom.ingrid.user.interest', '1'),
(7613, 607, 'user.custom.ingrid.user.profession', '8'),
(7614, 607, 'user.custom.ingrid.user.subscribe.newsletter', '1'),
(7615, 607, 'user.name.family', 'Haferkorn'),
(7616, 607, 'user.name.given', 'Katja'),
(7617, 607, 'user.name.prefix', '1'),
(7618, 608, 'user.business-info.online.email', 'Noreen.Bittermann@lsbb.sachsen-anhalt.de'),
(7619, 608, 'user.business-info.postal.city', ''),
(7620, 608, 'user.business-info.postal.postalcode', ''),
(7621, 608, 'user.business-info.postal.street', ''),
(7622, 608, 'user.custom.ingrid.user.age.group', '3'),
(7623, 608, 'user.custom.ingrid.user.attention.from', ''),
(7624, 608, 'user.custom.ingrid.user.confirmid', '9e239985a9ddd36421979ace2c6369f3'),
(7625, 608, 'user.custom.ingrid.user.interest', '1'),
(7626, 608, 'user.custom.ingrid.user.profession', '4'),
(7627, 608, 'user.custom.ingrid.user.subscribe.newsletter', '1'),
(7628, 608, 'user.name.family', 'Bittermann'),
(7629, 608, 'user.name.given', 'Noreen'),
(7630, 608, 'user.name.prefix', '1'),
(7631, 609, 'user.business-info.online.email', 'u.wojtek@gmx.net'),
(7632, 609, 'user.business-info.postal.city', ''),
(7633, 609, 'user.business-info.postal.postalcode', ''),
(7634, 609, 'user.business-info.postal.street', ''),
(7635, 609, 'user.custom.ingrid.user.age.group', '7'),
(7636, 609, 'user.custom.ingrid.user.attention.from', ''),
(7637, 609, 'user.custom.ingrid.user.confirmid', 'ae2a6061707f44ea41a488872a0771d1'),
(7638, 609, 'user.custom.ingrid.user.interest', '2'),
(7639, 609, 'user.custom.ingrid.user.profession', '4'),
(7640, 609, 'user.custom.ingrid.user.subscribe.newsletter', ''),
(7641, 609, 'user.name.family', 'Wojtek'),
(7642, 609, 'user.name.given', 'Ute'),
(7643, 609, 'user.name.prefix', '1'),
(7644, 610, 'user.business-info.online.email', 'praki17@uba.de'),
(7645, 610, 'user.business-info.postal.city', ''),
(7646, 610, 'user.business-info.postal.postalcode', ''),
(7647, 610, 'user.business-info.postal.street', ''),
(7648, 610, 'user.custom.ingrid.user.age.group', '0'),
(7649, 610, 'user.custom.ingrid.user.attention.from', ''),
(7650, 610, 'user.custom.ingrid.user.confirmid', '9cf09535ba99f0a280ad385b87848aca'),
(7651, 610, 'user.custom.ingrid.user.interest', '0'),
(7652, 610, 'user.custom.ingrid.user.profession', '0'),
(7653, 610, 'user.custom.ingrid.user.subscribe.newsletter', ''),
(7654, 610, 'user.name.family', 'KomPass'),
(7655, 610, 'user.name.given', 'PraktikantIn'),
(7656, 610, 'user.name.prefix', '1'),
(7657, 611, 'user.business-info.online.email', 'michaela.sandtner@bischoff-u-partner.de'),
(7658, 611, 'user.business-info.postal.city', ''),
(7659, 611, 'user.business-info.postal.postalcode', ''),
(7660, 611, 'user.business-info.postal.street', ''),
(7661, 611, 'user.custom.ingrid.user.age.group', '3'),
(7662, 611, 'user.custom.ingrid.user.attention.from', ''),
(7663, 611, 'user.custom.ingrid.user.confirmid', '344c5e4ff5439cce5cd320c5952c2939'),
(7664, 611, 'user.custom.ingrid.user.interest', '1'),
(7665, 611, 'user.custom.ingrid.user.profession', '3'),
(7666, 611, 'user.custom.ingrid.user.subscribe.newsletter', ''),
(7667, 611, 'user.name.family', 'Sandtner'),
(7668, 611, 'user.name.given', 'Michaela'),
(7669, 611, 'user.name.prefix', '1'),
(7670, 612, 'user.business-info.online.email', 'ankurmoroney3@gmail.com'),
(7671, 612, 'user.business-info.postal.city', ''),
(7672, 612, 'user.business-info.postal.postalcode', ''),
(7673, 612, 'user.business-info.postal.street', ''),
(7674, 612, 'user.custom.ingrid.user.age.group', '0'),
(7675, 612, 'user.custom.ingrid.user.attention.from', ''),
(7676, 612, 'user.custom.ingrid.user.confirmid', 'dc9379cec3662bdcecd9b9f011a9f5a3'),
(7677, 612, 'user.custom.ingrid.user.interest', '0'),
(7678, 612, 'user.custom.ingrid.user.profession', '0'),
(7679, 612, 'user.custom.ingrid.user.subscribe.newsletter', ''),
(7680, 612, 'user.name.family', 'Moroney'),
(7681, 612, 'user.name.given', 'Ankur'),
(7682, 612, 'user.name.prefix', '2'),
(7683, 613, 'user.business-info.online.email', 'Jana.Schirmer@tmlfun.thueringen.de'),
(7684, 613, 'user.business-info.postal.city', ''),
(7685, 613, 'user.business-info.postal.postalcode', ''),
(7686, 613, 'user.business-info.postal.street', ''),
(7687, 613, 'user.custom.ingrid.user.age.group', '0'),
(7688, 613, 'user.custom.ingrid.user.attention.from', ''),
(7689, 613, 'user.custom.ingrid.user.confirmid', '1412b89b3187970856fe95f15229910e'),
(7690, 613, 'user.custom.ingrid.user.interest', '0'),
(7691, 613, 'user.custom.ingrid.user.profession', '0'),
(7692, 613, 'user.custom.ingrid.user.subscribe.newsletter', ''),
(7693, 613, 'user.name.family', 'Schirmer'),
(7694, 613, 'user.name.given', 'Jana'),
(7695, 613, 'user.name.prefix', '1'),
(7696, 614, 'user.business-info.online.email', 'tavitojaramillo@gmail.com'),
(7697, 614, 'user.business-info.postal.city', 'Loja'),
(7698, 614, 'user.business-info.postal.postalcode', 'Ec110101'),
(7699, 614, 'user.business-info.postal.street', 'Loja'),
(7700, 614, 'user.custom.ingrid.user.age.group', '0'),
(7701, 614, 'user.custom.ingrid.user.attention.from', ''),
(7702, 614, 'user.custom.ingrid.user.confirmid', '9a3600a4c15b9816ca83ec0e1c6f90a4'),
(7703, 614, 'user.custom.ingrid.user.interest', '0'),
(7704, 614, 'user.custom.ingrid.user.profession', '0'),
(7705, 614, 'user.custom.ingrid.user.subscribe.newsletter', '1'),
(7706, 614, 'user.name.family', 'Jaramillo'),
(7707, 614, 'user.name.given', 'Gustavo'),
(7708, 614, 'user.name.prefix', '2'),
(7709, 615, 'user.business-info.online.email', 'markus.meissner@tlug.thueringen.de'),
(7710, 615, 'user.business-info.postal.city', 'Jena'),
(7711, 615, 'user.business-info.postal.postalcode', '07745'),
(7712, 615, 'user.business-info.postal.street', 'Göschwitzer Str. 41'),
(7713, 615, 'user.custom.ingrid.user.age.group', '7'),
(7714, 615, 'user.custom.ingrid.user.attention.from', 'Thüringer Landesanstalt für Umwelt und Geologie, Jena'),
(7715, 615, 'user.custom.ingrid.user.confirmid', '2b882a3de9ef3e1d991f45a88e52b192'),
(7716, 615, 'user.custom.ingrid.user.interest', '1'),
(7717, 615, 'user.custom.ingrid.user.profession', '4'),
(7718, 615, 'user.custom.ingrid.user.subscribe.newsletter', '1'),
(7719, 615, 'user.name.family', 'Meissner'),
(7720, 615, 'user.name.given', 'Markus'),
(7721, 615, 'user.name.prefix', '2'),
(7722, 616, 'user.business-info.online.email', 'Ralf.Bischoff@TLUG.Thueringen.de'),
(7723, 616, 'user.business-info.postal.city', ''),
(7724, 616, 'user.business-info.postal.postalcode', ''),
(7725, 616, 'user.business-info.postal.street', ''),
(7726, 616, 'user.custom.ingrid.user.age.group', '0'),
(7727, 616, 'user.custom.ingrid.user.attention.from', ''),
(7728, 616, 'user.custom.ingrid.user.confirmid', '1518b8363f5aaef2834d9a8e30304ab6'),
(7729, 616, 'user.custom.ingrid.user.interest', '0'),
(7730, 616, 'user.custom.ingrid.user.profession', '0'),
(7731, 616, 'user.custom.ingrid.user.subscribe.newsletter', '1'),
(7732, 616, 'user.name.family', 'Bischoff'),
(7733, 616, 'user.name.given', 'Ralf'),
(7734, 616, 'user.name.prefix', '3'),
(7735, 617, 'user.business-info.online.email', 'muehlenhof.kerstin@blk.de'),
(7736, 617, 'user.business-info.postal.city', 'Naumburg'),
(7737, 617, 'user.business-info.postal.postalcode', '06618'),
(7738, 617, 'user.business-info.postal.street', 'Schönburger Straße 41'),
(7739, 617, 'user.custom.ingrid.user.age.group', '7'),
(7740, 617, 'user.custom.ingrid.user.attention.from', ''),
(7741, 617, 'user.custom.ingrid.user.confirmid', 'b5553035a234eda3bbe45623bb5bfa96'),
(7742, 617, 'user.custom.ingrid.user.interest', '1'),
(7743, 617, 'user.custom.ingrid.user.profession', '4'),
(7744, 617, 'user.custom.ingrid.user.subscribe.newsletter', '1'),
(7745, 617, 'user.name.family', 'Mühlenhof'),
(7746, 617, 'user.name.given', 'Kerstin'),
(7747, 617, 'user.name.prefix', '1'),
(7748, 618, 'user.business-info.online.email', 'zasepap@wp.pl'),
(7749, 618, 'user.business-info.postal.city', ''),
(7750, 618, 'user.business-info.postal.postalcode', ''),
(7751, 618, 'user.business-info.postal.street', ''),
(7752, 618, 'user.custom.ingrid.user.age.group', '0'),
(7753, 618, 'user.custom.ingrid.user.attention.from', ''),
(7754, 618, 'user.custom.ingrid.user.confirmid', '4f6a1d9f4f9f220e3301775516b83f83'),
(7755, 618, 'user.custom.ingrid.user.interest', '0'),
(7756, 618, 'user.custom.ingrid.user.profession', '0'),
(7757, 618, 'user.custom.ingrid.user.subscribe.newsletter', '1'),
(7758, 618, 'user.name.family', 'Zasepa'),
(7759, 618, 'user.name.given', 'Patrycja'),
(7760, 618, 'user.name.prefix', '0'),
(7761, 619, 'user.business-info.online.email', 'kst@portalu.de'),
(7762, 619, 'user.business-info.postal.city', ''),
(7763, 619, 'user.business-info.postal.postalcode', ''),
(7764, 619, 'user.business-info.postal.street', ''),
(7765, 619, 'user.custom.ingrid.user.age.group', '0'),
(7766, 619, 'user.custom.ingrid.user.attention.from', ''),
(7767, 619, 'user.custom.ingrid.user.confirmid', 'ba95eaebef489b18c2d87b87482783bb'),
(7768, 619, 'user.custom.ingrid.user.interest', '0'),
(7769, 619, 'user.custom.ingrid.user.profession', '0'),
(7770, 619, 'user.custom.ingrid.user.subscribe.newsletter', ''),
(7771, 619, 'user.name.family', 'Portalu'),
(7772, 619, 'user.name.given', 'KST'),
(7773, 619, 'user.name.prefix', '0'),
(7774, 620, 'user.business-info.online.email', 'birgit.boerner@uba.de'),
(7775, 620, 'user.business-info.postal.city', 'Dessau-Roßlau'),
(7776, 620, 'user.business-info.postal.postalcode', '06844'),
(7777, 620, 'user.business-info.postal.street', 'Wörlitzer Platz 1'),
(7778, 620, 'user.custom.ingrid.user.age.group', '0'),
(7779, 620, 'user.custom.ingrid.user.attention.from', ''),
(7780, 620, 'user.custom.ingrid.user.confirmid', '9a43474caa2d905648df77d894ca7174'),
(7781, 620, 'user.custom.ingrid.user.interest', '0'),
(7782, 620, 'user.custom.ingrid.user.profession', '0'),
(7783, 620, 'user.custom.ingrid.user.subscribe.newsletter', ''),
(7784, 620, 'user.name.family', 'Börner'),
(7785, 620, 'user.name.given', 'Birgit'),
(7786, 620, 'user.name.prefix', '0'),
(7787, 621, 'user.business-info.online.email', 'geberhardt@atb-potsdam.de'),
(7788, 621, 'user.business-info.postal.city', 'Berlin'),
(7789, 621, 'user.business-info.postal.postalcode', '10967'),
(7790, 621, 'user.business-info.postal.street', 'Dieffenbachstr.40'),
(7791, 621, 'user.custom.ingrid.user.age.group', '3'),
(7792, 621, 'user.custom.ingrid.user.attention.from', 'BFN - Datenbanken & Informationssysteme'),
(7793, 621, 'user.custom.ingrid.user.confirmid', 'b6bd3efed1ebbb47b32346845dea6075'),
(7794, 621, 'user.custom.ingrid.user.interest', '2'),
(7795, 621, 'user.custom.ingrid.user.profession', '6'),
(7796, 621, 'user.custom.ingrid.user.subscribe.newsletter', ''),
(7797, 621, 'user.name.family', 'Eberhardt'),
(7798, 621, 'user.name.given', 'Gerd'),
(7799, 621, 'user.name.prefix', '2'),
(7800, 622, 'user.business-info.online.email', 'f.runge@dueren.de'),
(7801, 622, 'user.business-info.postal.city', 'Düren'),
(7802, 622, 'user.business-info.postal.postalcode', '52349'),
(7803, 622, 'user.business-info.postal.street', 'Am Ellernbusch 18 - 20'),
(7804, 622, 'user.custom.ingrid.user.age.group', '7'),
(7805, 622, 'user.custom.ingrid.user.attention.from', 'Untere Bodenschutzbehörde Kreis Düren'),
(7806, 622, 'user.custom.ingrid.user.confirmid', 'a021931e07d074002746d702ab6a69d5'),
(7807, 622, 'user.custom.ingrid.user.interest', '1'),
(7808, 622, 'user.custom.ingrid.user.profession', '4'),
(7809, 622, 'user.custom.ingrid.user.subscribe.newsletter', '1'),
(7810, 622, 'user.name.family', 'Runge'),
(7811, 622, 'user.name.given', 'Franz-Josef'),
(7812, 622, 'user.name.prefix', '2'),
(7813, 623, 'user.business-info.online.email', 'buth@adelphi.de'),
(7814, 623, 'user.business-info.postal.city', ''),
(7815, 623, 'user.business-info.postal.postalcode', ''),
(7816, 623, 'user.business-info.postal.street', ''),
(7817, 623, 'user.custom.ingrid.user.age.group', '0'),
(7818, 623, 'user.custom.ingrid.user.attention.from', ''),
(7819, 623, 'user.custom.ingrid.user.confirmid', '9031a61bedf14088d65a2f753145484d'),
(7820, 623, 'user.custom.ingrid.user.interest', '0'),
(7821, 623, 'user.custom.ingrid.user.profession', '0'),
(7822, 623, 'user.custom.ingrid.user.subscribe.newsletter', ''),
(7823, 623, 'user.name.family', 'Buth'),
(7824, 623, 'user.name.given', 'Mareike'),
(7825, 623, 'user.name.prefix', '1'),
(7826, 624, 'user.business-info.online.email', 'buth@adelphi.de'),
(7827, 624, 'user.business-info.postal.city', ''),
(7828, 624, 'user.business-info.postal.postalcode', ''),
(7829, 624, 'user.business-info.postal.street', ''),
(7830, 624, 'user.custom.ingrid.user.age.group', '0'),
(7831, 624, 'user.custom.ingrid.user.attention.from', ''),
(7832, 624, 'user.custom.ingrid.user.confirmid', 'c13f8689639608f2dd3f64ac5dc03fdd'),
(7833, 624, 'user.custom.ingrid.user.interest', '0'),
(7834, 624, 'user.custom.ingrid.user.profession', '0'),
(7835, 624, 'user.custom.ingrid.user.subscribe.newsletter', ''),
(7836, 624, 'user.name.family', 'Buth'),
(7837, 624, 'user.name.given', 'Mareike'),
(7838, 624, 'user.name.prefix', '1'),
(7839, 625, 'user.business-info.online.email', 'Hanka.Schapitz@ms.sachsen-anhalt.de'),
(7840, 625, 'user.business-info.postal.city', 'Magdeburg'),
(7841, 625, 'user.business-info.postal.postalcode', '39114'),
(7842, 625, 'user.business-info.postal.street', 'Turmschanzenstraße 25'),
(7843, 625, 'user.custom.ingrid.user.age.group', '4'),
(7844, 625, 'user.custom.ingrid.user.attention.from', 'Internet'),
(7845, 625, 'user.custom.ingrid.user.confirmid', 'e43468184ae324211c31ac4dad1d09fd'),
(7846, 625, 'user.custom.ingrid.user.interest', '1'),
(7847, 625, 'user.custom.ingrid.user.profession', '4'),
(7848, 625, 'user.custom.ingrid.user.subscribe.newsletter', '1'),
(7849, 625, 'user.name.family', 'Schapitz'),
(7850, 625, 'user.name.given', 'Hanka'),
(7851, 625, 'user.name.prefix', '1'),
(7852, 626, 'user.business-info.online.email', 'birgit.boerner@uba.de'),
(7853, 626, 'user.business-info.postal.city', ''),
(7854, 626, 'user.business-info.postal.postalcode', ''),
(7855, 626, 'user.business-info.postal.street', ''),
(7856, 626, 'user.custom.ingrid.user.age.group', '0'),
(7857, 626, 'user.custom.ingrid.user.attention.from', ''),
(7858, 626, 'user.custom.ingrid.user.confirmid', 'ddc82e8a4382d36a75d9bd473647616e'),
(7859, 626, 'user.custom.ingrid.user.interest', '0'),
(7860, 626, 'user.custom.ingrid.user.profession', '0'),
(7861, 626, 'user.custom.ingrid.user.subscribe.newsletter', ''),
(7862, 626, 'user.name.family', 'KomPass'),
(7863, 626, 'user.name.given', 'PraktikantIn'),
(7864, 626, 'user.name.prefix', '0'),
(7865, 627, 'user.business-info.online.email', 'martin.pruetz@eno-energy.com'),
(7866, 627, 'user.business-info.postal.city', 'Rostock'),
(7867, 627, 'user.business-info.postal.postalcode', '18055'),
(7868, 627, 'user.business-info.postal.street', 'Am Strande 2e'),
(7869, 627, 'user.custom.ingrid.user.age.group', '3'),
(7870, 627, 'user.custom.ingrid.user.attention.from', 'Homepage des LUNG M-V'),
(7871, 627, 'user.custom.ingrid.user.confirmid', 'ae0bf8610510a34bb2e00e2111e07042'),
(7872, 627, 'user.custom.ingrid.user.interest', '1'),
(7873, 627, 'user.custom.ingrid.user.profession', '3'),
(7874, 627, 'user.custom.ingrid.user.subscribe.newsletter', '1'),
(7875, 627, 'user.name.family', 'Prütz'),
(7876, 627, 'user.name.given', 'Martin'),
(7877, 627, 'user.name.prefix', '2'),
(7878, 628, 'user.business-info.online.email', 'rhox123@web.de'),
(7879, 628, 'user.business-info.postal.city', ''),
(7880, 628, 'user.business-info.postal.postalcode', ''),
(7881, 628, 'user.business-info.postal.street', ''),
(7882, 628, 'user.custom.ingrid.user.age.group', '6'),
(7883, 628, 'user.custom.ingrid.user.attention.from', ''),
(7884, 628, 'user.custom.ingrid.user.confirmid', '87f34668d807f789e165038d444b2a2a'),
(7885, 628, 'user.custom.ingrid.user.interest', '1'),
(7886, 628, 'user.custom.ingrid.user.profession', '8'),
(7887, 628, 'user.custom.ingrid.user.subscribe.newsletter', ''),
(7888, 628, 'user.name.family', 'Enis'),
(7889, 628, 'user.name.given', 'Peter '),
(7890, 628, 'user.name.prefix', '2'),
(7891, 629, 'user.business-info.online.email', 'shorav_jain@yahoo.com'),
(7892, 629, 'user.business-info.postal.city', ''),
(7893, 629, 'user.business-info.postal.postalcode', ''),
(7894, 629, 'user.business-info.postal.street', ''),
(7895, 629, 'user.custom.ingrid.user.age.group', '0'),
(7896, 629, 'user.custom.ingrid.user.attention.from', ''),
(7897, 629, 'user.custom.ingrid.user.confirmid', 'ef472ebe48080a2150b225e373c11a2b'),
(7898, 629, 'user.custom.ingrid.user.interest', '0'),
(7899, 629, 'user.custom.ingrid.user.profession', '0'),
(7900, 629, 'user.custom.ingrid.user.subscribe.newsletter', ''),
(7901, 629, 'user.name.family', 'jain'),
(7902, 629, 'user.name.given', 'shorav'),
(7903, 629, 'user.name.prefix', '2'),
(7904, 630, 'user.business-info.online.email', 'lehlers@gis.uni-kiel.de'),
(7905, 630, 'user.business-info.postal.city', ''),
(7906, 630, 'user.business-info.postal.postalcode', ''),
(7907, 630, 'user.business-info.postal.street', ''),
(7908, 630, 'user.custom.ingrid.user.age.group', '2'),
(7909, 630, 'user.custom.ingrid.user.attention.from', ''),
(7910, 630, 'user.custom.ingrid.user.confirmid', '2c9f054853ca6dc8bc9628c15e3377b6'),
(7911, 630, 'user.custom.ingrid.user.interest', '1'),
(7912, 630, 'user.custom.ingrid.user.profession', '6'),
(7913, 630, 'user.custom.ingrid.user.subscribe.newsletter', ''),
(7914, 630, 'user.name.family', 'Ehlers'),
(7915, 630, 'user.name.given', 'Lennart'),
(7916, 630, 'user.name.prefix', '2'),
(7917, 631, 'user.business-info.online.email', 'cornelia.schuch@photonenergy.com'),
(7918, 631, 'user.business-info.postal.city', ''),
(7919, 631, 'user.business-info.postal.postalcode', ''),
(7920, 631, 'user.business-info.postal.street', ''),
(7921, 631, 'user.custom.ingrid.user.age.group', '0'),
(7922, 631, 'user.custom.ingrid.user.attention.from', ''),
(7923, 631, 'user.custom.ingrid.user.confirmid', '6865c9be11db2aadd89d58971d4a3c59'),
(7924, 631, 'user.custom.ingrid.user.interest', '0'),
(7925, 631, 'user.custom.ingrid.user.profession', '0'),
(7926, 631, 'user.custom.ingrid.user.subscribe.newsletter', ''),
(7927, 631, 'user.name.family', 'schuch'),
(7928, 631, 'user.name.given', 'cornelia'),
(7929, 631, 'user.name.prefix', '0'),
(7930, 632, 'user.business-info.online.email', 'grosser@fh-brandenburg.de'),
(7931, 632, 'user.business-info.postal.city', ''),
(7932, 632, 'user.business-info.postal.postalcode', ''),
(7933, 632, 'user.business-info.postal.street', ''),
(7934, 632, 'user.custom.ingrid.user.age.group', '3'),
(7935, 632, 'user.custom.ingrid.user.attention.from', ''),
(7936, 632, 'user.custom.ingrid.user.confirmid', '44a400fc79822947ac7f33a26806e863'),
(7937, 632, 'user.custom.ingrid.user.interest', '1'),
(7938, 632, 'user.custom.ingrid.user.profession', '6'),
(7939, 632, 'user.custom.ingrid.user.subscribe.newsletter', ''),
(7940, 632, 'user.name.family', 'Grosser'),
(7941, 632, 'user.name.given', 'B'),
(7942, 632, 'user.name.prefix', '2'),
(7943, 633, 'user.business-info.online.email', 'thomas.gschwind@um.bwl.de'),
(7944, 633, 'user.business-info.postal.city', ''),
(7945, 633, 'user.business-info.postal.postalcode', ''),
(7946, 633, 'user.business-info.postal.street', ''),
(7947, 633, 'user.custom.ingrid.user.age.group', '0'),
(7948, 633, 'user.custom.ingrid.user.attention.from', ''),
(7949, 633, 'user.custom.ingrid.user.confirmid', 'afb9611a806fa4d57758f02a3b18bbb3'),
(7950, 633, 'user.custom.ingrid.user.interest', '0'),
(7951, 633, 'user.custom.ingrid.user.profession', '0'),
(7952, 633, 'user.custom.ingrid.user.subscribe.newsletter', '1'),
(7953, 633, 'user.name.family', 'Gschwind'),
(7954, 633, 'user.name.given', 'Thomas'),
(7955, 633, 'user.name.prefix', '2'),
(7956, 634, 'user.business-info.online.email', 'lami18mi@hotmail.com'),
(7957, 634, 'user.business-info.postal.city', 'epiri'),
(7958, 634, 'user.business-info.postal.postalcode', 'mitrovic'),
(7959, 634, 'user.business-info.postal.street', 'shipol'),
(7960, 634, 'user.custom.ingrid.user.age.group', '3'),
(7961, 634, 'user.custom.ingrid.user.attention.from', ''),
(7962, 634, 'user.custom.ingrid.user.confirmid', '8878ce5df8b89a0bfe203931eb980ea3'),
(7963, 634, 'user.custom.ingrid.user.interest', '1'),
(7964, 634, 'user.custom.ingrid.user.profession', '2'),
(7965, 634, 'user.custom.ingrid.user.subscribe.newsletter', ''),
(7966, 634, 'user.name.family', 'behram'),
(7967, 634, 'user.name.given', 'jusufi'),
(7968, 634, 'user.name.prefix', '2'),
(7969, 635, 'user.business-info.online.email', 'kst@portalu.de'),
(7970, 635, 'user.business-info.postal.city', ''),
(7971, 635, 'user.business-info.postal.postalcode', ''),
(7972, 635, 'user.business-info.postal.street', ''),
(7973, 635, 'user.custom.ingrid.user.age.group', '0'),
(7974, 635, 'user.custom.ingrid.user.attention.from', ''),
(7975, 635, 'user.custom.ingrid.user.confirmid', 'd1fea783fca2794709af43039ca9a605'),
(7976, 635, 'user.custom.ingrid.user.interest', '0'),
(7977, 635, 'user.custom.ingrid.user.profession', '0'),
(7978, 635, 'user.custom.ingrid.user.subscribe.newsletter', ''),
(7979, 635, 'user.name.family', 'test'),
(7980, 635, 'user.name.given', 'test'),
(7981, 635, 'user.name.prefix', '0'),
(7982, 636, 'user.business-info.online.email', 'schmitz42@gmx.de'),
(7983, 636, 'user.business-info.postal.city', 'Frankfurt am Main'),
(7984, 636, 'user.business-info.postal.postalcode', '60385'),
(7985, 636, 'user.business-info.postal.street', 'Fechenheimer Str. 8'),
(7986, 636, 'user.custom.ingrid.user.age.group', '0'),
(7987, 636, 'user.custom.ingrid.user.attention.from', ''),
(7988, 636, 'user.custom.ingrid.user.confirmid', 'e40b826a2345ab783362ee4d3e8a2473'),
(7989, 636, 'user.custom.ingrid.user.interest', '0'),
(7990, 636, 'user.custom.ingrid.user.profession', '0'),
(7991, 636, 'user.custom.ingrid.user.subscribe.newsletter', ''),
(7992, 636, 'user.name.family', 'Schmitz'),
(7993, 636, 'user.name.given', 'Sebastian'),
(7994, 636, 'user.name.prefix', '2'),
(7995, 637, 'user.business-info.online.email', 'info@nev-verwaltung.de'),
(7996, 637, 'user.business-info.postal.city', 'Jüterbog'),
(7997, 637, 'user.business-info.postal.postalcode', '14913'),
(7998, 637, 'user.business-info.postal.street', 'Zinnaer Vorstadt 60'),
(7999, 637, 'user.custom.ingrid.user.age.group', '7'),
(8000, 637, 'user.custom.ingrid.user.attention.from', 'Internet'),
(8001, 637, 'user.custom.ingrid.user.confirmid', '9ff9fceda8ab9e40d6e77861e73983ea'),
(8002, 637, 'user.custom.ingrid.user.interest', '1'),
(8003, 637, 'user.custom.ingrid.user.profession', '3'),
(8004, 637, 'user.custom.ingrid.user.subscribe.newsletter', ''),
(8005, 637, 'user.name.family', 'Struck'),
(8006, 637, 'user.name.given', 'Manfred'),
(8007, 637, 'user.name.prefix', '2'),
(8008, 638, 'user.business-info.online.email', 'abahls@yahoo.de'),
(8009, 638, 'user.business-info.postal.city', ''),
(8010, 638, 'user.business-info.postal.postalcode', ''),
(8011, 638, 'user.business-info.postal.street', ''),
(8012, 638, 'user.custom.ingrid.user.age.group', '0'),
(8013, 638, 'user.custom.ingrid.user.attention.from', ''),
(8014, 638, 'user.custom.ingrid.user.confirmid', '88ae5cc14b89c095ea5bebe646255dd2'),
(8015, 638, 'user.custom.ingrid.user.interest', '0'),
(8016, 638, 'user.custom.ingrid.user.profession', '0'),
(8017, 638, 'user.custom.ingrid.user.subscribe.newsletter', ''),
(8018, 638, 'user.name.family', 'Bahls'),
(8019, 638, 'user.name.given', 'Anke'),
(8020, 638, 'user.name.prefix', '0'),
(8021, 639, 'user.business-info.online.email', 'ulrich.schewe@statistik.bremen.de'),
(8022, 639, 'user.business-info.postal.city', 'Bremen'),
(8023, 639, 'user.business-info.postal.postalcode', '28195'),
(8024, 639, 'user.business-info.postal.street', 'An der Weide 14-16'),
(8025, 639, 'user.custom.ingrid.user.age.group', '3'),
(8026, 639, 'user.custom.ingrid.user.attention.from', 'GDI-Insipre'),
(8027, 639, 'user.custom.ingrid.user.confirmid', '48e567f1fe302b7a11f1cc052f3b32f6'),
(8028, 639, 'user.custom.ingrid.user.interest', '1'),
(8029, 639, 'user.custom.ingrid.user.profession', '4'),
(8030, 639, 'user.custom.ingrid.user.subscribe.newsletter', ''),
(8031, 639, 'user.name.family', 'Schewe'),
(8032, 639, 'user.name.given', 'Ulrich'),
(8033, 639, 'user.name.prefix', '0'),
(8034, 640, 'user.business-info.online.email', 'markus.habig@statistik.bremen.de'),
(8035, 640, 'user.business-info.postal.city', 'Bremen'),
(8036, 640, 'user.business-info.postal.postalcode', '28195'),
(8037, 640, 'user.business-info.postal.street', 'An der Weide 14-16'),
(8038, 640, 'user.custom.ingrid.user.age.group', '4'),
(8039, 640, 'user.custom.ingrid.user.attention.from', ''),
(8040, 640, 'user.custom.ingrid.user.confirmid', '6ddceff2672781c6f600717be651c2b9'),
(8041, 640, 'user.custom.ingrid.user.interest', '1'),
(8042, 640, 'user.custom.ingrid.user.profession', '4'),
(8043, 640, 'user.custom.ingrid.user.subscribe.newsletter', '1'),
(8044, 640, 'user.name.family', 'Habig'),
(8045, 640, 'user.name.given', 'Markus'),
(8046, 640, 'user.name.prefix', '2'),
(8047, 641, 'user.business-info.online.email', 'stefanie_b@franken-ist-cool.de'),
(8048, 641, 'user.business-info.postal.city', ''),
(8049, 641, 'user.business-info.postal.postalcode', ''),
(8050, 641, 'user.business-info.postal.street', ''),
(8051, 641, 'user.custom.ingrid.user.age.group', '0');
INSERT INTO `security_attribute` (`ATTR_ID`, `PRINCIPAL_ID`, `ATTR_NAME`, `ATTR_VALUE`) VALUES
(8052, 641, 'user.custom.ingrid.user.attention.from', ''),
(8053, 641, 'user.custom.ingrid.user.confirmid', '7f2a0a25a34895686257e025928a4c6f'),
(8054, 641, 'user.custom.ingrid.user.interest', '0'),
(8055, 641, 'user.custom.ingrid.user.profession', '0'),
(8056, 641, 'user.custom.ingrid.user.subscribe.newsletter', '1'),
(8057, 641, 'user.name.family', 'Bräunlein'),
(8058, 641, 'user.name.given', 'Stefanie'),
(8059, 641, 'user.name.prefix', '0'),
(8060, 642, 'user.business-info.online.email', 'denis.wulf@partners.basf.com'),
(8061, 642, 'user.business-info.postal.city', ''),
(8062, 642, 'user.business-info.postal.postalcode', ''),
(8063, 642, 'user.business-info.postal.street', ''),
(8064, 642, 'user.custom.ingrid.user.age.group', '0'),
(8065, 642, 'user.custom.ingrid.user.attention.from', ''),
(8066, 642, 'user.custom.ingrid.user.confirmid', 'a17962fe70488f4a019474e5551d60a4'),
(8067, 642, 'user.custom.ingrid.user.interest', '1'),
(8068, 642, 'user.custom.ingrid.user.profession', '3'),
(8069, 642, 'user.custom.ingrid.user.subscribe.newsletter', '1'),
(8070, 642, 'user.name.family', 'Wulf'),
(8071, 642, 'user.name.given', 'Denis'),
(8072, 642, 'user.name.prefix', '2'),
(8073, 643, 'user.business-info.online.email', 'h-d.michaelis@web.de'),
(8074, 643, 'user.business-info.postal.city', 'Nienhagen'),
(8075, 643, 'user.business-info.postal.postalcode', '29336'),
(8076, 643, 'user.business-info.postal.street', 'Lanneweh 1'),
(8077, 643, 'user.custom.ingrid.user.age.group', '5'),
(8078, 643, 'user.custom.ingrid.user.attention.from', 'Internet'),
(8079, 643, 'user.custom.ingrid.user.confirmid', '686a561db1967d3b143a60ddae0ec31d'),
(8080, 643, 'user.custom.ingrid.user.interest', '2'),
(8081, 643, 'user.custom.ingrid.user.profession', '8'),
(8082, 643, 'user.custom.ingrid.user.subscribe.newsletter', ''),
(8083, 643, 'user.name.family', 'michaelis'),
(8084, 643, 'user.name.given', 'hans-dieter'),
(8085, 643, 'user.name.prefix', '2'),
(8086, 644, 'user.business-info.online.email', 'j_assi02@wwu.de'),
(8087, 644, 'user.business-info.postal.city', 'münster'),
(8088, 644, 'user.business-info.postal.postalcode', '48151'),
(8089, 644, 'user.business-info.postal.street', 'koldering 59'),
(8090, 644, 'user.custom.ingrid.user.age.group', '2'),
(8091, 644, 'user.custom.ingrid.user.attention.from', 'geographie student'),
(8092, 644, 'user.custom.ingrid.user.confirmid', '432a6f68acaf19ed511dc1af2eda37ac'),
(8093, 644, 'user.custom.ingrid.user.interest', '2'),
(8094, 644, 'user.custom.ingrid.user.profession', '6'),
(8095, 644, 'user.custom.ingrid.user.subscribe.newsletter', ''),
(8096, 644, 'user.name.family', 'Miranda'),
(8097, 644, 'user.name.given', 'Guilherme'),
(8098, 644, 'user.name.prefix', '2'),
(8099, 645, 'user.business-info.online.email', 'sebastian.sklarss@init.eu'),
(8100, 645, 'user.business-info.postal.city', ''),
(8101, 645, 'user.business-info.postal.postalcode', ''),
(8102, 645, 'user.business-info.postal.street', ''),
(8103, 645, 'user.custom.ingrid.user.age.group', '3'),
(8104, 645, 'user.custom.ingrid.user.attention.from', ''),
(8105, 645, 'user.custom.ingrid.user.confirmid', '41f4b8079a30678188d9985e35305dab'),
(8106, 645, 'user.custom.ingrid.user.interest', '1'),
(8107, 645, 'user.custom.ingrid.user.profession', '8'),
(8108, 645, 'user.custom.ingrid.user.subscribe.newsletter', '1'),
(8109, 645, 'user.name.family', 'Sklarß'),
(8110, 645, 'user.name.given', 'Sebastian'),
(8111, 645, 'user.name.prefix', '2'),
(8112, 646, 'user.business-info.online.email', 'anne.witt@init.de'),
(8113, 646, 'user.business-info.postal.city', 'Berlin'),
(8114, 646, 'user.business-info.postal.postalcode', '10997'),
(8115, 646, 'user.business-info.postal.street', 'Köpenicker Straße 9'),
(8116, 646, 'user.custom.ingrid.user.age.group', '2'),
(8117, 646, 'user.custom.ingrid.user.attention.from', ''),
(8118, 646, 'user.custom.ingrid.user.confirmid', 'ac0e6871dc4bd03c33db5cf10b04ec30'),
(8119, 646, 'user.custom.ingrid.user.interest', '1'),
(8120, 646, 'user.custom.ingrid.user.profession', '7'),
(8121, 646, 'user.custom.ingrid.user.subscribe.newsletter', '1'),
(8122, 646, 'user.name.family', 'Witt'),
(8123, 646, 'user.name.given', 'Anne'),
(8124, 646, 'user.name.prefix', '1'),
(8125, 647, 'user.business-info.online.email', 'gordonwho@gmail.com'),
(8126, 647, 'user.business-info.postal.city', ''),
(8127, 647, 'user.business-info.postal.postalcode', ''),
(8128, 647, 'user.business-info.postal.street', ''),
(8129, 647, 'user.custom.ingrid.user.age.group', '0'),
(8130, 647, 'user.custom.ingrid.user.attention.from', ''),
(8131, 647, 'user.custom.ingrid.user.confirmid', 'c2b1e3efe931ce78c23826bf6d8a6a22'),
(8132, 647, 'user.custom.ingrid.user.interest', '0'),
(8133, 647, 'user.custom.ingrid.user.profession', '0'),
(8134, 647, 'user.custom.ingrid.user.subscribe.newsletter', ''),
(8135, 647, 'user.name.family', 'Who'),
(8136, 647, 'user.name.given', 'Gordon'),
(8137, 647, 'user.name.prefix', '2'),
(8138, 648, 'user.business-info.online.email', 'schleiff@salinity.de'),
(8139, 648, 'user.business-info.postal.city', 'Wolfenbuettel'),
(8140, 648, 'user.business-info.postal.postalcode', '38300'),
(8141, 648, 'user.business-info.postal.street', 'Kleine Kirchstrasse'),
(8142, 648, 'user.custom.ingrid.user.age.group', '5'),
(8143, 648, 'user.custom.ingrid.user.attention.from', 'bvb boden'),
(8144, 648, 'user.custom.ingrid.user.confirmid', 'aa55eb2ab5c8ec9641cfcf5b1fe66111'),
(8145, 648, 'user.custom.ingrid.user.interest', '1'),
(8146, 648, 'user.custom.ingrid.user.profession', '8'),
(8147, 648, 'user.custom.ingrid.user.subscribe.newsletter', '1'),
(8148, 648, 'user.name.family', 'Schleiff'),
(8149, 648, 'user.name.given', 'Uwe'),
(8150, 648, 'user.name.prefix', '3'),
(8151, 649, 'user.business-info.online.email', 'peter.huber@init.de'),
(8152, 649, 'user.business-info.postal.city', ''),
(8153, 649, 'user.business-info.postal.postalcode', ''),
(8154, 649, 'user.business-info.postal.street', ''),
(8155, 649, 'user.custom.ingrid.user.age.group', '0'),
(8156, 649, 'user.custom.ingrid.user.attention.from', ''),
(8157, 649, 'user.custom.ingrid.user.confirmid', 'be2ae571d24772dd2eeb070039809a55'),
(8158, 649, 'user.custom.ingrid.user.interest', '0'),
(8159, 649, 'user.custom.ingrid.user.profession', '0'),
(8160, 649, 'user.custom.ingrid.user.subscribe.newsletter', ''),
(8161, 649, 'user.name.family', 'Huber'),
(8162, 649, 'user.name.given', 'Peter'),
(8163, 649, 'user.name.prefix', '2'),
(8164, 650, 'user.business-info.online.email', 'markus.besenfelder@gv.hamburg'),
(8165, 650, 'user.business-info.postal.city', 'Hamburg'),
(8166, 650, 'user.business-info.postal.postalcode', '20097'),
(8167, 650, 'user.business-info.postal.street', 'Sachsenkamp 4'),
(8168, 650, 'user.custom.ingrid.user.age.group', '3'),
(8169, 650, 'user.custom.ingrid.user.attention.from', ''),
(8170, 650, 'user.custom.ingrid.user.confirmid', '2f89daede1f51e994ab958821c7b7e61'),
(8171, 650, 'user.custom.ingrid.user.interest', '1'),
(8172, 650, 'user.custom.ingrid.user.profession', '4'),
(8173, 650, 'user.custom.ingrid.user.subscribe.newsletter', ''),
(8174, 650, 'user.name.family', 'besenfelder'),
(8175, 650, 'user.name.given', 'markus'),
(8176, 650, 'user.name.prefix', '2'),
(8177, 651, 'user.business-info.online.email', 'f.ettlich@ska-ettlich.de'),
(8178, 651, 'user.business-info.postal.city', 'Dettmannsdorf - Kölzow'),
(8179, 651, 'user.business-info.postal.postalcode', '18334'),
(8180, 651, 'user.business-info.postal.street', 'Rostocker Straße 20D'),
(8181, 651, 'user.custom.ingrid.user.age.group', '4'),
(8182, 651, 'user.custom.ingrid.user.attention.from', 'Internet'),
(8183, 651, 'user.custom.ingrid.user.confirmid', 'c18bcd2d58e0aa3d2829165875fba25a'),
(8184, 651, 'user.custom.ingrid.user.interest', '2'),
(8185, 651, 'user.custom.ingrid.user.profession', '2'),
(8186, 651, 'user.custom.ingrid.user.subscribe.newsletter', '1'),
(8187, 651, 'user.name.family', 'Ettlich'),
(8188, 651, 'user.name.given', 'Frank'),
(8189, 651, 'user.name.prefix', '2'),
(8190, 652, 'user.business-info.online.email', 'christian.struck@init.de'),
(8191, 652, 'user.business-info.postal.city', ''),
(8192, 652, 'user.business-info.postal.postalcode', ''),
(8193, 652, 'user.business-info.postal.street', ''),
(8194, 652, 'user.custom.ingrid.user.age.group', '0'),
(8195, 652, 'user.custom.ingrid.user.attention.from', ''),
(8196, 652, 'user.custom.ingrid.user.confirmid', '7063344e06a354501a01948de5a24f8b'),
(8197, 652, 'user.custom.ingrid.user.interest', '0'),
(8198, 652, 'user.custom.ingrid.user.profession', '0'),
(8199, 652, 'user.custom.ingrid.user.subscribe.newsletter', ''),
(8200, 652, 'user.name.family', 'Struck'),
(8201, 652, 'user.name.given', 'Christian'),
(8202, 652, 'user.name.prefix', '0'),
(8203, 653, 'user.business-info.online.email', 'christian.struck@init.de'),
(8204, 653, 'user.business-info.postal.city', ''),
(8205, 653, 'user.business-info.postal.postalcode', ''),
(8206, 653, 'user.business-info.postal.street', ''),
(8207, 653, 'user.custom.ingrid.user.age.group', '0'),
(8208, 653, 'user.custom.ingrid.user.attention.from', ''),
(8209, 653, 'user.custom.ingrid.user.confirmid', '6ce522f8b7a42cefba52250d14599953'),
(8210, 653, 'user.custom.ingrid.user.interest', '0'),
(8211, 653, 'user.custom.ingrid.user.profession', '0'),
(8212, 653, 'user.custom.ingrid.user.subscribe.newsletter', ''),
(8213, 653, 'user.name.family', 'Struck'),
(8214, 653, 'user.name.given', 'Christian'),
(8215, 653, 'user.name.prefix', '0'),
(8216, 654, 'user.business-info.online.email', 'lmehlhorn4@freenet.de'),
(8217, 654, 'user.business-info.postal.city', ''),
(8218, 654, 'user.business-info.postal.postalcode', ''),
(8219, 654, 'user.business-info.postal.street', ''),
(8220, 654, 'user.custom.ingrid.user.age.group', '0'),
(8221, 654, 'user.custom.ingrid.user.attention.from', ''),
(8222, 654, 'user.custom.ingrid.user.confirmid', '055210bcd335c4e43286593bf5957e1b'),
(8223, 654, 'user.custom.ingrid.user.interest', '0'),
(8224, 654, 'user.custom.ingrid.user.profession', '0'),
(8225, 654, 'user.custom.ingrid.user.subscribe.newsletter', ''),
(8226, 654, 'user.name.family', 'Mehlhorn'),
(8227, 654, 'user.name.given', 'Luis'),
(8228, 654, 'user.name.prefix', '0'),
(8229, 655, 'user.business-info.online.email', 'Svendel65@gmail.com'),
(8230, 655, 'user.business-info.postal.city', 'Berlin'),
(8231, 655, 'user.business-info.postal.postalcode', '10585'),
(8232, 655, 'user.business-info.postal.street', 'Kaiser Friedrich Str 84'),
(8233, 655, 'user.custom.ingrid.user.age.group', '4'),
(8234, 655, 'user.custom.ingrid.user.attention.from', ''),
(8235, 655, 'user.custom.ingrid.user.confirmid', 'd56f4b7c90104140f540d38964614b03'),
(8236, 655, 'user.custom.ingrid.user.interest', '2'),
(8237, 655, 'user.custom.ingrid.user.profession', '8'),
(8238, 655, 'user.custom.ingrid.user.subscribe.newsletter', ''),
(8239, 655, 'user.name.family', 'Heitchen'),
(8240, 655, 'user.name.given', 'Svend'),
(8241, 655, 'user.name.prefix', '2'),
(8242, 656, 'user.business-info.online.email', 'lutz.graefe@lav.ms.sachsen-anhalt.de'),
(8243, 656, 'user.business-info.postal.city', ''),
(8244, 656, 'user.business-info.postal.postalcode', ''),
(8245, 656, 'user.business-info.postal.street', ''),
(8246, 656, 'user.custom.ingrid.user.age.group', '7'),
(8247, 656, 'user.custom.ingrid.user.attention.from', ''),
(8248, 656, 'user.custom.ingrid.user.confirmid', 'adc42f92c01793eba6d628483967a89f'),
(8249, 656, 'user.custom.ingrid.user.interest', '1'),
(8250, 656, 'user.custom.ingrid.user.profession', '4'),
(8251, 656, 'user.custom.ingrid.user.subscribe.newsletter', '1'),
(8252, 656, 'user.name.family', 'Graefe'),
(8253, 656, 'user.name.given', 'Lutz'),
(8254, 656, 'user.name.prefix', '2'),
(8255, 657, 'user.business-info.online.email', 'idevries@landkreis-aurich.de'),
(8256, 657, 'user.business-info.postal.city', 'Aurich'),
(8257, 657, 'user.business-info.postal.postalcode', '26603'),
(8258, 657, 'user.business-info.postal.street', 'Fischteichweg 7-15'),
(8259, 657, 'user.custom.ingrid.user.age.group', '4'),
(8260, 657, 'user.custom.ingrid.user.attention.from', 'Netz'),
(8261, 657, 'user.custom.ingrid.user.confirmid', '478b62cdf7b8aed970bb6a011e2ecebc'),
(8262, 657, 'user.custom.ingrid.user.interest', '1'),
(8263, 657, 'user.custom.ingrid.user.profession', '4'),
(8264, 657, 'user.custom.ingrid.user.subscribe.newsletter', '1'),
(8265, 657, 'user.name.family', 'de Vries'),
(8266, 657, 'user.name.given', 'Ingo'),
(8267, 657, 'user.name.prefix', '2'),
(8268, 658, 'user.business-info.online.email', 'essig@bafg.de'),
(8269, 658, 'user.business-info.postal.city', ''),
(8270, 658, 'user.business-info.postal.postalcode', ''),
(8271, 658, 'user.business-info.postal.street', ''),
(8272, 658, 'user.custom.ingrid.user.age.group', '0'),
(8273, 658, 'user.custom.ingrid.user.attention.from', ''),
(8274, 658, 'user.custom.ingrid.user.confirmid', '54f30e2d1d864b7014caf352bcdf9d03'),
(8275, 658, 'user.custom.ingrid.user.interest', '0'),
(8276, 658, 'user.custom.ingrid.user.profession', '0'),
(8277, 658, 'user.custom.ingrid.user.subscribe.newsletter', ''),
(8278, 658, 'user.name.family', 'Essig'),
(8279, 658, 'user.name.given', 'Michael'),
(8280, 658, 'user.name.prefix', '2'),
(8281, 659, 'user.business-info.online.email', 'marlies.krueger@gv.hamburg.de'),
(8282, 659, 'user.business-info.postal.city', 'Hamburg'),
(8283, 659, 'user.business-info.postal.postalcode', '21109'),
(8284, 659, 'user.business-info.postal.street', 'Neuenfelder Straße 19'),
(8285, 659, 'user.custom.ingrid.user.age.group', '0'),
(8286, 659, 'user.custom.ingrid.user.attention.from', ''),
(8287, 659, 'user.custom.ingrid.user.confirmid', '72bcc021c2669cb4ba6e81e1cd7513ad'),
(8288, 659, 'user.custom.ingrid.user.interest', '0'),
(8289, 659, 'user.custom.ingrid.user.profession', '0'),
(8290, 659, 'user.custom.ingrid.user.subscribe.newsletter', ''),
(8291, 659, 'user.name.family', 'Krüger'),
(8292, 659, 'user.name.given', 'Marlies'),
(8293, 659, 'user.name.prefix', '1'),
(8294, 660, 'user.business-info.online.email', 'Tischler89@googlemail.com'),
(8295, 660, 'user.business-info.postal.city', ''),
(8296, 660, 'user.business-info.postal.postalcode', ''),
(8297, 660, 'user.business-info.postal.street', ''),
(8298, 660, 'user.custom.ingrid.user.age.group', '0'),
(8299, 660, 'user.custom.ingrid.user.attention.from', ''),
(8300, 660, 'user.custom.ingrid.user.confirmid', '0a942a058183212deb9710d649657205'),
(8301, 660, 'user.custom.ingrid.user.interest', '0'),
(8302, 660, 'user.custom.ingrid.user.profession', '0'),
(8303, 660, 'user.custom.ingrid.user.subscribe.newsletter', '1'),
(8304, 660, 'user.name.family', 'Möller'),
(8305, 660, 'user.name.given', 'Heinrich'),
(8306, 660, 'user.name.prefix', '2'),
(8307, 661, 'user.business-info.online.email', 'm.walko@fib-ev.de'),
(8308, 661, 'user.business-info.postal.city', ''),
(8309, 661, 'user.business-info.postal.postalcode', ''),
(8310, 661, 'user.business-info.postal.street', ''),
(8311, 661, 'user.custom.ingrid.user.age.group', '0'),
(8312, 661, 'user.custom.ingrid.user.attention.from', ''),
(8313, 661, 'user.custom.ingrid.user.confirmid', 'c173ed36353e8b8aec8a5f9dc50a6f76'),
(8314, 661, 'user.custom.ingrid.user.interest', '0'),
(8315, 661, 'user.custom.ingrid.user.profession', '0'),
(8316, 661, 'user.custom.ingrid.user.subscribe.newsletter', ''),
(8317, 661, 'user.name.family', 'walko'),
(8318, 661, 'user.name.given', 'manja'),
(8319, 661, 'user.name.prefix', '0'),
(8320, 662, 'user.business-info.online.email', 'jannimoe@aol.com'),
(8321, 662, 'user.business-info.postal.city', ''),
(8322, 662, 'user.business-info.postal.postalcode', ''),
(8323, 662, 'user.business-info.postal.street', ''),
(8324, 662, 'user.custom.ingrid.user.age.group', '0'),
(8325, 662, 'user.custom.ingrid.user.attention.from', ''),
(8326, 662, 'user.custom.ingrid.user.confirmid', 'd366ae63a22fd31de5c40cc49dad2a8c'),
(8327, 662, 'user.custom.ingrid.user.interest', '0'),
(8328, 662, 'user.custom.ingrid.user.profession', '0'),
(8329, 662, 'user.custom.ingrid.user.subscribe.newsletter', ''),
(8330, 662, 'user.name.family', 'Mösinger'),
(8331, 662, 'user.name.given', 'Jannika'),
(8332, 662, 'user.name.prefix', '1'),
(8333, 663, 'user.business-info.online.email', 'thomas.ball@tzw.de'),
(8334, 663, 'user.business-info.postal.city', 'Karlsruhe'),
(8335, 663, 'user.business-info.postal.postalcode', '76139'),
(8336, 663, 'user.business-info.postal.street', 'Karlsruher Str. 84'),
(8337, 663, 'user.custom.ingrid.user.age.group', '0'),
(8338, 663, 'user.custom.ingrid.user.attention.from', 'Internet'),
(8339, 663, 'user.custom.ingrid.user.confirmid', '600d6086f94a2f0d56c6a908043a6612'),
(8340, 663, 'user.custom.ingrid.user.interest', '1'),
(8341, 663, 'user.custom.ingrid.user.profession', '3'),
(8342, 663, 'user.custom.ingrid.user.subscribe.newsletter', '1'),
(8343, 663, 'user.name.family', 'Ball'),
(8344, 663, 'user.name.given', 'Thomas'),
(8345, 663, 'user.name.prefix', '2'),
(8346, 664, 'user.business-info.online.email', 'christian.dehmelt@lwk.nrw.de'),
(8347, 664, 'user.business-info.postal.city', ''),
(8348, 664, 'user.business-info.postal.postalcode', ''),
(8349, 664, 'user.business-info.postal.street', ''),
(8350, 664, 'user.custom.ingrid.user.age.group', '7'),
(8351, 664, 'user.custom.ingrid.user.attention.from', ''),
(8352, 664, 'user.custom.ingrid.user.confirmid', '37948685c7c92dc388adb1a489dc5942'),
(8353, 664, 'user.custom.ingrid.user.interest', '1'),
(8354, 664, 'user.custom.ingrid.user.profession', '4'),
(8355, 664, 'user.custom.ingrid.user.subscribe.newsletter', '1'),
(8356, 664, 'user.name.family', 'Dehmelt'),
(8357, 664, 'user.name.given', 'Christian'),
(8358, 664, 'user.name.prefix', '2'),
(8359, 665, 'user.business-info.online.email', 'stefan.adloff@boerdekreis.de'),
(8360, 665, 'user.business-info.postal.city', 'Haldensleben'),
(8361, 665, 'user.business-info.postal.postalcode', '39340'),
(8362, 665, 'user.business-info.postal.street', 'Gerikestr. 104'),
(8363, 665, 'user.custom.ingrid.user.age.group', '3'),
(8364, 665, 'user.custom.ingrid.user.attention.from', ''),
(8365, 665, 'user.custom.ingrid.user.confirmid', 'fa17db7d21153c74779d7856fcb218ac'),
(8366, 665, 'user.custom.ingrid.user.interest', '1'),
(8367, 665, 'user.custom.ingrid.user.profession', '4'),
(8368, 665, 'user.custom.ingrid.user.subscribe.newsletter', '1'),
(8369, 665, 'user.name.family', 'Adloff'),
(8370, 665, 'user.name.given', 'Stefan'),
(8371, 665, 'user.name.prefix', '2'),
(8372, 666, 'user.business-info.online.email', 'alexander.zille@stud.hs-merseburg.de'),
(8373, 666, 'user.business-info.postal.city', ''),
(8374, 666, 'user.business-info.postal.postalcode', ''),
(8375, 666, 'user.business-info.postal.street', ''),
(8376, 666, 'user.custom.ingrid.user.age.group', '2'),
(8377, 666, 'user.custom.ingrid.user.attention.from', ''),
(8378, 666, 'user.custom.ingrid.user.confirmid', 'd523aa7cb1b14ac2df9bba13bd73e544'),
(8379, 666, 'user.custom.ingrid.user.interest', '2'),
(8380, 666, 'user.custom.ingrid.user.profession', '2'),
(8381, 666, 'user.custom.ingrid.user.subscribe.newsletter', ''),
(8382, 666, 'user.name.family', 'Zille'),
(8383, 666, 'user.name.given', 'Alexander'),
(8384, 666, 'user.name.prefix', '2'),
(8385, 667, 'user.business-info.online.email', 'ina_heyer@hotmail.de'),
(8386, 667, 'user.business-info.postal.city', ''),
(8387, 667, 'user.business-info.postal.postalcode', ''),
(8388, 667, 'user.business-info.postal.street', ''),
(8389, 667, 'user.custom.ingrid.user.age.group', '2'),
(8390, 667, 'user.custom.ingrid.user.attention.from', ''),
(8391, 667, 'user.custom.ingrid.user.confirmid', '75176edb2e08a7ef0d01d02751008b93'),
(8392, 667, 'user.custom.ingrid.user.interest', '1'),
(8393, 667, 'user.custom.ingrid.user.profession', '8'),
(8394, 667, 'user.custom.ingrid.user.subscribe.newsletter', ''),
(8395, 667, 'user.name.family', 'Heyer'),
(8396, 667, 'user.name.given', 'Ina'),
(8397, 667, 'user.name.prefix', '1'),
(8398, 668, 'user.business-info.online.email', 'dr.falko.mueller@ppm-si.de'),
(8399, 668, 'user.business-info.postal.city', ''),
(8400, 668, 'user.business-info.postal.postalcode', ''),
(8401, 668, 'user.business-info.postal.street', ''),
(8402, 668, 'user.custom.ingrid.user.age.group', '5'),
(8403, 668, 'user.custom.ingrid.user.attention.from', ''),
(8404, 668, 'user.custom.ingrid.user.confirmid', 'fcc68a4286b9a6172a1fa66450498097'),
(8405, 668, 'user.custom.ingrid.user.interest', '1'),
(8406, 668, 'user.custom.ingrid.user.profession', '3'),
(8407, 668, 'user.custom.ingrid.user.subscribe.newsletter', ''),
(8408, 668, 'user.name.family', 'Müller'),
(8409, 668, 'user.name.given', 'Dr.-Ing. Falko'),
(8410, 668, 'user.name.prefix', '2'),
(8411, 669, 'user.business-info.online.email', 'bernd.kuetemeier@mkulnv.nrw.de'),
(8412, 669, 'user.business-info.postal.city', ''),
(8413, 669, 'user.business-info.postal.postalcode', ''),
(8414, 669, 'user.business-info.postal.street', ''),
(8415, 669, 'user.custom.ingrid.user.age.group', '0'),
(8416, 669, 'user.custom.ingrid.user.attention.from', ''),
(8417, 669, 'user.custom.ingrid.user.confirmid', '07f97e41c12a6eeab349b7caa8166b77'),
(8418, 669, 'user.custom.ingrid.user.interest', '0'),
(8419, 669, 'user.custom.ingrid.user.profession', '0'),
(8420, 669, 'user.custom.ingrid.user.subscribe.newsletter', ''),
(8421, 669, 'user.name.family', 'Kütemeier'),
(8422, 669, 'user.name.given', 'Bernd'),
(8423, 669, 'user.name.prefix', '2'),
(8424, 670, 'user.business-info.online.email', 'antje.reschke@mugv.brandenburg.de'),
(8425, 670, 'user.business-info.postal.city', ''),
(8426, 670, 'user.business-info.postal.postalcode', ''),
(8427, 670, 'user.business-info.postal.street', ''),
(8428, 670, 'user.custom.ingrid.user.age.group', '0'),
(8429, 670, 'user.custom.ingrid.user.attention.from', ''),
(8430, 670, 'user.custom.ingrid.user.confirmid', '1b1ddb181ffb7eb473c3861e255d99ca'),
(8431, 670, 'user.custom.ingrid.user.interest', '0'),
(8432, 670, 'user.custom.ingrid.user.profession', '0'),
(8433, 670, 'user.custom.ingrid.user.subscribe.newsletter', ''),
(8434, 670, 'user.name.family', 'Reschke'),
(8435, 670, 'user.name.given', 'Antje'),
(8436, 670, 'user.name.prefix', '1'),
(8437, 671, 'user.business-info.online.email', 'tony.poesch@saarbruecken.de'),
(8438, 671, 'user.business-info.postal.city', 'Saarbrücken'),
(8439, 671, 'user.business-info.postal.postalcode', '66111'),
(8440, 671, 'user.business-info.postal.street', 'Rathausplatz 1'),
(8441, 671, 'user.custom.ingrid.user.age.group', '2'),
(8442, 671, 'user.custom.ingrid.user.attention.from', 'LKVK Saarland'),
(8443, 671, 'user.custom.ingrid.user.confirmid', '9ad7da8f7a4a5ca326c35cbbfc8c1c19'),
(8444, 671, 'user.custom.ingrid.user.interest', '1'),
(8445, 671, 'user.custom.ingrid.user.profession', '4'),
(8446, 671, 'user.custom.ingrid.user.subscribe.newsletter', ''),
(8447, 671, 'user.name.family', 'Poesch'),
(8448, 671, 'user.name.given', 'Tony'),
(8449, 671, 'user.name.prefix', '2'),
(8450, 672, 'user.business-info.online.email', 'k.intrau@gmx.de'),
(8451, 672, 'user.business-info.postal.city', ''),
(8452, 672, 'user.business-info.postal.postalcode', ''),
(8453, 672, 'user.business-info.postal.street', ''),
(8454, 672, 'user.custom.ingrid.user.age.group', '0'),
(8455, 672, 'user.custom.ingrid.user.attention.from', ''),
(8456, 672, 'user.custom.ingrid.user.confirmid', 'd28dc5c330a353374d2d6dc2df2dd725'),
(8457, 672, 'user.custom.ingrid.user.interest', '0'),
(8458, 672, 'user.custom.ingrid.user.profession', '0'),
(8459, 672, 'user.custom.ingrid.user.subscribe.newsletter', ''),
(8460, 672, 'user.name.family', 'Int'),
(8461, 672, 'user.name.given', 'Klaus'),
(8462, 672, 'user.name.prefix', '2'),
(8463, 673, 'user.business-info.online.email', 'anno.hesse@web.de'),
(8464, 673, 'user.business-info.postal.city', ''),
(8465, 673, 'user.business-info.postal.postalcode', ''),
(8466, 673, 'user.business-info.postal.street', ''),
(8467, 673, 'user.custom.ingrid.user.age.group', '0'),
(8468, 673, 'user.custom.ingrid.user.attention.from', ''),
(8469, 673, 'user.custom.ingrid.user.confirmid', '33e527a9cc9411325b3aaa53671e6c9b'),
(8470, 673, 'user.custom.ingrid.user.interest', '0'),
(8471, 673, 'user.custom.ingrid.user.profession', '0'),
(8472, 673, 'user.custom.ingrid.user.subscribe.newsletter', '1'),
(8473, 673, 'user.name.family', 'Hesse'),
(8474, 673, 'user.name.given', 'Antje'),
(8475, 673, 'user.name.prefix', '1'),
(8476, 674, 'user.business-info.online.email', 'Beate.Lukas@MUGV.Brandenburg.de'),
(8477, 674, 'user.business-info.postal.city', ''),
(8478, 674, 'user.business-info.postal.postalcode', ''),
(8479, 674, 'user.business-info.postal.street', ''),
(8480, 674, 'user.custom.ingrid.user.age.group', '0'),
(8481, 674, 'user.custom.ingrid.user.attention.from', ''),
(8482, 674, 'user.custom.ingrid.user.confirmid', 'a509d93fadc36bcc718e2ddba4bf2a9e'),
(8483, 674, 'user.custom.ingrid.user.interest', '0'),
(8484, 674, 'user.custom.ingrid.user.profession', '0'),
(8485, 674, 'user.custom.ingrid.user.subscribe.newsletter', ''),
(8486, 674, 'user.name.family', 'bb1'),
(8487, 674, 'user.name.given', 'md_demo'),
(8488, 674, 'user.name.prefix', '0'),
(8489, 675, 'user.business-info.online.email', 'Beate.Lukas@MUGV.Brandenburg.de'),
(8490, 675, 'user.business-info.postal.city', ''),
(8491, 675, 'user.business-info.postal.postalcode', ''),
(8492, 675, 'user.business-info.postal.street', ''),
(8493, 675, 'user.custom.ingrid.user.age.group', '0'),
(8494, 675, 'user.custom.ingrid.user.attention.from', ''),
(8495, 675, 'user.custom.ingrid.user.confirmid', 'a31b37471c282e58977cfe08abf6e213'),
(8496, 675, 'user.custom.ingrid.user.interest', '0'),
(8497, 675, 'user.custom.ingrid.user.profession', '0'),
(8498, 675, 'user.custom.ingrid.user.subscribe.newsletter', ''),
(8499, 675, 'user.name.family', 'bb2'),
(8500, 675, 'user.name.given', 'md_demo'),
(8501, 675, 'user.name.prefix', '0'),
(8502, 676, 'user.business-info.online.email', 'Beate.Lukas@MUGV.Brandenburg.de'),
(8503, 676, 'user.business-info.postal.city', ''),
(8504, 676, 'user.business-info.postal.postalcode', ''),
(8505, 676, 'user.business-info.postal.street', ''),
(8506, 676, 'user.custom.ingrid.user.age.group', '0'),
(8507, 676, 'user.custom.ingrid.user.attention.from', ''),
(8508, 676, 'user.custom.ingrid.user.confirmid', 'c5eb45b139e2d8c0a2ad6d2ad7f1d0f7'),
(8509, 676, 'user.custom.ingrid.user.interest', '0'),
(8510, 676, 'user.custom.ingrid.user.profession', '0'),
(8511, 676, 'user.custom.ingrid.user.subscribe.newsletter', ''),
(8512, 676, 'user.name.family', 'bb3'),
(8513, 676, 'user.name.given', 'md_demo'),
(8514, 676, 'user.name.prefix', '0'),
(8515, 677, 'user.business-info.online.email', 'Beate.Lukas@MUGV.Brandenburg.de'),
(8516, 677, 'user.business-info.postal.city', ''),
(8517, 677, 'user.business-info.postal.postalcode', ''),
(8518, 677, 'user.business-info.postal.street', ''),
(8519, 677, 'user.custom.ingrid.user.age.group', '0'),
(8520, 677, 'user.custom.ingrid.user.attention.from', ''),
(8521, 677, 'user.custom.ingrid.user.confirmid', '49eebc38be9172c8b828fdb183196f08'),
(8522, 677, 'user.custom.ingrid.user.interest', '0'),
(8523, 677, 'user.custom.ingrid.user.profession', '0'),
(8524, 677, 'user.custom.ingrid.user.subscribe.newsletter', ''),
(8525, 677, 'user.name.family', 'bb4'),
(8526, 677, 'user.name.given', 'md_demo'),
(8527, 677, 'user.name.prefix', '0'),
(8528, 678, 'user.business-info.online.email', 'Beate.Lukas@MUGV.Brandenburg.de'),
(8529, 678, 'user.business-info.postal.city', ''),
(8530, 678, 'user.business-info.postal.postalcode', ''),
(8531, 678, 'user.business-info.postal.street', ''),
(8532, 678, 'user.custom.ingrid.user.age.group', '0'),
(8533, 678, 'user.custom.ingrid.user.attention.from', ''),
(8534, 678, 'user.custom.ingrid.user.confirmid', '416be592d88ec3067796da65f80297fc'),
(8535, 678, 'user.custom.ingrid.user.interest', '0'),
(8536, 678, 'user.custom.ingrid.user.profession', '0'),
(8537, 678, 'user.custom.ingrid.user.subscribe.newsletter', ''),
(8538, 678, 'user.name.family', 'bb5'),
(8539, 678, 'user.name.given', 'md_demo'),
(8540, 678, 'user.name.prefix', '0'),
(8541, 679, 'user.business-info.online.email', 'christoph.schurr@lra-bautzen.de'),
(8542, 679, 'user.business-info.postal.city', 'Kamenz'),
(8543, 679, 'user.business-info.postal.postalcode', '01917'),
(8544, 679, 'user.business-info.postal.street', 'Macherstraße 55'),
(8545, 679, 'user.custom.ingrid.user.age.group', '7'),
(8546, 679, 'user.custom.ingrid.user.attention.from', 'Internet'),
(8547, 679, 'user.custom.ingrid.user.confirmid', 'c870c359e8bc87e1b35ca5be2ae80423'),
(8548, 679, 'user.custom.ingrid.user.interest', '1'),
(8549, 679, 'user.custom.ingrid.user.profession', '4'),
(8550, 679, 'user.custom.ingrid.user.subscribe.newsletter', '1'),
(8551, 679, 'user.name.family', 'Schurr'),
(8552, 679, 'user.name.given', 'Christoph'),
(8553, 679, 'user.name.prefix', '3'),
(8554, 680, 'user.business-info.online.email', 'Beate.Lukas@MUGV.Brandenburg.de'),
(8555, 680, 'user.business-info.postal.city', ''),
(8556, 680, 'user.business-info.postal.postalcode', ''),
(8557, 680, 'user.business-info.postal.street', ''),
(8558, 680, 'user.custom.ingrid.user.age.group', '0'),
(8559, 680, 'user.custom.ingrid.user.attention.from', ''),
(8560, 680, 'user.custom.ingrid.user.confirmid', 'b008b009ef30f1378b87bd0a0c191e2b'),
(8561, 680, 'user.custom.ingrid.user.interest', '0'),
(8562, 680, 'user.custom.ingrid.user.profession', '0'),
(8563, 680, 'user.custom.ingrid.user.subscribe.newsletter', ''),
(8564, 680, 'user.name.family', 'md_demo_bb6'),
(8565, 680, 'user.name.given', 'md_demo_bb6'),
(8566, 680, 'user.name.prefix', '0'),
(8567, 681, 'user.business-info.online.email', 'jan.willer@llur.landsh.de'),
(8568, 681, 'user.business-info.postal.city', 'Flintbek'),
(8569, 681, 'user.business-info.postal.postalcode', '24220'),
(8570, 681, 'user.business-info.postal.street', 'Hamburger Chaussee 25'),
(8571, 681, 'user.custom.ingrid.user.age.group', '0'),
(8572, 681, 'user.custom.ingrid.user.attention.from', 'Vorgesetzte'),
(8573, 681, 'user.custom.ingrid.user.confirmid', '947bfa94d5a95df400a124a9b5aaf1de'),
(8574, 681, 'user.custom.ingrid.user.interest', '1'),
(8575, 681, 'user.custom.ingrid.user.profession', '4'),
(8576, 681, 'user.custom.ingrid.user.subscribe.newsletter', '1'),
(8577, 681, 'user.name.family', 'Willer'),
(8578, 681, 'user.name.given', 'Jan'),
(8579, 681, 'user.name.prefix', '0'),
(8580, 682, 'user.business-info.online.email', 'thomas.quitschau@altona.hamburg.de'),
(8581, 682, 'user.business-info.postal.city', 'Hamburg'),
(8582, 682, 'user.business-info.postal.postalcode', '22765'),
(8583, 682, 'user.business-info.postal.street', 'Jessenstr. 1-3'),
(8584, 682, 'user.custom.ingrid.user.age.group', '7'),
(8585, 682, 'user.custom.ingrid.user.attention.from', 'LGV HH'),
(8586, 682, 'user.custom.ingrid.user.confirmid', 'c8a16863ca216cdcdfe63c6d5bd9d384'),
(8587, 682, 'user.custom.ingrid.user.interest', '1'),
(8588, 682, 'user.custom.ingrid.user.profession', '4'),
(8589, 682, 'user.custom.ingrid.user.subscribe.newsletter', ''),
(8590, 682, 'user.name.family', 'Quitschau'),
(8591, 682, 'user.name.given', 'Thomas'),
(8592, 682, 'user.name.prefix', '2'),
(8593, 683, 'user.business-info.online.email', 'ralf.diefenthal@freenet.de'),
(8594, 683, 'user.business-info.postal.city', 'Wachtendonk'),
(8595, 683, 'user.business-info.postal.postalcode', '47669'),
(8596, 683, 'user.business-info.postal.street', 'Batzensteg 6'),
(8597, 683, 'user.custom.ingrid.user.age.group', '4'),
(8598, 683, 'user.custom.ingrid.user.attention.from', 'Internet'),
(8599, 683, 'user.custom.ingrid.user.confirmid', '47da74a5e15b58f0a74ad2d72d495d95'),
(8600, 683, 'user.custom.ingrid.user.interest', '2'),
(8601, 683, 'user.custom.ingrid.user.profession', '2'),
(8602, 683, 'user.custom.ingrid.user.subscribe.newsletter', ''),
(8603, 683, 'user.name.family', 'Diefenthal'),
(8604, 683, 'user.name.given', 'Ralf'),
(8605, 683, 'user.name.prefix', '2'),
(8606, 684, 'user.business-info.online.email', 'peter.tralau@vanoord.com'),
(8607, 684, 'user.business-info.postal.city', ''),
(8608, 684, 'user.business-info.postal.postalcode', ''),
(8609, 684, 'user.business-info.postal.street', ''),
(8610, 684, 'user.custom.ingrid.user.age.group', '0'),
(8611, 684, 'user.custom.ingrid.user.attention.from', ''),
(8612, 684, 'user.custom.ingrid.user.confirmid', 'bda521ffea5fcffabb05763407d7436e'),
(8613, 684, 'user.custom.ingrid.user.interest', '0'),
(8614, 684, 'user.custom.ingrid.user.profession', '0'),
(8615, 684, 'user.custom.ingrid.user.subscribe.newsletter', ''),
(8616, 684, 'user.name.family', 'Tralau'),
(8617, 684, 'user.name.given', 'Peter'),
(8618, 684, 'user.name.prefix', '0'),
(8619, 685, 'user.business-info.online.email', 'M@Capellaro.de'),
(8620, 685, 'user.business-info.postal.city', ''),
(8621, 685, 'user.business-info.postal.postalcode', ''),
(8622, 685, 'user.business-info.postal.street', ''),
(8623, 685, 'user.custom.ingrid.user.age.group', '0'),
(8624, 685, 'user.custom.ingrid.user.attention.from', ''),
(8625, 685, 'user.custom.ingrid.user.confirmid', 'c5c687edb1e152fe61bec86b818eaf1e'),
(8626, 685, 'user.custom.ingrid.user.interest', '0'),
(8627, 685, 'user.custom.ingrid.user.profession', '0'),
(8628, 685, 'user.custom.ingrid.user.subscribe.newsletter', ''),
(8629, 685, 'user.name.family', 'Capellaro'),
(8630, 685, 'user.name.given', 'Marcus'),
(8631, 685, 'user.name.prefix', '2'),
(8632, 686, 'user.business-info.online.email', 'NL6000@gmx.de'),
(8633, 686, 'user.business-info.postal.city', ''),
(8634, 686, 'user.business-info.postal.postalcode', ''),
(8635, 686, 'user.business-info.postal.street', ''),
(8636, 686, 'user.custom.ingrid.user.age.group', '0'),
(8637, 686, 'user.custom.ingrid.user.attention.from', ''),
(8638, 686, 'user.custom.ingrid.user.confirmid', '77701569cfe492eff2ad6e3f611f4333'),
(8639, 686, 'user.custom.ingrid.user.interest', '0'),
(8640, 686, 'user.custom.ingrid.user.profession', '0'),
(8641, 686, 'user.custom.ingrid.user.subscribe.newsletter', ''),
(8642, 686, 'user.name.family', 'Test'),
(8643, 686, 'user.name.given', 'Ted'),
(8644, 686, 'user.name.prefix', '0'),
(8645, 687, 'user.business-info.online.email', 'p.schuchmann@id-mudersbach.de'),
(8646, 687, 'user.business-info.postal.city', 'Bad Marienberg'),
(8647, 687, 'user.business-info.postal.postalcode', '56470'),
(8648, 687, 'user.business-info.postal.street', 'Westendstr. 20'),
(8649, 687, 'user.custom.ingrid.user.age.group', '4'),
(8650, 687, 'user.custom.ingrid.user.attention.from', 'internet suchdienst'),
(8651, 687, 'user.custom.ingrid.user.confirmid', 'f3d3a48194bd345c024669d4abd183f6'),
(8652, 687, 'user.custom.ingrid.user.interest', '1'),
(8653, 687, 'user.custom.ingrid.user.profession', '2'),
(8654, 687, 'user.custom.ingrid.user.subscribe.newsletter', ''),
(8655, 687, 'user.name.family', 'Schuchmann'),
(8656, 687, 'user.name.given', 'Patricia'),
(8657, 687, 'user.name.prefix', '1'),
(8658, 688, 'user.business-info.online.email', 'ina.wanfried@gd.nrw.de'),
(8659, 688, 'user.business-info.postal.city', 'Krefeld'),
(8660, 688, 'user.business-info.postal.postalcode', '47803'),
(8661, 688, 'user.business-info.postal.street', 'De-Greiff Str. 195'),
(8662, 688, 'user.custom.ingrid.user.age.group', '3'),
(8663, 688, 'user.custom.ingrid.user.attention.from', 'Behörde'),
(8664, 688, 'user.custom.ingrid.user.confirmid', '7691b9dc0ca51a8c6cdf0a6d2a2f3184'),
(8665, 688, 'user.custom.ingrid.user.interest', '1'),
(8666, 688, 'user.custom.ingrid.user.profession', '3'),
(8667, 688, 'user.custom.ingrid.user.subscribe.newsletter', '1'),
(8668, 688, 'user.name.family', 'Wanfried'),
(8669, 688, 'user.name.given', 'Ina'),
(8670, 688, 'user.name.prefix', '1'),
(8671, 689, 'user.business-info.online.email', 'volkerwilkens@hotmail.de'),
(8672, 689, 'user.business-info.postal.city', ''),
(8673, 689, 'user.business-info.postal.postalcode', ''),
(8674, 689, 'user.business-info.postal.street', ''),
(8675, 689, 'user.custom.ingrid.user.age.group', '2'),
(8676, 689, 'user.custom.ingrid.user.attention.from', ''),
(8677, 689, 'user.custom.ingrid.user.confirmid', '71574bedbbeffac82332e9e497971aa7'),
(8678, 689, 'user.custom.ingrid.user.interest', '1'),
(8679, 689, 'user.custom.ingrid.user.profession', '6'),
(8680, 689, 'user.custom.ingrid.user.subscribe.newsletter', ''),
(8681, 689, 'user.name.family', 'Wilkens'),
(8682, 689, 'user.name.given', 'Volker'),
(8683, 689, 'user.name.prefix', '2'),
(8684, 690, 'user.business-info.online.email', 'maddelschueffler@googlemail.com'),
(8685, 690, 'user.business-info.postal.city', ''),
(8686, 690, 'user.business-info.postal.postalcode', ''),
(8687, 690, 'user.business-info.postal.street', ''),
(8688, 690, 'user.custom.ingrid.user.age.group', '2'),
(8689, 690, 'user.custom.ingrid.user.attention.from', ''),
(8690, 690, 'user.custom.ingrid.user.confirmid', '34c3ed446b4a37321b854d7470eb1cd9'),
(8691, 690, 'user.custom.ingrid.user.interest', '0'),
(8692, 690, 'user.custom.ingrid.user.profession', '6'),
(8693, 690, 'user.custom.ingrid.user.subscribe.newsletter', ''),
(8694, 690, 'user.name.family', 'Schüffler'),
(8695, 690, 'user.name.given', 'Madeleine'),
(8696, 690, 'user.name.prefix', '1'),
(8697, 691, 'user.business-info.online.email', 'thomas.koteras@kw-mehrum.de'),
(8698, 691, 'user.business-info.postal.city', 'Hohenhameln'),
(8699, 691, 'user.business-info.postal.postalcode', '31249'),
(8700, 691, 'user.business-info.postal.street', 'Triftstraße 25'),
(8701, 691, 'user.custom.ingrid.user.age.group', '4'),
(8702, 691, 'user.custom.ingrid.user.attention.from', 'Internet'),
(8703, 691, 'user.custom.ingrid.user.confirmid', 'ce4db3ad19fa4c7a6abe1479ecb54b2a'),
(8704, 691, 'user.custom.ingrid.user.interest', '1'),
(8705, 691, 'user.custom.ingrid.user.profession', '2'),
(8706, 691, 'user.custom.ingrid.user.subscribe.newsletter', ''),
(8707, 691, 'user.name.family', 'Koteras'),
(8708, 691, 'user.name.given', 'Thomas'),
(8709, 691, 'user.name.prefix', '2'),
(8710, 692, 'user.business-info.online.email', 'planungsbuero-dressler@t-online.de'),
(8711, 692, 'user.business-info.postal.city', ''),
(8712, 692, 'user.business-info.postal.postalcode', ''),
(8713, 692, 'user.business-info.postal.street', ''),
(8714, 692, 'user.custom.ingrid.user.age.group', '0'),
(8715, 692, 'user.custom.ingrid.user.attention.from', ''),
(8716, 692, 'user.custom.ingrid.user.confirmid', '888052ffb4653270f3ebb8678c0a30e4'),
(8717, 692, 'user.custom.ingrid.user.interest', '0'),
(8718, 692, 'user.custom.ingrid.user.profession', '0'),
(8719, 692, 'user.custom.ingrid.user.subscribe.newsletter', ''),
(8720, 692, 'user.name.family', 'Dreßler'),
(8721, 692, 'user.name.given', 'Ulrich'),
(8722, 692, 'user.name.prefix', '0'),
(8723, 693, 'user.business-info.online.email', 'cathaleen_88@yahoo.de'),
(8724, 693, 'user.business-info.postal.city', ''),
(8725, 693, 'user.business-info.postal.postalcode', ''),
(8726, 693, 'user.business-info.postal.street', ''),
(8727, 693, 'user.custom.ingrid.user.age.group', '0'),
(8728, 693, 'user.custom.ingrid.user.attention.from', ''),
(8729, 693, 'user.custom.ingrid.user.confirmid', 'c817d58a9416b49dbe692670248a657c'),
(8730, 693, 'user.custom.ingrid.user.interest', '0'),
(8731, 693, 'user.custom.ingrid.user.profession', '0'),
(8732, 693, 'user.custom.ingrid.user.subscribe.newsletter', ''),
(8733, 693, 'user.name.family', 'Eder'),
(8734, 693, 'user.name.given', 'Catha'),
(8735, 693, 'user.name.prefix', '1'),
(8736, 694, 'user.business-info.online.email', 'tholm@holmsandfriends.co.za'),
(8737, 694, 'user.business-info.postal.city', 'Xanadu crossing, Hartbeespoort'),
(8738, 694, 'user.business-info.postal.postalcode', '0279'),
(8739, 694, 'user.business-info.postal.street', 'Box 2160'),
(8740, 694, 'user.custom.ingrid.user.age.group', '7'),
(8741, 694, 'user.custom.ingrid.user.attention.from', 'web search'),
(8742, 694, 'user.custom.ingrid.user.confirmid', 'f699bd901d90295075d43e858312b822'),
(8743, 694, 'user.custom.ingrid.user.interest', '1'),
(8744, 694, 'user.custom.ingrid.user.profession', '3'),
(8745, 694, 'user.custom.ingrid.user.subscribe.newsletter', ''),
(8746, 694, 'user.name.family', 'Holm'),
(8747, 694, 'user.name.given', 'Thea'),
(8748, 694, 'user.name.prefix', '1'),
(8749, 695, 'user.business-info.online.email', 'klsschlz5@googlemail.com'),
(8750, 695, 'user.business-info.postal.city', ''),
(8751, 695, 'user.business-info.postal.postalcode', ''),
(8752, 695, 'user.business-info.postal.street', ''),
(8753, 695, 'user.custom.ingrid.user.age.group', ''),
(8754, 695, 'user.custom.ingrid.user.attention.from', ''),
(8755, 695, 'user.custom.ingrid.user.confirmid', 'fc09090d8bb943b421934e24677b62e1'),
(8756, 695, 'user.custom.ingrid.user.interest', ''),
(8757, 695, 'user.custom.ingrid.user.profession', ''),
(8758, 695, 'user.custom.ingrid.user.subscribe.newsletter', ''),
(8759, 695, 'user.name.family', 'Schmidt'),
(8760, 695, 'user.name.given', 'Martin'),
(8761, 695, 'user.name.prefix', '2'),
(8762, 696, 'user.business-info.online.email', 'ebcccbd9f739@b4e93b95ba2d.anonbox.net'),
(8763, 696, 'user.business-info.postal.city', ''),
(8764, 696, 'user.business-info.postal.postalcode', ''),
(8765, 696, 'user.business-info.postal.street', ''),
(8766, 696, 'user.custom.ingrid.user.age.group', '0'),
(8767, 696, 'user.custom.ingrid.user.attention.from', ''),
(8768, 696, 'user.custom.ingrid.user.confirmid', '42fa06f7432835387078f96ee234b08b'),
(8769, 696, 'user.custom.ingrid.user.interest', '0'),
(8770, 696, 'user.custom.ingrid.user.profession', '0'),
(8771, 696, 'user.custom.ingrid.user.subscribe.newsletter', ''),
(8772, 696, 'user.name.family', 'TEST2'),
(8773, 696, 'user.name.given', 'TEST1'),
(8774, 696, 'user.name.prefix', '0'),
(8775, 697, 'user.business-info.online.email', 'Doreen.Papendick@lugv.brandenburg.de'),
(8776, 697, 'user.business-info.postal.city', ''),
(8777, 697, 'user.business-info.postal.postalcode', ''),
(8778, 697, 'user.business-info.postal.street', ''),
(8779, 697, 'user.custom.ingrid.user.age.group', '0'),
(8780, 697, 'user.custom.ingrid.user.attention.from', ''),
(8781, 697, 'user.custom.ingrid.user.confirmid', 'edeb62eec3b6cf9c419b18843d76e400'),
(8782, 697, 'user.custom.ingrid.user.interest', '0'),
(8783, 697, 'user.custom.ingrid.user.profession', '0'),
(8784, 697, 'user.custom.ingrid.user.subscribe.newsletter', ''),
(8785, 697, 'user.name.family', 'Papendick'),
(8786, 697, 'user.name.given', 'Doreen'),
(8787, 697, 'user.name.prefix', '0'),
(8788, 698, 'user.business-info.online.email', 'Sylke.Wuensch@lugv.brandenburg.de'),
(8789, 698, 'user.business-info.postal.city', ''),
(8790, 698, 'user.business-info.postal.postalcode', ''),
(8791, 698, 'user.business-info.postal.street', ''),
(8792, 698, 'user.custom.ingrid.user.age.group', '0'),
(8793, 698, 'user.custom.ingrid.user.attention.from', ''),
(8794, 698, 'user.custom.ingrid.user.confirmid', 'c7b4fb33f1fcc0825c7b521af680c70c'),
(8795, 698, 'user.custom.ingrid.user.interest', '0'),
(8796, 698, 'user.custom.ingrid.user.profession', '0'),
(8797, 698, 'user.custom.ingrid.user.subscribe.newsletter', ''),
(8798, 698, 'user.name.family', 'Wünsch'),
(8799, 698, 'user.name.given', 'Sylke'),
(8800, 698, 'user.name.prefix', '0'),
(8801, 699, 'user.business-info.online.email', 'Antje.Balke@lugv.brandenburg.de'),
(8802, 699, 'user.business-info.postal.city', ''),
(8803, 699, 'user.business-info.postal.postalcode', ''),
(8804, 699, 'user.business-info.postal.street', ''),
(8805, 699, 'user.custom.ingrid.user.age.group', '0'),
(8806, 699, 'user.custom.ingrid.user.attention.from', ''),
(8807, 699, 'user.custom.ingrid.user.confirmid', '8cad7222f9b135e2c718376ac47e7480'),
(8808, 699, 'user.custom.ingrid.user.interest', '0'),
(8809, 699, 'user.custom.ingrid.user.profession', '0'),
(8810, 699, 'user.custom.ingrid.user.subscribe.newsletter', ''),
(8811, 699, 'user.name.family', 'Balke'),
(8812, 699, 'user.name.given', 'Antje'),
(8813, 699, 'user.name.prefix', '0'),
(8814, 700, 'user.business-info.online.email', 'Joachim.Wolf@lugv.brandenburg.de'),
(8815, 700, 'user.business-info.postal.city', ''),
(8816, 700, 'user.business-info.postal.postalcode', ''),
(8817, 700, 'user.business-info.postal.street', ''),
(8818, 700, 'user.custom.ingrid.user.age.group', '0'),
(8819, 700, 'user.custom.ingrid.user.attention.from', ''),
(8820, 700, 'user.custom.ingrid.user.confirmid', 'fdb10bedc5a04e15ea964b0510ed4ed7'),
(8821, 700, 'user.custom.ingrid.user.interest', '0'),
(8822, 700, 'user.custom.ingrid.user.profession', '0'),
(8823, 700, 'user.custom.ingrid.user.subscribe.newsletter', ''),
(8824, 700, 'user.name.family', 'Wolf'),
(8825, 700, 'user.name.given', 'Joachim'),
(8826, 700, 'user.name.prefix', '0'),
(8827, 701, 'user.business-info.online.email', 'Christian.Friedrich@lugv.brandenburg.de'),
(8828, 701, 'user.business-info.postal.city', ''),
(8829, 701, 'user.business-info.postal.postalcode', ''),
(8830, 701, 'user.business-info.postal.street', ''),
(8831, 701, 'user.custom.ingrid.user.age.group', '0'),
(8832, 701, 'user.custom.ingrid.user.attention.from', ''),
(8833, 701, 'user.custom.ingrid.user.confirmid', '9b7e62221afe42649cda9e083c0e6736'),
(8834, 701, 'user.custom.ingrid.user.interest', '0'),
(8835, 701, 'user.custom.ingrid.user.profession', '0'),
(8836, 701, 'user.custom.ingrid.user.subscribe.newsletter', ''),
(8837, 701, 'user.name.family', 'Friedrich'),
(8838, 701, 'user.name.given', 'Christian'),
(8839, 701, 'user.name.prefix', '0'),
(8840, 702, 'user.business-info.online.email', 'rainer.hoppe@lugv.brandenburg.de'),
(8841, 702, 'user.business-info.postal.city', ''),
(8842, 702, 'user.business-info.postal.postalcode', ''),
(8843, 702, 'user.business-info.postal.street', ''),
(8844, 702, 'user.custom.ingrid.user.age.group', '0'),
(8845, 702, 'user.custom.ingrid.user.attention.from', ''),
(8846, 702, 'user.custom.ingrid.user.confirmid', 'e14ceeb8873262be3fedf9e77082462a'),
(8847, 702, 'user.custom.ingrid.user.interest', '0'),
(8848, 702, 'user.custom.ingrid.user.profession', '0'),
(8849, 702, 'user.custom.ingrid.user.subscribe.newsletter', ''),
(8850, 702, 'user.name.family', 'Hoppe'),
(8851, 702, 'user.name.given', 'Rainer'),
(8852, 702, 'user.name.prefix', '0'),
(8853, 703, 'user.business-info.online.email', 'nacholoecu@yahoo.com'),
(8854, 703, 'user.business-info.postal.city', 'Dessau'),
(8855, 703, 'user.business-info.postal.postalcode', '06844'),
(8856, 703, 'user.business-info.postal.street', 'Fritz-Hesse Str.'),
(8857, 703, 'user.custom.ingrid.user.age.group', ''),
(8858, 703, 'user.custom.ingrid.user.attention.from', ''),
(8859, 703, 'user.custom.ingrid.user.confirmid', 'd2f9e734aad0da7f60d7d5c8bbd5c30f'),
(8860, 703, 'user.custom.ingrid.user.interest', ''),
(8861, 703, 'user.custom.ingrid.user.profession', ''),
(8862, 703, 'user.custom.ingrid.user.subscribe.newsletter', ''),
(8863, 703, 'user.name.family', 'loza'),
(8864, 703, 'user.name.given', 'jose'),
(8865, 703, 'user.name.prefix', '2'),
(8866, 704, 'user.business-info.online.email', 'annett.plogsties@tll.thueringen.de'),
(8867, 704, 'user.business-info.postal.city', 'Jena'),
(8868, 704, 'user.business-info.postal.postalcode', '07743'),
(8869, 704, 'user.business-info.postal.street', 'Naumburger Str. 98'),
(8870, 704, 'user.custom.ingrid.user.age.group', '4'),
(8871, 704, 'user.custom.ingrid.user.attention.from', ''),
(8872, 704, 'user.custom.ingrid.user.confirmid', 'a7f2d66dd37e58d00337becda454c639'),
(8873, 704, 'user.custom.ingrid.user.interest', '1'),
(8874, 704, 'user.custom.ingrid.user.profession', '4'),
(8875, 704, 'user.custom.ingrid.user.subscribe.newsletter', ''),
(8876, 704, 'user.name.family', 'Plogsties'),
(8877, 704, 'user.name.given', 'Annett'),
(8878, 704, 'user.name.prefix', '1'),
(8879, 705, 'user.business-info.online.email', 'info@buero-jasken.de'),
(8880, 705, 'user.business-info.postal.city', 'Berlin'),
(8881, 705, 'user.business-info.postal.postalcode', '10178'),
(8882, 705, 'user.business-info.postal.street', 'Karl-Liebknecht-Straße 33'),
(8883, 705, 'user.custom.ingrid.user.age.group', ''),
(8884, 705, 'user.custom.ingrid.user.attention.from', ''),
(8885, 705, 'user.custom.ingrid.user.confirmid', '08dd1a88bbc1076d283d16f7d99a06d0'),
(8886, 705, 'user.custom.ingrid.user.interest', ''),
(8887, 705, 'user.custom.ingrid.user.profession', ''),
(8888, 705, 'user.custom.ingrid.user.subscribe.newsletter', ''),
(8889, 705, 'user.name.family', 'Jasken'),
(8890, 705, 'user.name.given', 'Heinz'),
(8891, 705, 'user.name.prefix', '2'),
(8892, 706, 'user.business-info.online.email', 'Beate.Lukas@MUGV.Brandenburg.de'),
(8893, 706, 'user.business-info.postal.city', ''),
(8894, 706, 'user.business-info.postal.postalcode', ''),
(8895, 706, 'user.business-info.postal.street', ''),
(8896, 706, 'user.custom.ingrid.user.age.group', ''),
(8897, 706, 'user.custom.ingrid.user.attention.from', ''),
(8898, 706, 'user.custom.ingrid.user.confirmid', 'a3ea8e6ea082981a34be499586069653'),
(8899, 706, 'user.custom.ingrid.user.interest', ''),
(8900, 706, 'user.custom.ingrid.user.profession', ''),
(8901, 706, 'user.custom.ingrid.user.subscribe.newsletter', ''),
(8902, 706, 'user.name.family', 'Lukas'),
(8903, 706, 'user.name.given', 'Beate'),
(8904, 706, 'user.name.prefix', '0'),
(8905, 707, 'user.business-info.online.email', 'cofex@gmx.net'),
(8906, 707, 'user.business-info.postal.city', ''),
(8907, 707, 'user.business-info.postal.postalcode', ''),
(8908, 707, 'user.business-info.postal.street', ''),
(8909, 707, 'user.custom.ingrid.user.age.group', ''),
(8910, 707, 'user.custom.ingrid.user.attention.from', ''),
(8911, 707, 'user.custom.ingrid.user.confirmid', '69a41f4333314e66ffaedeb503ba2d95'),
(8912, 707, 'user.custom.ingrid.user.interest', ''),
(8913, 707, 'user.custom.ingrid.user.profession', ''),
(8914, 707, 'user.custom.ingrid.user.subscribe.newsletter', ''),
(8915, 707, 'user.name.family', 'Anom'),
(8916, 707, 'user.name.given', 'Cofex'),
(8917, 707, 'user.name.prefix', '1'),
(8918, 708, 'user.business-info.online.email', 'klaus.wieland@portalu.de'),
(8919, 708, 'user.business-info.postal.city', ''),
(8920, 708, 'user.business-info.postal.postalcode', ''),
(8921, 708, 'user.business-info.postal.street', ''),
(8922, 708, 'user.custom.ingrid.user.age.group', '0'),
(8923, 708, 'user.custom.ingrid.user.attention.from', ''),
(8924, 708, 'user.custom.ingrid.user.confirmid', '549281b8b63abe89b76f71ed3f72d143'),
(8925, 708, 'user.custom.ingrid.user.interest', '0'),
(8926, 708, 'user.custom.ingrid.user.profession', '0'),
(8927, 708, 'user.custom.ingrid.user.subscribe.newsletter', ''),
(8928, 708, 'user.name.family', 'Wieland'),
(8929, 708, 'user.name.given', 'Klaus'),
(8930, 708, 'user.name.prefix', '0'),
(8931, 709, 'user.business-info.online.email', 'klaus.wieland@portalu.de'),
(8932, 709, 'user.business-info.postal.city', ''),
(8933, 709, 'user.business-info.postal.postalcode', ''),
(8934, 709, 'user.business-info.postal.street', ''),
(8935, 709, 'user.custom.ingrid.user.age.group', ''),
(8936, 709, 'user.custom.ingrid.user.attention.from', ''),
(8937, 709, 'user.custom.ingrid.user.confirmid', '549c42deaa3c060554a59a5b0c74663b'),
(8938, 709, 'user.custom.ingrid.user.interest', ''),
(8939, 709, 'user.custom.ingrid.user.profession', ''),
(8940, 709, 'user.custom.ingrid.user.subscribe.newsletter', ''),
(8941, 709, 'user.name.family', 'Wieland'),
(8942, 709, 'user.name.given', 'Klaus'),
(8943, 709, 'user.name.prefix', '0'),
(8944, 710, 'user.business-info.online.email', 'Folcen@web.de'),
(8945, 710, 'user.business-info.postal.city', ''),
(8946, 710, 'user.business-info.postal.postalcode', ''),
(8947, 710, 'user.business-info.postal.street', '');
INSERT INTO `security_attribute` (`ATTR_ID`, `PRINCIPAL_ID`, `ATTR_NAME`, `ATTR_VALUE`) VALUES
(8948, 710, 'user.custom.ingrid.user.age.group', ''),
(8949, 710, 'user.custom.ingrid.user.attention.from', ''),
(8950, 710, 'user.custom.ingrid.user.confirmid', '6f18306aee044c0a4a139617192ad96d'),
(8951, 710, 'user.custom.ingrid.user.interest', ''),
(8952, 710, 'user.custom.ingrid.user.profession', ''),
(8953, 710, 'user.custom.ingrid.user.subscribe.newsletter', ''),
(8954, 710, 'user.name.family', 'Czarnowsky'),
(8955, 710, 'user.name.given', 'David'),
(8956, 710, 'user.name.prefix', '2'),
(8957, 711, 'user.business-info.online.email', 'isabel.haberkorn2@uni-rostock.de'),
(8958, 711, 'user.business-info.postal.city', ''),
(8959, 711, 'user.business-info.postal.postalcode', ''),
(8960, 711, 'user.business-info.postal.street', ''),
(8961, 711, 'user.custom.ingrid.user.age.group', ''),
(8962, 711, 'user.custom.ingrid.user.attention.from', ''),
(8963, 711, 'user.custom.ingrid.user.confirmid', 'd4fd0a4ab30a4dce2602c0eefedd9866'),
(8964, 711, 'user.custom.ingrid.user.interest', ''),
(8965, 711, 'user.custom.ingrid.user.profession', ''),
(8966, 711, 'user.custom.ingrid.user.subscribe.newsletter', ''),
(8967, 711, 'user.name.family', 'Haberkorn'),
(8968, 711, 'user.name.given', 'Isabel'),
(8969, 711, 'user.name.prefix', '0'),
(8970, 712, 'user.business-info.online.email', 'volker.huelshorst@stadtwerke-essen.de'),
(8971, 712, 'user.business-info.postal.city', ''),
(8972, 712, 'user.business-info.postal.postalcode', ''),
(8973, 712, 'user.business-info.postal.street', ''),
(8974, 712, 'user.custom.ingrid.user.age.group', ''),
(8975, 712, 'user.custom.ingrid.user.attention.from', ''),
(8976, 712, 'user.custom.ingrid.user.confirmid', '8fbe8afd2a73b10b05f3eefa63dcd7f0'),
(8977, 712, 'user.custom.ingrid.user.interest', ''),
(8978, 712, 'user.custom.ingrid.user.profession', ''),
(8979, 712, 'user.custom.ingrid.user.subscribe.newsletter', ''),
(8980, 712, 'user.name.family', 'Hülshorst'),
(8981, 712, 'user.name.given', 'Volker'),
(8982, 712, 'user.name.prefix', '0'),
(8983, 713, 'user.business-info.online.email', 'wolfram.kujak@lugv.brandenburg.de'),
(8984, 713, 'user.business-info.postal.city', ''),
(8985, 713, 'user.business-info.postal.postalcode', ''),
(8986, 713, 'user.business-info.postal.street', ''),
(8987, 713, 'user.custom.ingrid.user.age.group', ''),
(8988, 713, 'user.custom.ingrid.user.attention.from', ''),
(8989, 713, 'user.custom.ingrid.user.confirmid', '41c593b5e7dcfffd102470bf0d7dfa83'),
(8990, 713, 'user.custom.ingrid.user.interest', ''),
(8991, 713, 'user.custom.ingrid.user.profession', ''),
(8992, 713, 'user.custom.ingrid.user.subscribe.newsletter', ''),
(8993, 713, 'user.name.family', 'Kujak'),
(8994, 713, 'user.name.given', 'wolfram'),
(8995, 713, 'user.name.prefix', '2'),
(8996, 714, 'user.business-info.online.email', 'ml@loskyll.de'),
(8997, 714, 'user.business-info.postal.city', 'Essen'),
(8998, 714, 'user.business-info.postal.postalcode', '45147'),
(8999, 714, 'user.business-info.postal.street', 'Virchowstr. 49'),
(9000, 714, 'user.custom.ingrid.user.age.group', ''),
(9001, 714, 'user.custom.ingrid.user.attention.from', ''),
(9002, 714, 'user.custom.ingrid.user.confirmid', '480b646e1e2de18b62f88e1a1f14fbcb'),
(9003, 714, 'user.custom.ingrid.user.interest', ''),
(9004, 714, 'user.custom.ingrid.user.profession', ''),
(9005, 714, 'user.custom.ingrid.user.subscribe.newsletter', '1'),
(9006, 714, 'user.name.family', 'Loskyll'),
(9007, 714, 'user.name.given', 'Martin'),
(9008, 714, 'user.name.prefix', '2'),
(9009, 715, 'user.business-info.online.email', 'jan.traeder@student.htw-berlin.de'),
(9010, 715, 'user.business-info.postal.city', 'Berlin'),
(9011, 715, 'user.business-info.postal.postalcode', '12621'),
(9012, 715, 'user.business-info.postal.street', 'Pölitzer Str.2'),
(9013, 715, 'user.custom.ingrid.user.age.group', ''),
(9014, 715, 'user.custom.ingrid.user.attention.from', ''),
(9015, 715, 'user.custom.ingrid.user.confirmid', '99525b9d41e1620fe18ee1e2808168d3'),
(9016, 715, 'user.custom.ingrid.user.interest', ''),
(9017, 715, 'user.custom.ingrid.user.profession', ''),
(9018, 715, 'user.custom.ingrid.user.subscribe.newsletter', ''),
(9019, 715, 'user.name.family', 'Träder'),
(9020, 715, 'user.name.given', 'Jan'),
(9021, 715, 'user.name.prefix', '2'),
(9022, 716, 'user.business-info.online.email', 'gerd.schoen@stolberg.de'),
(9023, 716, 'user.business-info.postal.city', 'Stolberg'),
(9024, 716, 'user.business-info.postal.postalcode', '52222'),
(9025, 716, 'user.business-info.postal.street', 'Rathausstr. 11-13'),
(9026, 716, 'user.custom.ingrid.user.age.group', ''),
(9027, 716, 'user.custom.ingrid.user.attention.from', ''),
(9028, 716, 'user.custom.ingrid.user.confirmid', '58deda23090c6b3002dfe597c6bdb61a'),
(9029, 716, 'user.custom.ingrid.user.interest', ''),
(9030, 716, 'user.custom.ingrid.user.profession', ''),
(9031, 716, 'user.custom.ingrid.user.subscribe.newsletter', ''),
(9032, 716, 'user.name.family', 'Schön'),
(9033, 716, 'user.name.given', 'Gerd'),
(9034, 716, 'user.name.prefix', '2'),
(9035, 717, 'user.business-info.online.email', 'p.skasa@ige-hennemann.de'),
(9036, 717, 'user.business-info.postal.city', ''),
(9037, 717, 'user.business-info.postal.postalcode', ''),
(9038, 717, 'user.business-info.postal.street', ''),
(9039, 717, 'user.custom.ingrid.user.age.group', ''),
(9040, 717, 'user.custom.ingrid.user.attention.from', ''),
(9041, 717, 'user.custom.ingrid.user.confirmid', 'd0d6fccea421fa0dce35a0b5e3fdff99'),
(9042, 717, 'user.custom.ingrid.user.interest', ''),
(9043, 717, 'user.custom.ingrid.user.profession', ''),
(9044, 717, 'user.custom.ingrid.user.subscribe.newsletter', ''),
(9045, 717, 'user.name.family', 'Skasa'),
(9046, 717, 'user.name.given', 'Patrick'),
(9047, 717, 'user.name.prefix', '2'),
(9048, 718, 'user.business-info.online.email', 'julian.heikel@gmx.de'),
(9049, 718, 'user.business-info.postal.city', 'Hamburg'),
(9050, 718, 'user.business-info.postal.postalcode', '22767'),
(9051, 718, 'user.business-info.postal.street', 'Bernstorffstr 37'),
(9052, 718, 'user.custom.ingrid.user.age.group', ''),
(9053, 718, 'user.custom.ingrid.user.attention.from', ''),
(9054, 718, 'user.custom.ingrid.user.confirmid', '1b0ae2209db80de76de1da2833679668'),
(9055, 718, 'user.custom.ingrid.user.interest', ''),
(9056, 718, 'user.custom.ingrid.user.profession', ''),
(9057, 718, 'user.custom.ingrid.user.subscribe.newsletter', '1'),
(9058, 718, 'user.name.family', 'Heikel'),
(9059, 718, 'user.name.given', 'Julian'),
(9060, 718, 'user.name.prefix', '2'),
(9061, 719, 'user.business-info.online.email', 'jg_webstuff@gmx.net'),
(9062, 719, 'user.business-info.postal.city', ''),
(9063, 719, 'user.business-info.postal.postalcode', ''),
(9064, 719, 'user.business-info.postal.street', ''),
(9065, 719, 'user.custom.ingrid.user.age.group', '0'),
(9066, 719, 'user.custom.ingrid.user.attention.from', ''),
(9067, 719, 'user.custom.ingrid.user.confirmid', '9c0f69ae0fd6e6ad21f99642b0ce344e'),
(9068, 719, 'user.custom.ingrid.user.interest', '0'),
(9069, 719, 'user.custom.ingrid.user.profession', '0'),
(9070, 719, 'user.custom.ingrid.user.subscribe.newsletter', '1'),
(9071, 719, 'user.name.family', 'Götze'),
(9072, 719, 'user.name.given', 'Jens'),
(9073, 719, 'user.name.prefix', '2'),
(9074, 720, 'user.business-info.online.email', 'matthias.wagner@tlug.thueringen.de'),
(9075, 720, 'user.business-info.postal.city', 'Jena'),
(9076, 720, 'user.business-info.postal.postalcode', '07745'),
(9077, 720, 'user.business-info.postal.street', 'Göschwitzer Strasse 41'),
(9078, 720, 'user.custom.ingrid.user.age.group', '7'),
(9079, 720, 'user.custom.ingrid.user.attention.from', ''),
(9080, 720, 'user.custom.ingrid.user.confirmid', '00b3fd3c24fb3556decbcd3ae375acc1'),
(9081, 720, 'user.custom.ingrid.user.interest', '1'),
(9082, 720, 'user.custom.ingrid.user.profession', '4'),
(9083, 720, 'user.custom.ingrid.user.subscribe.newsletter', '1'),
(9084, 720, 'user.name.family', 'Wagner'),
(9085, 720, 'user.name.given', 'Matthias'),
(9086, 720, 'user.name.prefix', '2'),
(9087, 721, 'user.business-info.online.email', 'Wolfgang.Laehne@absolventum.uni-mannheim.de'),
(9088, 721, 'user.business-info.postal.city', 'Römerberg'),
(9089, 721, 'user.business-info.postal.postalcode', '67354'),
(9090, 721, 'user.business-info.postal.street', 'Brucknerstrasse 13'),
(9091, 721, 'user.custom.ingrid.user.age.group', ''),
(9092, 721, 'user.custom.ingrid.user.attention.from', ''),
(9093, 721, 'user.custom.ingrid.user.confirmid', '601e40bea91943eacdf191e65a52a7b5'),
(9094, 721, 'user.custom.ingrid.user.interest', ''),
(9095, 721, 'user.custom.ingrid.user.profession', ''),
(9096, 721, 'user.custom.ingrid.user.subscribe.newsletter', ''),
(9097, 721, 'user.name.family', 'Lähne'),
(9098, 721, 'user.name.given', 'Wolfgang'),
(9099, 721, 'user.name.prefix', '3'),
(9100, 722, 'user.business-info.online.email', 'maren.liedtke@lvermgeo.sachsen-anhalt.de'),
(9101, 722, 'user.business-info.postal.city', 'Magdeburg'),
(9102, 722, 'user.business-info.postal.postalcode', '39104'),
(9103, 722, 'user.business-info.postal.street', 'Otto-von-Guericke-Straße 15'),
(9104, 722, 'user.custom.ingrid.user.age.group', ''),
(9105, 722, 'user.custom.ingrid.user.attention.from', ''),
(9106, 722, 'user.custom.ingrid.user.confirmid', '0331a01ef8254f02beb9ef11fbe1e3e1'),
(9107, 722, 'user.custom.ingrid.user.interest', ''),
(9108, 722, 'user.custom.ingrid.user.profession', ''),
(9109, 722, 'user.custom.ingrid.user.subscribe.newsletter', ''),
(9110, 722, 'user.name.family', 'Liedtke'),
(9111, 722, 'user.name.given', 'Maren'),
(9112, 722, 'user.name.prefix', '1'),
(9113, 723, 'user.business-info.online.email', 'birgit.kohlenbach@lvermgeo.sachsen-anhalt.de'),
(9114, 723, 'user.business-info.postal.city', 'Magdeburg'),
(9115, 723, 'user.business-info.postal.postalcode', '39104'),
(9116, 723, 'user.business-info.postal.street', 'Otto-von-Guericke-Straße 15'),
(9117, 723, 'user.custom.ingrid.user.age.group', ''),
(9118, 723, 'user.custom.ingrid.user.attention.from', ''),
(9119, 723, 'user.custom.ingrid.user.confirmid', 'ca18f792019cca1ec6c5635ddf76ddd7'),
(9120, 723, 'user.custom.ingrid.user.interest', ''),
(9121, 723, 'user.custom.ingrid.user.profession', ''),
(9122, 723, 'user.custom.ingrid.user.subscribe.newsletter', ''),
(9123, 723, 'user.name.family', 'Kohlenbach'),
(9124, 723, 'user.name.given', 'Birgit'),
(9125, 723, 'user.name.prefix', '1'),
(9126, 724, 'user.business-info.online.email', 'katrin.gloeckner@lvermgeo.sachsen-anhalt.de'),
(9127, 724, 'user.business-info.postal.city', 'Magdeburg'),
(9128, 724, 'user.business-info.postal.postalcode', '39104'),
(9129, 724, 'user.business-info.postal.street', 'Otto-von-Guericke-Str. 15'),
(9130, 724, 'user.custom.ingrid.user.age.group', ''),
(9131, 724, 'user.custom.ingrid.user.attention.from', ''),
(9132, 724, 'user.custom.ingrid.user.confirmid', '9eb4699f6698b06abd9067540eed0300'),
(9133, 724, 'user.custom.ingrid.user.interest', ''),
(9134, 724, 'user.custom.ingrid.user.profession', ''),
(9135, 724, 'user.custom.ingrid.user.subscribe.newsletter', ''),
(9136, 724, 'user.name.family', 'Glöckner'),
(9137, 724, 'user.name.given', 'Katrin'),
(9138, 724, 'user.name.prefix', '0'),
(9139, 725, 'user.business-info.online.email', 'annette.krueger@lvermgeo.sachsen-anhalt.de'),
(9140, 725, 'user.business-info.postal.city', 'Magdeburg'),
(9141, 725, 'user.business-info.postal.postalcode', '39104'),
(9142, 725, 'user.business-info.postal.street', 'Otto-von-Guericke-Straße 15'),
(9143, 725, 'user.custom.ingrid.user.age.group', ''),
(9144, 725, 'user.custom.ingrid.user.attention.from', ''),
(9145, 725, 'user.custom.ingrid.user.confirmid', '37603cd53f90d40542a623dfce8ad19f'),
(9146, 725, 'user.custom.ingrid.user.interest', ''),
(9147, 725, 'user.custom.ingrid.user.profession', ''),
(9148, 725, 'user.custom.ingrid.user.subscribe.newsletter', ''),
(9149, 725, 'user.name.family', 'Krüger'),
(9150, 725, 'user.name.given', 'Annette'),
(9151, 725, 'user.name.prefix', '1'),
(9152, 726, 'user.business-info.online.email', 'susanne.osterkamp@umwelt.bremen.de'),
(9153, 726, 'user.business-info.postal.city', 'Bremen'),
(9154, 726, 'user.business-info.postal.postalcode', '28195'),
(9155, 726, 'user.business-info.postal.street', 'Ansgaritorstraße 2'),
(9156, 726, 'user.custom.ingrid.user.age.group', '4'),
(9157, 726, 'user.custom.ingrid.user.attention.from', ''),
(9158, 726, 'user.custom.ingrid.user.confirmid', '95ec4d2e3bf8d175a243b7edee3e6d78'),
(9159, 726, 'user.custom.ingrid.user.interest', '1'),
(9160, 726, 'user.custom.ingrid.user.profession', '4'),
(9161, 726, 'user.custom.ingrid.user.subscribe.newsletter', '1'),
(9162, 726, 'user.name.family', 'Osterkamp'),
(9163, 726, 'user.name.given', 'Susanne'),
(9164, 726, 'user.name.prefix', '1'),
(9165, 727, 'user.business-info.online.email', 'matthias.wagner@tlug.thueringen.de'),
(9166, 727, 'user.business-info.postal.city', 'Jena'),
(9167, 727, 'user.business-info.postal.postalcode', '07745'),
(9168, 727, 'user.business-info.postal.street', 'Göschwitzer Str. 41'),
(9169, 727, 'user.custom.ingrid.user.age.group', '7'),
(9170, 727, 'user.custom.ingrid.user.attention.from', ''),
(9171, 727, 'user.custom.ingrid.user.confirmid', '2516a662eebbb1521781a12cb5b22aa9'),
(9172, 727, 'user.custom.ingrid.user.interest', '1'),
(9173, 727, 'user.custom.ingrid.user.profession', '4'),
(9174, 727, 'user.custom.ingrid.user.subscribe.newsletter', '1'),
(9175, 727, 'user.name.family', 'Wagner'),
(9176, 727, 'user.name.given', 'Matthias'),
(9177, 727, 'user.name.prefix', '2'),
(9178, 728, 'user.business-info.online.email', 'Sabine.Willberg@lau.mlu.sachsen-anhalt.de'),
(9179, 728, 'user.business-info.postal.city', 'Magdeburg'),
(9180, 728, 'user.business-info.postal.postalcode', '39104'),
(9181, 728, 'user.business-info.postal.street', 'Wallonerberg 6-7'),
(9182, 728, 'user.custom.ingrid.user.age.group', '0'),
(9183, 728, 'user.custom.ingrid.user.attention.from', ''),
(9184, 728, 'user.custom.ingrid.user.confirmid', '5f2f1a5c0895d743a4dab12ec34f7c59'),
(9185, 728, 'user.custom.ingrid.user.interest', '0'),
(9186, 728, 'user.custom.ingrid.user.profession', '0'),
(9187, 728, 'user.custom.ingrid.user.subscribe.newsletter', ''),
(9188, 728, 'user.name.family', 'Willberg'),
(9189, 728, 'user.name.given', 'Sabine '),
(9190, 728, 'user.name.prefix', '1'),
(9191, 729, 'user.business-info.online.email', 'maik.borkenhagen@uba.de'),
(9192, 729, 'user.business-info.postal.city', ''),
(9193, 729, 'user.business-info.postal.postalcode', ''),
(9194, 729, 'user.business-info.postal.street', ''),
(9195, 729, 'user.custom.ingrid.user.age.group', ''),
(9196, 729, 'user.custom.ingrid.user.attention.from', ''),
(9197, 729, 'user.custom.ingrid.user.confirmid', 'b66d00cba62ce755289f268a6b08d41b'),
(9198, 729, 'user.custom.ingrid.user.interest', ''),
(9199, 729, 'user.custom.ingrid.user.profession', ''),
(9200, 729, 'user.custom.ingrid.user.subscribe.newsletter', ''),
(9201, 729, 'user.name.family', 'Borkenhagen'),
(9202, 729, 'user.name.given', 'Maik'),
(9203, 729, 'user.name.prefix', '2'),
(9204, 730, 'user.business-info.online.email', 'astrid.schmidt@forst.thueringen.de'),
(9205, 730, 'user.business-info.postal.city', 'Gotha'),
(9206, 730, 'user.business-info.postal.postalcode', '99867'),
(9207, 730, 'user.business-info.postal.street', 'Jägerstrasse 1'),
(9208, 730, 'user.custom.ingrid.user.age.group', '0'),
(9209, 730, 'user.custom.ingrid.user.attention.from', ''),
(9210, 730, 'user.custom.ingrid.user.confirmid', 'd1780e53ae1dd9b53918edc76d1f9a17'),
(9211, 730, 'user.custom.ingrid.user.interest', '0'),
(9212, 730, 'user.custom.ingrid.user.profession', '0'),
(9213, 730, 'user.custom.ingrid.user.subscribe.newsletter', ''),
(9214, 730, 'user.name.family', 'Schmidt'),
(9215, 730, 'user.name.given', 'Astrid'),
(9216, 730, 'user.name.prefix', '0'),
(9217, 731, 'user.business-info.online.email', 'Ferum_Titan@web.de'),
(9218, 731, 'user.business-info.postal.city', ''),
(9219, 731, 'user.business-info.postal.postalcode', ''),
(9220, 731, 'user.business-info.postal.street', ''),
(9221, 731, 'user.custom.ingrid.user.age.group', ''),
(9222, 731, 'user.custom.ingrid.user.attention.from', ''),
(9223, 731, 'user.custom.ingrid.user.confirmid', '8e6c5200937eee82caad898c37ff6855'),
(9224, 731, 'user.custom.ingrid.user.interest', ''),
(9225, 731, 'user.custom.ingrid.user.profession', ''),
(9226, 731, 'user.custom.ingrid.user.subscribe.newsletter', ''),
(9227, 731, 'user.name.family', 'Wendler'),
(9228, 731, 'user.name.given', 'Felix'),
(9229, 731, 'user.name.prefix', '0'),
(9230, 732, 'user.business-info.online.email', 'oehm8895@uni-landau.de'),
(9231, 732, 'user.business-info.postal.city', ''),
(9232, 732, 'user.business-info.postal.postalcode', ''),
(9233, 732, 'user.business-info.postal.street', ''),
(9234, 732, 'user.custom.ingrid.user.age.group', ''),
(9235, 732, 'user.custom.ingrid.user.attention.from', ''),
(9236, 732, 'user.custom.ingrid.user.confirmid', '28ce83cefd99827663909d73d29edfec'),
(9237, 732, 'user.custom.ingrid.user.interest', ''),
(9238, 732, 'user.custom.ingrid.user.profession', ''),
(9239, 732, 'user.custom.ingrid.user.subscribe.newsletter', ''),
(9240, 732, 'user.name.family', 'Oehmichen'),
(9241, 732, 'user.name.given', 'Gunnar'),
(9242, 732, 'user.name.prefix', '2'),
(9243, 733, 'user.business-info.online.email', 'christian.hoenniger@lgln.niedersachsen.de'),
(9244, 733, 'user.business-info.postal.city', ''),
(9245, 733, 'user.business-info.postal.postalcode', ''),
(9246, 733, 'user.business-info.postal.street', ''),
(9247, 733, 'user.custom.ingrid.user.age.group', ''),
(9248, 733, 'user.custom.ingrid.user.attention.from', ''),
(9249, 733, 'user.custom.ingrid.user.confirmid', 'd242b7645c04b35fc9a67cd1e274fb06'),
(9250, 733, 'user.custom.ingrid.user.interest', ''),
(9251, 733, 'user.custom.ingrid.user.profession', ''),
(9252, 733, 'user.custom.ingrid.user.subscribe.newsletter', '1'),
(9253, 733, 'user.name.family', 'Hönniger'),
(9254, 733, 'user.name.given', 'Christian'),
(9255, 733, 'user.name.prefix', '2'),
(9256, 734, 'user.business-info.online.email', 'stephanvong@gmail.com'),
(9257, 734, 'user.business-info.postal.city', ''),
(9258, 734, 'user.business-info.postal.postalcode', ''),
(9259, 734, 'user.business-info.postal.street', ''),
(9260, 734, 'user.custom.ingrid.user.age.group', ''),
(9261, 734, 'user.custom.ingrid.user.attention.from', ''),
(9262, 734, 'user.custom.ingrid.user.confirmid', 'c3e944753b7ed06333c7b6eea847016b'),
(9263, 734, 'user.custom.ingrid.user.interest', ''),
(9264, 734, 'user.custom.ingrid.user.profession', ''),
(9265, 734, 'user.custom.ingrid.user.subscribe.newsletter', '1'),
(9266, 734, 'user.name.family', 'von Gizycki'),
(9267, 734, 'user.name.given', 'Stephan'),
(9268, 734, 'user.name.prefix', '2'),
(9269, 735, 'user.business-info.online.email', 'specken.linda@gmail.com'),
(9270, 735, 'user.business-info.postal.city', 'Paderborn'),
(9271, 735, 'user.business-info.postal.postalcode', '33098'),
(9272, 735, 'user.business-info.postal.street', 'Ludwigstraße 26'),
(9273, 735, 'user.custom.ingrid.user.age.group', ''),
(9274, 735, 'user.custom.ingrid.user.attention.from', ''),
(9275, 735, 'user.custom.ingrid.user.confirmid', '2b24670e3ae71fb6c58c800e17c1fed8'),
(9276, 735, 'user.custom.ingrid.user.interest', ''),
(9277, 735, 'user.custom.ingrid.user.profession', ''),
(9278, 735, 'user.custom.ingrid.user.subscribe.newsletter', '1'),
(9279, 735, 'user.name.family', 'Specken'),
(9280, 735, 'user.name.given', 'Linda'),
(9281, 735, 'user.name.prefix', '1'),
(9282, 736, 'user.business-info.online.email', 'astrid.schmidt@forst.thueringen.de'),
(9283, 736, 'user.business-info.postal.city', 'Gotha'),
(9284, 736, 'user.business-info.postal.postalcode', '99967'),
(9285, 736, 'user.business-info.postal.street', 'Jägerstraße 1'),
(9286, 736, 'user.custom.ingrid.user.age.group', '7'),
(9287, 736, 'user.custom.ingrid.user.attention.from', ''),
(9288, 736, 'user.custom.ingrid.user.confirmid', '855e59160e30e8af59786f813b92ee34'),
(9289, 736, 'user.custom.ingrid.user.interest', '1'),
(9290, 736, 'user.custom.ingrid.user.profession', '4'),
(9291, 736, 'user.custom.ingrid.user.subscribe.newsletter', ''),
(9292, 736, 'user.name.family', 'Schmidt'),
(9293, 736, 'user.name.given', 'Astrid '),
(9294, 736, 'user.name.prefix', '1'),
(9295, 737, 'user.business-info.online.email', 'christian.guenther@baw.de'),
(9296, 737, 'user.business-info.postal.city', 'Karlsruhe'),
(9297, 737, 'user.business-info.postal.postalcode', '76187'),
(9298, 737, 'user.business-info.postal.street', 'Kußmaulstraße 17'),
(9299, 737, 'user.custom.ingrid.user.age.group', '0'),
(9300, 737, 'user.custom.ingrid.user.attention.from', ''),
(9301, 737, 'user.custom.ingrid.user.confirmid', 'd5f6e7273132b9483ef8a56b52590f49'),
(9302, 737, 'user.custom.ingrid.user.interest', '1'),
(9303, 737, 'user.custom.ingrid.user.profession', '4'),
(9304, 737, 'user.custom.ingrid.user.subscribe.newsletter', ''),
(9305, 737, 'user.name.family', 'Günther'),
(9306, 737, 'user.name.given', 'Christian'),
(9307, 737, 'user.name.prefix', '2'),
(9308, 738, 'user.business-info.online.email', 'info@lisikai.de'),
(9309, 738, 'user.business-info.postal.city', 'Dortmund'),
(9310, 738, 'user.business-info.postal.postalcode', '44388'),
(9311, 738, 'user.business-info.postal.street', 'Bockenfelder Straße 252'),
(9312, 738, 'user.custom.ingrid.user.age.group', ''),
(9313, 738, 'user.custom.ingrid.user.attention.from', ''),
(9314, 738, 'user.custom.ingrid.user.confirmid', '54ed809bffca86b5d60e36f87235af10'),
(9315, 738, 'user.custom.ingrid.user.interest', ''),
(9316, 738, 'user.custom.ingrid.user.profession', ''),
(9317, 738, 'user.custom.ingrid.user.subscribe.newsletter', ''),
(9318, 738, 'user.name.family', 'Lisiecki'),
(9319, 738, 'user.name.given', 'Burkhard'),
(9320, 738, 'user.name.prefix', '2'),
(9321, 739, 'user.business-info.online.email', 'andreas-meuschke@t-online.de'),
(9322, 739, 'user.business-info.postal.city', ''),
(9323, 739, 'user.business-info.postal.postalcode', ''),
(9324, 739, 'user.business-info.postal.street', ''),
(9325, 739, 'user.custom.ingrid.user.age.group', ''),
(9326, 739, 'user.custom.ingrid.user.attention.from', ''),
(9327, 739, 'user.custom.ingrid.user.confirmid', '10b4959ce3e89f7eca361454fcae4289'),
(9328, 739, 'user.custom.ingrid.user.interest', ''),
(9329, 739, 'user.custom.ingrid.user.profession', ''),
(9330, 739, 'user.custom.ingrid.user.subscribe.newsletter', ''),
(9331, 739, 'user.name.family', 'Meuschke'),
(9332, 739, 'user.name.given', 'Andreas'),
(9333, 739, 'user.name.prefix', '2'),
(9334, 740, 'user.business-info.online.email', 'h.spalting@kreis-lippe.de'),
(9335, 740, 'user.business-info.postal.city', 'Detmold'),
(9336, 740, 'user.business-info.postal.postalcode', '32756'),
(9337, 740, 'user.business-info.postal.street', 'Felix-Fechenbach-Str.'),
(9338, 740, 'user.custom.ingrid.user.age.group', ''),
(9339, 740, 'user.custom.ingrid.user.attention.from', ''),
(9340, 740, 'user.custom.ingrid.user.confirmid', '3b818df14f471189c934b3563ce41a7d'),
(9341, 740, 'user.custom.ingrid.user.interest', ''),
(9342, 740, 'user.custom.ingrid.user.profession', ''),
(9343, 740, 'user.custom.ingrid.user.subscribe.newsletter', '1'),
(9344, 740, 'user.name.family', 'Spalting'),
(9345, 740, 'user.name.given', 'Hermann'),
(9346, 740, 'user.name.prefix', '2'),
(9347, 741, 'user.business-info.online.email', 'ma.bernabe@upm.es'),
(9348, 741, 'user.business-info.postal.city', 'Madrid'),
(9349, 741, 'user.business-info.postal.postalcode', '28221'),
(9350, 741, 'user.business-info.postal.street', 'Ronda de las Sirenas, 20'),
(9351, 741, 'user.custom.ingrid.user.age.group', ''),
(9352, 741, 'user.custom.ingrid.user.attention.from', ''),
(9353, 741, 'user.custom.ingrid.user.confirmid', '6f202773b77933a44cfbc73a3ab8e474'),
(9354, 741, 'user.custom.ingrid.user.interest', ''),
(9355, 741, 'user.custom.ingrid.user.profession', ''),
(9356, 741, 'user.custom.ingrid.user.subscribe.newsletter', ''),
(9357, 741, 'user.name.family', 'Bernabé'),
(9358, 741, 'user.name.given', 'Miguel Angel'),
(9359, 741, 'user.name.prefix', '4'),
(9360, 742, 'user.business-info.online.email', 'jeannette.mathews@uba.de'),
(9361, 742, 'user.business-info.postal.city', ''),
(9362, 742, 'user.business-info.postal.postalcode', ''),
(9363, 742, 'user.business-info.postal.street', ''),
(9364, 742, 'user.custom.ingrid.user.age.group', '0'),
(9365, 742, 'user.custom.ingrid.user.attention.from', ''),
(9366, 742, 'user.custom.ingrid.user.confirmid', '31f92a39052bed6e1dae403aa892f165'),
(9367, 742, 'user.custom.ingrid.user.interest', '0'),
(9368, 742, 'user.custom.ingrid.user.profession', '0'),
(9369, 742, 'user.custom.ingrid.user.subscribe.newsletter', ''),
(9370, 742, 'user.name.family', 'Mathews'),
(9371, 742, 'user.name.given', 'Jeanette'),
(9372, 742, 'user.name.prefix', '1'),
(9373, 743, 'user.business-info.online.email', 'rudolf.genster@web.de'),
(9374, 743, 'user.business-info.postal.city', ''),
(9375, 743, 'user.business-info.postal.postalcode', ''),
(9376, 743, 'user.business-info.postal.street', ''),
(9377, 743, 'user.custom.ingrid.user.age.group', ''),
(9378, 743, 'user.custom.ingrid.user.attention.from', ''),
(9379, 743, 'user.custom.ingrid.user.confirmid', '337371ea9a9a59361cb1cc32521f86dc'),
(9380, 743, 'user.custom.ingrid.user.interest', ''),
(9381, 743, 'user.custom.ingrid.user.profession', ''),
(9382, 743, 'user.custom.ingrid.user.subscribe.newsletter', '1'),
(9383, 743, 'user.name.family', 'Genster'),
(9384, 743, 'user.name.given', 'Rudolf'),
(9385, 743, 'user.name.prefix', '0'),
(9386, 744, 'user.business-info.online.email', 'bernhard.schneider@lau.mlu.sachsen-anhalt.de'),
(9387, 744, 'user.business-info.postal.city', ''),
(9388, 744, 'user.business-info.postal.postalcode', ''),
(9389, 744, 'user.business-info.postal.street', ''),
(9390, 744, 'user.custom.ingrid.user.age.group', ''),
(9391, 744, 'user.custom.ingrid.user.attention.from', ''),
(9392, 744, 'user.custom.ingrid.user.confirmid', '76feb1abdec5dfaeb46cf7be822fa1b5'),
(9393, 744, 'user.custom.ingrid.user.interest', ''),
(9394, 744, 'user.custom.ingrid.user.profession', ''),
(9395, 744, 'user.custom.ingrid.user.subscribe.newsletter', ''),
(9396, 744, 'user.name.family', 'Schneider'),
(9397, 744, 'user.name.given', 'Bernhard'),
(9398, 744, 'user.name.prefix', '3'),
(9399, 745, 'user.business-info.online.email', 'd.knobloch@bcl-leipzig.de'),
(9400, 745, 'user.business-info.postal.city', '04315'),
(9401, 745, 'user.business-info.postal.postalcode', 'Leipzig'),
(9402, 745, 'user.business-info.postal.street', 'Torgauer Platz 3'),
(9403, 745, 'user.custom.ingrid.user.age.group', ''),
(9404, 745, 'user.custom.ingrid.user.attention.from', ''),
(9405, 745, 'user.custom.ingrid.user.confirmid', '90d5e3bd4201c46ce086ed8ca88e5efa'),
(9406, 745, 'user.custom.ingrid.user.interest', ''),
(9407, 745, 'user.custom.ingrid.user.profession', ''),
(9408, 745, 'user.custom.ingrid.user.subscribe.newsletter', ''),
(9409, 745, 'user.name.family', 'Knobloch'),
(9410, 745, 'user.name.given', 'Daniel'),
(9411, 745, 'user.name.prefix', '2'),
(9412, 746, 'user.business-info.online.email', 'michael.wuenker@bildung.bremen.de'),
(9413, 746, 'user.business-info.postal.city', ''),
(9414, 746, 'user.business-info.postal.postalcode', ''),
(9415, 746, 'user.business-info.postal.street', ''),
(9416, 746, 'user.custom.ingrid.user.age.group', '0'),
(9417, 746, 'user.custom.ingrid.user.attention.from', ''),
(9418, 746, 'user.custom.ingrid.user.confirmid', 'a788a52e09f36337dc93684d61932def'),
(9419, 746, 'user.custom.ingrid.user.interest', '0'),
(9420, 746, 'user.custom.ingrid.user.profession', '0'),
(9421, 746, 'user.custom.ingrid.user.subscribe.newsletter', ''),
(9422, 746, 'user.name.family', 'Wünker'),
(9423, 746, 'user.name.given', 'Michael'),
(9424, 746, 'user.name.prefix', '0'),
(9425, 747, 'user.business-info.online.email', 'tmoebert@web.de'),
(9426, 747, 'user.business-info.postal.city', ''),
(9427, 747, 'user.business-info.postal.postalcode', ''),
(9428, 747, 'user.business-info.postal.street', ''),
(9429, 747, 'user.custom.ingrid.user.age.group', ''),
(9430, 747, 'user.custom.ingrid.user.attention.from', ''),
(9431, 747, 'user.custom.ingrid.user.confirmid', '57801e9945b54b2210029b882d11b6ca'),
(9432, 747, 'user.custom.ingrid.user.interest', ''),
(9433, 747, 'user.custom.ingrid.user.profession', ''),
(9434, 747, 'user.custom.ingrid.user.subscribe.newsletter', ''),
(9435, 747, 'user.name.family', 'Möbert'),
(9436, 747, 'user.name.given', 'Toni'),
(9437, 747, 'user.name.prefix', '2'),
(9438, 748, 'user.business-info.online.email', 'meinzer@velokonzept.de'),
(9439, 748, 'user.business-info.postal.city', 'Berlin'),
(9440, 748, 'user.business-info.postal.postalcode', '10557'),
(9441, 748, 'user.business-info.postal.street', 'Claudiusstr. 7'),
(9442, 748, 'user.custom.ingrid.user.age.group', ''),
(9443, 748, 'user.custom.ingrid.user.attention.from', ''),
(9444, 748, 'user.custom.ingrid.user.confirmid', '2aeee706b70988fa5e131b695b14c8d6'),
(9445, 748, 'user.custom.ingrid.user.interest', ''),
(9446, 748, 'user.custom.ingrid.user.profession', ''),
(9447, 748, 'user.custom.ingrid.user.subscribe.newsletter', ''),
(9448, 748, 'user.name.family', 'Meinzer'),
(9449, 748, 'user.name.given', 'Corinna'),
(9450, 748, 'user.name.prefix', '1'),
(9451, 749, 'user.business-info.online.email', 'christoph.sprenger@kompetenz-wasser.de'),
(9452, 749, 'user.business-info.postal.city', 'Berlin'),
(9453, 749, 'user.business-info.postal.postalcode', '10709'),
(9454, 749, 'user.business-info.postal.street', 'Cicerostr,24'),
(9455, 749, 'user.custom.ingrid.user.age.group', ''),
(9456, 749, 'user.custom.ingrid.user.attention.from', ''),
(9457, 749, 'user.custom.ingrid.user.confirmid', '3e562fa081052393914e983bc6e2d0da'),
(9458, 749, 'user.custom.ingrid.user.interest', ''),
(9459, 749, 'user.custom.ingrid.user.profession', ''),
(9460, 749, 'user.custom.ingrid.user.subscribe.newsletter', ''),
(9461, 749, 'user.name.family', 'Sprenger'),
(9462, 749, 'user.name.given', 'Christoph'),
(9463, 749, 'user.name.prefix', '2'),
(9464, 750, 'user.business-info.online.email', 'info@schultewolter.com'),
(9465, 750, 'user.business-info.postal.city', 'telgte'),
(9466, 750, 'user.business-info.postal.postalcode', '48291'),
(9467, 750, 'user.business-info.postal.street', 'haus-droste-weg'),
(9468, 750, 'user.custom.ingrid.user.age.group', ''),
(9469, 750, 'user.custom.ingrid.user.attention.from', ''),
(9470, 750, 'user.custom.ingrid.user.confirmid', '23ee877638089110ab1b224f169cf2f4'),
(9471, 750, 'user.custom.ingrid.user.interest', ''),
(9472, 750, 'user.custom.ingrid.user.profession', ''),
(9473, 750, 'user.custom.ingrid.user.subscribe.newsletter', '1'),
(9474, 750, 'user.name.family', 'schultewolter'),
(9475, 750, 'user.name.given', 'ulrich'),
(9476, 750, 'user.name.prefix', '2'),
(9477, 751, 'user.business-info.online.email', 'andreas.weyer@urs.com'),
(9478, 751, 'user.business-info.postal.city', ''),
(9479, 751, 'user.business-info.postal.postalcode', ''),
(9480, 751, 'user.business-info.postal.street', ''),
(9481, 751, 'user.custom.ingrid.user.age.group', '3'),
(9482, 751, 'user.custom.ingrid.user.attention.from', ''),
(9483, 751, 'user.custom.ingrid.user.confirmid', '8378943c833db3a0d3e02d9c17134ea4'),
(9484, 751, 'user.custom.ingrid.user.interest', '1'),
(9485, 751, 'user.custom.ingrid.user.profession', '3'),
(9486, 751, 'user.custom.ingrid.user.subscribe.newsletter', '1'),
(9487, 751, 'user.name.family', 'Weyer'),
(9488, 751, 'user.name.given', 'Andreas'),
(9489, 751, 'user.name.prefix', '2'),
(9490, 752, 'user.business-info.online.email', 'dieschor@vodafone.de'),
(9491, 752, 'user.business-info.postal.city', ''),
(9492, 752, 'user.business-info.postal.postalcode', ''),
(9493, 752, 'user.business-info.postal.street', ''),
(9494, 752, 'user.custom.ingrid.user.age.group', ''),
(9495, 752, 'user.custom.ingrid.user.attention.from', ''),
(9496, 752, 'user.custom.ingrid.user.confirmid', '8cca6d76ae2b7cd3511286e040aca64f'),
(9497, 752, 'user.custom.ingrid.user.interest', ''),
(9498, 752, 'user.custom.ingrid.user.profession', ''),
(9499, 752, 'user.custom.ingrid.user.subscribe.newsletter', ''),
(9500, 752, 'user.name.family', 'Koslowski'),
(9501, 752, 'user.name.given', 'Peter'),
(9502, 752, 'user.name.prefix', '2'),
(9503, 753, 'user.business-info.online.email', 'matthias.grothe@kreis-hz.de'),
(9504, 753, 'user.business-info.postal.city', ''),
(9505, 753, 'user.business-info.postal.postalcode', ''),
(9506, 753, 'user.business-info.postal.street', ''),
(9507, 753, 'user.custom.ingrid.user.age.group', ''),
(9508, 753, 'user.custom.ingrid.user.attention.from', ''),
(9509, 753, 'user.custom.ingrid.user.confirmid', '48fad5af3415a675683f1c820326e729'),
(9510, 753, 'user.custom.ingrid.user.interest', ''),
(9511, 753, 'user.custom.ingrid.user.profession', ''),
(9512, 753, 'user.custom.ingrid.user.subscribe.newsletter', ''),
(9513, 753, 'user.name.family', 'Grothe'),
(9514, 753, 'user.name.given', 'Matthias'),
(9515, 753, 'user.name.prefix', '2'),
(9516, 754, 'user.business-info.online.email', 'klugem@uni-potsdam.de'),
(9517, 754, 'user.business-info.postal.city', ''),
(9518, 754, 'user.business-info.postal.postalcode', ''),
(9519, 754, 'user.business-info.postal.street', ''),
(9520, 754, 'user.custom.ingrid.user.age.group', ''),
(9521, 754, 'user.custom.ingrid.user.attention.from', ''),
(9522, 754, 'user.custom.ingrid.user.confirmid', '290bd0ef0313015353a1ecc147aecfb3'),
(9523, 754, 'user.custom.ingrid.user.interest', ''),
(9524, 754, 'user.custom.ingrid.user.profession', ''),
(9525, 754, 'user.custom.ingrid.user.subscribe.newsletter', ''),
(9526, 754, 'user.name.family', 'Kluge'),
(9527, 754, 'user.name.given', 'Mario'),
(9528, 754, 'user.name.prefix', '2'),
(9529, 755, 'user.business-info.online.email', 'info@it-service-magdeburg.de'),
(9530, 755, 'user.business-info.postal.city', ''),
(9531, 755, 'user.business-info.postal.postalcode', ''),
(9532, 755, 'user.business-info.postal.street', ''),
(9533, 755, 'user.custom.ingrid.user.age.group', ''),
(9534, 755, 'user.custom.ingrid.user.attention.from', ''),
(9535, 755, 'user.custom.ingrid.user.confirmid', '8710d927197b874bf81e7d43b8aaf2af'),
(9536, 755, 'user.custom.ingrid.user.interest', ''),
(9537, 755, 'user.custom.ingrid.user.profession', ''),
(9538, 755, 'user.custom.ingrid.user.subscribe.newsletter', ''),
(9539, 755, 'user.name.family', 'Praktikum'),
(9540, 755, 'user.name.given', 'Praktikum'),
(9541, 755, 'user.name.prefix', '0'),
(9542, 756, 'user.business-info.online.email', 'martin.mueller@nivus.com'),
(9543, 756, 'user.business-info.postal.city', 'Eppingen'),
(9544, 756, 'user.business-info.postal.postalcode', '75031'),
(9545, 756, 'user.business-info.postal.street', 'Im Täle 2'),
(9546, 756, 'user.custom.ingrid.user.age.group', ''),
(9547, 756, 'user.custom.ingrid.user.attention.from', ''),
(9548, 756, 'user.custom.ingrid.user.confirmid', '42eefca687124a42ef3a9599857680b4'),
(9549, 756, 'user.custom.ingrid.user.interest', ''),
(9550, 756, 'user.custom.ingrid.user.profession', ''),
(9551, 756, 'user.custom.ingrid.user.subscribe.newsletter', '1'),
(9552, 756, 'user.name.family', 'Müller'),
(9553, 756, 'user.name.given', 'Martin'),
(9554, 756, 'user.name.prefix', '2'),
(9555, 757, 'user.business-info.online.email', 'buero@dr-kj-maier.de'),
(9556, 757, 'user.business-info.postal.city', 'Maselheim'),
(9557, 757, 'user.business-info.postal.postalcode', '88437'),
(9558, 757, 'user.business-info.postal.street', 'Bahnhofstraße 18'),
(9559, 757, 'user.custom.ingrid.user.age.group', ''),
(9560, 757, 'user.custom.ingrid.user.attention.from', ''),
(9561, 757, 'user.custom.ingrid.user.confirmid', '8fc9f09dc64648f436506a8f10526aa4'),
(9562, 757, 'user.custom.ingrid.user.interest', ''),
(9563, 757, 'user.custom.ingrid.user.profession', ''),
(9564, 757, 'user.custom.ingrid.user.subscribe.newsletter', ''),
(9565, 757, 'user.name.family', 'Maier'),
(9566, 757, 'user.name.given', 'Klaus-Jürgen'),
(9567, 757, 'user.name.prefix', '3'),
(9568, 758, 'user.business-info.online.email', 'info@it-service-magdeburg.de'),
(9569, 758, 'user.business-info.postal.city', ''),
(9570, 758, 'user.business-info.postal.postalcode', ''),
(9571, 758, 'user.business-info.postal.street', ''),
(9572, 758, 'user.custom.ingrid.user.age.group', ''),
(9573, 758, 'user.custom.ingrid.user.attention.from', ''),
(9574, 758, 'user.custom.ingrid.user.confirmid', 'd3e49f597ee4f9025a0eb62583470d84'),
(9575, 758, 'user.custom.ingrid.user.interest', ''),
(9576, 758, 'user.custom.ingrid.user.profession', ''),
(9577, 758, 'user.custom.ingrid.user.subscribe.newsletter', ''),
(9578, 758, 'user.name.family', 'Administrator'),
(9579, 758, 'user.name.given', 'Metadaten-'),
(9580, 758, 'user.name.prefix', '0'),
(9581, 759, 'user.business-info.online.email', 'daniel.san1@gmx.net'),
(9582, 759, 'user.business-info.postal.city', ''),
(9583, 759, 'user.business-info.postal.postalcode', ''),
(9584, 759, 'user.business-info.postal.street', ''),
(9585, 759, 'user.custom.ingrid.user.age.group', ''),
(9586, 759, 'user.custom.ingrid.user.attention.from', ''),
(9587, 759, 'user.custom.ingrid.user.confirmid', '5b5a1cbf5bf86b230d4143c361b9c195'),
(9588, 759, 'user.custom.ingrid.user.interest', ''),
(9589, 759, 'user.custom.ingrid.user.profession', ''),
(9590, 759, 'user.custom.ingrid.user.subscribe.newsletter', ''),
(9591, 759, 'user.name.family', 'Weinberg'),
(9592, 759, 'user.name.given', 'Daniel'),
(9593, 759, 'user.name.prefix', '2'),
(9594, 760, 'user.business-info.online.email', 'wolf-dieter.bunke@studierende.uni-flensburg.de'),
(9595, 760, 'user.business-info.postal.city', ''),
(9596, 760, 'user.business-info.postal.postalcode', ''),
(9597, 760, 'user.business-info.postal.street', ''),
(9598, 760, 'user.custom.ingrid.user.age.group', ''),
(9599, 760, 'user.custom.ingrid.user.attention.from', ''),
(9600, 760, 'user.custom.ingrid.user.confirmid', '5272865426c3c34f9c994eb9fd796db7'),
(9601, 760, 'user.custom.ingrid.user.interest', ''),
(9602, 760, 'user.custom.ingrid.user.profession', ''),
(9603, 760, 'user.custom.ingrid.user.subscribe.newsletter', '1'),
(9604, 760, 'user.name.family', 'Bunke'),
(9605, 760, 'user.name.given', 'Wolf-Dieter'),
(9606, 760, 'user.name.prefix', '2'),
(9607, 761, 'user.business-info.online.email', 'spurk@rhrk.uni-kl.de'),
(9608, 761, 'user.business-info.postal.city', ''),
(9609, 761, 'user.business-info.postal.postalcode', ''),
(9610, 761, 'user.business-info.postal.street', ''),
(9611, 761, 'user.custom.ingrid.user.age.group', ''),
(9612, 761, 'user.custom.ingrid.user.attention.from', ''),
(9613, 761, 'user.custom.ingrid.user.confirmid', '99a344170744eeb6828ca29d710449e3'),
(9614, 761, 'user.custom.ingrid.user.interest', ''),
(9615, 761, 'user.custom.ingrid.user.profession', ''),
(9616, 761, 'user.custom.ingrid.user.subscribe.newsletter', ''),
(9617, 761, 'user.name.family', 'Spurk'),
(9618, 761, 'user.name.given', 'Viola '),
(9619, 761, 'user.name.prefix', '1'),
(9620, 762, 'user.business-info.online.email', 'maciej@infokontakt.de'),
(9621, 762, 'user.business-info.postal.city', ''),
(9622, 762, 'user.business-info.postal.postalcode', ''),
(9623, 762, 'user.business-info.postal.street', ''),
(9624, 762, 'user.custom.ingrid.user.age.group', ''),
(9625, 762, 'user.custom.ingrid.user.attention.from', ''),
(9626, 762, 'user.custom.ingrid.user.confirmid', '942af360f984df0ec4f916f91e8fe8f2'),
(9627, 762, 'user.custom.ingrid.user.interest', ''),
(9628, 762, 'user.custom.ingrid.user.profession', ''),
(9629, 762, 'user.custom.ingrid.user.subscribe.newsletter', ''),
(9630, 762, 'user.name.family', 'Gikkus'),
(9631, 762, 'user.name.given', 'Maccus'),
(9632, 762, 'user.name.prefix', '1'),
(9633, 763, 'user.business-info.online.email', 'birgit.karl@ptvgroup.com'),
(9634, 763, 'user.business-info.postal.city', ''),
(9635, 763, 'user.business-info.postal.postalcode', ''),
(9636, 763, 'user.business-info.postal.street', ''),
(9637, 763, 'user.custom.ingrid.user.age.group', '4'),
(9638, 763, 'user.custom.ingrid.user.attention.from', ''),
(9639, 763, 'user.custom.ingrid.user.confirmid', 'a41fa31f722ddd4d9c7ed745a4d3f559'),
(9640, 763, 'user.custom.ingrid.user.interest', '1'),
(9641, 763, 'user.custom.ingrid.user.profession', '8'),
(9642, 763, 'user.custom.ingrid.user.subscribe.newsletter', '1'),
(9643, 763, 'user.name.family', 'Karl'),
(9644, 763, 'user.name.given', 'Birgit'),
(9645, 763, 'user.name.prefix', '1'),
(9646, 764, 'user.business-info.online.email', 'dax@bafg.de'),
(9647, 764, 'user.business-info.postal.city', 'Koblenz'),
(9648, 764, 'user.business-info.postal.postalcode', '56068'),
(9649, 764, 'user.business-info.postal.street', 'Am Mainzer Tor 1'),
(9650, 764, 'user.custom.ingrid.user.age.group', ''),
(9651, 764, 'user.custom.ingrid.user.attention.from', ''),
(9652, 764, 'user.custom.ingrid.user.confirmid', '650f677e61f156ad3fe6a32999d566c7'),
(9653, 764, 'user.custom.ingrid.user.interest', ''),
(9654, 764, 'user.custom.ingrid.user.profession', ''),
(9655, 764, 'user.custom.ingrid.user.subscribe.newsletter', '1'),
(9656, 764, 'user.name.family', 'Dax'),
(9657, 764, 'user.name.given', 'Günter'),
(9658, 764, 'user.name.prefix', '2'),
(9659, 765, 'user.business-info.online.email', 'Martin.Moepert@AFFWU.Brandenburg.de'),
(9660, 765, 'user.business-info.postal.city', ''),
(9661, 765, 'user.business-info.postal.postalcode', ''),
(9662, 765, 'user.business-info.postal.street', ''),
(9663, 765, 'user.custom.ingrid.user.age.group', ''),
(9664, 765, 'user.custom.ingrid.user.attention.from', ''),
(9665, 765, 'user.custom.ingrid.user.confirmid', '15c21c0881d2b596f540d30f735a56b9'),
(9666, 765, 'user.custom.ingrid.user.interest', ''),
(9667, 765, 'user.custom.ingrid.user.profession', ''),
(9668, 765, 'user.custom.ingrid.user.subscribe.newsletter', ''),
(9669, 765, 'user.name.family', 'Möpert'),
(9670, 765, 'user.name.given', 'Martin'),
(9671, 765, 'user.name.prefix', '2'),
(9672, 766, 'user.business-info.online.email', 'tonschmi@uni-potsdam.de'),
(9673, 766, 'user.business-info.postal.city', ''),
(9674, 766, 'user.business-info.postal.postalcode', ''),
(9675, 766, 'user.business-info.postal.street', ''),
(9676, 766, 'user.custom.ingrid.user.age.group', ''),
(9677, 766, 'user.custom.ingrid.user.attention.from', ''),
(9678, 766, 'user.custom.ingrid.user.confirmid', '311612c723bada071084d534e609c555'),
(9679, 766, 'user.custom.ingrid.user.interest', ''),
(9680, 766, 'user.custom.ingrid.user.profession', ''),
(9681, 766, 'user.custom.ingrid.user.subscribe.newsletter', ''),
(9682, 766, 'user.name.family', 'Schmidt'),
(9683, 766, 'user.name.given', 'Toni'),
(9684, 766, 'user.name.prefix', '0'),
(9685, 767, 'user.business-info.online.email', 'katrin.wagner@sag.eu'),
(9686, 767, 'user.business-info.postal.city', 'Lehrte'),
(9687, 767, 'user.business-info.postal.postalcode', '31275 '),
(9688, 767, 'user.business-info.postal.street', 'Zum Blauen See 5'),
(9689, 767, 'user.custom.ingrid.user.age.group', ''),
(9690, 767, 'user.custom.ingrid.user.attention.from', ''),
(9691, 767, 'user.custom.ingrid.user.confirmid', '4d8f5c89ea78ee9fdf7df2184a79c9f5'),
(9692, 767, 'user.custom.ingrid.user.interest', ''),
(9693, 767, 'user.custom.ingrid.user.profession', ''),
(9694, 767, 'user.custom.ingrid.user.subscribe.newsletter', ''),
(9695, 767, 'user.name.family', 'Wagner'),
(9696, 767, 'user.name.given', 'Katrin'),
(9697, 767, 'user.name.prefix', '1'),
(9698, 768, 'user.business-info.online.email', 'post-p-we@online.de'),
(9699, 768, 'user.business-info.postal.city', ''),
(9700, 768, 'user.business-info.postal.postalcode', ''),
(9701, 768, 'user.business-info.postal.street', ''),
(9702, 768, 'user.custom.ingrid.user.age.group', ''),
(9703, 768, 'user.custom.ingrid.user.attention.from', ''),
(9704, 768, 'user.custom.ingrid.user.confirmid', 'fa3a7625ecce4a6ed808fabb4b6d6b20'),
(9705, 768, 'user.custom.ingrid.user.interest', ''),
(9706, 768, 'user.custom.ingrid.user.profession', ''),
(9707, 768, 'user.custom.ingrid.user.subscribe.newsletter', ''),
(9708, 768, 'user.name.family', 'Prach'),
(9709, 768, 'user.name.given', 'Mike '),
(9710, 768, 'user.name.prefix', '2'),
(9711, 769, 'user.business-info.online.email', 'isabell.ruelling@stud.hs-merseburg.de'),
(9712, 769, 'user.business-info.postal.city', ''),
(9713, 769, 'user.business-info.postal.postalcode', ''),
(9714, 769, 'user.business-info.postal.street', ''),
(9715, 769, 'user.custom.ingrid.user.age.group', ''),
(9716, 769, 'user.custom.ingrid.user.attention.from', ''),
(9717, 769, 'user.custom.ingrid.user.confirmid', 'f07f5125a6390690f17409206855fe59'),
(9718, 769, 'user.custom.ingrid.user.interest', ''),
(9719, 769, 'user.custom.ingrid.user.profession', ''),
(9720, 769, 'user.custom.ingrid.user.subscribe.newsletter', ''),
(9721, 769, 'user.name.family', 'Rülling'),
(9722, 769, 'user.name.given', 'Isabell'),
(9723, 769, 'user.name.prefix', '0'),
(9724, 770, 'user.business-info.online.email', 'vera.doettling@student.kit.edu'),
(9725, 770, 'user.business-info.postal.city', ''),
(9726, 770, 'user.business-info.postal.postalcode', ''),
(9727, 770, 'user.business-info.postal.street', ''),
(9728, 770, 'user.custom.ingrid.user.age.group', ''),
(9729, 770, 'user.custom.ingrid.user.attention.from', ''),
(9730, 770, 'user.custom.ingrid.user.confirmid', 'ef5c10a91853e540a0d78dec49646ad7'),
(9731, 770, 'user.custom.ingrid.user.interest', ''),
(9732, 770, 'user.custom.ingrid.user.profession', ''),
(9733, 770, 'user.custom.ingrid.user.subscribe.newsletter', ''),
(9734, 770, 'user.name.family', 'Döttling'),
(9735, 770, 'user.name.given', 'Vera'),
(9736, 770, 'user.name.prefix', '1'),
(9737, 771, 'user.business-info.online.email', 'andre_stephan@gmx.net'),
(9738, 771, 'user.business-info.postal.city', ''),
(9739, 771, 'user.business-info.postal.postalcode', ''),
(9740, 771, 'user.business-info.postal.street', ''),
(9741, 771, 'user.custom.ingrid.user.age.group', ''),
(9742, 771, 'user.custom.ingrid.user.attention.from', ''),
(9743, 771, 'user.custom.ingrid.user.confirmid', '4f9e473a1806afa28b6dd68ed2a94d45'),
(9744, 771, 'user.custom.ingrid.user.interest', ''),
(9745, 771, 'user.custom.ingrid.user.profession', ''),
(9746, 771, 'user.custom.ingrid.user.subscribe.newsletter', ''),
(9747, 771, 'user.name.family', 'Stephan'),
(9748, 771, 'user.name.given', 'A'),
(9749, 771, 'user.name.prefix', '0'),
(9750, 772, 'user.business-info.online.email', 'michael.weissensee@geomagic.de'),
(9751, 772, 'user.business-info.postal.city', ''),
(9752, 772, 'user.business-info.postal.postalcode', ''),
(9753, 772, 'user.business-info.postal.street', ''),
(9754, 772, 'user.custom.ingrid.user.age.group', ''),
(9755, 772, 'user.custom.ingrid.user.attention.from', ''),
(9756, 772, 'user.custom.ingrid.user.confirmid', '6a22fb4483bb05e83e4c67d26932ba1a'),
(9757, 772, 'user.custom.ingrid.user.interest', ''),
(9758, 772, 'user.custom.ingrid.user.profession', ''),
(9759, 772, 'user.custom.ingrid.user.subscribe.newsletter', ''),
(9760, 772, 'user.name.family', 'Weißensee'),
(9761, 772, 'user.name.given', 'Michael'),
(9762, 772, 'user.name.prefix', '2'),
(9763, 773, 'user.business-info.online.email', 'meineid@freenet.de'),
(9764, 773, 'user.business-info.postal.city', ''),
(9765, 773, 'user.business-info.postal.postalcode', ''),
(9766, 773, 'user.business-info.postal.street', ''),
(9767, 773, 'user.custom.ingrid.user.age.group', ''),
(9768, 773, 'user.custom.ingrid.user.attention.from', ''),
(9769, 773, 'user.custom.ingrid.user.confirmid', 'ee2b548b7b6bd73119f625acb90b7f43'),
(9770, 773, 'user.custom.ingrid.user.interest', ''),
(9771, 773, 'user.custom.ingrid.user.profession', ''),
(9772, 773, 'user.custom.ingrid.user.subscribe.newsletter', ''),
(9773, 773, 'user.name.family', 'meinhardt'),
(9774, 773, 'user.name.given', 'kai'),
(9775, 773, 'user.name.prefix', '0'),
(9776, 774, 'user.business-info.online.email', 'kleber@bafg.de'),
(9777, 774, 'user.business-info.postal.city', 'Koblenz'),
(9778, 774, 'user.business-info.postal.postalcode', '56068'),
(9779, 774, 'user.business-info.postal.street', 'Am Mainzer Tor 1'),
(9780, 774, 'user.custom.ingrid.user.age.group', ''),
(9781, 774, 'user.custom.ingrid.user.attention.from', ''),
(9782, 774, 'user.custom.ingrid.user.confirmid', '8947db698d03f7de803159f06f63ba30'),
(9783, 774, 'user.custom.ingrid.user.interest', ''),
(9784, 774, 'user.custom.ingrid.user.profession', ''),
(9785, 774, 'user.custom.ingrid.user.subscribe.newsletter', ''),
(9786, 774, 'user.name.family', 'Kleber'),
(9787, 774, 'user.name.given', 'Sven-Henrik'),
(9788, 774, 'user.name.prefix', '3'),
(9789, 775, 'user.business-info.online.email', 'matthezz78@googlemail.com'),
(9790, 775, 'user.business-info.postal.city', 'Magdeburg'),
(9791, 775, 'user.business-info.postal.postalcode', '39112'),
(9792, 775, 'user.business-info.postal.street', 'Guts-Muths-Weg 11'),
(9793, 775, 'user.custom.ingrid.user.age.group', ''),
(9794, 775, 'user.custom.ingrid.user.attention.from', ''),
(9795, 775, 'user.custom.ingrid.user.confirmid', '7aa601875b8e9ddda1277374b74ca656'),
(9796, 775, 'user.custom.ingrid.user.interest', ''),
(9797, 775, 'user.custom.ingrid.user.profession', ''),
(9798, 775, 'user.custom.ingrid.user.subscribe.newsletter', ''),
(9799, 775, 'user.name.family', 'Lange'),
(9800, 775, 'user.name.given', 'Matthias'),
(9801, 775, 'user.name.prefix', '2'),
(9802, 776, 'user.business-info.online.email', 'matthezz78@googlemail.com'),
(9803, 776, 'user.business-info.postal.city', 'Magdeburg'),
(9804, 776, 'user.business-info.postal.postalcode', '39112'),
(9805, 776, 'user.business-info.postal.street', 'Guts-Muths-Weg 11'),
(9806, 776, 'user.custom.ingrid.user.age.group', ''),
(9807, 776, 'user.custom.ingrid.user.attention.from', ''),
(9808, 776, 'user.custom.ingrid.user.confirmid', '7254079c066e09c2f43b533e20ed03be'),
(9809, 776, 'user.custom.ingrid.user.interest', ''),
(9810, 776, 'user.custom.ingrid.user.profession', ''),
(9811, 776, 'user.custom.ingrid.user.subscribe.newsletter', ''),
(9812, 776, 'user.name.family', 'Lange'),
(9813, 776, 'user.name.given', 'Matthias'),
(9814, 776, 'user.name.prefix', '2'),
(9815, 777, 'user.business-info.online.email', 'mp-kriedemann-umwelt@gmx.de'),
(9816, 777, 'user.business-info.postal.city', ''),
(9817, 777, 'user.business-info.postal.postalcode', ''),
(9818, 777, 'user.business-info.postal.street', ''),
(9819, 777, 'user.custom.ingrid.user.age.group', ''),
(9820, 777, 'user.custom.ingrid.user.attention.from', ''),
(9821, 777, 'user.custom.ingrid.user.confirmid', '04858577d5665e22a703466e27996d8a'),
(9822, 777, 'user.custom.ingrid.user.interest', ''),
(9823, 777, 'user.custom.ingrid.user.profession', ''),
(9824, 777, 'user.custom.ingrid.user.subscribe.newsletter', ''),
(9825, 777, 'user.name.family', 'Palm'),
(9826, 777, 'user.name.given', 'Matthias'),
(9827, 777, 'user.name.prefix', '2'),
(9828, 778, 'user.business-info.online.email', 'martin@wemove.com'),
(9829, 778, 'user.business-info.postal.city', ''),
(9830, 778, 'user.business-info.postal.postalcode', ''),
(9831, 778, 'user.business-info.postal.street', ''),
(9832, 778, 'user.custom.ingrid.user.age.group', ''),
(9833, 778, 'user.custom.ingrid.user.attention.from', ''),
(9834, 778, 'user.custom.ingrid.user.confirmid', 'a49a7e96a2b628c80620c19643b9b7b6'),
(9835, 778, 'user.custom.ingrid.user.interest', ''),
(9836, 778, 'user.custom.ingrid.user.profession', ''),
(9837, 778, 'user.custom.ingrid.user.subscribe.newsletter', ''),
(9838, 778, 'user.name.family', 'Maidhof'),
(9839, 778, 'user.name.given', 'Martin'),
(9840, 778, 'user.name.prefix', '0'),
(9841, 779, 'user.business-info.online.email', 'info@poserplan.de');
INSERT INTO `security_attribute` (`ATTR_ID`, `PRINCIPAL_ID`, `ATTR_NAME`, `ATTR_VALUE`) VALUES
(9842, 779, 'user.business-info.postal.city', ''),
(9843, 779, 'user.business-info.postal.postalcode', ''),
(9844, 779, 'user.business-info.postal.street', ''),
(9845, 779, 'user.custom.ingrid.user.age.group', ''),
(9846, 779, 'user.custom.ingrid.user.attention.from', ''),
(9847, 779, 'user.custom.ingrid.user.confirmid', '96964798f919343c852c7e8891ef3958'),
(9848, 779, 'user.custom.ingrid.user.interest', ''),
(9849, 779, 'user.custom.ingrid.user.profession', ''),
(9850, 779, 'user.custom.ingrid.user.subscribe.newsletter', ''),
(9851, 779, 'user.name.family', 'Poser'),
(9852, 779, 'user.name.given', 'Trude'),
(9853, 779, 'user.name.prefix', '3'),
(9854, 780, 'user.business-info.online.email', 'Frank.Harms@mu.niedersachsen.de'),
(9855, 780, 'user.business-info.postal.city', 'Hannover'),
(9856, 780, 'user.business-info.postal.postalcode', '30169'),
(9857, 780, 'user.business-info.postal.street', 'Archivstr. 2'),
(9858, 780, 'user.custom.ingrid.user.age.group', ''),
(9859, 780, 'user.custom.ingrid.user.attention.from', ''),
(9860, 780, 'user.custom.ingrid.user.confirmid', 'fa809a19413a6c7f570c63eee7ac0ae5'),
(9861, 780, 'user.custom.ingrid.user.interest', ''),
(9862, 780, 'user.custom.ingrid.user.profession', ''),
(9863, 780, 'user.custom.ingrid.user.subscribe.newsletter', '1'),
(9864, 780, 'user.name.family', 'Harms'),
(9865, 780, 'user.name.given', 'Frank'),
(9866, 780, 'user.name.prefix', '2'),
(9867, 781, 'user.business-info.online.email', 'markus.meyer@ufz.de'),
(9868, 781, 'user.business-info.postal.city', ''),
(9869, 781, 'user.business-info.postal.postalcode', ''),
(9870, 781, 'user.business-info.postal.street', ''),
(9871, 781, 'user.custom.ingrid.user.age.group', ''),
(9872, 781, 'user.custom.ingrid.user.attention.from', ''),
(9873, 781, 'user.custom.ingrid.user.confirmid', 'ae3a6f6ef4062934592da9cc700aecf6'),
(9874, 781, 'user.custom.ingrid.user.interest', ''),
(9875, 781, 'user.custom.ingrid.user.profession', ''),
(9876, 781, 'user.custom.ingrid.user.subscribe.newsletter', ''),
(9877, 781, 'user.name.family', 'Meyer'),
(9878, 781, 'user.name.given', 'Markus'),
(9879, 781, 'user.name.prefix', '2'),
(9880, 782, 'user.business-info.online.email', 'Stefangraf453@gmail.com'),
(9881, 782, 'user.business-info.postal.city', 'Fürstenwalde'),
(9882, 782, 'user.business-info.postal.postalcode', '15517'),
(9883, 782, 'user.business-info.postal.street', 'Buckower str.13'),
(9884, 782, 'user.custom.ingrid.user.age.group', ''),
(9885, 782, 'user.custom.ingrid.user.attention.from', ''),
(9886, 782, 'user.custom.ingrid.user.confirmid', 'a48e516b2ce26c164b63332d50d3751c'),
(9887, 782, 'user.custom.ingrid.user.interest', ''),
(9888, 782, 'user.custom.ingrid.user.profession', ''),
(9889, 782, 'user.custom.ingrid.user.subscribe.newsletter', '1'),
(9890, 782, 'user.name.family', 'Graf'),
(9891, 782, 'user.name.given', 'Stefan '),
(9892, 782, 'user.name.prefix', '2'),
(9893, 783, 'user.business-info.online.email', 'schosstag@t-online.de'),
(9894, 783, 'user.business-info.postal.city', ''),
(9895, 783, 'user.business-info.postal.postalcode', ''),
(9896, 783, 'user.business-info.postal.street', ''),
(9897, 783, 'user.custom.ingrid.user.age.group', ''),
(9898, 783, 'user.custom.ingrid.user.attention.from', ''),
(9899, 783, 'user.custom.ingrid.user.confirmid', 'dcedb8b51bb2a2dd7965d39983cc1d2f'),
(9900, 783, 'user.custom.ingrid.user.interest', ''),
(9901, 783, 'user.custom.ingrid.user.profession', ''),
(9902, 783, 'user.custom.ingrid.user.subscribe.newsletter', '1'),
(9903, 783, 'user.name.family', 'Guido'),
(9904, 783, 'user.name.given', 'Schoßtag'),
(9905, 783, 'user.name.prefix', '2'),
(9906, 784, 'user.business-info.online.email', 'annett.fuerste@mlu.sachsen-anhalt.de'),
(9907, 784, 'user.business-info.postal.city', ''),
(9908, 784, 'user.business-info.postal.postalcode', ''),
(9909, 784, 'user.business-info.postal.street', ''),
(9910, 784, 'user.custom.ingrid.user.age.group', '0'),
(9911, 784, 'user.custom.ingrid.user.attention.from', ''),
(9912, 784, 'user.custom.ingrid.user.confirmid', 'e4e50bcc045a904b5a9dab64bdc364f1'),
(9913, 784, 'user.custom.ingrid.user.interest', '1'),
(9914, 784, 'user.custom.ingrid.user.profession', '4'),
(9915, 784, 'user.custom.ingrid.user.subscribe.newsletter', '1'),
(9916, 784, 'user.name.family', 'Fuerste'),
(9917, 784, 'user.name.given', 'Annett'),
(9918, 784, 'user.name.prefix', '1'),
(9919, 785, 'user.business-info.online.email', 'corneliablick@googlemail.com'),
(9920, 785, 'user.business-info.postal.city', 'München'),
(9921, 785, 'user.business-info.postal.postalcode', '80995'),
(9922, 785, 'user.business-info.postal.street', 'Feldmochingerstr. 242'),
(9923, 785, 'user.custom.ingrid.user.age.group', ''),
(9924, 785, 'user.custom.ingrid.user.attention.from', ''),
(9925, 785, 'user.custom.ingrid.user.confirmid', '9e09e69c5d9c83363ddbaaed7a61222b'),
(9926, 785, 'user.custom.ingrid.user.interest', ''),
(9927, 785, 'user.custom.ingrid.user.profession', ''),
(9928, 785, 'user.custom.ingrid.user.subscribe.newsletter', ''),
(9929, 785, 'user.name.family', 'Blick'),
(9930, 785, 'user.name.given', 'Cornelia'),
(9931, 785, 'user.name.prefix', '1'),
(9932, 786, 'user.business-info.online.email', 'karsten.meiss@smartrecycling.de'),
(9933, 786, 'user.business-info.postal.city', ''),
(9934, 786, 'user.business-info.postal.postalcode', ''),
(9935, 786, 'user.business-info.postal.street', ''),
(9936, 786, 'user.custom.ingrid.user.age.group', '0'),
(9937, 786, 'user.custom.ingrid.user.attention.from', ''),
(9938, 786, 'user.custom.ingrid.user.confirmid', 'f9c71f4b2d6508af576ee1f83abc26b9'),
(9939, 786, 'user.custom.ingrid.user.interest', '1'),
(9940, 786, 'user.custom.ingrid.user.profession', '8'),
(9941, 786, 'user.custom.ingrid.user.subscribe.newsletter', '1'),
(9942, 786, 'user.name.family', 'Meiß'),
(9943, 786, 'user.name.given', 'Karsten'),
(9944, 786, 'user.name.prefix', '2'),
(9945, 787, 'user.business-info.online.email', 'mutke@uni-bonn.de'),
(9946, 787, 'user.business-info.postal.city', ''),
(9947, 787, 'user.business-info.postal.postalcode', ''),
(9948, 787, 'user.business-info.postal.street', ''),
(9949, 787, 'user.custom.ingrid.user.age.group', ''),
(9950, 787, 'user.custom.ingrid.user.attention.from', ''),
(9951, 787, 'user.custom.ingrid.user.confirmid', 'd95016d023610aa7fe270fd36de35b9f'),
(9952, 787, 'user.custom.ingrid.user.interest', ''),
(9953, 787, 'user.custom.ingrid.user.profession', ''),
(9954, 787, 'user.custom.ingrid.user.subscribe.newsletter', ''),
(9955, 787, 'user.name.family', 'Mutke'),
(9956, 787, 'user.name.given', 'Jens'),
(9957, 787, 'user.name.prefix', '3');

-- --------------------------------------------------------

--
-- Tabellenstruktur für Tabelle `security_credential`
--

DROP TABLE IF EXISTS `security_credential`;
CREATE TABLE IF NOT EXISTS `security_credential` (
  `CREDENTIAL_ID` int(11) NOT NULL,
  `PRINCIPAL_ID` int(11) NOT NULL,
  `CREDENTIAL_VALUE` varchar(254) COLLATE utf8_unicode_ci DEFAULT NULL,
  `TYPE` smallint(6) NOT NULL,
  `UPDATE_ALLOWED` smallint(6) NOT NULL,
  `IS_STATE_READONLY` smallint(6) NOT NULL,
  `UPDATE_REQUIRED` smallint(6) NOT NULL,
  `IS_ENCODED` smallint(6) NOT NULL,
  `IS_ENABLED` smallint(6) NOT NULL,
  `AUTH_FAILURES` smallint(6) NOT NULL,
  `IS_EXPIRED` smallint(6) NOT NULL,
  `CREATION_DATE` datetime NOT NULL,
  `MODIFIED_DATE` datetime NOT NULL,
  `PREV_AUTH_DATE` datetime DEFAULT NULL,
  `LAST_AUTH_DATE` datetime DEFAULT NULL,
  `EXPIRATION_DATE` date DEFAULT NULL,
  PRIMARY KEY (`CREDENTIAL_ID`),
  KEY `IX_SECURITY_CREDENTIAL_1` (`PRINCIPAL_ID`)
) ENGINE=InnoDB DEFAULT CHARSET=utf8 COLLATE=utf8_unicode_ci;

--
-- Daten für Tabelle `security_credential`
--

INSERT INTO `security_credential` (`CREDENTIAL_ID`, `PRINCIPAL_ID`, `CREDENTIAL_VALUE`, `TYPE`, `UPDATE_ALLOWED`, `IS_STATE_READONLY`, `UPDATE_REQUIRED`, `IS_ENCODED`, `IS_ENABLED`, `AUTH_FAILURES`, `IS_EXPIRED`, `CREATION_DATE`, `MODIFIED_DATE`, `PREV_AUTH_DATE`, `LAST_AUTH_DATE`, `EXPIRATION_DATE`) VALUES
(1, 14, 'iqTzSZw/MDzyaVuFzoFnM1iX6dk=', 0, 1, 0, 0, 1, 1, 0, 0, '2014-12-10 14:50:40', '2014-12-10 14:50:40', NULL, NULL, NULL),
(2, 15, 'ltR80b99PEWyyB3SMSBrC/liKSI=', 0, 1, 0, 0, 1, 1, 0, 0, '2014-12-10 14:50:40', '2014-12-10 14:50:40', NULL, NULL, NULL),
(3, 16, 'liiHgKcA1sEBisdWUN9fLEc2gBo=', 0, 1, 0, 0, 1, 1, 0, 0, '2014-12-10 14:50:41', '2015-01-21 11:16:21', '2015-01-21 11:06:08', '2015-01-21 11:16:21', NULL),
(4, 17, '33mTBWYoBaA/ZUzoRosHyLp4esc=', 0, 1, 0, 0, 1, 0, 0, 0, '2014-12-10 14:50:41', '2014-12-10 14:50:41', NULL, NULL, NULL),
(5, 18, 'mylWppNdL0V1ZSG1CteowFil7KE=', 0, 1, 0, 0, 1, 0, 0, 0, '2014-12-10 14:50:41', '2014-12-10 14:50:41', NULL, NULL, NULL),
(6, 19, 'UEaHZpWCdX9CG/MYYAVGW8xqzp4=', 0, 1, 0, 0, 1, 0, 0, 0, '2014-12-10 14:50:41', '2014-12-10 14:50:41', NULL, NULL, NULL),
(7, 21, 'jYqxqeI5vWS7kMx1O0hkfupSyw8=', 0, 1, 0, 0, 1, 0, 0, 0, '2014-12-10 14:50:41', '2014-12-10 14:50:41', NULL, NULL, NULL),
(8, 22, 'djeB8HlyaGbBOp0rt3GCWSnPPhk=', 0, 1, 0, 0, 1, 0, 0, 0, '2014-12-10 14:50:41', '2014-12-10 14:50:41', NULL, NULL, NULL),
(9, 23, '1rcizaNKjxu0SwErI9ytGIdbv+o=', 0, 1, 0, 0, 1, 1, 0, 0, '2014-12-10 14:50:41', '2014-12-10 14:50:41', NULL, NULL, NULL),
(10, 24, 'hkyML+z79tT922iJllRQ57EG1Y4=', 0, 1, 0, 0, 1, 1, 0, 0, '2014-12-10 14:50:41', '2014-12-10 14:50:41', NULL, NULL, NULL),
(11, 25, 'r4wx+CReHlBi4JN/c9myvVBTw50=', 0, 1, 0, 0, 1, 1, 0, 0, '2014-12-10 14:50:41', '2014-12-10 14:50:41', NULL, NULL, NULL),
(12, 26, '0RQAkMgyKlAdsLwowJWhE7NAW4E=', 0, 1, 0, 0, 1, 1, 0, 0, '2014-12-10 14:50:41', '2014-12-10 14:50:41', NULL, NULL, NULL),
(13, 27, 'HqdFGDt4iFSWcy5GHHErwdy5nvo=', 0, 1, 0, 0, 1, 1, 0, 0, '2014-12-10 14:50:41', '2014-12-10 14:50:41', NULL, NULL, NULL),
(14, 28, 'O6wX8w/8F0bRDe0I+CJX8YzKdbY=', 0, 1, 0, 0, 1, 1, 0, 0, '2014-12-10 14:50:42', '2014-12-10 14:50:42', NULL, NULL, NULL),
(15, 29, 'GD/ITMb460RrvVWwWmUfpso9Hxg=', 0, 1, 0, 0, 1, 1, 0, 0, '2014-12-10 14:50:42', '2014-12-10 14:50:42', NULL, NULL, NULL),
(16, 30, 'Oe44vwzO1o0AsiVAYrJDKv5v4S0=', 0, 1, 0, 0, 1, 1, 0, 0, '2014-12-10 14:50:42', '2014-12-10 14:50:42', NULL, NULL, NULL),
(17, 31, 'X1vjFjH1gQv0Pj5ZADPFov9BAns=', 0, 1, 0, 0, 1, 1, 0, 0, '2014-12-10 14:50:42', '2014-12-10 14:50:42', NULL, NULL, NULL),
(18, 32, 'RAn9wsMPXH2KYE0QOdpyT1Cr+14=', 0, 1, 0, 0, 1, 1, 0, 0, '2014-12-10 14:50:42', '2014-12-10 14:50:42', NULL, NULL, NULL),
(19, 33, 'sNwAka6safw6mKTL8gp5MkHF874=', 0, 1, 0, 0, 1, 1, 0, 0, '2014-12-10 14:50:42', '2014-12-10 14:50:42', NULL, NULL, NULL),
(20, 34, 'amZGYmSOHSw1g0LeVg+IGCetieQ=', 0, 1, 0, 0, 1, 1, 0, 0, '2014-12-10 14:50:42', '2014-12-10 14:50:42', NULL, NULL, NULL),
(21, 35, '4iKhH1CokUxq1oj/7BKdJ3ZwpPI=', 0, 1, 0, 0, 1, 1, 0, 0, '2014-12-10 14:50:42', '2014-12-10 14:50:42', NULL, NULL, NULL),
(22, 36, 'tx0f4lbIYZ4oZUHF9wgfr//4e5g=', 0, 1, 0, 0, 1, 1, 0, 0, '2014-12-10 14:50:43', '2014-12-10 14:50:43', NULL, NULL, NULL),
(23, 37, 'nkvBIc4wGrrj1elIhq0Ac7gL68Y=', 0, 1, 0, 0, 1, 1, 0, 0, '2014-12-10 14:50:43', '2014-12-10 14:50:43', NULL, NULL, NULL),
(24, 38, 'vWYeGo0HWthP1JAf5vy8gcxgwNA=', 0, 1, 0, 0, 1, 1, 0, 0, '2014-12-10 14:50:43', '2014-12-10 14:50:43', NULL, NULL, NULL),
(25, 39, 'lzot/XZAA1s043rEHEFwvXfePH4=', 0, 1, 0, 0, 1, 1, 0, 0, '2014-12-10 14:50:43', '2014-12-10 14:50:43', NULL, NULL, NULL),
(26, 40, 'gVgIKYVXt5skRPWOLgzIJ0cv+U8=', 0, 1, 0, 0, 1, 1, 0, 0, '2014-12-10 14:50:43', '2014-12-10 14:50:43', NULL, NULL, NULL),
(27, 41, 'VHbspBU8nUbVls9oe/LPy5qEfZQ=', 0, 1, 0, 0, 1, 1, 0, 0, '2014-12-10 14:50:43', '2014-12-10 14:50:43', NULL, NULL, NULL),
(28, 42, 'UHsVJoKgKnQWkpHJJsjzByxYbro=', 0, 1, 0, 0, 1, 1, 0, 0, '2014-12-10 14:50:43', '2014-12-10 14:50:43', NULL, NULL, NULL),
(29, 43, 'mQf6j9rt/k+eGFVubcBx5f6hZzI=', 0, 1, 0, 0, 1, 1, 0, 0, '2014-12-10 14:50:43', '2014-12-10 14:50:43', NULL, NULL, NULL),
(30, 44, '3vFEQKN2DjIAtovVuA9LwdP87Yg=', 0, 1, 0, 0, 1, 1, 0, 0, '2014-12-10 14:50:43', '2014-12-10 14:50:43', NULL, NULL, NULL),
(31, 45, '9ZjbGIxEJE9YGOLbovKl2CjJcLA=', 0, 1, 0, 0, 1, 1, 0, 0, '2014-12-10 14:50:43', '2014-12-10 14:50:43', NULL, NULL, NULL),
(32, 46, 'l86KFm1Oj/7HcmoqN9qkNMWweKc=', 0, 1, 0, 0, 1, 1, 0, 0, '2014-12-10 14:50:43', '2014-12-10 14:50:43', NULL, NULL, NULL),
(33, 47, 'HG8qrflhq6Oo4fquTbRqMPa6H9A=', 0, 1, 0, 0, 1, 1, 0, 0, '2014-12-10 14:50:43', '2014-12-10 14:50:43', NULL, NULL, NULL),
(34, 48, 'UKeZdkjY78q01sgIrovpahKaSTA=', 0, 1, 0, 0, 1, 1, 0, 0, '2014-12-10 14:50:44', '2014-12-10 14:50:44', NULL, NULL, NULL),
(35, 49, '/aCA6/FFqklABOtfdciM8CyviX4=', 0, 1, 0, 0, 1, 1, 0, 0, '2014-12-10 14:50:44', '2014-12-10 14:50:44', NULL, NULL, NULL),
(36, 50, 'GJrPDiC7wUhcJE97DQqviuyK2Gg=', 0, 1, 0, 0, 1, 1, 0, 0, '2014-12-10 14:50:44', '2014-12-10 14:50:44', NULL, NULL, NULL),
(37, 51, '1EmZx/1ND6QVPxL3XpXZXRvBOYA=', 0, 1, 0, 0, 1, 0, 0, 0, '2014-12-10 14:50:44', '2014-12-10 14:50:44', NULL, NULL, NULL),
(38, 52, 'FIZsZpP7O28jKJpDpzibqQrhVTs=', 0, 1, 0, 0, 1, 1, 0, 0, '2014-12-10 14:50:44', '2014-12-10 14:50:44', NULL, NULL, NULL),
(39, 53, 'oBwrFuar9PkTrtE9HaVV2MAr0Zo=', 0, 1, 0, 0, 1, 1, 0, 0, '2014-12-10 14:50:44', '2014-12-10 14:50:44', NULL, NULL, NULL),
(40, 54, 'qD+ftiv+hXcqaMkATHibzDZeSrk=', 0, 1, 0, 0, 1, 1, 0, 0, '2014-12-10 14:50:44', '2014-12-10 14:50:44', NULL, NULL, NULL),
(41, 55, 'vvFf4qqOtM6cQKmQsS9xiaF2iS4=', 0, 1, 0, 0, 1, 1, 0, 0, '2014-12-10 14:50:44', '2014-12-10 14:50:44', NULL, NULL, NULL),
(42, 56, 'piwy4dmK3617l0D/uM41wucUcV0=', 0, 1, 0, 0, 1, 1, 0, 0, '2014-12-10 14:50:44', '2014-12-10 14:50:44', NULL, NULL, NULL),
(43, 57, '8d7QZ/0EyToeaUbs/jM9/gV9bF8=', 0, 1, 0, 0, 1, 1, 0, 0, '2014-12-10 14:50:44', '2014-12-10 14:50:44', NULL, NULL, NULL),
(44, 58, '81dMyqrAju5akra/uC6YoFPhCvM=', 0, 1, 0, 0, 1, 1, 0, 0, '2014-12-10 14:50:44', '2014-12-10 14:50:44', NULL, NULL, NULL),
(45, 59, 'rYasrMpSTT9tXondftmE7Jui+rY=', 0, 1, 0, 0, 1, 1, 0, 0, '2014-12-10 14:50:45', '2014-12-10 14:50:45', NULL, NULL, NULL),
(46, 60, 'xLBEHf/QW+vW2VEMoy3DQyw0jaU=', 0, 1, 0, 0, 1, 1, 0, 0, '2014-12-10 14:50:45', '2014-12-10 14:50:45', NULL, NULL, NULL),
(47, 61, 'cZsMuu6yfWjumb6OI3vG6Ju8vv4=', 0, 1, 0, 0, 1, 1, 0, 0, '2014-12-10 14:50:45', '2014-12-10 14:50:45', NULL, NULL, NULL),
(48, 62, '0znoDs9G53Ljxv9OgXLIJoKdymg=', 0, 1, 0, 0, 1, 1, 0, 0, '2014-12-10 14:50:45', '2014-12-10 14:50:45', NULL, NULL, NULL),
(49, 63, 'oU0W8HLc8RdftsW2ysA3yuikzvg=', 0, 1, 0, 0, 1, 1, 0, 0, '2014-12-10 14:50:45', '2014-12-10 14:50:45', NULL, NULL, NULL),
(50, 64, 'uIEnWN4VIb/HIA5tDOUbs0g0PZI=', 0, 1, 0, 0, 1, 1, 0, 0, '2014-12-10 14:50:45', '2014-12-10 14:50:45', NULL, NULL, NULL),
(51, 65, 'cu5b3hYQvX3u62HyqT970V9v+/8=', 0, 1, 0, 0, 1, 1, 0, 0, '2014-12-10 14:50:45', '2014-12-10 14:50:45', NULL, NULL, NULL),
(52, 66, 'Ignb/UN9tdHve+z4/I26nwPU5L0=', 0, 1, 0, 0, 1, 1, 0, 0, '2014-12-10 14:50:45', '2014-12-10 14:50:45', NULL, NULL, NULL),
(53, 67, 'EUrThkgoKYjGi3V97/whbN+LjjM=', 0, 1, 0, 0, 1, 1, 0, 0, '2014-12-10 14:50:45', '2014-12-10 14:50:45', NULL, NULL, NULL),
(54, 68, 'eKwsHA1eRneWOdeX9gaurqUUQ3s=', 0, 1, 0, 0, 1, 1, 0, 0, '2014-12-10 14:50:45', '2014-12-10 14:50:45', NULL, NULL, NULL),
(55, 69, 'pSQmzi5Z4CV66wCHSkgCoG+6c1s=', 0, 1, 0, 0, 1, 1, 0, 0, '2014-12-10 14:50:45', '2014-12-10 14:50:45', NULL, NULL, NULL),
(56, 70, 'qfInuPdGip4AtnysPiV0sTM1PDo=', 0, 1, 0, 0, 1, 1, 0, 0, '2014-12-10 14:50:45', '2014-12-10 14:50:45', NULL, NULL, NULL),
(57, 71, 'oDztH1CGhr5h4Ao+CpL9ga0IZTc=', 0, 1, 0, 0, 1, 1, 0, 0, '2014-12-10 14:50:45', '2014-12-10 14:50:45', NULL, NULL, NULL),
(58, 72, 'XZHA0fT33g6JlohS3DthNXzj2gM=', 0, 1, 0, 0, 1, 1, 0, 0, '2014-12-10 14:50:45', '2014-12-10 14:50:45', NULL, NULL, NULL),
(59, 73, 'Rnjt6Hf177lLhHR9Zo4lHoe4dP4=', 0, 1, 0, 0, 1, 1, 0, 0, '2014-12-10 14:50:45', '2014-12-10 14:50:45', NULL, NULL, NULL),
(60, 74, 's2k91I8Zh98Wchx6TqN6QdoGeUg=', 0, 1, 0, 0, 1, 1, 0, 0, '2014-12-10 14:50:45', '2014-12-10 14:50:45', NULL, NULL, NULL),
(61, 75, 'v18OBGldyrQLvYmxQTq08LQrEUA=', 0, 1, 0, 0, 1, 1, 0, 0, '2014-12-10 14:50:45', '2014-12-10 14:50:45', NULL, NULL, NULL),
(62, 76, '0eO+NHvDZxF0paiLgleli1IJquc=', 0, 1, 0, 0, 1, 1, 0, 0, '2014-12-10 14:50:45', '2014-12-10 14:50:45', NULL, NULL, NULL),
(63, 77, 'kXALD8nes1n40Ai9l55g6nIkkIo=', 0, 1, 0, 0, 1, 1, 0, 0, '2014-12-10 14:50:45', '2014-12-10 14:50:45', NULL, NULL, NULL),
(64, 78, 'RskvWLxzB7sDs1nOamPkxL2k6J8=', 0, 1, 0, 0, 1, 1, 0, 0, '2014-12-10 14:50:45', '2014-12-10 14:50:45', NULL, NULL, NULL),
(65, 79, 'lwyyaCS97Wfq8VylFZ3I1diH8M0=', 0, 1, 0, 0, 1, 1, 0, 0, '2014-12-10 14:50:45', '2014-12-10 14:50:45', NULL, NULL, NULL),
(66, 80, 'T6XUNYPD9yu7WCrF5nTGZ/sf09I=', 0, 1, 0, 0, 1, 1, 0, 0, '2014-12-10 14:50:45', '2014-12-10 14:50:45', NULL, NULL, NULL),
(67, 81, 'SiBLjXb43nCOwGnWodkJigRH12U=', 0, 1, 0, 0, 1, 1, 0, 0, '2014-12-10 14:50:45', '2014-12-10 14:50:45', NULL, NULL, NULL),
(68, 82, 'ulfLrGrQhiXXS8RnD8vei2DS87Q=', 0, 1, 0, 0, 1, 1, 0, 0, '2014-12-10 14:50:45', '2014-12-10 14:50:45', NULL, NULL, NULL),
(69, 83, 'HpgrPrTJLSpnEz4WlW79gdWBKIA=', 0, 1, 0, 0, 1, 1, 0, 0, '2014-12-10 14:50:45', '2014-12-10 14:50:45', NULL, NULL, NULL),
(70, 84, '+PiA9xO8I3V0PBRg4n4OrUUbrXE=', 0, 1, 0, 0, 1, 1, 0, 0, '2014-12-10 14:50:45', '2014-12-10 14:50:45', NULL, NULL, NULL),
(71, 85, 'ZQepZdCxBtnfOEgQRJARrM/sI2I=', 0, 1, 0, 0, 1, 1, 0, 0, '2014-12-10 14:50:45', '2014-12-10 14:50:45', NULL, NULL, NULL),
(72, 86, '6w/cMf2m9Nw7J7vnJUs+HUGY/4Y=', 0, 1, 0, 0, 1, 1, 0, 0, '2014-12-10 14:50:45', '2014-12-10 14:50:45', NULL, NULL, NULL),
(73, 87, 'uXD/ooqRTBQeNTqyl/PJDUeaD20=', 0, 1, 0, 0, 1, 1, 0, 0, '2014-12-10 14:50:45', '2014-12-10 14:50:45', NULL, NULL, NULL),
(74, 88, '1eJUZceKKLIcNPqLOdtzuvIoMwQ=', 0, 1, 0, 0, 1, 1, 0, 0, '2014-12-10 14:50:45', '2014-12-10 14:50:45', NULL, NULL, NULL),
(75, 89, 'GnAAsszVJBcSJV6YSwpRlEKI8zs=', 0, 1, 0, 0, 1, 1, 0, 0, '2014-12-10 14:50:45', '2014-12-10 14:50:45', NULL, NULL, NULL),
(76, 90, '0tMgyq56O8bSjCx/8qK+UGe5HTU=', 0, 1, 0, 0, 1, 1, 0, 0, '2014-12-10 14:50:45', '2014-12-10 14:50:45', NULL, NULL, NULL),
(77, 91, 'V41kwBEYbsRrMzi6TgpILrSNGJk=', 0, 1, 0, 0, 1, 1, 0, 0, '2014-12-10 14:50:45', '2014-12-10 14:50:45', NULL, NULL, NULL),
(78, 92, 'anBAQO3dmW0s4CeYDyfK9TYacJw=', 0, 1, 0, 0, 1, 1, 0, 0, '2014-12-10 14:50:45', '2014-12-10 14:50:45', NULL, NULL, NULL),
(79, 93, 'YT/wCrFvbDDKaKP0062g+Rt9p4M=', 0, 1, 0, 0, 1, 1, 0, 0, '2014-12-10 14:50:45', '2014-12-10 14:50:45', NULL, NULL, NULL),
(80, 94, 'g7n+ITew8Z5DmTLM6vRHqUacvt0=', 0, 1, 0, 0, 1, 1, 0, 0, '2014-12-10 14:50:45', '2014-12-10 14:50:45', NULL, NULL, NULL),
(81, 95, 'B0bzO3MfOI2hfEHbFE/54DUAPIY=', 0, 1, 0, 0, 1, 1, 0, 0, '2014-12-10 14:50:45', '2014-12-10 14:50:45', NULL, NULL, NULL),
(82, 96, 'aMwg2FmAYQtKvhOn9EkJmXFbzuQ=', 0, 1, 0, 0, 1, 1, 0, 0, '2014-12-10 14:50:45', '2014-12-10 14:50:45', NULL, NULL, NULL),
(83, 97, '6d/xd4l+pxuZNFyUy/Qz6qCQEjk=', 0, 1, 0, 0, 1, 1, 0, 0, '2014-12-10 14:50:45', '2014-12-10 14:50:45', NULL, NULL, NULL),
(84, 98, 'GO7jpFJxCqpsI7ADBnhHdgAU+0k=', 0, 1, 0, 0, 1, 1, 0, 0, '2014-12-10 14:50:45', '2014-12-10 14:50:45', NULL, NULL, NULL),
(85, 99, 'jt3k9Q5BywdJCGbG1i/LqOY/qx8=', 0, 1, 0, 0, 1, 1, 0, 0, '2014-12-10 14:50:45', '2014-12-10 14:50:45', NULL, NULL, NULL),
(86, 100, 'DQv9mXYfgxtiIeiwc+TCT7HiN9Q=', 0, 1, 0, 0, 1, 1, 0, 0, '2014-12-10 14:50:45', '2014-12-10 14:50:45', NULL, NULL, NULL),
(87, 101, 'orJteAP0esp+qpMjk8VUoSwSmOM=', 0, 1, 0, 0, 1, 1, 0, 0, '2014-12-10 14:50:45', '2014-12-10 14:50:45', NULL, NULL, NULL),
(88, 102, 'gKw/bGpLEUUcagMnMaXr/iiu/Rk=', 0, 1, 0, 0, 1, 1, 0, 0, '2014-12-10 14:50:45', '2014-12-10 14:50:45', NULL, NULL, NULL),
(89, 103, 'GW/fFAi3CC3tb9wr5sDHzXioPnw=', 0, 1, 0, 0, 1, 1, 0, 0, '2014-12-10 14:50:45', '2014-12-10 14:50:45', NULL, NULL, NULL),
(90, 104, 'hGQXy2/p4SUhUtj3VLBkKfHEFOo=', 0, 1, 0, 0, 1, 1, 0, 0, '2014-12-10 14:50:45', '2014-12-10 14:50:45', NULL, NULL, NULL),
(91, 105, 'ouBVZo4W20R9ZiNZHdyVsRKb1lc=', 0, 1, 0, 0, 1, 1, 0, 0, '2014-12-10 14:50:45', '2014-12-10 14:50:45', NULL, NULL, NULL),
(92, 106, 'f+Qqgv/jdn8Zf1A6PUefELSStSM=', 0, 1, 0, 0, 1, 1, 0, 0, '2014-12-10 14:50:45', '2014-12-10 14:50:45', NULL, NULL, NULL),
(93, 107, 'omqjeRl2lT14DnB77wtWdUvQxhc=', 0, 1, 0, 0, 1, 1, 0, 0, '2014-12-10 14:50:45', '2014-12-10 14:50:45', NULL, NULL, NULL),
(94, 108, 'dWTXChlsu5lAfQggU4I9e4DdEmc=', 0, 1, 0, 0, 1, 1, 0, 0, '2014-12-10 14:50:45', '2014-12-10 14:50:45', NULL, NULL, NULL),
(95, 109, 'NwBLhOy+Y/Inj4hFjV/t6YXigLo=', 0, 1, 0, 0, 1, 1, 0, 0, '2014-12-10 14:50:45', '2014-12-10 14:50:45', NULL, NULL, NULL),
(96, 110, 'KmfQ5NnTdgXVCB9xFxsZ/zLannw=', 0, 1, 0, 0, 1, 1, 0, 0, '2014-12-10 14:50:45', '2014-12-10 14:50:45', NULL, NULL, NULL),
(97, 111, 'ecxgu2hRsGXTqcrn2GdTL449cK4=', 0, 1, 0, 0, 1, 1, 0, 0, '2014-12-10 14:50:45', '2014-12-10 14:50:45', NULL, NULL, NULL),
(98, 112, '4jhRYUQbZ0ytiW5uH45J/vnDXvw=', 0, 1, 0, 0, 1, 1, 0, 0, '2014-12-10 14:50:46', '2014-12-10 14:50:46', NULL, NULL, NULL),
(99, 113, 'aFX4kyg64Z9r/0sb0PAkPA2mTxU=', 0, 1, 0, 0, 1, 1, 0, 0, '2014-12-10 14:50:46', '2014-12-10 14:50:46', NULL, NULL, NULL),
(100, 114, 'QOzIHEOVzvqKswkWjvsjbO7BfDw=', 0, 1, 0, 0, 1, 1, 0, 0, '2014-12-10 14:50:46', '2014-12-10 14:50:46', NULL, NULL, NULL),
(101, 115, '7oUESap6YCaWwAMdlOHXi47B5xk=', 0, 1, 0, 0, 1, 1, 0, 0, '2014-12-10 14:50:46', '2014-12-10 14:50:46', NULL, NULL, NULL),
(102, 116, 'WOuP0ep1KUf+gBtVmqIyVpzfGY8=', 0, 1, 0, 0, 1, 1, 0, 0, '2014-12-10 14:50:46', '2014-12-10 14:50:46', NULL, NULL, NULL),
(103, 117, 'fNPvDzmydiZYgJICAhjOKk2/vpM=', 0, 1, 0, 0, 1, 1, 0, 0, '2014-12-10 14:50:46', '2014-12-10 14:50:46', NULL, NULL, NULL),
(104, 118, 'ZN/isp6HxUGBh4swe4WxePysWsI=', 0, 1, 0, 0, 1, 1, 0, 0, '2014-12-10 14:50:46', '2014-12-10 14:50:46', NULL, NULL, NULL),
(105, 119, '91Zo/KTBk+Ob6zh+sYaASTl6riE=', 0, 1, 0, 0, 1, 1, 0, 0, '2014-12-10 14:50:46', '2014-12-10 14:50:46', NULL, NULL, NULL),
(106, 120, '4wactGRD7O9c3Ha/NWCD3t+siS0=', 0, 1, 0, 0, 1, 1, 0, 0, '2014-12-10 14:50:46', '2014-12-10 14:50:46', NULL, NULL, NULL),
(107, 121, 'FMgABliOUNdfncPvUupGnsrdW+w=', 0, 1, 0, 0, 1, 1, 0, 0, '2014-12-10 14:50:46', '2014-12-10 14:50:46', NULL, NULL, NULL),
(108, 122, 'f5Mn1D6MnlaZHwXcKdEtWbIWB+k=', 0, 1, 0, 0, 1, 1, 0, 0, '2014-12-10 14:50:46', '2014-12-10 14:50:46', NULL, NULL, NULL),
(109, 123, 'hWZdyau1c5Wrkd/4OAMBL6iD4V4=', 0, 1, 0, 0, 1, 1, 0, 0, '2014-12-10 14:50:46', '2014-12-10 14:50:46', NULL, NULL, NULL),
(110, 124, 'cSUMnbJbiF2+k+xtmOQoXtnA0lI=', 0, 1, 0, 0, 1, 1, 0, 0, '2014-12-10 14:50:46', '2014-12-10 14:50:46', NULL, NULL, NULL),
(111, 125, 'zT6URVVBiIjVOdciU991/TF8V2w=', 0, 1, 0, 0, 1, 1, 0, 0, '2014-12-10 14:50:46', '2014-12-10 14:50:46', NULL, NULL, NULL),
(112, 126, 'dCtcRNshVfwZhkVkUZbua8o9bEo=', 0, 1, 0, 0, 1, 1, 0, 0, '2014-12-10 14:50:46', '2014-12-10 14:50:46', NULL, NULL, NULL),
(113, 127, 'MEEa3NwkdR1F0tZdHVAoVnwAsRA=', 0, 1, 0, 0, 1, 1, 0, 0, '2014-12-10 14:50:46', '2014-12-10 14:50:46', NULL, NULL, NULL),
(114, 128, 'S5IxsRl5ikuOc4ElYZQDhqp7Fig=', 0, 1, 0, 0, 1, 1, 0, 0, '2014-12-10 14:50:46', '2014-12-10 14:50:46', NULL, NULL, NULL),
(115, 129, 'juQ6fsQZuoFwzljBagx8Pv30Nlw=', 0, 1, 0, 0, 1, 1, 0, 0, '2014-12-10 14:50:46', '2014-12-10 14:50:46', NULL, NULL, NULL),
(116, 130, 'ruLNw/fnOgO/O1Tmtu7/tGbtB7A=', 0, 1, 0, 0, 1, 1, 0, 0, '2014-12-10 14:50:46', '2014-12-10 14:50:46', NULL, NULL, NULL),
(117, 131, 't6N/ed/GdWeWDKSMy0p5WEaCncE=', 0, 1, 0, 0, 1, 1, 0, 0, '2014-12-10 14:50:46', '2014-12-10 14:50:46', NULL, NULL, NULL),
(118, 132, 'qu6N79uUd4/7pYJjfRDik/h0DA4=', 0, 1, 0, 0, 1, 1, 0, 0, '2014-12-10 14:50:46', '2014-12-10 14:50:46', NULL, NULL, NULL),
(119, 133, 'vx79IJhK+DItMx2TeHbKyfhXuMA=', 0, 1, 0, 0, 1, 1, 0, 0, '2014-12-10 14:50:46', '2014-12-10 14:50:46', NULL, NULL, NULL),
(120, 134, 'OygYOEr1rETY2WcBEBe3K8Lmf0A=', 0, 1, 0, 0, 1, 1, 0, 0, '2014-12-10 14:50:46', '2014-12-10 14:50:46', NULL, NULL, NULL),
(121, 135, 'xvEsJjs2DXHVZNLkZrfpAtXYNzI=', 0, 1, 0, 0, 1, 1, 0, 0, '2014-12-10 14:50:46', '2014-12-10 14:50:46', NULL, NULL, NULL),
(122, 136, 'gvcuIMybx1IRLMKant1gze5707Q=', 0, 1, 0, 0, 1, 1, 0, 0, '2014-12-10 14:50:46', '2014-12-10 14:50:46', NULL, NULL, NULL),
(123, 137, 'Fq+AVDU5wTe76kce6oj1JgQw64Q=', 0, 1, 0, 0, 1, 1, 0, 0, '2014-12-10 14:50:46', '2014-12-10 14:50:46', NULL, NULL, NULL),
(124, 138, 'i8RggIX5fCQpoPtKrffB397cL10=', 0, 1, 0, 0, 1, 1, 0, 0, '2014-12-10 14:50:46', '2014-12-10 14:50:46', NULL, NULL, NULL),
(125, 139, 'BXkARb2MPXqPNwr/cy5KkJmtRT8=', 0, 1, 0, 0, 1, 1, 0, 0, '2014-12-10 14:50:46', '2014-12-10 14:50:46', NULL, NULL, NULL),
(126, 140, 'DnpRStfHmToSPdTRVq0QKNWIgf0=', 0, 1, 0, 0, 1, 1, 0, 0, '2014-12-10 14:50:46', '2014-12-10 14:50:46', NULL, NULL, NULL),
(127, 141, 'nd9U7mZTnHD25EtH122vrnwne14=', 0, 1, 0, 0, 1, 1, 0, 0, '2014-12-10 14:50:46', '2014-12-10 14:50:46', NULL, NULL, NULL),
(128, 142, '8qhf/22qxxQrL1YMCOHABQ0FbgI=', 0, 1, 0, 0, 1, 1, 0, 0, '2014-12-10 14:50:46', '2014-12-10 14:50:46', NULL, NULL, NULL),
(129, 143, '/EKoVcOl2ZsuUNDzaYi7ngMTFaw=', 0, 1, 0, 0, 1, 1, 0, 0, '2014-12-10 14:50:46', '2014-12-10 14:50:46', NULL, NULL, NULL),
(130, 144, 'zx/PJYOXCKlPuMfpGoRGEzRJg+4=', 0, 1, 0, 0, 1, 1, 0, 0, '2014-12-10 14:50:46', '2014-12-10 14:50:46', NULL, NULL, NULL),
(131, 145, 'HdA8pciHsLEDA84WWibx1WvqdHk=', 0, 1, 0, 0, 1, 1, 0, 0, '2014-12-10 14:50:46', '2014-12-10 14:50:46', NULL, NULL, NULL),
(132, 146, 'svkJ0Du4np4qN1vG9gyNv6vR19I=', 0, 1, 0, 0, 1, 1, 0, 0, '2014-12-10 14:50:46', '2014-12-10 14:50:46', NULL, NULL, NULL),
(133, 147, '7RQ+cKTpE0k4hexirQTOIb//ijQ=', 0, 1, 0, 0, 1, 1, 0, 0, '2014-12-10 14:50:46', '2014-12-10 14:50:46', NULL, NULL, NULL),
(134, 148, 'gyfcY175ityVL/J7waBfL7ukLes=', 0, 1, 0, 0, 1, 0, 0, 0, '2014-12-10 14:50:46', '2014-12-10 14:50:46', NULL, NULL, NULL),
(135, 149, 'H7+jw8Fwtb7t/k955yW/joU6JMc=', 0, 1, 0, 0, 1, 1, 0, 0, '2014-12-10 14:50:46', '2014-12-10 14:50:46', NULL, NULL, NULL),
(136, 150, 'Qh3vLj/elypT/tuCGZ5Ph8DiUJs=', 0, 1, 0, 0, 1, 1, 0, 0, '2014-12-10 14:50:46', '2014-12-10 14:50:46', NULL, NULL, NULL),
(137, 151, 'ODoOqqAzhzoFtbm/AlgL5afLh/E=', 0, 1, 0, 0, 1, 1, 0, 0, '2014-12-10 14:50:46', '2014-12-10 14:50:46', NULL, NULL, NULL),
(138, 152, '9kpcHgoqQPrY6gW+K4is/qIRjKI=', 0, 1, 0, 0, 1, 1, 0, 0, '2014-12-10 14:50:46', '2014-12-10 14:50:46', NULL, NULL, NULL),
(139, 153, 'JXNaFqNtNW+zyjDvfsycIM+RymU=', 0, 1, 0, 0, 1, 1, 0, 0, '2014-12-10 14:50:46', '2014-12-10 14:50:46', NULL, NULL, NULL),
(140, 154, 'Cl2UUlYZpKxBP5tBgolMVvduN/8=', 0, 1, 0, 0, 1, 0, 0, 0, '2014-12-10 14:50:46', '2014-12-10 14:50:46', NULL, NULL, NULL),
(141, 155, '8oAQzzIZKctfYtd09vnaknn9XWc=', 0, 1, 0, 0, 1, 1, 0, 0, '2014-12-10 14:50:46', '2014-12-10 14:50:46', NULL, NULL, NULL),
(142, 156, 'plQLZO3ZVfL9rgM3Ho3s0C1E8FE=', 0, 1, 0, 0, 1, 1, 0, 0, '2014-12-10 14:50:46', '2014-12-10 14:50:46', NULL, NULL, NULL),
(143, 157, 'jLTUhqnjPOzcK40AjlNoZB9Epeo=', 0, 1, 0, 0, 1, 1, 0, 0, '2014-12-10 14:50:46', '2014-12-10 14:50:46', NULL, NULL, NULL),
(144, 158, 'sguRKgHia4eSRKV3ViwCA3pqpMI=', 0, 1, 0, 0, 1, 1, 0, 0, '2014-12-10 14:50:46', '2014-12-10 14:50:46', NULL, NULL, NULL),
(145, 159, 'tz4o1faYnEIUTkuJ3sxeCe49oCk=', 0, 1, 0, 0, 1, 1, 0, 0, '2014-12-10 14:50:46', '2014-12-10 14:50:46', NULL, NULL, NULL),
(146, 160, '3cycZXlku6mA4nu6I874SK89TSo=', 0, 1, 0, 0, 1, 1, 0, 0, '2014-12-10 14:50:46', '2014-12-10 14:50:46', NULL, NULL, NULL),
(147, 161, 'bNCXEdrmz/YG0OWFQXSeHl7zuZk=', 0, 1, 0, 0, 1, 1, 0, 0, '2014-12-10 14:50:46', '2014-12-10 14:50:46', NULL, NULL, NULL),
(148, 162, 'xwNkoMEqOwz6E05Mbotl2v37Urg=', 0, 1, 0, 0, 1, 1, 0, 0, '2014-12-10 14:50:46', '2014-12-10 14:50:46', NULL, NULL, NULL),
(149, 163, 'khib4IpWB0giRIWaLzm/4CbZy5A=', 0, 1, 0, 0, 1, 1, 0, 0, '2014-12-10 14:50:46', '2014-12-10 14:50:46', NULL, NULL, NULL),
(150, 164, 'uRPkTks05gSK78v4q8dFx55teZI=', 0, 1, 0, 0, 1, 1, 0, 0, '2014-12-10 14:50:46', '2014-12-10 14:50:46', NULL, NULL, NULL),
(151, 165, '3TX40ergJrcs62oIdW2TWvLH3Jg=', 0, 1, 0, 0, 1, 1, 0, 0, '2014-12-10 14:50:46', '2014-12-10 14:50:46', NULL, NULL, NULL),
(152, 166, 'SPoFZGRbJkvslE5BTA3nuIIMlvs=', 0, 1, 0, 0, 1, 1, 0, 0, '2014-12-10 14:50:46', '2014-12-10 14:50:46', NULL, NULL, NULL),
(153, 167, '4JUrF68ix2UlFlCWwfY95TQdkjc=', 0, 1, 0, 0, 1, 1, 0, 0, '2014-12-10 14:50:46', '2014-12-10 14:50:46', NULL, NULL, NULL),
(154, 168, '739D0VPZB8HavRbS12wa59Vc2J0=', 0, 1, 0, 0, 1, 1, 0, 0, '2014-12-10 14:50:46', '2014-12-10 14:50:46', NULL, NULL, NULL),
(155, 169, 'LrnTWTjKn90VTF9+cxicCM/s+tg=', 0, 1, 0, 0, 1, 1, 0, 0, '2014-12-10 14:50:46', '2014-12-10 14:50:46', NULL, NULL, NULL),
(156, 170, 'oEZxvUGrY4hw4U/+ktTG1u5/WzA=', 0, 1, 0, 0, 1, 1, 0, 0, '2014-12-10 14:50:46', '2014-12-10 14:50:46', NULL, NULL, NULL),
(157, 171, '4WRVhj7TkB5L2ZcY/iJDCApy7us=', 0, 1, 0, 0, 1, 1, 0, 0, '2014-12-10 14:50:46', '2014-12-10 14:50:46', NULL, NULL, NULL),
(158, 172, 'fYJeyHPx5m+sszX9Lf4T2gu2UEg=', 0, 1, 0, 0, 1, 1, 0, 0, '2014-12-10 14:50:46', '2014-12-10 14:50:46', NULL, NULL, NULL),
(159, 173, 'lG0gwnGCfUPR1UjnMcP3k6cC+tU=', 0, 1, 0, 0, 1, 1, 0, 0, '2014-12-10 14:50:46', '2014-12-10 14:50:46', NULL, NULL, NULL),
(160, 174, 'mlGGeh7tO3zJ5XeLoFsW0Me5UBQ=', 0, 1, 0, 0, 1, 1, 0, 0, '2014-12-10 14:50:46', '2014-12-10 14:50:46', NULL, NULL, NULL),
(161, 175, 'CKh+PzBUKlY41CMOFqaSHa+zaZM=', 0, 1, 0, 0, 1, 1, 0, 0, '2014-12-10 14:50:46', '2014-12-10 14:50:46', NULL, NULL, NULL),
(162, 176, 'nFYGZvEcHMVcUnzsjco4ywUvj7o=', 0, 1, 0, 0, 1, 1, 0, 0, '2014-12-10 14:50:47', '2014-12-10 14:50:47', NULL, NULL, NULL),
(163, 177, '+w/xt06t9ZcYJZxCxgIOKsoTUXs=', 0, 1, 0, 0, 1, 1, 0, 0, '2014-12-10 14:50:47', '2014-12-10 14:50:47', NULL, NULL, NULL),
(164, 178, '/eaZIDLoqYMJenH8xpwV8qR6FMM=', 0, 1, 0, 0, 1, 1, 0, 0, '2014-12-10 14:50:47', '2014-12-10 14:50:47', NULL, NULL, NULL),
(165, 179, 'BA8CkRhydLDGGVQ7Nf4X0PELWyE=', 0, 1, 0, 0, 1, 1, 0, 0, '2014-12-10 14:50:47', '2014-12-10 14:50:47', NULL, NULL, NULL),
(166, 180, '0Ih3BJp42XX2eBkyKILnd5BqQE8=', 0, 1, 0, 0, 1, 1, 0, 0, '2014-12-10 14:50:47', '2014-12-10 14:50:47', NULL, NULL, NULL),
(167, 181, 'iBGfql7DIeL5UpZfeujJkHIyGZ0=', 0, 1, 0, 0, 1, 1, 0, 0, '2014-12-10 14:50:47', '2014-12-10 14:50:47', NULL, NULL, NULL),
(168, 182, 'xIKgiovHriRaqW2515eD8w/pkrg=', 0, 1, 0, 0, 1, 1, 0, 0, '2014-12-10 14:50:47', '2014-12-10 14:50:47', NULL, NULL, NULL),
(169, 183, 'qZddntnJKKG7BLoB8VHUaZL/JiM=', 0, 1, 0, 0, 1, 1, 0, 0, '2014-12-10 14:50:47', '2014-12-10 14:50:47', NULL, NULL, NULL),
(170, 184, 'OI6eaTAg3/SLKnzJ2K0973gFzE4=', 0, 1, 0, 0, 1, 1, 0, 0, '2014-12-10 14:50:47', '2014-12-10 14:50:47', NULL, NULL, NULL),
(171, 185, '+sZOjbntWA6hEYPtCyGPJPQ8Apc=', 0, 1, 0, 0, 1, 1, 0, 0, '2014-12-10 14:50:47', '2014-12-10 14:50:47', NULL, NULL, NULL),
(172, 186, 'lFz2YOcPRa+r+KODlwpEKUVFyiI=', 0, 1, 0, 0, 1, 1, 0, 0, '2014-12-10 14:50:47', '2014-12-10 14:50:47', NULL, NULL, NULL),
(173, 187, 'oCsuEK4l7WNqCHcl2YbsNxiHHTc=', 0, 1, 0, 0, 1, 1, 0, 0, '2014-12-10 14:50:47', '2014-12-10 14:50:47', NULL, NULL, NULL),
(174, 188, 'oSMmYyQZDJ9TbFyPIhqoBH4H2yE=', 0, 1, 0, 0, 1, 1, 0, 0, '2014-12-10 14:50:47', '2014-12-10 14:50:47', NULL, NULL, NULL),
(175, 189, 't2MAF084nG+FfF05j78CPhWF/ys=', 0, 1, 0, 0, 1, 1, 0, 0, '2014-12-10 14:50:47', '2014-12-10 14:50:47', NULL, NULL, NULL),
(176, 190, 'yvFb+RzyhAVjw8bdNQ/s6b4s5DY=', 0, 1, 0, 0, 1, 1, 0, 0, '2014-12-10 14:50:47', '2014-12-10 14:50:47', NULL, NULL, NULL),
(177, 191, 'mB+KWCLNRfQh7uyz06RbHjXoNU0=', 0, 1, 0, 0, 1, 1, 0, 0, '2014-12-10 14:50:47', '2014-12-10 14:50:47', NULL, NULL, NULL),
(178, 192, '/59jJ+eDr6KRiRItIQTS9efkthw=', 0, 1, 0, 0, 1, 1, 0, 0, '2014-12-10 14:50:47', '2014-12-10 14:50:47', NULL, NULL, NULL),
(179, 193, 'y8OT4aRLy7Vo9s5VInXLewfajVA=', 0, 1, 0, 0, 1, 1, 0, 0, '2014-12-10 14:50:47', '2014-12-10 14:50:47', NULL, NULL, NULL),
(180, 194, 'QCncy3AmtUcm9DSiTqxPmInPP9I=', 0, 1, 0, 0, 1, 1, 0, 0, '2014-12-10 14:50:47', '2014-12-10 14:50:47', NULL, NULL, NULL),
(181, 195, 'GF8b6Scc7oYPXJ6bSf+dSaHHYFc=', 0, 1, 0, 0, 1, 1, 0, 0, '2014-12-10 14:50:47', '2014-12-10 14:50:47', NULL, NULL, NULL),
(182, 196, '3RUed2PvCSo5KDyWmplBdg5M1Tc=', 0, 1, 0, 0, 1, 1, 0, 0, '2014-12-10 14:50:47', '2014-12-10 14:50:47', NULL, NULL, NULL),
(183, 197, 'rO3gdy9wflnxBRZ4OUI5GyMrskQ=', 0, 1, 0, 0, 1, 1, 0, 0, '2014-12-10 14:50:47', '2014-12-10 14:50:47', NULL, NULL, NULL),
(184, 198, '147rILujkH/0eZ9Q2hUGjEwM90A=', 0, 1, 0, 0, 1, 1, 0, 0, '2014-12-10 14:50:47', '2014-12-10 14:50:47', NULL, NULL, NULL),
(185, 199, '7xmojCKWTiGa8M/Y0ZftcscGkwA=', 0, 1, 0, 0, 1, 1, 0, 0, '2014-12-10 14:50:47', '2014-12-10 14:50:47', NULL, NULL, NULL),
(186, 200, 'Z6chQCuabvqsR1OX9sb5jBjZ9tg=', 0, 1, 0, 0, 1, 1, 0, 0, '2014-12-10 14:50:47', '2014-12-10 14:50:47', NULL, NULL, NULL),
(187, 201, 'h004zcVs/dICV6tYDF0C2l4OEHQ=', 0, 1, 0, 0, 1, 1, 0, 0, '2014-12-10 14:50:47', '2014-12-10 14:50:47', NULL, NULL, NULL),
(188, 202, 'KJkfe8uTcp7WvCPvqijxcd7sLA4=', 0, 1, 0, 0, 1, 1, 0, 0, '2014-12-10 14:50:47', '2014-12-10 14:50:47', NULL, NULL, NULL),
(189, 203, 'LJxshbeu5hsn1uroHmbc17IBesM=', 0, 1, 0, 0, 1, 1, 0, 0, '2014-12-10 14:50:47', '2014-12-10 14:50:47', NULL, NULL, NULL),
(190, 204, 'HzPRHLB/InxElVMmC+4KgOzSMtk=', 0, 1, 0, 0, 1, 1, 0, 0, '2014-12-10 14:50:47', '2014-12-10 14:50:47', NULL, NULL, NULL),
(191, 205, 'wA87eaANaHlzDr0JwvW+y636Ygw=', 0, 1, 0, 0, 1, 1, 0, 0, '2014-12-10 14:50:47', '2014-12-10 14:50:47', NULL, NULL, NULL),
(192, 206, '9MUz/mkkPL6ynNXhconDDgmPk/Y=', 0, 1, 0, 0, 1, 1, 0, 0, '2014-12-10 14:50:47', '2014-12-10 14:50:47', NULL, NULL, NULL),
(193, 207, '3MFBJjJ/55776OdmMkkDU2hK0aA=', 0, 1, 0, 0, 1, 1, 0, 0, '2014-12-10 14:50:47', '2014-12-10 14:50:47', NULL, NULL, NULL),
(194, 208, 'XVcM51DYrQt8Bf+hSJFvL5npXLE=', 0, 1, 0, 0, 1, 0, 0, 0, '2014-12-10 14:50:47', '2014-12-10 14:50:47', NULL, NULL, NULL),
(195, 209, 'Roe1GfTDyenTkLyGLixYOqVk1JA=', 0, 1, 0, 0, 1, 1, 0, 0, '2014-12-10 14:50:47', '2014-12-10 14:50:47', NULL, NULL, NULL),
(196, 210, 'ovtDZ+NKjyUJrpIbiUT2xEDoWwk=', 0, 1, 0, 0, 1, 1, 0, 0, '2014-12-10 14:50:47', '2014-12-10 14:50:47', NULL, NULL, NULL),
(197, 211, 'VOZG4NnNL8yo0fNKLPUXKLU3O/w=', 0, 1, 0, 0, 1, 1, 0, 0, '2014-12-10 14:50:47', '2014-12-10 14:50:47', NULL, NULL, NULL),
(198, 212, '9afu7rwuILUziKMuk7R8LcF/DtA=', 0, 1, 0, 0, 1, 1, 0, 0, '2014-12-10 14:50:47', '2014-12-10 14:50:47', NULL, NULL, NULL),
(199, 213, '967+VU7HXWFdIlkTnkq0jDDHd3g=', 0, 1, 0, 0, 1, 1, 0, 0, '2014-12-10 14:50:47', '2014-12-10 14:50:47', NULL, NULL, NULL),
(200, 214, 'bbeqXk0+q7A7IHEDNL5eEf0vv3M=', 0, 1, 0, 0, 1, 1, 0, 0, '2014-12-10 14:50:47', '2014-12-10 14:50:47', NULL, NULL, NULL),
(201, 215, 'my1KN8ucIMVt8qG5KQvq0IQIlp0=', 0, 1, 0, 0, 1, 0, 0, 0, '2014-12-10 14:50:47', '2014-12-10 14:50:47', NULL, NULL, NULL),
(202, 216, 'AtPDU/zcw5xfJj414BsTSWP1Cmo=', 0, 1, 0, 0, 1, 1, 0, 0, '2014-12-10 14:50:47', '2014-12-10 14:50:47', NULL, NULL, NULL),
(203, 217, 'EDg9JID0psbTFSRSHK7AjL7q22U=', 0, 1, 0, 0, 1, 1, 0, 0, '2014-12-10 14:50:47', '2014-12-10 14:50:47', NULL, NULL, NULL),
(204, 218, 'ZyZPtSL7mx9ssvR9I87/L3eefGU=', 0, 1, 0, 0, 1, 1, 0, 0, '2014-12-10 14:50:47', '2014-12-10 14:50:47', NULL, NULL, NULL),
(205, 219, 'W2ik+OaVgONWWzXliDiwjXFwagI=', 0, 1, 0, 0, 1, 1, 0, 0, '2014-12-10 14:50:47', '2014-12-10 14:50:47', NULL, NULL, NULL),
(206, 220, '/DAWA9vpSXvdY1qt3HeqSCol1yI=', 0, 1, 0, 0, 1, 1, 0, 0, '2014-12-10 14:50:47', '2014-12-10 14:50:47', NULL, NULL, NULL),
(207, 221, 'ECu5he8yZsyGS9+HZCMEIof8NKQ=', 0, 1, 0, 0, 1, 1, 0, 0, '2014-12-10 14:50:47', '2014-12-10 14:50:47', NULL, NULL, NULL),
(208, 222, 'A+hWIsRtE7dDWv/7bL91VJSHK5c=', 0, 1, 0, 0, 1, 1, 0, 0, '2014-12-10 14:50:47', '2014-12-10 14:50:47', NULL, NULL, NULL),
(209, 223, 'bjrLFpAdJsg2sx/Y54OEHb5VJNQ=', 0, 1, 0, 0, 1, 1, 0, 0, '2014-12-10 14:50:47', '2014-12-10 14:50:47', NULL, NULL, NULL),
(210, 224, 'pH4INdayHRu1Vc+crKsd+ykyhaE=', 0, 1, 0, 0, 1, 1, 0, 0, '2014-12-10 14:50:47', '2014-12-10 14:50:47', NULL, NULL, NULL),
(211, 225, 'NZuVPc3FX4T4Vvj4FrHtq+IsN64=', 0, 1, 0, 0, 1, 1, 0, 0, '2014-12-10 14:50:47', '2014-12-10 14:50:47', NULL, NULL, NULL),
(212, 226, '6kGhSwa8Z4zXwxladfkzgQPEseY=', 0, 1, 0, 0, 1, 0, 0, 0, '2014-12-10 14:50:47', '2014-12-10 14:50:47', NULL, NULL, NULL),
(213, 227, '3ewdGsMrf5U+E/q3ZpEAfcaO5Ew=', 0, 1, 0, 0, 1, 1, 0, 0, '2014-12-10 14:50:47', '2014-12-10 14:50:47', NULL, NULL, NULL),
(214, 228, 'pYH8Uc0FFcdZxADT7hUWFmdHvzo=', 0, 1, 0, 0, 1, 1, 0, 0, '2014-12-10 14:50:47', '2014-12-10 14:50:47', NULL, NULL, NULL),
(215, 229, 'aDrQcgK+oHqLzECPTFsv4FaQk78=', 0, 1, 0, 0, 1, 0, 0, 0, '2014-12-10 14:50:47', '2014-12-10 14:50:47', NULL, NULL, NULL),
(216, 230, 'qxPHi1n+fcGoKbfuz+RpewF8LH0=', 0, 1, 0, 0, 1, 1, 0, 0, '2014-12-10 14:50:47', '2014-12-10 14:50:47', NULL, NULL, NULL),
(217, 231, 'dqKKPZoZnkStIAySxZZtIYZWb44=', 0, 1, 0, 0, 1, 1, 0, 0, '2014-12-10 14:50:47', '2014-12-10 14:50:47', NULL, NULL, NULL),
(218, 232, '9HUzM8c2hWJ83fKax9YYyV9uaxM=', 0, 1, 0, 0, 1, 1, 0, 0, '2014-12-10 14:50:47', '2014-12-10 14:50:47', NULL, NULL, NULL),
(219, 233, 'oDgva2djDNjX8mfXzhXQsE9sYP0=', 0, 1, 0, 0, 1, 1, 0, 0, '2014-12-10 14:50:47', '2014-12-10 14:50:47', NULL, NULL, NULL),
(220, 234, 'SrxOIILqx5Wh9RwV+6Vulo1vRUk=', 0, 1, 0, 0, 1, 1, 0, 0, '2014-12-10 14:50:47', '2014-12-10 14:50:47', NULL, NULL, NULL),
(221, 235, 'UTVQxVepGdH1goRR3beU4LhJWug=', 0, 1, 0, 0, 1, 1, 0, 0, '2014-12-10 14:50:47', '2014-12-10 14:50:47', NULL, NULL, NULL),
(222, 236, '7J/cx3Kz6lfPd/mN4hgaAARcKOA=', 0, 1, 0, 0, 1, 1, 0, 0, '2014-12-10 14:50:47', '2014-12-10 14:50:47', NULL, NULL, NULL),
(223, 237, 'Q27DgTkL3ZobS/o9P2M0j9RY8Ws=', 0, 1, 0, 0, 1, 1, 0, 0, '2014-12-10 14:50:47', '2014-12-10 14:50:47', NULL, NULL, NULL),
(224, 238, 'zNMScfurQ7W4MCH2JhrJczS3CiI=', 0, 1, 0, 0, 1, 1, 0, 0, '2014-12-10 14:50:47', '2014-12-10 14:50:47', NULL, NULL, NULL),
(225, 239, 'lkDG5HAndzANDGOcSv3FUSlEk0g=', 0, 1, 0, 0, 1, 0, 0, 0, '2014-12-10 14:50:47', '2014-12-10 14:50:47', NULL, NULL, NULL),
(226, 240, 'g21ppLJfWaADPdHVyg5nstZYJ7g=', 0, 1, 0, 0, 1, 1, 0, 0, '2014-12-10 14:50:47', '2014-12-10 14:50:47', NULL, NULL, NULL),
(227, 241, 'wNn2cX5pkr0FRl9Sy1sy3QNq5L8=', 0, 1, 0, 0, 1, 1, 0, 0, '2014-12-10 14:50:47', '2014-12-10 14:50:47', NULL, NULL, NULL),
(228, 242, '2hKPT5wSL7jdqS5HCG6WSgPJri0=', 0, 1, 0, 0, 1, 1, 0, 0, '2014-12-10 14:50:47', '2014-12-10 14:50:47', NULL, NULL, NULL),
(229, 243, 'dvbyV9fvzhMQEeA9PNMnQLuxLso=', 0, 1, 0, 0, 1, 1, 0, 0, '2014-12-10 14:50:47', '2014-12-10 14:50:47', NULL, NULL, NULL),
(230, 244, 'mSKkJKVgoxNCkB9H8pMZqrkWP1Y=', 0, 1, 0, 0, 1, 1, 0, 0, '2014-12-10 14:50:47', '2014-12-10 14:50:47', NULL, NULL, NULL),
(231, 245, 'npvWkf1g95lvmvQBmRc+09Y1C/8=', 0, 1, 0, 0, 1, 1, 0, 0, '2014-12-10 14:50:47', '2014-12-10 14:50:47', NULL, NULL, NULL),
(232, 246, 'B4h6Ds8ODqmH29i7FsCgS3BEVIg=', 0, 1, 0, 0, 1, 1, 0, 0, '2014-12-10 14:50:47', '2014-12-10 14:50:47', NULL, NULL, NULL),
(233, 247, 'kpGYYcsE9HLv4kFIKuM8YVQyTLI=', 0, 1, 0, 0, 1, 0, 0, 0, '2014-12-10 14:50:47', '2014-12-10 14:50:47', NULL, NULL, NULL),
(234, 248, 'dD2oXFgnghiP0OSbv2QGpve25GY=', 0, 1, 0, 0, 1, 1, 0, 0, '2014-12-10 14:50:47', '2014-12-10 14:50:47', NULL, NULL, NULL),
(235, 249, 'CFG8XBUmOWptlXs4SzkWt9jZAms=', 0, 1, 0, 0, 1, 1, 0, 0, '2014-12-10 14:50:47', '2014-12-10 14:50:47', NULL, NULL, NULL),
(236, 250, 'X0dyP4hfe8yXcMGvZGfFsG4WgKM=', 0, 1, 0, 0, 1, 1, 0, 0, '2014-12-10 14:50:47', '2014-12-10 14:50:47', NULL, NULL, NULL),
(237, 251, 'ZWgJDw6JeacAYdlN5W83ZHDfAxE=', 0, 1, 0, 0, 1, 1, 0, 0, '2014-12-10 14:50:47', '2014-12-10 14:50:47', NULL, NULL, NULL),
(238, 252, 'sPUpDElGp0RovqXlfaQnm7ccaQE=', 0, 1, 0, 0, 1, 1, 0, 0, '2014-12-10 14:50:47', '2014-12-10 14:50:47', NULL, NULL, NULL),
(239, 253, 'KC+oEnUx6B1UmIQdQ0E2oJjkAvQ=', 0, 1, 0, 0, 1, 1, 0, 0, '2014-12-10 14:50:47', '2014-12-10 14:50:47', NULL, NULL, NULL),
(240, 254, 'aG8uq2idkH1STkBhS1U0jvLWtFU=', 0, 1, 0, 0, 1, 1, 0, 0, '2014-12-10 14:50:47', '2014-12-10 14:50:47', NULL, NULL, NULL),
(241, 255, 'IhjjqjF7m6LJb1TvFsDKtUaH8J8=', 0, 1, 0, 0, 1, 1, 0, 0, '2014-12-10 14:50:48', '2014-12-10 14:50:48', NULL, NULL, NULL),
(242, 256, 'ZCG/hhsLpj9aKZtn46iW0CnWp5c=', 0, 1, 0, 0, 1, 1, 0, 0, '2014-12-10 14:50:48', '2014-12-10 14:50:48', NULL, NULL, NULL),
(243, 257, '70sg+YbxAv9UGcs7OWwzw8uIVEA=', 0, 1, 0, 0, 1, 1, 0, 0, '2014-12-10 14:50:48', '2014-12-10 14:50:48', NULL, NULL, NULL),
(244, 258, '7qRqJjG3JQOdQ1stk1v8sIoe2j8=', 0, 1, 0, 0, 1, 1, 0, 0, '2014-12-10 14:50:48', '2014-12-10 14:50:48', NULL, NULL, NULL),
(245, 259, 'aw3d0SLNcJ+iXyDPFSdKvAl3Isc=', 0, 1, 0, 0, 1, 1, 0, 0, '2014-12-10 14:50:48', '2014-12-10 14:50:48', NULL, NULL, NULL),
(246, 260, 'xwhUlIWBNMqKYJvSpPPb7V8f1og=', 0, 1, 0, 0, 1, 1, 0, 0, '2014-12-10 14:50:48', '2014-12-10 14:50:48', NULL, NULL, NULL),
(247, 261, '0eJKMRkqXInhlz1zrPabGIINKC0=', 0, 1, 0, 0, 1, 1, 0, 0, '2014-12-10 14:50:48', '2014-12-10 14:50:48', NULL, NULL, NULL),
(248, 262, 'Mcf9/zAE2MHZFpV9j35YAOH4IE4=', 0, 1, 0, 0, 1, 1, 0, 0, '2014-12-10 14:50:48', '2014-12-10 14:50:48', NULL, NULL, NULL),
(249, 263, 'NEy0HxPMIgHoFOpaVy0jZ2zNo3I=', 0, 1, 0, 0, 1, 1, 0, 0, '2014-12-10 14:50:48', '2014-12-10 14:50:48', NULL, NULL, NULL),
(250, 264, 'YnIzfHQaGO/YaHOakZ5wmN9ExcE=', 0, 1, 0, 0, 1, 1, 0, 0, '2014-12-10 14:50:48', '2014-12-10 14:50:48', NULL, NULL, NULL),
(251, 265, 'A1oo30cUjX2RdjkbsLrzeIFLfNo=', 0, 1, 0, 0, 1, 1, 0, 0, '2014-12-10 14:50:48', '2014-12-10 14:50:48', NULL, NULL, NULL),
(252, 266, 'EKMyptTRkrbgFbbnsMiKGieRq1M=', 0, 1, 0, 0, 1, 1, 0, 0, '2014-12-10 14:50:48', '2014-12-10 14:50:48', NULL, NULL, NULL),
(253, 267, '8BaO9Rc/Q0nxVWviJhcYpv1LqDM=', 0, 1, 0, 0, 1, 1, 0, 0, '2014-12-10 14:50:48', '2014-12-10 14:50:48', NULL, NULL, NULL),
(254, 268, '0dSLPe4GoS+GCkeVbrcPuLhZWTs=', 0, 1, 0, 0, 1, 1, 0, 0, '2014-12-10 14:50:48', '2014-12-10 14:50:48', NULL, NULL, NULL),
(255, 269, 'b/RtVxAO+GzbtZjlUpo/wBosxYs=', 0, 1, 0, 0, 1, 1, 0, 0, '2014-12-10 14:50:48', '2014-12-10 14:50:48', NULL, NULL, NULL),
(256, 270, 'hbf6jdsg33VDZ2NL/ol9N4EquLE=', 0, 1, 0, 0, 1, 1, 0, 0, '2014-12-10 14:50:48', '2014-12-10 14:50:48', NULL, NULL, NULL),
(257, 271, 'dO/V1EFuxg/h19mss/aB3ZcT2zk=', 0, 1, 0, 0, 1, 1, 0, 0, '2014-12-10 14:50:48', '2014-12-10 14:50:48', NULL, NULL, NULL),
(258, 272, 'mxaBqcXBSZCwrcy1UXPpE9oogLc=', 0, 1, 0, 0, 1, 1, 0, 0, '2014-12-10 14:50:48', '2014-12-10 14:50:48', NULL, NULL, NULL),
(259, 273, 'rfCw1OvExbmFjBCEsIy44Nb7UKs=', 0, 1, 0, 0, 1, 1, 0, 0, '2014-12-10 14:50:48', '2014-12-10 14:50:48', NULL, NULL, NULL),
(260, 274, 'p1HBkcHAHtDGdk10fjCm0KzzQSM=', 0, 1, 0, 0, 1, 1, 0, 0, '2014-12-10 14:50:48', '2014-12-10 14:50:48', NULL, NULL, NULL),
(261, 275, 'j0ndQe/lGzjkzgAqUNmgzVl33H4=', 0, 1, 0, 0, 1, 1, 0, 0, '2014-12-10 14:50:48', '2014-12-10 14:50:48', NULL, NULL, NULL),
(262, 276, 'WmpODLZBV2NYeKmJAosbEj6FV/0=', 0, 1, 0, 0, 1, 1, 0, 0, '2014-12-10 14:50:48', '2014-12-10 14:50:48', NULL, NULL, NULL),
(263, 277, 'VsVImUieAoaedrzlPP8+r5P5mBQ=', 0, 1, 0, 0, 1, 1, 0, 0, '2014-12-10 14:50:48', '2014-12-10 14:50:48', NULL, NULL, NULL),
(264, 278, 'Rxwo0H8NvyGm1IpYrdyR/Vgirxo=', 0, 1, 0, 0, 1, 1, 0, 0, '2014-12-10 14:50:48', '2014-12-10 14:50:48', NULL, NULL, NULL),
(265, 279, 'MMaG2dIjRqI7gzSU3hL1MHJ+pqs=', 0, 1, 0, 0, 1, 1, 0, 0, '2014-12-10 14:50:48', '2014-12-10 14:50:48', NULL, NULL, NULL),
(266, 280, 'NUaCaeVv6U3qosm0XhCi+ykyCCA=', 0, 1, 0, 0, 1, 1, 0, 0, '2014-12-10 14:50:48', '2014-12-10 14:50:48', NULL, NULL, NULL),
(267, 281, 'QWnXc+xMC6ivVJcjq9BhVeBdLv8=', 0, 1, 0, 0, 1, 1, 0, 0, '2014-12-10 14:50:48', '2014-12-10 14:50:48', NULL, NULL, NULL),
(268, 282, '47BUwO1NcaOIgicbAVDai+42oEI=', 0, 1, 0, 0, 1, 1, 0, 0, '2014-12-10 14:50:48', '2014-12-10 14:50:48', NULL, NULL, NULL),
(269, 283, '5jR6c/xuP3kmmSurURPnFSb1fiM=', 0, 1, 0, 0, 1, 1, 0, 0, '2014-12-10 14:50:48', '2014-12-10 14:50:48', NULL, NULL, NULL),
(270, 284, 'e4uWKYVnMhhGebPeNM7HUv7QFhY=', 0, 1, 0, 0, 1, 1, 0, 0, '2014-12-10 14:50:48', '2014-12-10 14:50:48', NULL, NULL, NULL),
(271, 285, '2pvmw5AlGgpPQAk0l3hnwMv1vRU=', 0, 1, 0, 0, 1, 1, 0, 0, '2014-12-10 14:50:48', '2014-12-10 14:50:48', NULL, NULL, NULL),
(272, 286, 'CIpF1SIGtqCWAD/unc8LW4mrAbo=', 0, 1, 0, 0, 1, 1, 0, 0, '2014-12-10 14:50:48', '2014-12-10 14:50:48', NULL, NULL, NULL),
(273, 287, 'uF1rE0MPw8YrwfvmQR+rVgyW6Fk=', 0, 1, 0, 0, 1, 1, 0, 0, '2014-12-10 14:50:48', '2014-12-10 14:50:48', NULL, NULL, NULL),
(274, 288, 'fN6iEv7nnmQ2/8fiTvs5M3NARhw=', 0, 1, 0, 0, 1, 1, 0, 0, '2014-12-10 14:50:48', '2014-12-10 14:50:48', NULL, NULL, NULL),
(275, 289, '0Ij+ncm47CkPBTDuGbjDDJiqN6Y=', 0, 1, 0, 0, 1, 1, 0, 0, '2014-12-10 14:50:48', '2014-12-10 14:50:48', NULL, NULL, NULL),
(276, 290, 'UXOzJO/H42uV2auoj8IO7Kx/oBU=', 0, 1, 0, 0, 1, 1, 0, 0, '2014-12-10 14:50:48', '2014-12-10 14:50:48', NULL, NULL, NULL),
(277, 291, 'XQPuna88BmJi6fhk3Vaalh1rX64=', 0, 1, 0, 0, 1, 1, 0, 0, '2014-12-10 14:50:48', '2014-12-10 14:50:48', NULL, NULL, NULL),
(278, 292, '7JPGeHRhRnr4VD3dVG5t9r91/WU=', 0, 1, 0, 0, 1, 1, 0, 0, '2014-12-10 14:50:48', '2014-12-10 14:50:48', NULL, NULL, NULL),
(279, 293, 'nKVlwzFvcJzU5UTndbH032Ic5LE=', 0, 1, 0, 0, 1, 1, 0, 0, '2014-12-10 14:50:48', '2014-12-10 14:50:48', NULL, NULL, NULL),
(280, 294, 'dG9g/6BHl9oqLFkZLogj5oEJa3Y=', 0, 1, 0, 0, 1, 1, 0, 0, '2014-12-10 14:50:48', '2014-12-10 14:50:48', NULL, NULL, NULL),
(281, 295, 'snt4plr+pplUABhoeQs/0txQ3U0=', 0, 1, 0, 0, 1, 1, 0, 0, '2014-12-10 14:50:48', '2014-12-10 14:50:48', NULL, NULL, NULL),
(282, 296, 'qXGmMbw1Am+Jzd1WnbNCWcATz/8=', 0, 1, 0, 0, 1, 1, 0, 0, '2014-12-10 14:50:48', '2014-12-10 14:50:48', NULL, NULL, NULL),
(283, 297, 'u8YFLW/8KbtvADYZ3Ouxe65Sb5k=', 0, 1, 0, 0, 1, 1, 0, 0, '2014-12-10 14:50:48', '2014-12-10 14:50:48', NULL, NULL, NULL),
(284, 298, 'XHlYwt1AVE79sxq42gP04o0ec88=', 0, 1, 0, 0, 1, 0, 0, 0, '2014-12-10 14:50:48', '2014-12-10 14:50:48', NULL, NULL, NULL),
(285, 299, 'Ae6yURg7Sb2ZoRXzVgxBqOExAuU=', 0, 1, 0, 0, 1, 1, 0, 0, '2014-12-10 14:50:48', '2014-12-10 14:50:48', NULL, NULL, NULL),
(286, 300, '6TSEGE6bK2i8HbJZlNHSEpJJCc0=', 0, 1, 0, 0, 1, 1, 0, 0, '2014-12-10 14:50:48', '2014-12-10 14:50:48', NULL, NULL, NULL),
(287, 301, 'jElbE2ZbE1Y9ocxJyLnkjw8tnNc=', 0, 1, 0, 0, 1, 1, 0, 0, '2014-12-10 14:50:48', '2014-12-10 14:50:48', NULL, NULL, NULL),
(288, 302, 'b2kzdoUU+E7Ka5dVMNm1mtCU490=', 0, 1, 0, 0, 1, 1, 0, 0, '2014-12-10 14:50:48', '2014-12-10 14:50:48', NULL, NULL, NULL),
(289, 303, 'U+juE9wrAlSViguMiEnwJ5s5c7o=', 0, 1, 0, 0, 1, 1, 0, 0, '2014-12-10 14:50:48', '2014-12-10 14:50:48', NULL, NULL, NULL),
(290, 304, 'OAdSVMmunBE1pfUT7ALhTJe8BjI=', 0, 1, 0, 0, 1, 1, 0, 0, '2014-12-10 14:50:48', '2014-12-10 14:50:48', NULL, NULL, NULL),
(291, 305, 'nZd8bET2drdbtW9DT7ZkzVM2ls8=', 0, 1, 0, 0, 1, 1, 0, 0, '2014-12-10 14:50:48', '2014-12-10 14:50:48', NULL, NULL, NULL),
(292, 306, 'uxMCnXHvHF50BFpcWsvJ2wO6frE=', 0, 1, 0, 0, 1, 1, 0, 0, '2014-12-10 14:50:48', '2014-12-10 14:50:48', NULL, NULL, NULL),
(293, 307, 'Rdz1BJTIwYxdONwdCpmv6A8o0Bo=', 0, 1, 0, 0, 1, 1, 0, 0, '2014-12-10 14:50:48', '2014-12-10 14:50:48', NULL, NULL, NULL),
(294, 308, '6wNrVq65d0RibLUFu6ch0EzqtPU=', 0, 1, 0, 0, 1, 1, 0, 0, '2014-12-10 14:50:48', '2014-12-10 14:50:48', NULL, NULL, NULL),
(295, 309, 'Ds9bipYqabMS+5HFi5pYKIHSAfQ=', 0, 1, 0, 0, 1, 1, 0, 0, '2014-12-10 14:50:48', '2014-12-10 14:50:48', NULL, NULL, NULL),
(296, 310, 'FJksvple8X0V2RVJGc2xPYgfYUQ=', 0, 1, 0, 0, 1, 1, 0, 0, '2014-12-10 14:50:48', '2014-12-10 14:50:48', NULL, NULL, NULL),
(297, 311, 'PR/B1SYpTSQwGvHDiaYbs6XCMBo=', 0, 1, 0, 0, 1, 1, 0, 0, '2014-12-10 14:50:48', '2014-12-10 14:50:48', NULL, NULL, NULL),
(298, 312, 'DWVG0E+qzz3lyl54/qeGiInjQgI=', 0, 1, 0, 0, 1, 1, 0, 0, '2014-12-10 14:50:48', '2014-12-10 14:50:48', NULL, NULL, NULL),
(299, 313, 'b+WOzWtDUXhD6OiKxn+VCey/KSY=', 0, 1, 0, 0, 1, 1, 0, 0, '2014-12-10 14:50:48', '2014-12-10 14:50:48', NULL, NULL, NULL),
(300, 314, 'e3YNAtkrvpYc4P3cyKimZc3FRF4=', 0, 1, 0, 0, 1, 1, 0, 0, '2014-12-10 14:50:48', '2014-12-10 14:50:48', NULL, NULL, NULL),
(301, 315, 'glX5yOiovMscMgiWwrV6x4wauHg=', 0, 1, 0, 0, 1, 1, 0, 0, '2014-12-10 14:50:48', '2014-12-10 14:50:48', NULL, NULL, NULL),
(302, 316, 'tCuxaJCPTmgd9Duf8qszkiFRdPY=', 0, 1, 0, 0, 1, 1, 0, 0, '2014-12-10 14:50:48', '2014-12-10 14:50:48', NULL, NULL, NULL),
(303, 317, 'yZQ5TZeBUz9TeJ0LAGWi7UbtUtk=', 0, 1, 0, 0, 1, 1, 0, 0, '2014-12-10 14:50:48', '2014-12-10 14:50:48', NULL, NULL, NULL),
(304, 318, 'rS7Q96uw6SziGL6QIarPW7bRVXU=', 0, 1, 0, 0, 1, 1, 0, 0, '2014-12-10 14:50:48', '2014-12-10 14:50:48', NULL, NULL, NULL),
(305, 319, 'OxHq/E9AJO8VNa+JBjS76q0C1CQ=', 0, 1, 0, 0, 1, 1, 0, 0, '2014-12-10 14:50:48', '2014-12-10 14:50:48', NULL, NULL, NULL),
(306, 320, 'iVNAMxhSWp4DDyKUxWBilGwBkW0=', 0, 1, 0, 0, 1, 1, 0, 0, '2014-12-10 14:50:48', '2014-12-10 14:50:48', NULL, NULL, NULL),
(307, 321, 'Wfzld5o6USpQvjQm6nbig3+ffos=', 0, 1, 0, 0, 1, 1, 0, 0, '2014-12-10 14:50:48', '2014-12-10 14:50:48', NULL, NULL, NULL),
(308, 322, 'sda5r11SD2FHks9rnL2yA5x/4K8=', 0, 1, 0, 0, 1, 1, 0, 0, '2014-12-10 14:50:48', '2014-12-10 14:50:48', NULL, NULL, NULL),
(309, 323, 'CAAGZNwg658WkveuKbazwBleDRs=', 0, 1, 0, 0, 1, 1, 0, 0, '2014-12-10 14:50:48', '2014-12-10 14:50:48', NULL, NULL, NULL),
(310, 324, '8a5518vBH8hlyjXPok6xYknudxM=', 0, 1, 0, 0, 1, 1, 0, 0, '2014-12-10 14:50:48', '2014-12-10 14:50:48', NULL, NULL, NULL),
(311, 325, 'PKBmQHz8tdxG39uQMKr0iFtGpsM=', 0, 1, 0, 0, 1, 1, 0, 0, '2014-12-10 14:50:48', '2014-12-10 14:50:48', NULL, NULL, NULL),
(312, 326, 'CsB4tsuGYKDI3zFn1cCb5M9O9UM=', 0, 1, 0, 0, 1, 1, 0, 0, '2014-12-10 14:50:48', '2014-12-10 14:50:48', NULL, NULL, NULL),
(313, 327, 'rppSVeVj6/xj4a9U+lWB38y+SSc=', 0, 1, 0, 0, 1, 1, 0, 0, '2014-12-10 14:50:48', '2014-12-10 14:50:48', NULL, NULL, NULL),
(314, 328, 'GfaDngJQZAFp5cepUiiaaQYF+/Q=', 0, 1, 0, 0, 1, 1, 0, 0, '2014-12-10 14:50:48', '2014-12-10 14:50:48', NULL, NULL, NULL),
(315, 329, '3pEgG6ob2le1333p6yP8QT2OE2Q=', 0, 1, 0, 0, 1, 1, 0, 0, '2014-12-10 14:50:48', '2014-12-10 14:50:48', NULL, NULL, NULL),
(316, 330, 'EQPclQY/WKkFUHKnuDX16lSwxCY=', 0, 1, 0, 0, 1, 1, 0, 0, '2014-12-10 14:50:48', '2014-12-10 14:50:48', NULL, NULL, NULL),
(317, 331, 'iP7LL5T7JdpsaYY7H6tTPJpi/b8=', 0, 1, 0, 0, 1, 1, 0, 0, '2014-12-10 14:50:48', '2014-12-10 14:50:48', NULL, NULL, NULL),
(318, 332, 'R5WjmWZKKXdRlmCZitDe4ucbXqg=', 0, 1, 0, 0, 1, 1, 0, 0, '2014-12-10 14:50:48', '2014-12-10 14:50:48', NULL, NULL, NULL),
(319, 333, '/ornX728SrSt27Lns3qrUOxeqbQ=', 0, 1, 0, 0, 1, 0, 0, 0, '2014-12-10 14:50:48', '2014-12-10 14:50:48', NULL, NULL, NULL),
(320, 334, 'K9trsxH8euKfdAhCNV24xqxCZ2A=', 0, 1, 0, 0, 1, 1, 0, 0, '2014-12-10 14:50:48', '2014-12-10 14:50:48', NULL, NULL, NULL),
(321, 335, 'htyxMX7HCLnW9oaR4j7HyaH86ak=', 0, 1, 0, 0, 1, 1, 0, 0, '2014-12-10 14:50:48', '2014-12-10 14:50:48', NULL, NULL, NULL),
(322, 336, 'xn7vFduw6zTezwVa4EQx9Xq7pfE=', 0, 1, 0, 0, 1, 1, 0, 0, '2014-12-10 14:50:48', '2014-12-10 14:50:48', NULL, NULL, NULL),
(323, 337, '9erEjvcCkcWnyWG+g3YGXhVyOPw=', 0, 1, 0, 0, 1, 0, 0, 0, '2014-12-10 14:50:48', '2014-12-10 14:50:48', NULL, NULL, NULL),
(324, 338, '1KA7EjnEDB9TVSh61BYtzeUfmSc=', 0, 1, 0, 0, 1, 1, 0, 0, '2014-12-10 14:50:48', '2014-12-10 14:50:48', NULL, NULL, NULL),
(325, 339, 'ewNq3KXXvN7D1cLRstmxUEJ4Lo8=', 0, 1, 0, 0, 1, 1, 0, 0, '2014-12-10 14:50:49', '2014-12-10 14:50:49', NULL, NULL, NULL),
(326, 340, '2ojpzbvEmx+Q7YKRsC9JrTnPPfM=', 0, 1, 0, 0, 1, 1, 0, 0, '2014-12-10 14:50:49', '2014-12-10 14:50:49', NULL, NULL, NULL),
(327, 341, '5VDw3z1rQ1kIV2ZtAGl60gp1FZw=', 0, 1, 0, 0, 1, 1, 0, 0, '2014-12-10 14:50:49', '2014-12-10 14:50:49', NULL, NULL, NULL),
(328, 342, 'svv+yFIm+Yz5tPwn5yZBKrSLocU=', 0, 1, 0, 0, 1, 1, 0, 0, '2014-12-10 14:50:49', '2014-12-10 14:50:49', NULL, NULL, NULL),
(329, 343, 'yaOCGkMUDLkMyx52NDgUE0RY6Ew=', 0, 1, 0, 0, 1, 1, 0, 0, '2014-12-10 14:50:49', '2014-12-10 14:50:49', NULL, NULL, NULL),
(330, 344, 'PSTyJ58uqKDGa7gau1w8PktYMkg=', 0, 1, 0, 0, 1, 1, 0, 0, '2014-12-10 14:50:49', '2014-12-10 14:50:49', NULL, NULL, NULL),
(331, 345, 'xHvRjjm+sqbGZ0UTS7+3oCHp1/g=', 0, 1, 0, 0, 1, 1, 0, 0, '2014-12-10 14:50:49', '2014-12-10 14:50:49', NULL, NULL, NULL),
(332, 346, 'XdTr9theEKviT3jEM/Xn68gQA5o=', 0, 1, 0, 0, 1, 1, 0, 0, '2014-12-10 14:50:49', '2014-12-10 14:50:49', NULL, NULL, NULL),
(333, 347, 'KTE+qG22iyJGe6nPXKhcHRUfzRM=', 0, 1, 0, 0, 1, 1, 0, 0, '2014-12-10 14:50:49', '2014-12-10 14:50:49', NULL, NULL, NULL),
(334, 348, 'IyQl8e0neULn4I5r6JZZuDllBoQ=', 0, 1, 0, 0, 1, 1, 0, 0, '2014-12-10 14:50:49', '2014-12-10 14:50:49', NULL, NULL, NULL),
(335, 349, 'mT4wsh56ReRxxeBVOblUZJuCWbo=', 0, 1, 0, 0, 1, 1, 0, 0, '2014-12-10 14:50:49', '2014-12-10 14:50:49', NULL, NULL, NULL),
(336, 350, 'bbQA/8xSx7+PUBIoVNmkwWo5M0o=', 0, 1, 0, 0, 1, 1, 0, 0, '2014-12-10 14:50:49', '2014-12-10 14:50:49', NULL, NULL, NULL),
(337, 351, '+pfCdNF5eDbrlhyM3AxCprVh/dE=', 0, 1, 0, 0, 1, 1, 0, 0, '2014-12-10 14:50:49', '2014-12-10 14:50:49', NULL, NULL, NULL),
(338, 352, 'tEvAqwRn4kYaqP/ij5iqUmAGVe0=', 0, 1, 0, 0, 1, 1, 0, 0, '2014-12-10 14:50:49', '2014-12-10 14:50:49', NULL, NULL, NULL),
(339, 353, 'Nmb2sh3Wu/WQPog/vtZL46J1UyY=', 0, 1, 0, 0, 1, 1, 0, 0, '2014-12-10 14:50:49', '2014-12-10 14:50:49', NULL, NULL, NULL),
(340, 354, 'ahWol7k2YuAK8JoDiw7PbN1gWgk=', 0, 1, 0, 0, 1, 1, 0, 0, '2014-12-10 14:50:49', '2014-12-10 14:50:49', NULL, NULL, NULL),
(341, 355, 'owYll6/1zIhkZflUqyPepdt+0lA=', 0, 1, 0, 0, 1, 1, 0, 0, '2014-12-10 14:50:49', '2014-12-10 14:50:49', NULL, NULL, NULL),
(342, 356, 'qXGGz0fEWp14gE2MIrTJnaNC3Ho=', 0, 1, 0, 0, 1, 1, 0, 0, '2014-12-10 14:50:49', '2014-12-10 14:50:49', NULL, NULL, NULL),
(343, 357, 'SFN9ZXeoHOVYEtxmU0eIbt5XnDw=', 0, 1, 0, 0, 1, 1, 0, 0, '2014-12-10 14:50:49', '2014-12-10 14:50:49', NULL, NULL, NULL),
(344, 358, 'K9NKH6kOWDRomeUFo3d+R6bqMQU=', 0, 1, 0, 0, 1, 1, 0, 0, '2014-12-10 14:50:49', '2014-12-10 14:50:49', NULL, NULL, NULL),
(345, 359, 'f1RSFskJuYkCcDnrE6knn3Ca9Ik=', 0, 1, 0, 0, 1, 1, 0, 0, '2014-12-10 14:50:49', '2014-12-10 14:50:49', NULL, NULL, NULL),
(346, 360, 'jpXqOkoeAVp/rYz5NOtL3vhW8sc=', 0, 1, 0, 0, 1, 1, 0, 0, '2014-12-10 14:50:49', '2014-12-10 14:50:49', NULL, NULL, NULL),
(347, 361, 'kyW7fzxNLeutb6yqU3WUzt34kAY=', 0, 1, 0, 0, 1, 1, 0, 0, '2014-12-10 14:50:49', '2014-12-10 14:50:49', NULL, NULL, NULL),
(348, 362, 'mNC+4c8PwoikE8rXkl8gAnIugPo=', 0, 1, 0, 0, 1, 1, 0, 0, '2014-12-10 14:50:49', '2014-12-10 14:50:49', NULL, NULL, NULL),
(349, 363, 'K60ngjQfjo81lKn8x7MLwbxRVTE=', 0, 1, 0, 0, 1, 1, 0, 0, '2014-12-10 14:50:49', '2014-12-10 14:50:49', NULL, NULL, NULL),
(350, 364, 'nzHybraJ2Vk0zB8Hhc7CFb7uCAA=', 0, 1, 0, 0, 1, 1, 0, 0, '2014-12-10 14:50:49', '2014-12-10 14:50:49', NULL, NULL, NULL),
(351, 365, '7NpHLiP1rZD1CEnf3415CE45R9s=', 0, 1, 0, 0, 1, 1, 0, 0, '2014-12-10 14:50:49', '2014-12-10 14:50:49', NULL, NULL, NULL),
(352, 366, '9s1KknTqsSOOKZs2gmUybaZDXc4=', 0, 1, 0, 0, 1, 1, 0, 0, '2014-12-10 14:50:49', '2014-12-10 14:50:49', NULL, NULL, NULL),
(353, 367, 'hegTEomMlDinc2q5vH9EwEdZuuo=', 0, 1, 0, 0, 1, 1, 0, 0, '2014-12-10 14:50:49', '2014-12-10 14:50:49', NULL, NULL, NULL),
(354, 368, 'W7SyjebhaSRUp/kzH/PeDuWRzHI=', 0, 1, 0, 0, 1, 1, 0, 0, '2014-12-10 14:50:49', '2014-12-10 14:50:49', NULL, NULL, NULL),
(355, 369, 'JBdrm9V+kUVu0ETorVDzm9gh3T0=', 0, 1, 0, 0, 1, 1, 0, 0, '2014-12-10 14:50:49', '2014-12-10 14:50:49', NULL, NULL, NULL),
(356, 370, 'F+ISdkX0KkKgVgMWaocCNNc869k=', 0, 1, 0, 0, 1, 1, 0, 0, '2014-12-10 14:50:49', '2014-12-10 14:50:49', NULL, NULL, NULL),
(357, 371, 'yoiO7zqMdJE4+FTDDtFYuRDKliY=', 0, 1, 0, 0, 1, 1, 0, 0, '2014-12-10 14:50:49', '2014-12-10 14:50:49', NULL, NULL, NULL),
(358, 372, 'hjGGiCxiQRoOkSLMStw/7gI09hg=', 0, 1, 0, 0, 1, 1, 0, 0, '2014-12-10 14:50:49', '2014-12-10 14:50:49', NULL, NULL, NULL),
(359, 373, '+Qk7MFp0Ry0GPtnj5ic6h7StH0k=', 0, 1, 0, 0, 1, 1, 0, 0, '2014-12-10 14:50:49', '2014-12-10 14:50:49', NULL, NULL, NULL),
(360, 374, 'gpdxLzDaqcgK5wAWXMWShLHTIdU=', 0, 1, 0, 0, 1, 1, 0, 0, '2014-12-10 14:50:49', '2014-12-10 14:50:49', NULL, NULL, NULL),
(361, 375, 'gE/1MSVcpqmRjYWRjyng/UKCgn0=', 0, 1, 0, 0, 1, 1, 0, 0, '2014-12-10 14:50:49', '2014-12-10 14:50:49', NULL, NULL, NULL),
(362, 376, 'm27m+dLDlZ9bqeeJmynmMenLPr4=', 0, 1, 0, 0, 1, 1, 0, 0, '2014-12-10 14:50:49', '2014-12-10 14:50:49', NULL, NULL, NULL),
(363, 377, 'zENt53j4VcFAbcS20Hz9v5f/Re0=', 0, 1, 0, 0, 1, 1, 0, 0, '2014-12-10 14:50:49', '2014-12-10 14:50:49', NULL, NULL, NULL),
(364, 378, 'yDf2aC+WtmSikrJxo7d3a2jXAZM=', 0, 1, 0, 0, 1, 1, 0, 0, '2014-12-10 14:50:49', '2014-12-10 14:50:49', NULL, NULL, NULL),
(365, 379, 'U68wVHu4Gtw//pKmdSnskGXTak4=', 0, 1, 0, 0, 1, 1, 0, 0, '2014-12-10 14:50:49', '2014-12-10 14:50:49', NULL, NULL, NULL),
(366, 380, 'QuyyOlv1itL3JmA08C9HyOIMgrE=', 0, 1, 0, 0, 1, 1, 0, 0, '2014-12-10 14:50:49', '2014-12-10 14:50:49', NULL, NULL, NULL),
(367, 381, 'iDhJxxUeqNDf5iALEQuUN3PNCQU=', 0, 1, 0, 0, 1, 1, 0, 0, '2014-12-10 14:50:49', '2014-12-10 14:50:49', NULL, NULL, NULL),
(368, 382, '76oFSXk7Nz1qaLO8ON8XxzzSY7U=', 0, 1, 0, 0, 1, 1, 0, 0, '2014-12-10 14:50:49', '2014-12-10 14:50:49', NULL, NULL, NULL),
(369, 383, '+hmVT8xlnGbm0Br3ewXJbiZvjHg=', 0, 1, 0, 0, 1, 1, 0, 0, '2014-12-10 14:50:49', '2014-12-10 14:50:49', NULL, NULL, NULL),
(370, 384, 'NS6clLabTEdDDEOcq+aJNQSp9V8=', 0, 1, 0, 0, 1, 1, 0, 0, '2014-12-10 14:50:49', '2014-12-10 14:50:49', NULL, NULL, NULL),
(371, 385, '+2q15gjUHuLCSGe0XKiBM8OIuG0=', 0, 1, 0, 0, 1, 0, 0, 0, '2014-12-10 14:50:49', '2014-12-10 14:50:49', NULL, NULL, NULL),
(372, 386, 'uiK5QLKwzId4AupZyWQE/5bl7sk=', 0, 1, 0, 0, 1, 0, 0, 0, '2014-12-10 14:50:49', '2014-12-10 14:50:49', NULL, NULL, NULL),
(373, 387, 'B2j3HoqU9ZC8vPZkmdo/IXi8PGQ=', 0, 1, 0, 0, 1, 1, 0, 0, '2014-12-10 14:50:49', '2014-12-10 14:50:49', NULL, NULL, NULL),
(374, 388, 'n4zwQXCVfwEwEqyTz0XIKwDlTas=', 0, 1, 0, 0, 1, 1, 0, 0, '2014-12-10 14:50:49', '2014-12-10 14:50:49', NULL, NULL, NULL),
(375, 389, 'il8cegOeFSKDDIlXj0Es+U2KhGk=', 0, 1, 0, 0, 1, 1, 0, 0, '2014-12-10 14:50:49', '2014-12-10 14:50:49', NULL, NULL, NULL),
(376, 390, 'nldHsJv0M8MQjhbDwOLgI6ydQ8I=', 0, 1, 0, 0, 1, 1, 0, 0, '2014-12-10 14:50:49', '2014-12-10 14:50:49', NULL, NULL, NULL),
(377, 391, 'Cx5XLr6Xa9aEwry5xiVki1B43Q8=', 0, 1, 0, 0, 1, 1, 0, 0, '2014-12-10 14:50:49', '2014-12-10 14:50:49', NULL, NULL, NULL),
(378, 392, 'EBZbjklHd1IT+7GydI4H6lCwolo=', 0, 1, 0, 0, 1, 1, 0, 0, '2014-12-10 14:50:49', '2014-12-10 14:50:49', NULL, NULL, NULL),
(379, 393, 'YYyqFlv2iNY+tm1aSTBkyIzT+QU=', 0, 1, 0, 0, 1, 1, 0, 0, '2014-12-10 14:50:49', '2014-12-10 14:50:49', NULL, NULL, NULL),
(380, 394, '37d+TwANV2IfpAAL8Q2MXLiSSt8=', 0, 1, 0, 0, 1, 1, 0, 0, '2014-12-10 14:50:49', '2014-12-10 14:50:49', NULL, NULL, NULL),
(381, 395, 'sc39qpYk7A24qGzaDZhn79NwL1w=', 0, 1, 0, 0, 1, 1, 0, 0, '2014-12-10 14:50:49', '2014-12-10 14:50:49', NULL, NULL, NULL),
(382, 396, 'zGbB9ze+RrjCRHf7Ic0Bfu7KP50=', 0, 1, 0, 0, 1, 1, 0, 0, '2014-12-10 14:50:49', '2014-12-10 14:50:49', NULL, NULL, NULL),
(383, 397, 'LHCjUzUfyvf3p+owXrgKvSt1cb0=', 0, 1, 0, 0, 1, 1, 0, 0, '2014-12-10 14:50:49', '2014-12-10 14:50:49', NULL, NULL, NULL);
INSERT INTO `security_credential` (`CREDENTIAL_ID`, `PRINCIPAL_ID`, `CREDENTIAL_VALUE`, `TYPE`, `UPDATE_ALLOWED`, `IS_STATE_READONLY`, `UPDATE_REQUIRED`, `IS_ENCODED`, `IS_ENABLED`, `AUTH_FAILURES`, `IS_EXPIRED`, `CREATION_DATE`, `MODIFIED_DATE`, `PREV_AUTH_DATE`, `LAST_AUTH_DATE`, `EXPIRATION_DATE`) VALUES
(384, 398, 'AVB2fw123yM0M9doexoga7psJzY=', 0, 1, 0, 0, 1, 1, 0, 0, '2014-12-10 14:50:49', '2014-12-10 14:50:49', NULL, NULL, NULL),
(385, 399, 'Ox+LbgXuvyfxHnWeUrnss2N0Oi4=', 0, 1, 0, 0, 1, 1, 0, 0, '2014-12-10 14:50:49', '2014-12-10 14:50:49', NULL, NULL, NULL),
(386, 400, 'VlvFHBkiEXnEb3/BqkZP7eu/trs=', 0, 1, 0, 0, 1, 1, 0, 0, '2014-12-10 14:50:49', '2014-12-10 14:50:49', NULL, NULL, NULL),
(387, 401, 'qiNm+fZNWZLrbmceWBfmi5JA5b0=', 0, 1, 0, 0, 1, 1, 0, 0, '2014-12-10 14:50:49', '2014-12-10 14:50:49', NULL, NULL, NULL),
(388, 402, 'orHZXInYfiW07SLnGjHzUC/jdu8=', 0, 1, 0, 0, 1, 1, 0, 0, '2014-12-10 14:50:49', '2014-12-10 14:50:49', NULL, NULL, NULL),
(389, 403, 'y9Cw+tbwdMG0PO7TfBFgUxKtAdk=', 0, 1, 0, 0, 1, 0, 0, 0, '2014-12-10 14:50:49', '2014-12-10 14:50:49', NULL, NULL, NULL),
(390, 404, 'Oab2BPwPQUH+ddD0vuXYfd/RZWU=', 0, 1, 0, 0, 1, 1, 0, 0, '2014-12-10 14:50:49', '2014-12-10 14:50:49', NULL, NULL, NULL),
(391, 405, 'b3jjYD2WthtO36Gwd21X2GTptdQ=', 0, 1, 0, 0, 1, 1, 0, 0, '2014-12-10 14:50:49', '2014-12-10 14:50:49', NULL, NULL, NULL),
(392, 406, 'qRqXqcPOtZumFRWSXotk5PQ14rY=', 0, 1, 0, 0, 1, 1, 0, 0, '2014-12-10 14:50:49', '2014-12-10 14:50:49', NULL, NULL, NULL),
(393, 407, 'xc53q30l+GyLhJU8oJZObZgjLUg=', 0, 1, 0, 0, 1, 1, 0, 0, '2014-12-10 14:50:49', '2014-12-10 14:50:49', NULL, NULL, NULL),
(394, 408, '7AmyorvxLpAmKXhwwXGtNIKgDHQ=', 0, 1, 0, 0, 1, 1, 0, 0, '2014-12-10 14:50:49', '2014-12-10 14:50:49', NULL, NULL, NULL),
(395, 409, 'uHdu+znFyBSRyJeIMf/+Jn2tah0=', 0, 1, 0, 0, 1, 1, 0, 0, '2014-12-10 14:50:49', '2014-12-10 14:50:49', NULL, NULL, NULL),
(396, 410, 'kRqph7uzOF5Z23Vr6NWj62xWnrc=', 0, 1, 0, 0, 1, 1, 0, 0, '2014-12-10 14:50:49', '2014-12-10 14:50:49', NULL, NULL, NULL),
(397, 411, '2sB0VNSVi04m1B/lAPj/EUP1vkg=', 0, 1, 0, 0, 1, 1, 0, 0, '2014-12-10 14:50:49', '2014-12-10 14:50:49', NULL, NULL, NULL),
(398, 412, 'axRVaD0w4ar4ZyaXimAgj17HtjQ=', 0, 1, 0, 0, 1, 1, 0, 0, '2014-12-10 14:50:49', '2014-12-10 14:50:49', NULL, NULL, NULL),
(399, 413, 'nAQ13yYFt8AXzxMPSmNzx14dnhA=', 0, 1, 0, 0, 1, 1, 0, 0, '2014-12-10 14:50:49', '2014-12-10 14:50:49', NULL, NULL, NULL),
(400, 414, '5orgI2PR7GBYEwrNk+/nB7yRxP4=', 0, 1, 0, 0, 1, 1, 0, 0, '2014-12-10 14:50:49', '2014-12-10 14:50:49', NULL, NULL, NULL),
(401, 415, 'fjyf5GCxLQCMLYvkqD3aFDGmH0U=', 0, 1, 0, 0, 1, 0, 0, 0, '2014-12-10 14:50:49', '2014-12-10 14:50:49', NULL, NULL, NULL),
(402, 416, 'BPw6vnGMhCEYmAO6pmqjt6/jIb4=', 0, 1, 0, 0, 1, 0, 0, 0, '2014-12-10 14:50:49', '2014-12-10 14:50:49', NULL, NULL, NULL),
(403, 417, 'AACbX4NADgkqGBMO2hyv1mtgMXs=', 0, 1, 0, 0, 1, 1, 0, 0, '2014-12-10 14:50:49', '2014-12-10 14:50:49', NULL, NULL, NULL),
(404, 418, '4vupLKQpkMMFG5Gl2dtRWFYJJDU=', 0, 1, 0, 0, 1, 0, 0, 0, '2014-12-10 14:50:50', '2014-12-10 14:50:50', NULL, NULL, NULL),
(405, 419, 'k0JRO3+WjHqrA6Fkh5x92Ho5QVM=', 0, 1, 0, 0, 1, 1, 0, 0, '2014-12-10 14:50:50', '2014-12-10 14:50:50', NULL, NULL, NULL),
(406, 420, 'zgk4yua4wPfDu3/PBprqaWvpWfQ=', 0, 1, 0, 0, 1, 1, 0, 0, '2014-12-10 14:50:50', '2014-12-10 14:50:50', NULL, NULL, NULL),
(407, 421, 'kUeDOrqGNU5Vg4XrHrEkGblx6Yg=', 0, 1, 0, 0, 1, 0, 0, 0, '2014-12-10 14:50:50', '2014-12-10 14:50:50', NULL, NULL, NULL),
(408, 422, 'OohKMziP8FRvsuAoMEzYXpO2qfY=', 0, 1, 0, 0, 1, 1, 0, 0, '2014-12-10 14:50:50', '2014-12-10 14:50:50', NULL, NULL, NULL),
(409, 423, 'sCmycakU/WUiXesfhzVkFDtkZMU=', 0, 1, 0, 0, 1, 0, 0, 0, '2014-12-10 14:50:50', '2014-12-10 14:50:50', NULL, NULL, NULL),
(410, 424, 'dOTRJr+XWqUkIJCL5rqh8sKMdNc=', 0, 1, 0, 0, 1, 1, 0, 0, '2014-12-10 14:50:50', '2014-12-10 14:50:50', NULL, NULL, NULL),
(411, 425, 'Yn7A/JRAnx5aQ4z1NPc1r+djhCQ=', 0, 1, 0, 0, 1, 0, 0, 0, '2014-12-10 14:50:50', '2014-12-10 14:50:50', NULL, NULL, NULL),
(412, 426, 'xJ7nFLoXjcIU5hSK27vn9Q8wwr4=', 0, 1, 0, 0, 1, 1, 0, 0, '2014-12-10 14:50:50', '2014-12-10 14:50:50', NULL, NULL, NULL),
(413, 427, 'T9alG/PE7ZbE1UIZThZ1Ry+rgMo=', 0, 1, 0, 0, 1, 1, 0, 0, '2014-12-10 14:50:50', '2014-12-10 14:50:50', NULL, NULL, NULL),
(414, 428, 'gePD4alsdxODXL4NtgWEpB0WJqg=', 0, 1, 0, 0, 1, 1, 0, 0, '2014-12-10 14:50:50', '2014-12-10 14:50:50', NULL, NULL, NULL),
(415, 429, '9ABkvoOIHsBC8+mBSIRdgF3hdyk=', 0, 1, 0, 0, 1, 1, 0, 0, '2014-12-10 14:50:50', '2014-12-10 14:50:50', NULL, NULL, NULL),
(416, 430, 'hlwBX88PcjuYRp3/rM+6p7GYqa0=', 0, 1, 0, 0, 1, 1, 0, 0, '2014-12-10 14:50:50', '2014-12-10 14:50:50', NULL, NULL, NULL),
(417, 431, 'PnJYoZLNWrCVwfQRwOmVJ7vJbS0=', 0, 1, 0, 0, 1, 1, 0, 0, '2014-12-10 14:50:50', '2014-12-10 14:50:50', NULL, NULL, NULL),
(418, 432, 'V5QA3PFzyPHQrHkUjSp5EHWBnQo=', 0, 1, 0, 0, 1, 1, 0, 0, '2014-12-10 14:50:50', '2014-12-10 14:50:50', NULL, NULL, NULL),
(419, 433, '03nk3SUTxV/dvSJaP/Wib7ZOBvM=', 0, 1, 0, 0, 1, 1, 0, 0, '2014-12-10 14:50:50', '2014-12-10 14:50:50', NULL, NULL, NULL),
(420, 434, 'kbHjhQfKvM5hfKpcAGAHtmykLSY=', 0, 1, 0, 0, 1, 1, 0, 0, '2014-12-10 14:50:50', '2014-12-10 14:50:50', NULL, NULL, NULL),
(421, 435, 'kdg+l9VYsLGKZKhbU9N0AGcmHYs=', 0, 1, 0, 0, 1, 1, 0, 0, '2014-12-10 14:50:50', '2014-12-10 14:50:50', NULL, NULL, NULL),
(422, 436, 'ip910TS1NPbK+sQF4nQaW6V8lro=', 0, 1, 0, 0, 1, 0, 0, 0, '2014-12-10 14:50:50', '2014-12-10 14:50:50', NULL, NULL, NULL),
(423, 437, 'PlfdlgIXCC0adLfMVuuNg+yDBKQ=', 0, 1, 0, 0, 1, 1, 0, 0, '2014-12-10 14:50:50', '2014-12-10 14:50:50', NULL, NULL, NULL),
(424, 438, 'ubOcofBjNczheif2mpoZdv4mPXY=', 0, 1, 0, 0, 1, 1, 0, 0, '2014-12-10 14:50:50', '2014-12-10 14:50:50', NULL, NULL, NULL),
(425, 439, '/BK1SCA3xriDe7qhzbYA/mJ0m1k=', 0, 1, 0, 0, 1, 1, 0, 0, '2014-12-10 14:50:50', '2014-12-10 14:50:50', NULL, NULL, NULL),
(426, 440, 'Fyu3QPHkSr3IInwd1IkBll4bDEA=', 0, 1, 0, 0, 1, 1, 0, 0, '2014-12-10 14:50:50', '2014-12-10 14:50:50', NULL, NULL, NULL),
(427, 441, 'EdhfMQL0gr8IRlHImRq2ur9X6AQ=', 0, 1, 0, 0, 1, 1, 0, 0, '2014-12-10 14:50:50', '2014-12-10 14:50:50', NULL, NULL, NULL),
(428, 442, '3x76Q9RtBtnNjEo7gIy1ef1el5Q=', 0, 1, 0, 0, 1, 1, 0, 0, '2014-12-10 14:50:50', '2014-12-10 14:50:50', NULL, NULL, NULL),
(429, 443, 'A++jsSM2qQ11mIlSrEXmOBmEUg4=', 0, 1, 0, 0, 1, 1, 0, 0, '2014-12-10 14:50:50', '2014-12-10 14:50:50', NULL, NULL, NULL),
(430, 444, 'IyphAABAIqt8oe53VBg0YMygdRg=', 0, 1, 0, 0, 1, 1, 0, 0, '2014-12-10 14:50:50', '2014-12-10 14:50:50', NULL, NULL, NULL),
(431, 445, '25jKl/vW/48kPw774CUj2aoRp+0=', 0, 1, 0, 0, 1, 1, 0, 0, '2014-12-10 14:50:50', '2014-12-10 14:50:50', NULL, NULL, NULL),
(432, 446, 'GNUqzkYfnMnly4BuS0JQqQtOHgU=', 0, 1, 0, 0, 1, 1, 0, 0, '2014-12-10 14:50:50', '2014-12-10 14:50:50', NULL, NULL, NULL),
(433, 447, '9PHLK+AfGNZtBWw+Mx0qB+FQbQM=', 0, 1, 0, 0, 1, 1, 0, 0, '2014-12-10 14:50:50', '2014-12-10 14:50:50', NULL, NULL, NULL),
(434, 448, '0BgqpVHdTFYHBGgSZHQpdJ/mySk=', 0, 1, 0, 0, 1, 1, 0, 0, '2014-12-10 14:50:50', '2014-12-10 14:50:50', NULL, NULL, NULL),
(435, 449, '7v9EI8Oc1CMtVBUrG9gZY/fXx3A=', 0, 1, 0, 0, 1, 0, 0, 0, '2014-12-10 14:50:50', '2014-12-10 14:50:50', NULL, NULL, NULL),
(436, 450, 'JG3Zme6i0PcjwByjbsLuiPYkMkI=', 0, 1, 0, 0, 1, 1, 0, 0, '2014-12-10 14:50:50', '2014-12-10 14:50:50', NULL, NULL, NULL),
(437, 451, 'DbAuRIxrehp5Pwl3IHWH2af8xgs=', 0, 1, 0, 0, 1, 1, 0, 0, '2014-12-10 14:50:50', '2014-12-10 14:50:50', NULL, NULL, NULL),
(438, 452, 'BU/bnTKK059MDkxEfi7hPGUQWhg=', 0, 1, 0, 0, 1, 0, 0, 0, '2014-12-10 14:50:50', '2014-12-10 14:50:50', NULL, NULL, NULL),
(439, 453, 'dAZ2gTuA9zQ7U48URsgcnBqc+QA=', 0, 1, 0, 0, 1, 0, 0, 0, '2014-12-10 14:50:50', '2014-12-10 14:50:50', NULL, NULL, NULL),
(440, 454, 'I5QrVHBsnrDsG/jRTJ+CWNBtWVU=', 0, 1, 0, 0, 1, 1, 0, 0, '2014-12-10 14:50:50', '2014-12-10 14:50:50', NULL, NULL, NULL),
(441, 455, 'XJ3yUw1yXURoyD7LByn8STHeSPU=', 0, 1, 0, 0, 1, 1, 0, 0, '2014-12-10 14:50:50', '2014-12-10 14:50:50', NULL, NULL, NULL),
(442, 456, 'CvGtY5s6NfXYt9Kg5pLKpMRNwwY=', 0, 1, 0, 0, 1, 1, 0, 0, '2014-12-10 14:50:50', '2014-12-10 14:50:50', NULL, NULL, NULL),
(443, 457, 'fpki4o1tTKhGeHCZPrLzpt6TlK4=', 0, 1, 0, 0, 1, 1, 0, 0, '2014-12-10 14:50:50', '2014-12-10 14:50:50', NULL, NULL, NULL),
(444, 458, 'dXsSAJsNwpuupfdIJiywO714Kbk=', 0, 1, 0, 0, 1, 1, 0, 0, '2014-12-10 14:50:50', '2014-12-10 14:50:50', NULL, NULL, NULL),
(445, 459, '3n8Dkqyg4sl7ogo5GWhgDB7eoec=', 0, 1, 0, 0, 1, 1, 0, 0, '2014-12-10 14:50:50', '2014-12-10 14:50:50', NULL, NULL, NULL),
(446, 460, 'hEWtES+4RTW059IEz2cBJbti3Yc=', 0, 1, 0, 0, 1, 1, 0, 0, '2014-12-10 14:50:50', '2014-12-10 14:50:50', NULL, NULL, NULL),
(447, 461, 'sI7Ytme6UL71m+LHLXtwMTskGVA=', 0, 1, 0, 0, 1, 1, 0, 0, '2014-12-10 14:50:50', '2014-12-10 14:50:50', NULL, NULL, NULL),
(448, 462, '7NlCpidmxVX/owNKdzSTIPFJUn8=', 0, 1, 0, 0, 1, 1, 0, 0, '2014-12-10 14:50:50', '2014-12-10 14:50:50', NULL, NULL, NULL),
(449, 463, '0YicWIU1VWgIhphlVXf0jQ81u1o=', 0, 1, 0, 0, 1, 1, 0, 0, '2014-12-10 14:50:50', '2014-12-10 14:50:50', NULL, NULL, NULL),
(450, 464, '+WZ2NFxP1rcnVea6shUI9ROIZOQ=', 0, 1, 0, 0, 1, 1, 0, 0, '2014-12-10 14:50:50', '2014-12-10 14:50:50', NULL, NULL, NULL),
(451, 465, 'OtmZ41j67Ls7E/IVqtHfFOxddPI=', 0, 1, 0, 0, 1, 1, 0, 0, '2014-12-10 14:50:50', '2014-12-10 14:50:50', NULL, NULL, NULL),
(452, 466, '6ATU402QI18eiVsBMytX6SqCiP4=', 0, 1, 0, 0, 1, 1, 0, 0, '2014-12-10 14:50:50', '2014-12-10 14:50:50', NULL, NULL, NULL),
(453, 467, 'NtYIpLdP9j57HaExZA+gGW5Pu+4=', 0, 1, 0, 0, 1, 1, 0, 0, '2014-12-10 14:50:50', '2014-12-10 14:50:50', NULL, NULL, NULL),
(454, 468, 'UyvNEufMIUTWRqnUrInxuPvKPTQ=', 0, 1, 0, 0, 1, 1, 0, 0, '2014-12-10 14:50:50', '2014-12-10 14:50:50', NULL, NULL, NULL),
(455, 469, 'vXGj9+5l/FMKemsmRhIpAGwuLUE=', 0, 1, 0, 0, 1, 1, 0, 0, '2014-12-10 14:50:50', '2014-12-10 14:50:50', NULL, NULL, NULL),
(456, 470, 'uIf8ISbNwibf9LtrDnzZPGLwkP0=', 0, 1, 0, 0, 1, 1, 0, 0, '2014-12-10 14:50:50', '2014-12-10 14:50:50', NULL, NULL, NULL),
(457, 471, 'PZMnjGly8uQ6bCnlaSCMkeSwqT0=', 0, 1, 0, 0, 1, 1, 0, 0, '2014-12-10 14:50:51', '2014-12-10 14:50:51', NULL, NULL, NULL),
(458, 472, 'PEcoxCMqPsIyMUwnOebldxSSPbk=', 0, 1, 0, 0, 1, 1, 0, 0, '2014-12-10 14:50:51', '2014-12-10 14:50:51', NULL, NULL, NULL),
(459, 473, 'uqkhJ84PIxkB8VKoaPSdFQHD2EY=', 0, 1, 0, 0, 1, 1, 0, 0, '2014-12-10 14:50:51', '2014-12-10 14:50:51', NULL, NULL, NULL),
(460, 474, 'OKuopRU3Ih6jD34iK49AAgZ6QQ8=', 0, 1, 0, 0, 1, 1, 0, 0, '2014-12-10 14:50:51', '2014-12-10 14:50:51', NULL, NULL, NULL),
(461, 475, 'm9TKNT/As31swKF1tzskWDhkPoI=', 0, 1, 0, 0, 1, 1, 0, 0, '2014-12-10 14:50:51', '2014-12-10 14:50:51', NULL, NULL, NULL),
(462, 476, 'aOVqbKbCLxz07KW8PoDOpm3Y3kk=', 0, 1, 0, 0, 1, 1, 0, 0, '2014-12-10 14:50:51', '2014-12-10 14:50:51', NULL, NULL, NULL),
(463, 477, 'z+8IPy4uu59oNrBmQXET0P+vDeA=', 0, 1, 0, 0, 1, 1, 0, 0, '2014-12-10 14:50:51', '2014-12-10 14:50:51', NULL, NULL, NULL),
(464, 478, '17XPdFeoR2IBR4DH9u8QGEtopHU=', 0, 1, 0, 0, 1, 1, 0, 0, '2014-12-10 14:50:51', '2014-12-10 14:50:51', NULL, NULL, NULL),
(465, 479, 'ysEhGPOejyfjvsTaqMNJuWSba8w=', 0, 1, 0, 0, 1, 0, 0, 0, '2014-12-10 14:50:51', '2014-12-10 14:50:51', NULL, NULL, NULL),
(466, 480, 'MmZ9H66b+QWSUjHllRkhf4PLoUg=', 0, 1, 0, 0, 1, 0, 0, 0, '2014-12-10 14:50:51', '2014-12-10 14:50:51', NULL, NULL, NULL),
(467, 481, 'EPcRe2QwAChNPG6iacSarPIT7lI=', 0, 1, 0, 0, 1, 1, 0, 0, '2014-12-10 14:50:51', '2014-12-10 14:50:51', NULL, NULL, NULL),
(468, 482, 'ZVAR3ej7yleW0U/5sRQHNzSASYA=', 0, 1, 0, 0, 1, 1, 0, 0, '2014-12-10 14:50:51', '2014-12-10 14:50:51', NULL, NULL, NULL),
(469, 483, 'rd7/eqNW2gOPYSfZ0ZWaCJt0EdI=', 0, 1, 0, 0, 1, 0, 0, 0, '2014-12-10 14:50:51', '2014-12-10 14:50:51', NULL, NULL, NULL),
(470, 484, 'HgEcb0xAYa27Anw1sQviSsUpWFc=', 0, 1, 0, 0, 1, 1, 0, 0, '2014-12-10 14:50:51', '2014-12-10 14:50:51', NULL, NULL, NULL),
(471, 485, 'PkjezMDtrCttkg7FTP3vKzQkzFI=', 0, 1, 0, 0, 1, 1, 0, 0, '2014-12-10 14:50:51', '2014-12-10 14:50:51', NULL, NULL, NULL),
(472, 486, 'o7RQfKHaJ4v04V5vZMMTRai5jd0=', 0, 1, 0, 0, 1, 1, 0, 0, '2014-12-10 14:50:51', '2014-12-10 14:50:51', NULL, NULL, NULL),
(473, 487, 'dIesqcU6kmwLmYKWoBsgcJV4heU=', 0, 1, 0, 0, 1, 1, 0, 0, '2014-12-10 14:50:51', '2014-12-10 14:50:51', NULL, NULL, NULL),
(474, 488, '03DrM9MiE69yoY1Xh/S4QJ7RBhs=', 0, 1, 0, 0, 1, 1, 0, 0, '2014-12-10 14:50:51', '2014-12-10 14:50:51', NULL, NULL, NULL),
(475, 489, 'qHF25RTmZnAyi1CQtcuWFRJ+bac=', 0, 1, 0, 0, 1, 1, 0, 0, '2014-12-10 14:50:51', '2014-12-10 14:50:51', NULL, NULL, NULL),
(476, 490, 'kIazMdB2NiHvOHCN6EHAwoc+xN4=', 0, 1, 0, 0, 1, 1, 0, 0, '2014-12-10 14:50:51', '2014-12-10 14:50:51', NULL, NULL, NULL),
(477, 491, 'witKV0GmaqeQXaQCMQQbqGPPehM=', 0, 1, 0, 0, 1, 1, 0, 0, '2014-12-10 14:50:51', '2014-12-10 14:50:51', NULL, NULL, NULL),
(478, 492, 'nTTnW//Gl5pLqB6SSPENmb/3CeI=', 0, 1, 0, 0, 1, 1, 0, 0, '2014-12-10 14:50:51', '2014-12-10 14:50:51', NULL, NULL, NULL),
(479, 493, '0JYW2dK4c51nsBOVd1UarS7oztU=', 0, 1, 0, 0, 1, 0, 0, 0, '2014-12-10 14:50:51', '2014-12-10 14:50:51', NULL, NULL, NULL),
(480, 494, 'Hot4Jmhk3T0k1jAokQYaZQq/CHE=', 0, 1, 0, 0, 1, 0, 0, 0, '2014-12-10 14:50:51', '2014-12-10 14:50:51', NULL, NULL, NULL),
(481, 495, 'cUOtQITHc+xghFif7PMYeR/fVYw=', 0, 1, 0, 0, 1, 0, 0, 0, '2014-12-10 14:50:51', '2014-12-10 14:50:51', NULL, NULL, NULL),
(482, 496, 'e5W25yI+8EZFBy6/NEmg+eELSpA=', 0, 1, 0, 0, 1, 1, 0, 0, '2014-12-10 14:50:51', '2014-12-10 14:50:51', NULL, NULL, NULL),
(483, 497, 'EGttTNG/IoEEEQhT5vStpd3bImU=', 0, 1, 0, 0, 1, 1, 0, 0, '2014-12-10 14:50:51', '2014-12-10 14:50:51', NULL, NULL, NULL),
(484, 498, 'PcBHd4PctH8MUQU9Y6EQCp+xlrU=', 0, 1, 0, 0, 1, 1, 0, 0, '2014-12-10 14:50:51', '2014-12-10 14:50:51', NULL, NULL, NULL),
(485, 499, 'qAVzNBr7D8eOBXZIsPm06LRdIAI=', 0, 1, 0, 0, 1, 1, 0, 0, '2014-12-10 14:50:51', '2014-12-10 14:50:51', NULL, NULL, NULL),
(486, 500, 'FaO+FZ6PSJn5xOnBHP/EwXGe6ks=', 0, 1, 0, 0, 1, 1, 0, 0, '2014-12-10 14:50:51', '2014-12-10 14:50:51', NULL, NULL, NULL),
(487, 501, 'YK4zRmbsYrb65GBhO2au4deH1Mg=', 0, 1, 0, 0, 1, 1, 0, 0, '2014-12-10 14:50:51', '2014-12-10 14:50:51', NULL, NULL, NULL),
(488, 502, 'u9iERUtk+GrWmd5FpxUwKFOZElE=', 0, 1, 0, 0, 1, 1, 0, 0, '2014-12-10 14:50:51', '2014-12-10 14:50:51', NULL, NULL, NULL),
(489, 503, 'DXyovZ1rsOL5XbM6rTPZUMM8oL8=', 0, 1, 0, 0, 1, 1, 0, 0, '2014-12-10 14:50:51', '2014-12-10 14:50:51', NULL, NULL, NULL),
(490, 504, '91HSBn1cTpAFLskzSPWI30HPhnA=', 0, 1, 0, 0, 1, 1, 0, 0, '2014-12-10 14:50:51', '2014-12-10 14:50:51', NULL, NULL, NULL),
(491, 505, 'A9ZM2R0/Epk363N+jByFAQpv1po=', 0, 1, 0, 0, 1, 1, 0, 0, '2014-12-10 14:50:51', '2014-12-10 14:50:51', NULL, NULL, NULL),
(492, 506, 'kyr9SxKc6m3A2ltTPsdDg60OHS4=', 0, 1, 0, 0, 1, 1, 0, 0, '2014-12-10 14:50:51', '2014-12-10 14:50:51', NULL, NULL, NULL),
(493, 507, 'ZXW7c+a8MYLlGsxwrct3pO9F8/Q=', 0, 1, 0, 0, 1, 1, 0, 0, '2014-12-10 14:50:51', '2014-12-10 14:50:51', NULL, NULL, NULL),
(494, 508, 'ra62KLrVn+j1lVkHF3D8lU3B1Zo=', 0, 1, 0, 0, 1, 1, 0, 0, '2014-12-10 14:50:51', '2014-12-10 14:50:51', NULL, NULL, NULL),
(495, 509, 'Ai+snp0cV/2ECfZV3dpHNLCTQ5Q=', 0, 1, 0, 0, 1, 1, 0, 0, '2014-12-10 14:50:51', '2014-12-10 14:50:51', NULL, NULL, NULL),
(496, 510, 'B6mxm8tBEBiB//xHpjdZZ2eMQk4=', 0, 1, 0, 0, 1, 1, 0, 0, '2014-12-10 14:50:51', '2014-12-10 14:50:51', NULL, NULL, NULL),
(497, 511, 'a2lKudm16pBnqNvB+w8BHcqNQPE=', 0, 1, 0, 0, 1, 1, 0, 0, '2014-12-10 14:50:51', '2014-12-10 14:50:51', NULL, NULL, NULL),
(498, 512, 'JkFFJKpCbpnhufboN/j/59ba+cQ=', 0, 1, 0, 0, 1, 1, 0, 0, '2014-12-10 14:50:51', '2014-12-10 14:50:51', NULL, NULL, NULL),
(499, 513, 'kAXqWHFZUeIsSBPBx5svId/DkX0=', 0, 1, 0, 0, 1, 1, 0, 0, '2014-12-10 14:50:51', '2014-12-10 14:50:51', NULL, NULL, NULL),
(500, 514, 'J3GwdhIR6te2LCvCbrF8tasZcGw=', 0, 1, 0, 0, 1, 1, 0, 0, '2014-12-10 14:50:51', '2014-12-10 14:50:51', NULL, NULL, NULL),
(501, 515, '5SNlPc4/nsxHylX0Cp4S1QLF1/4=', 0, 1, 0, 0, 1, 1, 0, 0, '2014-12-10 14:50:51', '2014-12-10 14:50:51', NULL, NULL, NULL),
(502, 516, 'zglpu+0f8pA+xaO8gPIx280w43U=', 0, 1, 0, 0, 1, 1, 0, 0, '2014-12-10 14:50:51', '2014-12-10 14:50:51', NULL, NULL, NULL),
(503, 517, 'kMVcorWtchZOGasblCGX3tE+NDo=', 0, 1, 0, 0, 1, 1, 0, 0, '2014-12-10 14:50:51', '2014-12-10 14:50:51', NULL, NULL, NULL),
(504, 518, '5/jMFUweDJgtf9bFy/OtcDwBL7g=', 0, 1, 0, 0, 1, 1, 0, 0, '2014-12-10 14:50:51', '2014-12-10 14:50:51', NULL, NULL, NULL),
(505, 519, 'JNFuNvtLWm24h5g5T0f89Ru+yEQ=', 0, 1, 0, 0, 1, 1, 0, 0, '2014-12-10 14:50:51', '2014-12-10 14:50:51', NULL, NULL, NULL),
(506, 520, 'ByNeE4luScpl4Sr+IGFkglSrZU0=', 0, 1, 0, 0, 1, 1, 0, 0, '2014-12-10 14:50:51', '2014-12-10 14:50:51', NULL, NULL, NULL),
(507, 521, 'P/P7DB4rM46w0IJUGpOrdHbSOTw=', 0, 1, 0, 0, 1, 1, 0, 0, '2014-12-10 14:50:51', '2014-12-10 14:50:51', NULL, NULL, NULL),
(508, 522, 'mfZtpIodAdzQK9irOzQwMUvgJG8=', 0, 1, 0, 0, 1, 1, 0, 0, '2014-12-10 14:50:51', '2014-12-10 14:50:51', NULL, NULL, NULL),
(509, 523, '8vLtPcAO05mAxmzLAgWl+DW/U+s=', 0, 1, 0, 0, 1, 0, 0, 0, '2014-12-10 14:50:51', '2014-12-10 14:50:51', NULL, NULL, NULL),
(510, 524, 'Ll6hv64FLyp096IOh5QzqYp/MxE=', 0, 1, 0, 0, 1, 0, 0, 0, '2014-12-10 14:50:51', '2014-12-10 14:50:51', NULL, NULL, NULL),
(511, 525, 'DR7xg+g4s0Dbv+4fEA9ncUD3CZU=', 0, 1, 0, 0, 1, 1, 0, 0, '2014-12-10 14:50:51', '2014-12-10 14:50:51', NULL, NULL, NULL),
(512, 526, 'niyRfYcWjgXl/TQrIEvZMES9rc8=', 0, 1, 0, 0, 1, 1, 0, 0, '2014-12-10 14:50:51', '2014-12-10 14:50:51', NULL, NULL, NULL),
(513, 527, 'pB1sQCz3cGjFn4FUwO4EyBl9SDo=', 0, 1, 0, 0, 1, 1, 0, 0, '2014-12-10 14:50:51', '2014-12-10 14:50:51', NULL, NULL, NULL),
(514, 528, '2Tqg+wkUVADqgncsyTB8Ena1cD4=', 0, 1, 0, 0, 1, 1, 0, 0, '2014-12-10 14:50:51', '2014-12-10 14:50:51', NULL, NULL, NULL),
(515, 529, '7eZoiZiNTW6S4BsihtPqGi/XFW8=', 0, 1, 0, 0, 1, 1, 0, 0, '2014-12-10 14:50:51', '2014-12-10 14:50:51', NULL, NULL, NULL),
(516, 530, 'VJNAtnjDh2QFdXZAYtMm428We2o=', 0, 1, 0, 0, 1, 1, 0, 0, '2014-12-10 14:50:51', '2014-12-10 14:50:51', NULL, NULL, NULL),
(517, 531, 'PfK7nRMztDF++NPk18jVz0xZ53E=', 0, 1, 0, 0, 1, 1, 0, 0, '2014-12-10 14:50:51', '2014-12-10 14:50:51', NULL, NULL, NULL),
(518, 532, '0MEyeOZ5Eu2xffANsVr//lR4CR4=', 0, 1, 0, 0, 1, 1, 0, 0, '2014-12-10 14:50:51', '2014-12-10 14:50:51', NULL, NULL, NULL),
(519, 533, 'hiBex/NCIQ2WdRkuajlUnat08b4=', 0, 1, 0, 0, 1, 1, 0, 0, '2014-12-10 14:50:51', '2014-12-10 14:50:51', NULL, NULL, NULL),
(520, 534, 'U/EYN/ULF+J+gPZCH16uFYFv1+o=', 0, 1, 0, 0, 1, 1, 0, 0, '2014-12-10 14:50:51', '2014-12-10 14:50:51', NULL, NULL, NULL),
(521, 535, '9RN/rHY/NV9XQUcxOTGijKZpi6s=', 0, 1, 0, 0, 1, 1, 0, 0, '2014-12-10 14:50:51', '2014-12-10 14:50:51', NULL, NULL, NULL),
(522, 536, 'bAL8lk4wU5A9Q/HSe2JnXU8e8hM=', 0, 1, 0, 0, 1, 1, 0, 0, '2014-12-10 14:50:51', '2014-12-10 14:50:51', NULL, NULL, NULL),
(523, 537, '9YuG9GAB6F2rZFZI36saKVRM1oo=', 0, 1, 0, 0, 1, 1, 0, 0, '2014-12-10 14:50:51', '2014-12-10 14:50:51', NULL, NULL, NULL),
(524, 538, 'JryUFmDS5nYN9/UxsBInBUb44LI=', 0, 1, 0, 0, 1, 1, 0, 0, '2014-12-10 14:50:51', '2014-12-10 14:50:51', NULL, NULL, NULL),
(525, 539, '04u95qZ4Z6oI/vR8Qz1Z7hdQUYQ=', 0, 1, 0, 0, 1, 1, 0, 0, '2014-12-10 14:50:51', '2014-12-10 14:50:51', NULL, NULL, NULL),
(526, 540, '62a3uDOjWBrQHG3eHZLpYsTFtqg=', 0, 1, 0, 0, 1, 1, 0, 0, '2014-12-10 14:50:51', '2014-12-10 14:50:51', NULL, NULL, NULL),
(527, 541, 'cKBTsDGlE0m44IPbNbtT/aNGAA0=', 0, 1, 0, 0, 1, 1, 0, 0, '2014-12-10 14:50:51', '2014-12-10 14:50:51', NULL, NULL, NULL),
(528, 542, 'AWahyyj5Et/B5mJYeVwu/Ws4q3E=', 0, 1, 0, 0, 1, 0, 0, 0, '2014-12-10 14:50:51', '2014-12-10 14:50:51', NULL, NULL, NULL),
(529, 543, 'yo+/63akLhyHj4Qdq5YpyojGzC4=', 0, 1, 0, 0, 1, 1, 0, 0, '2014-12-10 14:50:51', '2014-12-10 14:50:51', NULL, NULL, NULL),
(530, 544, 'l6YrwdE2+KX/I3K/q+6ZrYcFb7c=', 0, 1, 0, 0, 1, 1, 0, 0, '2014-12-10 14:50:51', '2014-12-10 14:50:51', NULL, NULL, NULL),
(531, 545, '7K/wpGJ1uFV+8kf52+RvZLrAb60=', 0, 1, 0, 0, 1, 1, 0, 0, '2014-12-10 14:50:51', '2014-12-10 14:50:51', NULL, NULL, NULL),
(532, 546, 'Y0W4r226KCMN4O1GaG2o5w+xPto=', 0, 1, 0, 0, 1, 1, 0, 0, '2014-12-10 14:50:51', '2014-12-10 14:50:51', NULL, NULL, NULL),
(533, 547, 'EZggpvZODZuVIgN7kF3GAdKQxbU=', 0, 1, 0, 0, 1, 1, 0, 0, '2014-12-10 14:50:51', '2014-12-10 14:50:51', NULL, NULL, NULL),
(534, 548, 'f1Ph8F4jcHKKtNJYA7Ty+xxvAaw=', 0, 1, 0, 0, 1, 1, 0, 0, '2014-12-10 14:50:51', '2014-12-10 14:50:51', NULL, NULL, NULL),
(535, 549, 'L1I8fQIp0QTPTfLTcJAivqTO8nI=', 0, 1, 0, 0, 1, 1, 0, 0, '2014-12-10 14:50:51', '2014-12-10 14:50:51', NULL, NULL, NULL),
(536, 550, '75v7Kj8GQDnL6lkGjKQqeZizGDA=', 0, 1, 0, 0, 1, 1, 0, 0, '2014-12-10 14:50:51', '2014-12-10 14:50:51', NULL, NULL, NULL),
(537, 551, 'ELonKjhTNHUKsHAB6ULxCoGATYk=', 0, 1, 0, 0, 1, 1, 0, 0, '2014-12-10 14:50:51', '2014-12-10 14:50:51', NULL, NULL, NULL),
(538, 552, '3U84j0Df2eSQaSudxBor5/pP3Vs=', 0, 1, 0, 0, 1, 1, 0, 0, '2014-12-10 14:50:51', '2014-12-10 14:50:51', NULL, NULL, NULL),
(539, 553, '1+wdiwQe8ByS5y023u4OqqVr6ao=', 0, 1, 0, 0, 1, 1, 0, 0, '2014-12-10 14:50:51', '2014-12-10 14:50:51', NULL, NULL, NULL),
(540, 554, 'wO33pnuhAfP9i8yVZ6fLtrVBFco=', 0, 1, 0, 0, 1, 1, 0, 0, '2014-12-10 14:50:51', '2014-12-10 14:50:51', NULL, NULL, NULL),
(541, 555, 'H/0lCITX3Xpq3DaK1nZF5CA7n00=', 0, 1, 0, 0, 1, 1, 0, 0, '2014-12-10 14:50:51', '2014-12-10 14:50:51', NULL, NULL, NULL),
(542, 556, 'm7c1MUcheh8yQ3y0Ih/UiPUAFJs=', 0, 1, 0, 0, 1, 1, 0, 0, '2014-12-10 14:50:51', '2014-12-10 14:50:51', NULL, NULL, NULL),
(543, 557, 'jkC93ydqCC+8g/bEtEO5esIfaKU=', 0, 1, 0, 0, 1, 1, 0, 0, '2014-12-10 14:50:51', '2014-12-10 14:50:51', NULL, NULL, NULL),
(544, 558, 'FdngL+S5TaYk2Ya9Y+cQV6myW2k=', 0, 1, 0, 0, 1, 1, 0, 0, '2014-12-10 14:50:51', '2014-12-10 14:50:51', NULL, NULL, NULL),
(545, 559, 'Pk2Bl2tgOTLbkyP9UITQoQZ6q/o=', 0, 1, 0, 0, 1, 1, 0, 0, '2014-12-10 14:50:51', '2014-12-10 14:50:51', NULL, NULL, NULL),
(546, 560, 'AdlI9gW2VldtbDmYXeZgkR988sE=', 0, 1, 0, 0, 1, 1, 0, 0, '2014-12-10 14:50:52', '2014-12-10 14:50:52', NULL, NULL, NULL),
(547, 561, 'XubeihZOKCeZz4G1a3b58shMj3E=', 0, 1, 0, 0, 1, 1, 0, 0, '2014-12-10 14:50:52', '2014-12-10 14:50:52', NULL, NULL, NULL),
(548, 562, 'kV7xJ7Ra+H/igCnERLU2zkTvSpE=', 0, 1, 0, 0, 1, 1, 0, 0, '2014-12-10 14:50:52', '2014-12-10 14:50:52', NULL, NULL, NULL),
(549, 563, 'Ns5plIKoOpWuDQbnh/yHGLqGMEA=', 0, 1, 0, 0, 1, 1, 0, 0, '2014-12-10 14:50:52', '2014-12-10 14:50:52', NULL, NULL, NULL),
(550, 564, '8Bfv5HKApzDzobKBCbsUCAk4GPE=', 0, 1, 0, 0, 1, 1, 0, 0, '2014-12-10 14:50:52', '2014-12-10 14:50:52', NULL, NULL, NULL),
(551, 565, 'cg4GlGU40UkCq2YuUWeQ/w8FKfU=', 0, 1, 0, 0, 1, 1, 0, 0, '2014-12-10 14:50:52', '2014-12-10 14:50:52', NULL, NULL, NULL),
(552, 566, 'DwnpcimSwTzzWq26HlUU1renKqE=', 0, 1, 0, 0, 1, 1, 0, 0, '2014-12-10 14:50:52', '2014-12-10 14:50:52', NULL, NULL, NULL),
(553, 567, 'FHI0FGmmV69KEl6pbwxHBLC/C4g=', 0, 1, 0, 0, 1, 1, 0, 0, '2014-12-10 14:50:52', '2014-12-10 14:50:52', NULL, NULL, NULL),
(554, 568, 'sjcfo5ZAe+nV9nyEXwdYHPOP2YQ=', 0, 1, 0, 0, 1, 1, 0, 0, '2014-12-10 14:50:52', '2014-12-10 14:50:52', NULL, NULL, NULL),
(555, 569, 'F/uHXra2d+xFmVtxvcj207XvnLM=', 0, 1, 0, 0, 1, 1, 0, 0, '2014-12-10 14:50:52', '2014-12-10 14:50:52', NULL, NULL, NULL),
(556, 570, 'zvd8nyZh51IgiHe89f+BGsC+0Is=', 0, 1, 0, 0, 1, 1, 0, 0, '2014-12-10 14:50:52', '2014-12-10 14:50:52', NULL, NULL, NULL),
(557, 571, '2zGYupm3oditPUCRNYRuL0FfDYE=', 0, 1, 0, 0, 1, 1, 0, 0, '2014-12-10 14:50:52', '2014-12-10 14:50:52', NULL, NULL, NULL),
(558, 572, 'ohEVTYVN+GRxoMqVjtl+oW6dN4Y=', 0, 1, 0, 0, 1, 1, 0, 0, '2014-12-10 14:50:52', '2014-12-10 14:50:52', NULL, NULL, NULL),
(559, 573, 'affWkvJjuYcU7HaRM/pcXA4E9ZY=', 0, 1, 0, 0, 1, 1, 0, 0, '2014-12-10 14:50:52', '2014-12-10 14:50:52', NULL, NULL, NULL),
(560, 574, 'pswQoQIRSXb6vlVDS/lxEfTA5Yc=', 0, 1, 0, 0, 1, 1, 0, 0, '2014-12-10 14:50:52', '2014-12-10 14:50:52', NULL, NULL, NULL),
(561, 575, 'PvTI689L38WYwtba9mN12Y2+cic=', 0, 1, 0, 0, 1, 0, 0, 0, '2014-12-10 14:50:52', '2014-12-10 14:50:52', NULL, NULL, NULL),
(562, 576, 'BQ9jjxVYAjRwOlWpp12v/HFDQ/g=', 0, 1, 0, 0, 1, 1, 0, 0, '2014-12-10 14:50:52', '2014-12-10 14:50:52', NULL, NULL, NULL),
(563, 577, 'oark/AOFQwdESE/GPOTl5q+ZPCg=', 0, 1, 0, 0, 1, 1, 0, 0, '2014-12-10 14:50:52', '2014-12-10 14:50:52', NULL, NULL, NULL),
(564, 578, '/jQKSMY4ghqutajFzLfJOV5mdDk=', 0, 1, 0, 0, 1, 1, 0, 0, '2014-12-10 14:50:52', '2014-12-10 14:50:52', NULL, NULL, NULL),
(565, 579, 'Ubjzz2939CI5H6lyoZyRW2+60Yg=', 0, 1, 0, 0, 1, 1, 0, 0, '2014-12-10 14:50:52', '2014-12-10 14:50:52', NULL, NULL, NULL),
(566, 580, 'xxpw/nJ3+J9F7g5SQkMohi2bToU=', 0, 1, 0, 0, 1, 1, 0, 0, '2014-12-10 14:50:52', '2014-12-10 14:50:52', NULL, NULL, NULL),
(567, 581, 'VJNyZk/N4tzomhrElfPI+y7f1tM=', 0, 1, 0, 0, 1, 1, 0, 0, '2014-12-10 14:50:52', '2014-12-10 14:50:52', NULL, NULL, NULL),
(568, 582, 'u9LZEYOPqzQaTx40QS95SOYXQjY=', 0, 1, 0, 0, 1, 1, 0, 0, '2014-12-10 14:50:52', '2014-12-10 14:50:52', NULL, NULL, NULL),
(569, 583, 'xeNHDN9XL4FTy2QL5BMMMk4O3rs=', 0, 1, 0, 0, 1, 1, 0, 0, '2014-12-10 14:50:52', '2014-12-10 14:50:52', NULL, NULL, NULL),
(570, 584, 'fFQQ5/vDLrjc7Ei8tOV1dPjjWeM=', 0, 1, 0, 0, 1, 0, 0, 0, '2014-12-10 14:50:52', '2014-12-10 14:50:52', NULL, NULL, NULL),
(571, 585, 'YvqeF3WJXLN4gkKxnVHMRC4p2p8=', 0, 1, 0, 0, 1, 0, 0, 0, '2014-12-10 14:50:52', '2014-12-10 14:50:52', NULL, NULL, NULL),
(572, 586, 'nDGtx6D3nmQA4oAl53anEA3wS/M=', 0, 1, 0, 0, 1, 0, 0, 0, '2014-12-10 14:50:52', '2014-12-10 14:50:52', NULL, NULL, NULL),
(573, 587, 'j4cf+oXGogjBY9ihpajU465dXaQ=', 0, 1, 0, 0, 1, 1, 0, 0, '2014-12-10 14:50:52', '2014-12-10 14:50:52', NULL, NULL, NULL),
(574, 588, '/n58MI17tzKfEYU0Wdl/3f+yCqY=', 0, 1, 0, 0, 1, 0, 0, 0, '2014-12-10 14:50:52', '2014-12-10 14:50:52', NULL, NULL, NULL),
(575, 589, 'oIh1vMoULU6aMOFXq/MYiLpcA2A=', 0, 1, 0, 0, 1, 1, 0, 0, '2014-12-10 14:50:52', '2014-12-10 14:50:52', NULL, NULL, NULL),
(576, 590, 'sYUfgO/d5pPbgnM1RQyiRBY2Ff8=', 0, 1, 0, 0, 1, 1, 0, 0, '2014-12-10 14:50:52', '2014-12-10 14:50:52', NULL, NULL, NULL),
(577, 591, 'QVMC+RXQbcPxcenAOFMXwPIhd9A=', 0, 1, 0, 0, 1, 1, 0, 0, '2014-12-10 14:50:52', '2014-12-10 14:50:52', NULL, NULL, NULL),
(578, 592, 'bWuSWZ6Gf7pheTZfp5lW40tb+xs=', 0, 1, 0, 0, 1, 1, 0, 0, '2014-12-10 14:50:52', '2014-12-10 14:50:52', NULL, NULL, NULL),
(579, 593, 'a0DaeLqnJsBQpKNExXLz8zC+DVQ=', 0, 1, 0, 0, 1, 1, 0, 0, '2014-12-10 14:50:52', '2014-12-10 14:50:52', NULL, NULL, NULL),
(580, 594, '01q/P0fYN7rAOIxGoG12kglzLXs=', 0, 1, 0, 0, 1, 1, 0, 0, '2014-12-10 14:50:52', '2014-12-10 14:50:52', NULL, NULL, NULL),
(581, 595, 'gvPeAkHMHtS6c3Ho4q//nc6xH98=', 0, 1, 0, 0, 1, 1, 0, 0, '2014-12-10 14:50:52', '2014-12-10 14:50:52', NULL, NULL, NULL),
(582, 596, '5W88yncpseD/it2kCRAG+mdZkFQ=', 0, 1, 0, 0, 1, 1, 0, 0, '2014-12-10 14:50:52', '2014-12-10 14:50:52', NULL, NULL, NULL),
(583, 597, 'gxdW37GaLZYknvi0FbjJOnscObo=', 0, 1, 0, 0, 1, 1, 0, 0, '2014-12-10 14:50:52', '2014-12-10 14:50:52', NULL, NULL, NULL),
(584, 598, 'zQNKPKLVwT2jOW6zQwa9fv7hkTA=', 0, 1, 0, 0, 1, 1, 0, 0, '2014-12-10 14:50:52', '2014-12-10 14:50:52', NULL, NULL, NULL),
(585, 599, 'AJyK3HFEcC1SfoEPsc0pYUxv0pI=', 0, 1, 0, 0, 1, 1, 0, 0, '2014-12-10 14:50:52', '2014-12-10 14:50:52', NULL, NULL, NULL),
(586, 600, 'r9O688vc+GwKk5Qe54IZWTtwXR0=', 0, 1, 0, 0, 1, 1, 0, 0, '2014-12-10 14:50:52', '2014-12-10 14:50:52', NULL, NULL, NULL),
(587, 601, 'C0eSSXzgXVV/eKrQBJrVwICi0To=', 0, 1, 0, 0, 1, 1, 0, 0, '2014-12-10 14:50:52', '2014-12-10 14:50:52', NULL, NULL, NULL),
(588, 602, 'BjmSx/U9vao1drU2Q0701uKgRCU=', 0, 1, 0, 0, 1, 1, 0, 0, '2014-12-10 14:50:52', '2014-12-10 14:50:52', NULL, NULL, NULL),
(589, 603, 'MV3QigbC0WhDwJFFZljYxFdHDFo=', 0, 1, 0, 0, 1, 1, 0, 0, '2014-12-10 14:50:52', '2014-12-10 14:50:52', NULL, NULL, NULL),
(590, 604, 'CZhdfUqs2rxDKFewGN/N8R6XikM=', 0, 1, 0, 0, 1, 1, 0, 0, '2014-12-10 14:50:52', '2014-12-10 14:50:52', NULL, NULL, NULL),
(591, 605, 'zlB3AUngV+ac+/d9pCZ0+yh9eDs=', 0, 1, 0, 0, 1, 1, 0, 0, '2014-12-10 14:50:52', '2014-12-10 14:50:52', NULL, NULL, NULL),
(592, 606, 'f6WZRLq3PhO6dbdmLgJ6wLxzroY=', 0, 1, 0, 0, 1, 1, 0, 0, '2014-12-10 14:50:52', '2014-12-10 14:50:52', NULL, NULL, NULL),
(593, 607, 'e3h8BzTk0PQZqDmHwNKZsxOg3rw=', 0, 1, 0, 0, 1, 0, 0, 0, '2014-12-10 14:50:52', '2014-12-10 14:50:52', NULL, NULL, NULL),
(594, 608, '6QtaH485hXoLG3Ts7LgcctXmC6Y=', 0, 1, 0, 0, 1, 1, 0, 0, '2014-12-10 14:50:52', '2014-12-10 14:50:52', NULL, NULL, NULL),
(595, 609, 'sum2IcGKG+QtPIQJPc1Lf0JQIgc=', 0, 1, 0, 0, 1, 1, 0, 0, '2014-12-10 14:50:52', '2014-12-10 14:50:52', NULL, NULL, NULL),
(596, 610, 'BHbjfYzazPa4n6B/mHLfBb8vEho=', 0, 1, 0, 0, 1, 1, 0, 0, '2014-12-10 14:50:52', '2014-12-10 14:50:52', NULL, NULL, NULL),
(597, 611, 'l4hOq0a/A+tpZPhjWu37Zn/4wtE=', 0, 1, 0, 0, 1, 1, 0, 0, '2014-12-10 14:50:52', '2014-12-10 14:50:52', NULL, NULL, NULL),
(598, 612, 'GV0y2yf4Bo7POC3xrD+QtG43z/E=', 0, 1, 0, 0, 1, 1, 0, 0, '2014-12-10 14:50:52', '2014-12-10 14:50:52', NULL, NULL, NULL),
(599, 613, '5jBy9K+EwcWIeLw4MwhrKlm2p28=', 0, 1, 0, 0, 1, 1, 0, 0, '2014-12-10 14:50:52', '2014-12-10 14:50:52', NULL, NULL, NULL),
(600, 614, 'zPIil+Gd2uDjFVrR9NT3/P9fq3U=', 0, 1, 0, 0, 1, 0, 0, 0, '2014-12-10 14:50:52', '2014-12-10 14:50:52', NULL, NULL, NULL),
(601, 615, 'eHjelOLT02gQ6jna/+TE8jtGraE=', 0, 1, 0, 0, 1, 1, 0, 0, '2014-12-10 14:50:52', '2014-12-10 14:50:52', NULL, NULL, NULL),
(602, 616, 'baIbzK7KrHDCcz63cDocATPpbi0=', 0, 1, 0, 0, 1, 1, 0, 0, '2014-12-10 14:50:52', '2014-12-10 14:50:52', NULL, NULL, NULL),
(603, 617, 'gCSTft8tCWo5qZ8ox9cwHZDBQLU=', 0, 1, 0, 0, 1, 1, 0, 0, '2014-12-10 14:50:52', '2014-12-10 14:50:52', NULL, NULL, NULL),
(604, 618, 'Z2UxOMszdXuf97Wjz9ZE8i94puU=', 0, 1, 0, 0, 1, 0, 0, 0, '2014-12-10 14:50:52', '2014-12-10 14:50:52', NULL, NULL, NULL),
(605, 619, 'oJVatR9KJXKAPkfZI2flWdsmRtc=', 0, 1, 0, 0, 1, 1, 0, 0, '2014-12-10 14:50:52', '2014-12-10 14:50:52', NULL, NULL, NULL),
(606, 620, 'CYALsPzNFT893eIG131pndyqhMM=', 0, 1, 0, 0, 1, 1, 0, 0, '2014-12-10 14:50:52', '2014-12-10 14:50:52', NULL, NULL, NULL),
(607, 621, 'HCGHs6JPmhCJ3xyMPR6s6eMvLwU=', 0, 1, 0, 0, 1, 1, 0, 0, '2014-12-10 14:50:52', '2014-12-10 14:50:52', NULL, NULL, NULL),
(608, 622, 'hTV11sEWbG7ZfYBi9DQNgj6OWuw=', 0, 1, 0, 0, 1, 1, 0, 0, '2014-12-10 14:50:52', '2014-12-10 14:50:52', NULL, NULL, NULL),
(609, 623, 'WDhianE9naVYE+5ZDudSx0FzkCw=', 0, 1, 0, 0, 1, 1, 0, 0, '2014-12-10 14:50:52', '2014-12-10 14:50:52', NULL, NULL, NULL),
(610, 624, '/ezJqlio2i1krOKDzQ5+xHlm6K8=', 0, 1, 0, 0, 1, 1, 0, 0, '2014-12-10 14:50:52', '2014-12-10 14:50:52', NULL, NULL, NULL),
(611, 625, 'XsmCFQvT1p9or4TJcvbInl77JGc=', 0, 1, 0, 0, 1, 1, 0, 0, '2014-12-10 14:50:53', '2014-12-10 14:50:53', NULL, NULL, NULL),
(612, 626, '3+yUVzo23bIKXvHyqUahDHqHAe4=', 0, 1, 0, 0, 1, 1, 0, 0, '2014-12-10 14:50:53', '2014-12-10 14:50:53', NULL, NULL, NULL),
(613, 627, 'lRZyjrxiaVG7PK1j467Ri9vZ3HA=', 0, 1, 0, 0, 1, 1, 0, 0, '2014-12-10 14:50:53', '2014-12-10 14:50:53', NULL, NULL, NULL),
(614, 628, 'ir4Z8M58QSdamBXo4mFEFbNxuss=', 0, 1, 0, 0, 1, 1, 0, 0, '2014-12-10 14:50:53', '2014-12-10 14:50:53', NULL, NULL, NULL),
(615, 629, 'bZVigE8m3TfUEKnGlk7Iuh/NgzE=', 0, 1, 0, 0, 1, 1, 0, 0, '2014-12-10 14:50:53', '2014-12-10 14:50:53', NULL, NULL, NULL),
(616, 630, 'nmZ6YaHo9h3qv7dvDBtkf4R8z+E=', 0, 1, 0, 0, 1, 1, 0, 0, '2014-12-10 14:50:53', '2014-12-10 14:50:53', NULL, NULL, NULL),
(617, 631, '7qOEKCliZ6RsW1k8LMi/20pXW6M=', 0, 1, 0, 0, 1, 1, 0, 0, '2014-12-10 14:50:53', '2014-12-10 14:50:53', NULL, NULL, NULL),
(618, 632, 'lSPZGKyB3tYoCcT9KpbxkHU1fwg=', 0, 1, 0, 0, 1, 1, 0, 0, '2014-12-10 14:50:53', '2014-12-10 14:50:53', NULL, NULL, NULL),
(619, 633, 'Sr+2MLR9rKSOrKn4P4R6nrcbQcw=', 0, 1, 0, 0, 1, 1, 0, 0, '2014-12-10 14:50:53', '2014-12-10 14:50:53', NULL, NULL, NULL),
(620, 634, '7PbFXQ+mEzgKW1W94lJqu6tqZGE=', 0, 1, 0, 0, 1, 0, 0, 0, '2014-12-10 14:50:53', '2014-12-10 14:50:53', NULL, NULL, NULL),
(621, 635, 'H6fOUwSoS4yrS4ye3hOP8/hxyFc=', 0, 1, 0, 0, 1, 1, 0, 0, '2014-12-10 14:50:53', '2014-12-10 14:50:53', NULL, NULL, NULL),
(622, 636, 'IESHTsNKYD70wMLPEoToKEfyfNY=', 0, 1, 0, 0, 1, 1, 0, 0, '2014-12-10 14:50:53', '2014-12-10 14:50:53', NULL, NULL, NULL),
(623, 637, 'vM3ZYkOEKYRPP2iF8N/4RpSClSg=', 0, 1, 0, 0, 1, 1, 0, 0, '2014-12-10 14:50:53', '2014-12-10 14:50:53', NULL, NULL, NULL),
(624, 638, 'ArR4l64DoXNJsGu4CN0xULGQgMc=', 0, 1, 0, 0, 1, 1, 0, 0, '2014-12-10 14:50:53', '2014-12-10 14:50:53', NULL, NULL, NULL),
(625, 639, '7ZmPtdIPm3/K1SP29ZHC2fHCVjY=', 0, 1, 0, 0, 1, 1, 0, 0, '2014-12-10 14:50:53', '2014-12-10 14:50:53', NULL, NULL, NULL),
(626, 640, 'vmXutV5rTLER+iLdqo10YiJex6I=', 0, 1, 0, 0, 1, 1, 0, 0, '2014-12-10 14:50:53', '2014-12-10 14:50:53', NULL, NULL, NULL),
(627, 641, 'jfEqcipM2uPZNDI+htsxkCt4ghw=', 0, 1, 0, 0, 1, 1, 0, 0, '2014-12-10 14:50:53', '2014-12-10 14:50:53', NULL, NULL, NULL),
(628, 642, 'rrzi0ywSzMsefhkbWUSSHrk1/RE=', 0, 1, 0, 0, 1, 1, 0, 0, '2014-12-10 14:50:53', '2014-12-10 14:50:53', NULL, NULL, NULL),
(629, 643, 'JpScLSy9PIRsgE9a8zj1dt0+CPI=', 0, 1, 0, 0, 1, 1, 0, 0, '2014-12-10 14:50:53', '2014-12-10 14:50:53', NULL, NULL, NULL),
(630, 644, 'CUrroDlXhOkk3onu8bfOm7veNAk=', 0, 1, 0, 0, 1, 1, 0, 0, '2014-12-10 14:50:53', '2014-12-10 14:50:53', NULL, NULL, NULL),
(631, 645, '+pfmm84nfd2vMYBHmt7Ehs4KCRk=', 0, 1, 0, 0, 1, 1, 0, 0, '2014-12-10 14:50:53', '2014-12-10 14:50:53', NULL, NULL, NULL),
(632, 646, 'RC8S/uhVhowyYxijzoIDkYZ9wN8=', 0, 1, 0, 0, 1, 1, 0, 0, '2014-12-10 14:50:53', '2014-12-10 14:50:53', NULL, NULL, NULL),
(633, 647, 'E6G2pZaqlpocLkF3wfrEHB35aJs=', 0, 1, 0, 0, 1, 1, 0, 0, '2014-12-10 14:50:53', '2014-12-10 14:50:53', NULL, NULL, NULL),
(634, 648, 'eLCpE5NTF5fxbH78/UDwryTXgOE=', 0, 1, 0, 0, 1, 1, 0, 0, '2014-12-10 14:50:53', '2014-12-10 14:50:53', NULL, NULL, NULL),
(635, 649, 'Gn90vF2r5igavxHqO2pQyM1j5tI=', 0, 1, 0, 0, 1, 1, 0, 0, '2014-12-10 14:50:53', '2014-12-10 14:50:53', NULL, NULL, NULL),
(636, 650, 'JXwxJjaGExSCLMvt0M8SOBHz9oM=', 0, 1, 0, 0, 1, 0, 0, 0, '2014-12-10 14:50:53', '2014-12-10 14:50:53', NULL, NULL, NULL),
(637, 651, 'bv1IOBPE89QgPQo4YdPvA8u5bxE=', 0, 1, 0, 0, 1, 1, 0, 0, '2014-12-10 14:50:53', '2014-12-10 14:50:53', NULL, NULL, NULL),
(638, 652, 'lcyvLRtwS2o7QIirWa4ib9sCwlk=', 0, 1, 0, 0, 1, 0, 0, 0, '2014-12-10 14:50:53', '2014-12-10 14:50:53', NULL, NULL, NULL),
(639, 653, '3df62jPlU7nFAfmoF+Qtb9Y5M5E=', 0, 1, 0, 0, 1, 1, 0, 0, '2014-12-10 14:50:53', '2014-12-10 14:50:53', NULL, NULL, NULL),
(640, 654, '7M2tH2k+OG1j+Ntgcb3p7DExlgc=', 0, 1, 0, 0, 1, 1, 0, 0, '2014-12-10 14:50:53', '2014-12-10 14:50:53', NULL, NULL, NULL),
(641, 655, 'K08dVj2+2kkjLLnrvJncRIq57MA=', 0, 1, 0, 0, 1, 1, 0, 0, '2014-12-10 14:50:53', '2014-12-10 14:50:53', NULL, NULL, NULL),
(642, 656, 'OXUKekAtkGve0wVw1EZQheD7a3A=', 0, 1, 0, 0, 1, 1, 0, 0, '2014-12-10 14:50:53', '2014-12-10 14:50:53', NULL, NULL, NULL),
(643, 657, '7HyM/uL4CgwcxCfH+PyYHHd+UGc=', 0, 1, 0, 0, 1, 1, 0, 0, '2014-12-10 14:50:53', '2014-12-10 14:50:53', NULL, NULL, NULL),
(644, 658, 'FNupCmhJYxzM3c0ivCwATI4dg3c=', 0, 1, 0, 0, 1, 1, 0, 0, '2014-12-10 14:50:53', '2014-12-10 14:50:53', NULL, NULL, NULL),
(645, 659, 'jCVRTcVNdc6REZ2qXidhF6Lm16g=', 0, 1, 0, 0, 1, 1, 0, 0, '2014-12-10 14:50:53', '2014-12-10 14:50:53', NULL, NULL, NULL),
(646, 660, 'ZtDfmERDDF2nL8GMOGEVi2BTmsE=', 0, 1, 0, 0, 1, 1, 0, 0, '2014-12-10 14:50:53', '2014-12-10 14:50:53', NULL, NULL, NULL),
(647, 661, 'HCdkTz94Ny1NjkbYDrRgseaLfTE=', 0, 1, 0, 0, 1, 1, 0, 0, '2014-12-10 14:50:53', '2014-12-10 14:50:53', NULL, NULL, NULL),
(648, 662, 'O3B2KBaTyJZpiBKh0wbvZvI1c/4=', 0, 1, 0, 0, 1, 1, 0, 0, '2014-12-10 14:50:53', '2014-12-10 14:50:53', NULL, NULL, NULL),
(649, 663, 'd1WntcQCc3c8Qk91qlP4tXuPUIo=', 0, 1, 0, 0, 1, 1, 0, 0, '2014-12-10 14:50:53', '2014-12-10 14:50:53', NULL, NULL, NULL),
(650, 664, 'h14cSLoUZli+MIF25FqGlqRHc9c=', 0, 1, 0, 0, 1, 1, 0, 0, '2014-12-10 14:50:53', '2014-12-10 14:50:53', NULL, NULL, NULL),
(651, 665, '2yzb2D8j3CXm4qu9eJsV8/sylE4=', 0, 1, 0, 0, 1, 1, 0, 0, '2014-12-10 14:50:53', '2014-12-10 14:50:53', NULL, NULL, NULL),
(652, 666, 'OscviQ583TK3LULwe5o8VESxuww=', 0, 1, 0, 0, 1, 1, 0, 0, '2014-12-10 14:50:53', '2014-12-10 14:50:53', NULL, NULL, NULL),
(653, 667, '4XL5+YLZlE7mVOAtwZYJ0ltl8+Y=', 0, 1, 0, 0, 1, 1, 0, 0, '2014-12-10 14:50:53', '2014-12-10 14:50:53', NULL, NULL, NULL),
(654, 668, '1T9Yzk1GvclBcQXlPoYncrjqnCU=', 0, 1, 0, 0, 1, 1, 0, 0, '2014-12-10 14:50:53', '2014-12-10 14:50:53', NULL, NULL, NULL),
(655, 669, 'uFhHszraU/ZEux9Jb/zMMUyPRp8=', 0, 1, 0, 0, 1, 1, 0, 0, '2014-12-10 14:50:53', '2014-12-10 14:50:53', NULL, NULL, NULL),
(656, 670, '16AfNkZ3mxoX5LdNw3wxq7Z9rDs=', 0, 1, 0, 0, 1, 1, 0, 0, '2014-12-10 14:50:53', '2014-12-10 14:50:53', NULL, NULL, NULL),
(657, 671, 'iSaecGIeoJXMsg+AQWQDPIbaYfI=', 0, 1, 0, 0, 1, 1, 0, 0, '2014-12-10 14:50:53', '2014-12-10 14:50:53', NULL, NULL, NULL),
(658, 672, 'jgpHAOgGx8iedCSh9RC9I1iTMk8=', 0, 1, 0, 0, 1, 1, 0, 0, '2014-12-10 14:50:53', '2014-12-10 14:50:53', NULL, NULL, NULL),
(659, 673, '4XaQJR3QP6OTVAaDqdg8rbuiBeI=', 0, 1, 0, 0, 1, 1, 0, 0, '2014-12-10 14:50:53', '2014-12-10 14:50:53', NULL, NULL, NULL),
(660, 674, 'FF8rvtoDb8oftll7yDlOUGt/rlE=', 0, 1, 0, 0, 1, 1, 0, 0, '2014-12-10 14:50:53', '2014-12-10 14:50:53', NULL, NULL, NULL),
(661, 675, 'Vjx5VbJQIx8arpHYb4EHo1xvHDk=', 0, 1, 0, 0, 1, 1, 0, 0, '2014-12-10 14:50:53', '2014-12-10 14:50:53', NULL, NULL, NULL),
(662, 676, 'CjWWhfEjn9oJakQAAdGVWwXR3Ao=', 0, 1, 0, 0, 1, 1, 0, 0, '2014-12-10 14:50:53', '2014-12-10 14:50:53', NULL, NULL, NULL),
(663, 677, 'Na/7FcKbW8PzdjUrCnCAU0d/Ehs=', 0, 1, 0, 0, 1, 1, 0, 0, '2014-12-10 14:50:53', '2014-12-10 14:50:53', NULL, NULL, NULL),
(664, 678, '9qDHzRm5H27tKx9OTCHqMmp1Z90=', 0, 1, 0, 0, 1, 1, 0, 0, '2014-12-10 14:50:53', '2014-12-10 14:50:53', NULL, NULL, NULL),
(665, 679, 'wP5MAafAJFq+B5Amk5Q8joGz12o=', 0, 1, 0, 0, 1, 1, 0, 0, '2014-12-10 14:50:53', '2014-12-10 14:50:53', NULL, NULL, NULL),
(666, 680, '0qKxOcsrYwhpyF3PW68zZZfGcEE=', 0, 1, 0, 0, 1, 1, 0, 0, '2014-12-10 14:50:53', '2014-12-10 14:50:53', NULL, NULL, NULL),
(667, 681, 'a6lDzl1zNc+mp6n7E65LhYJJmtE=', 0, 1, 0, 0, 1, 1, 0, 0, '2014-12-10 14:50:53', '2014-12-10 14:50:53', NULL, NULL, NULL),
(668, 682, '8lew+EYorV/OYnp6XQgzVxgx0Sk=', 0, 1, 0, 0, 1, 1, 0, 0, '2014-12-10 14:50:53', '2014-12-10 14:50:53', NULL, NULL, NULL),
(669, 683, '9HHnSOiXmoObDoxf8bx0Z6X/BVQ=', 0, 1, 0, 0, 1, 1, 0, 0, '2014-12-10 14:50:53', '2014-12-10 14:50:53', NULL, NULL, NULL),
(670, 684, 'HFvhduzx1soL3beF7yU1mrDFxXY=', 0, 1, 0, 0, 1, 1, 0, 0, '2014-12-10 14:50:53', '2014-12-10 14:50:53', NULL, NULL, NULL),
(671, 685, 'XwfDHLRRXatTMIguNhj9OBUQ6e0=', 0, 1, 0, 0, 1, 1, 0, 0, '2014-12-10 14:50:53', '2014-12-10 14:50:53', NULL, NULL, NULL),
(672, 686, 'Rt5i+AnbknC/+kVd54I39OORDL0=', 0, 1, 0, 0, 1, 1, 0, 0, '2014-12-10 14:50:53', '2014-12-10 14:50:53', NULL, NULL, NULL),
(673, 687, 'Ry7qo82K5bMxYThQACN/1A8yJtA=', 0, 1, 0, 0, 1, 1, 0, 0, '2014-12-10 14:50:53', '2014-12-10 14:50:53', NULL, NULL, NULL),
(674, 688, 'bAWnp+oVTIMpaM8DTpbRordbgtc=', 0, 1, 0, 0, 1, 1, 0, 0, '2014-12-10 14:50:53', '2014-12-10 14:50:53', NULL, NULL, NULL),
(675, 689, 'sg+gdbNAX85TIfyZlMtmM/C4cWw=', 0, 1, 0, 0, 1, 1, 0, 0, '2014-12-10 14:50:53', '2014-12-10 14:50:53', NULL, NULL, NULL),
(676, 690, 'rYkvL8+2ru6OPZNaH29pFp+fUw4=', 0, 1, 0, 0, 1, 1, 0, 0, '2014-12-10 14:50:53', '2014-12-10 14:50:53', NULL, NULL, NULL),
(677, 691, 'AiU2t11VVUYPoZ/x9XBxmyfYTrA=', 0, 1, 0, 0, 1, 1, 0, 0, '2014-12-10 14:50:53', '2014-12-10 14:50:53', NULL, NULL, NULL),
(678, 692, 'dRodMMTbjprqUH8A+LPbRF9k9jY=', 0, 1, 0, 0, 1, 0, 0, 0, '2014-12-10 14:50:53', '2014-12-10 14:50:53', NULL, NULL, NULL),
(679, 693, 'g8GR0KdM3jmsuO3T9v8lXw7h7c0=', 0, 1, 0, 0, 1, 1, 0, 0, '2014-12-10 14:50:53', '2014-12-10 14:50:53', NULL, NULL, NULL),
(680, 694, 's5Lrppwh/qlmuvU8zRXw44bmPwo=', 0, 1, 0, 0, 1, 1, 0, 0, '2014-12-10 14:50:53', '2014-12-10 14:50:53', NULL, NULL, NULL),
(681, 695, 'FA9AuQiopV4FhU+4Ed3rT+mx/0s=', 0, 1, 0, 0, 1, 1, 0, 0, '2014-12-10 14:50:53', '2014-12-10 14:50:53', NULL, NULL, NULL),
(682, 696, 'x7uUnjl1kyMbK6JfZOBKSiIu65s=', 0, 1, 0, 0, 1, 1, 0, 0, '2014-12-10 14:50:53', '2014-12-10 14:50:53', NULL, NULL, NULL),
(683, 697, 'v2n2xDCF69i472NOiRl/srsVSHI=', 0, 1, 0, 0, 1, 1, 0, 0, '2014-12-10 14:50:53', '2014-12-10 14:50:53', NULL, NULL, NULL),
(684, 698, 'T/rwz5rZHl08lTqyNPef8f0tuD8=', 0, 1, 0, 0, 1, 1, 0, 0, '2014-12-10 14:50:53', '2014-12-10 14:50:53', NULL, NULL, NULL),
(685, 699, 'LGCsB/TlvxTOTXMdFbquayKKzW4=', 0, 1, 0, 0, 1, 1, 0, 0, '2014-12-10 14:50:53', '2014-12-10 14:50:53', NULL, NULL, NULL),
(686, 700, 'QF/I/Kqa57Yk5vfB0+aRNJIo17c=', 0, 1, 0, 0, 1, 1, 0, 0, '2014-12-10 14:50:53', '2014-12-10 14:50:53', NULL, NULL, NULL),
(687, 701, 'qYNi5hRih1tjg4ejm3KzEkhk64Q=', 0, 1, 0, 0, 1, 1, 0, 0, '2014-12-10 14:50:53', '2014-12-10 14:50:53', NULL, NULL, NULL),
(688, 702, '65BCXKdQz1nj0e5KIZ6fhyHcYUo=', 0, 1, 0, 0, 1, 1, 0, 0, '2014-12-10 14:50:53', '2014-12-10 14:50:53', NULL, NULL, NULL),
(689, 703, 'bvAzZNQH0H89YmH2eoWIPPQjSXk=', 0, 1, 0, 0, 1, 1, 0, 0, '2014-12-10 14:50:53', '2014-12-10 14:50:53', NULL, NULL, NULL),
(690, 704, 'P6t12MauC2hLHsYE7DaDUG6yNSg=', 0, 1, 0, 0, 1, 1, 0, 0, '2014-12-10 14:50:53', '2014-12-10 14:50:53', NULL, NULL, NULL),
(691, 705, 'vrRdpVW3fsnsxTB4gOBcE20yWHg=', 0, 1, 0, 0, 1, 1, 0, 0, '2014-12-10 14:50:53', '2014-12-10 14:50:53', NULL, NULL, NULL),
(692, 706, 'zCXUlI/D7ElqoifrHw8tOJKU60c=', 0, 1, 0, 0, 1, 1, 0, 0, '2014-12-10 14:50:53', '2014-12-10 14:50:53', NULL, NULL, NULL),
(693, 707, 'owOeSisY8PJikPxovKBPpLWyl7Y=', 0, 1, 0, 0, 1, 1, 0, 0, '2014-12-10 14:50:53', '2014-12-10 14:50:53', NULL, NULL, NULL),
(694, 708, 'TPBi12M0FGtxTFHeYGDcXdefkSg=', 0, 1, 0, 0, 1, 1, 0, 0, '2014-12-10 14:50:53', '2014-12-10 14:50:53', NULL, NULL, NULL),
(695, 709, 'Qfvs8rn4/IXnSwh+W3/FdnJVgS4=', 0, 1, 0, 0, 1, 0, 0, 0, '2014-12-10 14:50:53', '2014-12-10 14:50:53', NULL, NULL, NULL),
(696, 710, 'aANDBjTMXzCKjIUz5a3UUl9HKC8=', 0, 1, 0, 0, 1, 1, 0, 0, '2014-12-10 14:50:53', '2014-12-10 14:50:53', NULL, NULL, NULL),
(697, 711, 'dkn81ZTd7Hk1B3d+WgmDnGFooTA=', 0, 1, 0, 0, 1, 1, 0, 0, '2014-12-10 14:50:53', '2014-12-10 14:50:53', NULL, NULL, NULL),
(698, 712, '9xLuUjQSI5hV2kyi9WsKqoXSlcM=', 0, 1, 0, 0, 1, 1, 0, 0, '2014-12-10 14:50:53', '2014-12-10 14:50:53', NULL, NULL, NULL),
(699, 713, 'yvtZcZOFVej5JYPbwLwdy1xCtv0=', 0, 1, 0, 0, 1, 0, 0, 0, '2014-12-10 14:50:53', '2014-12-10 14:50:53', NULL, NULL, NULL),
(700, 714, 'NxaSIqvLP+cEL1xhpv0eaw4AkGY=', 0, 1, 0, 0, 1, 1, 0, 0, '2014-12-10 14:50:53', '2014-12-10 14:50:53', NULL, NULL, NULL),
(701, 715, 'EKXBvUk+4CNXxnSXp8ErXQ7J50Y=', 0, 1, 0, 0, 1, 1, 0, 0, '2014-12-10 14:50:54', '2014-12-10 14:50:54', NULL, NULL, NULL),
(702, 716, 'Id9Nj/omKYljLIikXQ0EoXzwzbA=', 0, 1, 0, 0, 1, 1, 0, 0, '2014-12-10 14:50:54', '2014-12-10 14:50:54', NULL, NULL, NULL),
(703, 717, '5wEuwScXa0AFAQ4mPBQd9HGHiDM=', 0, 1, 0, 0, 1, 1, 0, 0, '2014-12-10 14:50:54', '2014-12-10 14:50:54', NULL, NULL, NULL),
(704, 718, 'eeIs/VoihSJxkZMMFBgcm9KtM+Q=', 0, 1, 0, 0, 1, 1, 0, 0, '2014-12-10 14:50:54', '2014-12-10 14:50:54', NULL, NULL, NULL),
(705, 719, '0qclxv1GUAuljb5Q6I3AH3SaK20=', 0, 1, 0, 0, 1, 1, 0, 0, '2014-12-10 14:50:54', '2014-12-10 14:50:54', NULL, NULL, NULL),
(706, 720, 'exuPIUBdAqmaDz9R1QfUO0NIZUw=', 0, 1, 0, 0, 1, 1, 0, 0, '2014-12-10 14:50:54', '2014-12-10 14:50:54', NULL, NULL, NULL),
(707, 721, 'iBMX73fFztNTRtCOohqKWxd+gEI=', 0, 1, 0, 0, 1, 0, 0, 0, '2014-12-10 14:50:54', '2014-12-10 14:50:54', NULL, NULL, NULL),
(708, 722, 'YNuJrAUKzLNT2McthlSPXvGPCMA=', 0, 1, 0, 0, 1, 1, 0, 0, '2014-12-10 14:50:54', '2014-12-10 14:50:54', NULL, NULL, NULL),
(709, 723, 'k4XZsYFne3wPmyDDxoT3g0Ts2QE=', 0, 1, 0, 0, 1, 1, 0, 0, '2014-12-10 14:50:54', '2014-12-10 14:50:54', NULL, NULL, NULL),
(710, 724, 'F94gpWDgzX27LRFjSrecxjcSWOM=', 0, 1, 0, 0, 1, 1, 0, 0, '2014-12-10 14:50:54', '2014-12-10 14:50:54', NULL, NULL, NULL),
(711, 725, '/TFrbivgRvO5iX7EIXTdefm6xrs=', 0, 1, 0, 0, 1, 1, 0, 0, '2014-12-10 14:50:54', '2014-12-10 14:50:54', NULL, NULL, NULL),
(712, 726, 'Gsp4y5942nNltBgI9OlYpNbnDyA=', 0, 1, 0, 0, 1, 1, 0, 0, '2014-12-10 14:50:54', '2014-12-10 14:50:54', NULL, NULL, NULL),
(713, 727, '0mAoBbft1yVR49hB1G9uwpSWlBI=', 0, 1, 0, 0, 1, 1, 0, 0, '2014-12-10 14:50:54', '2014-12-10 14:50:54', NULL, NULL, NULL),
(714, 728, 'BPk5XzQMq8nUt17FlJXh73UQM3w=', 0, 1, 0, 0, 1, 1, 0, 0, '2014-12-10 14:50:54', '2014-12-10 14:50:54', NULL, NULL, NULL),
(715, 729, 'H4pH67QgPHR7Ok9cjFqjn8aG6X4=', 0, 1, 0, 0, 1, 1, 0, 0, '2014-12-10 14:50:54', '2014-12-10 14:50:54', NULL, NULL, NULL),
(716, 730, 'Fioba4J2NxG01GqDoyRYYu/CG7w=', 0, 1, 0, 0, 1, 1, 0, 0, '2014-12-10 14:50:54', '2014-12-10 14:50:54', NULL, NULL, NULL),
(717, 731, 'rlkM6LdgFdS3qs+l9nPMjwODo+8=', 0, 1, 0, 0, 1, 1, 0, 0, '2014-12-10 14:50:54', '2014-12-10 14:50:54', NULL, NULL, NULL),
(718, 732, 'Ck8Xnovi4bEsc5J3C+ah7kyDPyw=', 0, 1, 0, 0, 1, 1, 0, 0, '2014-12-10 14:50:54', '2014-12-10 14:50:54', NULL, NULL, NULL),
(719, 733, 'y4KGXhWBcOVTwjoujT9+MIIl24c=', 0, 1, 0, 0, 1, 1, 0, 0, '2014-12-10 14:50:54', '2014-12-10 14:50:54', NULL, NULL, NULL),
(720, 734, 'FHp3lWIxIoKlsM1KuEa/8TqYjJM=', 0, 1, 0, 0, 1, 1, 0, 0, '2014-12-10 14:50:54', '2014-12-10 14:50:54', NULL, NULL, NULL),
(721, 735, '1evP5IkHm7o0XXmymnn5AwGKBsk=', 0, 1, 0, 0, 1, 1, 0, 0, '2014-12-10 14:50:54', '2014-12-10 14:50:54', NULL, NULL, NULL),
(722, 736, 'a8oJOGi8MyFrBW0iZIkenFIx/wM=', 0, 1, 0, 0, 1, 1, 0, 0, '2014-12-10 14:50:54', '2014-12-10 14:50:54', NULL, NULL, NULL),
(723, 737, 'Zrqq4AWels2Ce7N8gI12U7MHatc=', 0, 1, 0, 0, 1, 1, 0, 0, '2014-12-10 14:50:54', '2014-12-10 14:50:54', NULL, NULL, NULL),
(724, 738, 'USSLje6FxVSC067O0oF54889skQ=', 0, 1, 0, 0, 1, 1, 0, 0, '2014-12-10 14:50:54', '2014-12-10 14:50:54', NULL, NULL, NULL),
(725, 739, 'DLiY5xucB8KhWNq/4eWeqi6GV10=', 0, 1, 0, 0, 1, 1, 0, 0, '2014-12-10 14:50:54', '2014-12-10 14:50:54', NULL, NULL, NULL),
(726, 740, 'ck8LakD20bjlKAfe/2Sh7imHLmI=', 0, 1, 0, 0, 1, 1, 0, 0, '2014-12-10 14:50:54', '2014-12-10 14:50:54', NULL, NULL, NULL),
(727, 741, 'ouYpEqDs2vuP4CI0EoZPwBJj02Q=', 0, 1, 0, 0, 1, 1, 0, 0, '2014-12-10 14:50:54', '2014-12-10 14:50:54', NULL, NULL, NULL),
(728, 742, '6vP7wwnV4lVjCud+SwxaBx7Q/Bc=', 0, 1, 0, 0, 1, 1, 0, 0, '2014-12-10 14:50:54', '2014-12-10 14:50:54', NULL, NULL, NULL),
(729, 743, 'pkJcXyiC/urfN6rp87LHTMUvddw=', 0, 1, 0, 0, 1, 1, 0, 0, '2014-12-10 14:50:54', '2014-12-10 14:50:54', NULL, NULL, NULL),
(730, 744, '7abvM/AdED7YeX1lW3oN7VY3VQo=', 0, 1, 0, 0, 1, 1, 0, 0, '2014-12-10 14:50:54', '2014-12-10 14:50:54', NULL, NULL, NULL),
(731, 745, 'Z30wcjzgFlFYHzH6dlJGKP2lsrg=', 0, 1, 0, 0, 1, 1, 0, 0, '2014-12-10 14:50:54', '2014-12-10 14:50:54', NULL, NULL, NULL),
(732, 746, '9GVLl5l55Hgq9gibo3MwRCtZlVI=', 0, 1, 0, 0, 1, 1, 0, 0, '2014-12-10 14:50:54', '2014-12-10 14:50:54', NULL, NULL, NULL),
(733, 747, 'W1kOUfwrPxXiJq+elhN8/+Sym6I=', 0, 1, 0, 0, 1, 1, 0, 0, '2014-12-10 14:50:54', '2014-12-10 14:50:54', NULL, NULL, NULL),
(734, 748, 'R+fiwsBfxDYFWmxu8KarqgYIbMY=', 0, 1, 0, 0, 1, 1, 0, 0, '2014-12-10 14:50:54', '2014-12-10 14:50:54', NULL, NULL, NULL),
(735, 749, 'GYLVRpiZDd/GXZrVqJMw46keckQ=', 0, 1, 0, 0, 1, 1, 0, 0, '2014-12-10 14:50:54', '2014-12-10 14:50:54', NULL, NULL, NULL),
(736, 750, 'hYAngu6cF5+n84E1/QxcmwrT9aU=', 0, 1, 0, 0, 1, 1, 0, 0, '2014-12-10 14:50:54', '2014-12-10 14:50:54', NULL, NULL, NULL),
(737, 751, 'XnmZZBtnsodykF9/0pzXPAAAGAA=', 0, 1, 0, 0, 1, 1, 0, 0, '2014-12-10 14:50:54', '2014-12-10 14:50:54', NULL, NULL, NULL),
(738, 752, 'OHoFfNyTg6Le3NYCRFYCUC4rIAE=', 0, 1, 0, 0, 1, 1, 0, 0, '2014-12-10 14:50:54', '2014-12-10 14:50:54', NULL, NULL, NULL),
(739, 753, '2qIXt4mQkWUJFiUTtHzZizoiH/w=', 0, 1, 0, 0, 1, 1, 0, 0, '2014-12-10 14:50:54', '2014-12-10 14:50:54', NULL, NULL, NULL),
(740, 754, 'da7jT+3hrDx8fP8syUC/tOKcUbI=', 0, 1, 0, 0, 1, 1, 0, 0, '2014-12-10 14:50:54', '2014-12-10 14:50:54', NULL, NULL, NULL),
(741, 755, 'hop8cf6QMvARxRfKR8wag/RoMeM=', 0, 1, 0, 0, 1, 1, 0, 0, '2014-12-10 14:50:54', '2014-12-10 14:50:54', NULL, NULL, NULL),
(742, 756, 'R9zHW44OYeIeCtJ5zp3Za1YXM4k=', 0, 1, 0, 0, 1, 0, 0, 0, '2014-12-10 14:50:54', '2014-12-10 14:50:54', NULL, NULL, NULL),
(743, 757, 'h4gTZaqyE8e1A/U11AjEyIs5mls=', 0, 1, 0, 0, 1, 0, 0, 0, '2014-12-10 14:50:54', '2014-12-10 14:50:54', NULL, NULL, NULL),
(744, 758, 'XU+/m4Xzd+hyiezBmzqqQM6zpZo=', 0, 1, 0, 0, 1, 1, 0, 0, '2014-12-10 14:50:54', '2014-12-10 14:50:54', NULL, NULL, NULL),
(745, 759, 'iow8I0IHFZImbc+3WEFoWC3BLwE=', 0, 1, 0, 0, 1, 1, 0, 0, '2014-12-10 14:50:54', '2014-12-10 14:50:54', NULL, NULL, NULL),
(746, 760, 'DsJiGl9EIQFW+iV+rD8KjxsNgPo=', 0, 1, 0, 0, 1, 1, 0, 0, '2014-12-10 14:50:54', '2014-12-10 14:50:54', NULL, NULL, NULL),
(747, 761, '7de8xM86SpJl6pRqDfofDyyn82g=', 0, 1, 0, 0, 1, 0, 0, 0, '2014-12-10 14:50:54', '2014-12-10 14:50:54', NULL, NULL, NULL),
(748, 762, 'x1X+XdkrTri7Vo3KV5thFDhkLww=', 0, 1, 0, 0, 1, 0, 0, 0, '2014-12-10 14:50:54', '2014-12-10 14:50:54', NULL, NULL, NULL),
(749, 763, 'vWjjpXRnLKcEJXX3nldPCoxCMxg=', 0, 1, 0, 0, 1, 1, 0, 0, '2014-12-10 14:50:54', '2014-12-10 14:50:54', NULL, NULL, NULL),
(750, 764, 'Vj9o4WGKAaBF+OBzE5d2FbrbvfM=', 0, 1, 0, 0, 1, 1, 0, 0, '2014-12-10 14:50:54', '2014-12-10 14:50:54', NULL, NULL, NULL),
(751, 765, 'L8g9tjV2BJqAzmy/IrHzZ83UmAI=', 0, 1, 0, 0, 1, 0, 0, 0, '2014-12-10 14:50:54', '2014-12-10 14:50:54', NULL, NULL, NULL),
(752, 766, 'mbcLMczQ1hSQUU1fD0UfS08XrbY=', 0, 1, 0, 0, 1, 1, 0, 0, '2014-12-10 14:50:54', '2014-12-10 14:50:54', NULL, NULL, NULL),
(753, 767, 'OsTvAsizLRqLVX9qLh7fTFFU/r8=', 0, 1, 0, 0, 1, 0, 0, 0, '2014-12-10 14:50:54', '2014-12-10 14:50:54', NULL, NULL, NULL),
(754, 768, 'PB4jXjkwAGeJ/2ObR+k7Pq2A+d4=', 0, 1, 0, 0, 1, 0, 0, 0, '2014-12-10 14:50:54', '2014-12-10 14:50:54', NULL, NULL, NULL),
(755, 769, 'rVVypWmSoSHJ4GguUE6SBAW1SxM=', 0, 1, 0, 0, 1, 1, 0, 0, '2014-12-10 14:50:54', '2014-12-10 14:50:54', NULL, NULL, NULL),
(756, 770, '5wqUprMEFvsKHQxQMSs+JSQNfOw=', 0, 1, 0, 0, 1, 1, 0, 0, '2014-12-10 14:50:55', '2014-12-10 14:50:55', NULL, NULL, NULL),
(757, 771, '1IHNs2Ma2ppE90mRLGhk0+2Dfn4=', 0, 1, 0, 0, 1, 1, 0, 0, '2014-12-10 14:50:55', '2014-12-10 14:50:55', NULL, NULL, NULL),
(758, 772, 'xbUKAdKTgBUQvAc4N330ihf2byw=', 0, 1, 0, 0, 1, 1, 0, 0, '2014-12-10 14:50:55', '2014-12-10 14:50:55', NULL, NULL, NULL),
(759, 773, '/aA/aUPxhQOcjU6W5p9EALjt8BY=', 0, 1, 0, 0, 1, 1, 0, 0, '2014-12-10 14:50:55', '2014-12-10 14:50:55', NULL, NULL, NULL),
(760, 774, '2YfVYNVa9Is9vOQJBBTPf2ed+c8=', 0, 1, 0, 0, 1, 1, 0, 0, '2014-12-10 14:50:55', '2014-12-10 14:50:55', NULL, NULL, NULL),
(761, 775, 'cPWA+XHiB0whcC3jKOuk8Im6qc0=', 0, 1, 0, 0, 1, 0, 0, 0, '2014-12-10 14:50:55', '2014-12-10 14:50:55', NULL, NULL, NULL),
(762, 776, 'EFVjNs/jAv/yfcxF71ABy+3rJQk=', 0, 1, 0, 0, 1, 0, 0, 0, '2014-12-10 14:50:55', '2014-12-10 14:50:55', NULL, NULL, NULL),
(763, 777, 'qiA9LlszQb7F5X9XI3uIn5iouU8=', 0, 1, 0, 0, 1, 1, 0, 0, '2014-12-10 14:50:55', '2014-12-10 14:50:55', NULL, NULL, NULL),
(764, 778, 'jq7CSy5vOpR2eEQEys5GGMxtuDI=', 0, 1, 0, 0, 1, 1, 0, 0, '2014-12-10 14:50:55', '2015-01-21 11:04:59', '2015-01-21 11:03:23', '2015-01-21 11:04:59', NULL);
INSERT INTO `security_credential` (`CREDENTIAL_ID`, `PRINCIPAL_ID`, `CREDENTIAL_VALUE`, `TYPE`, `UPDATE_ALLOWED`, `IS_STATE_READONLY`, `UPDATE_REQUIRED`, `IS_ENCODED`, `IS_ENABLED`, `AUTH_FAILURES`, `IS_EXPIRED`, `CREATION_DATE`, `MODIFIED_DATE`, `PREV_AUTH_DATE`, `LAST_AUTH_DATE`, `EXPIRATION_DATE`) VALUES
(765, 779, '9KAMacWOnPwCtyCq1W+F4MA4xCQ=', 0, 1, 0, 0, 1, 1, 0, 0, '2014-12-10 14:50:55', '2014-12-10 14:50:55', NULL, NULL, NULL),
(766, 780, 'ZNlz4zWzy5uiekwWsPhgbUZ7DpM=', 0, 1, 0, 0, 1, 1, 0, 0, '2014-12-10 14:50:55', '2014-12-10 14:50:55', NULL, NULL, NULL),
(767, 781, 'eq1dyOP5aavNT5jMOxFgaq7R3dI=', 0, 1, 0, 0, 1, 1, 0, 0, '2014-12-10 14:50:55', '2014-12-10 14:50:55', NULL, NULL, NULL),
(768, 782, 'YQtv6hByyP9gngyd88NEhjmBv88=', 0, 1, 0, 0, 1, 1, 0, 0, '2014-12-10 14:50:55', '2014-12-10 14:50:55', NULL, NULL, NULL),
(769, 783, 'dJvRacYxuYXcFUz8ws9z83xzcXI=', 0, 1, 0, 0, 1, 1, 0, 0, '2014-12-10 14:50:55', '2014-12-10 14:50:55', NULL, NULL, NULL),
(770, 784, '1/mtaxGYljsy0LOhrGCvb9Des/M=', 0, 1, 0, 0, 1, 1, 0, 0, '2014-12-10 14:50:55', '2014-12-10 14:50:55', NULL, NULL, NULL),
(771, 785, 'alEZxr7jL6pGRg2jehZzoGu9Muw=', 0, 1, 0, 0, 1, 1, 0, 0, '2014-12-10 14:50:55', '2014-12-10 14:50:55', NULL, NULL, NULL),
(772, 786, 'pr2nvYG8sgM0Ks2fZuYiaA1Igyg=', 0, 1, 0, 0, 1, 1, 0, 0, '2014-12-10 14:50:55', '2014-12-10 14:50:55', NULL, NULL, NULL),
(773, 787, 'ov+KskyvKx4wq9Bs8yTxkEbCNzw=', 0, 1, 0, 0, 1, 1, 0, 0, '2014-12-10 14:50:55', '2014-12-10 14:50:55', NULL, NULL, NULL);

-- --------------------------------------------------------

--
-- Tabellenstruktur für Tabelle `security_domain`
--

DROP TABLE IF EXISTS `security_domain`;
CREATE TABLE IF NOT EXISTS `security_domain` (
  `DOMAIN_ID` int(11) NOT NULL,
  `DOMAIN_NAME` varchar(254) COLLATE utf8_unicode_ci DEFAULT NULL,
  `REMOTE` smallint(6) DEFAULT '0',
  `ENABLED` smallint(6) DEFAULT '1',
  `OWNER_DOMAIN_ID` int(11) DEFAULT NULL,
  PRIMARY KEY (`DOMAIN_ID`),
  UNIQUE KEY `UIX_DOMAIN_NAME` (`DOMAIN_NAME`)
) ENGINE=InnoDB DEFAULT CHARSET=utf8 COLLATE=utf8_unicode_ci;

--
-- Daten für Tabelle `security_domain`
--

INSERT INTO `security_domain` (`DOMAIN_ID`, `DOMAIN_NAME`, `REMOTE`, `ENABLED`, `OWNER_DOMAIN_ID`) VALUES
(1, '[default]', 0, 1, NULL),
(2, '[system]', 0, 1, NULL);

-- --------------------------------------------------------

--
-- Tabellenstruktur für Tabelle `security_permission`
--

DROP TABLE IF EXISTS `security_permission`;
CREATE TABLE IF NOT EXISTS `security_permission` (
  `PERMISSION_ID` int(11) NOT NULL,
  `PERMISSION_TYPE` varchar(30) COLLATE utf8_unicode_ci NOT NULL,
  `NAME` varchar(254) COLLATE utf8_unicode_ci NOT NULL,
  `ACTIONS` varchar(254) COLLATE utf8_unicode_ci NOT NULL,
  PRIMARY KEY (`PERMISSION_ID`),
  UNIQUE KEY `UIX_SECURITY_PERMISSION` (`PERMISSION_TYPE`,`NAME`,`ACTIONS`)
) ENGINE=InnoDB DEFAULT CHARSET=utf8 COLLATE=utf8_unicode_ci;

--
-- Daten für Tabelle `security_permission`
--

INSERT INTO `security_permission` (`PERMISSION_ID`, `PERMISSION_TYPE`, `NAME`, `ACTIONS`) VALUES
(1, 'folder', '/', 'view'),
(11, 'folder', '/__subsite-root', 'view'),
(13, 'folder', '/__subsite-root/_role/subsite', 'view, edit'),
(14, 'folder', '/__subsite-root/_role/subsite/-', 'view, edit'),
(15, 'folder', '/__subsite-root/_role/subsite2', 'view, edit'),
(16, 'folder', '/__subsite-root/_role/subsite2/-', 'view, edit'),
(12, 'folder', '/__subsite-root/-', 'view'),
(9, 'folder', '/_user/user', 'view, edit'),
(10, 'folder', '/_user/user/-', 'view, edit'),
(2, 'folder', '/*', 'view'),
(3, 'folder', '/anotherdir/-', 'view'),
(4, 'folder', '/non-java/-', 'view'),
(5, 'folder', '/Public', 'view, edit'),
(6, 'folder', '/Public/-', 'view, edit'),
(7, 'folder', '/third-party/-', 'view'),
(8, 'folder', '/top-links/-', 'view'),
(18, 'folder', '<<ALL FILES>>', 'view'),
(17, 'folder', '<<ALL FILES>>', 'view, edit'),
(19, 'page', '/default-page.psml', 'view'),
(20, 'page', '/rss.psml', 'view'),
(41, 'portlet', 'ingrid-portal-apps::*', 'view, edit'),
(22, 'portlet', 'ingrid-portal-mdek::*', 'view, edit'),
(23, 'portlet', 'j2-admin::*', 'view, edit'),
(24, 'portlet', 'jetspeed-layouts::*', 'view, edit');

-- --------------------------------------------------------

--
-- Tabellenstruktur für Tabelle `security_principal`
--

DROP TABLE IF EXISTS `security_principal`;
CREATE TABLE IF NOT EXISTS `security_principal` (
  `PRINCIPAL_ID` int(11) NOT NULL,
  `PRINCIPAL_TYPE` varchar(20) COLLATE utf8_unicode_ci NOT NULL,
  `PRINCIPAL_NAME` varchar(200) COLLATE utf8_unicode_ci NOT NULL,
  `IS_MAPPED` smallint(6) NOT NULL,
  `IS_ENABLED` smallint(6) NOT NULL,
  `IS_READONLY` smallint(6) NOT NULL,
  `IS_REMOVABLE` smallint(6) NOT NULL,
  `CREATION_DATE` datetime NOT NULL,
  `MODIFIED_DATE` datetime NOT NULL,
  `DOMAIN_ID` int(11) NOT NULL,
  PRIMARY KEY (`PRINCIPAL_ID`),
  UNIQUE KEY `UIX_SECURITY_PRINCIPAL` (`PRINCIPAL_TYPE`,`PRINCIPAL_NAME`,`DOMAIN_ID`),
  KEY `IX_SECURITY_DOMAIN_1` (`DOMAIN_ID`)
) ENGINE=InnoDB DEFAULT CHARSET=utf8 COLLATE=utf8_unicode_ci;

--
-- Daten für Tabelle `security_principal`
--

INSERT INTO `security_principal` (`PRINCIPAL_ID`, `PRINCIPAL_TYPE`, `PRINCIPAL_NAME`, `IS_MAPPED`, `IS_ENABLED`, `IS_READONLY`, `IS_REMOVABLE`, `CREATION_DATE`, `MODIFIED_DATE`, `DOMAIN_ID`) VALUES
(1, 'group', 'accounting', 1, 1, 0, 1, '2014-12-10 14:50:39', '2014-12-10 14:50:39', 1),
(2, 'group', 'engineering', 1, 1, 0, 1, '2014-12-10 14:50:39', '2014-12-10 14:50:39', 1),
(3, 'group', 'marketing', 1, 1, 0, 1, '2014-12-10 14:50:39', '2014-12-10 14:50:39', 1),
(4, 'role', 'admin', 1, 1, 0, 1, '2014-12-10 14:50:39', '2014-12-10 14:50:39', 1),
(5, 'role', 'admin-partner', 1, 1, 0, 1, '2014-12-10 14:50:40', '2014-12-10 14:50:40', 1),
(6, 'role', 'admin-portal', 1, 1, 0, 1, '2014-12-10 14:50:40', '2014-12-10 14:50:40', 1),
(7, 'role', 'admin-provider', 1, 1, 0, 1, '2014-12-10 14:50:40', '2014-12-10 14:50:40', 1),
(8, 'role', 'guest', 1, 1, 0, 1, '2014-12-10 14:50:40', '2014-12-10 14:50:40', 1),
(9, 'role', 'manager', 1, 1, 0, 1, '2014-12-10 14:50:40', '2014-12-10 14:50:40', 1),
(10, 'role', 'mdek', 1, 1, 0, 1, '2014-12-10 14:50:40', '2014-12-10 14:50:40', 1),
(11, 'role', 'subsite', 1, 1, 0, 1, '2014-12-10 14:50:40', '2014-12-10 14:50:40', 1),
(12, 'role', 'subsite2', 1, 1, 0, 1, '2014-12-10 14:50:40', '2014-12-10 14:50:40', 1),
(13, 'role', 'user', 1, 1, 0, 1, '2014-12-10 14:50:40', '2014-12-10 14:50:40', 1),
(16, 'user', 'admin', 1, 1, 0, 1, '2014-12-10 14:50:41', '2015-01-21 10:50:26', 1),
(20, 'user', 'guest', 1, 1, 0, 1, '2014-12-10 14:50:41', '2014-12-10 14:50:44', 1);

-- --------------------------------------------------------

--
-- Tabellenstruktur für Tabelle `security_principal_assoc`
--

DROP TABLE IF EXISTS `security_principal_assoc`;
CREATE TABLE IF NOT EXISTS `security_principal_assoc` (
  `ASSOC_NAME` varchar(30) COLLATE utf8_unicode_ci NOT NULL,
  `FROM_PRINCIPAL_ID` int(11) NOT NULL,
  `TO_PRINCIPAL_ID` int(11) NOT NULL,
  PRIMARY KEY (`ASSOC_NAME`,`FROM_PRINCIPAL_ID`,`TO_PRINCIPAL_ID`),
  KEY `IX_TO_PRINCIPAL_ASSOC_LOOKUP` (`ASSOC_NAME`,`TO_PRINCIPAL_ID`),
  KEY `IX_FROM_PRINCIPAL_ASSOC` (`FROM_PRINCIPAL_ID`),
  KEY `IX_TO_PRINCIPAL_ASSOC` (`TO_PRINCIPAL_ID`)
) ENGINE=InnoDB DEFAULT CHARSET=utf8 COLLATE=utf8_unicode_ci;

--
-- Daten für Tabelle `security_principal_assoc`
--

INSERT INTO `security_principal_assoc` (`ASSOC_NAME`, `FROM_PRINCIPAL_ID`, `TO_PRINCIPAL_ID`) VALUES
('isMemberOf', 14, 6),
('isMemberOf', 14, 13),
('isMemberOf', 15, 6),
('isMemberOf', 15, 13),
('isMemberOf', 16, 4),
('isMemberOf', 16, 9),
('isMemberOf', 16, 13),
('isMemberOf', 17, 9),
('isMemberOf', 17, 13),
('isMemberOf', 19, 2),
('isMemberOf', 19, 9),
('isMemberOf', 20, 8),
('isMemberOf', 21, 11),
('isMemberOf', 21, 12),
('isMemberOf', 22, 11),
('isMemberOf', 22, 12),
('isMemberOf', 23, 6),
('isMemberOf', 23, 13),
('isMemberOf', 24, 13),
('isMemberOf', 25, 10),
('isMemberOf', 25, 13),
('isMemberOf', 26, 13),
('isMemberOf', 27, 13),
('isMemberOf', 28, 13),
('isMemberOf', 29, 10),
('isMemberOf', 29, 13),
('isMemberOf', 30, 13),
('isMemberOf', 31, 10),
('isMemberOf', 31, 13),
('isMemberOf', 32, 5),
('isMemberOf', 32, 13),
('isMemberOf', 33, 5),
('isMemberOf', 33, 13),
('isMemberOf', 34, 6),
('isMemberOf', 34, 13),
('isMemberOf', 35, 5),
('isMemberOf', 35, 13),
('isMemberOf', 36, 5),
('isMemberOf', 36, 13),
('isMemberOf', 37, 5),
('isMemberOf', 37, 13),
('isMemberOf', 38, 5),
('isMemberOf', 38, 13),
('isMemberOf', 39, 5),
('isMemberOf', 39, 13),
('isMemberOf', 40, 5),
('isMemberOf', 40, 13),
('isMemberOf', 41, 5),
('isMemberOf', 41, 13),
('isMemberOf', 42, 5),
('isMemberOf', 42, 13),
('isMemberOf', 43, 5),
('isMemberOf', 43, 13),
('isMemberOf', 44, 5),
('isMemberOf', 44, 13),
('isMemberOf', 45, 7),
('isMemberOf', 45, 13),
('isMemberOf', 46, 10),
('isMemberOf', 46, 13),
('isMemberOf', 47, 7),
('isMemberOf', 47, 13),
('isMemberOf', 48, 7),
('isMemberOf', 48, 13),
('isMemberOf', 50, 7),
('isMemberOf', 50, 10),
('isMemberOf', 50, 13),
('isMemberOf', 51, 10),
('isMemberOf', 51, 13),
('isMemberOf', 52, 10),
('isMemberOf', 52, 13),
('isMemberOf', 54, 7),
('isMemberOf', 54, 10),
('isMemberOf', 54, 13),
('isMemberOf', 55, 7),
('isMemberOf', 55, 13),
('isMemberOf', 56, 6),
('isMemberOf', 56, 13),
('isMemberOf', 57, 6),
('isMemberOf', 57, 13),
('isMemberOf', 58, 13),
('isMemberOf', 59, 13),
('isMemberOf', 60, 13),
('isMemberOf', 61, 13),
('isMemberOf', 62, 13),
('isMemberOf', 63, 10),
('isMemberOf', 63, 13),
('isMemberOf', 64, 7),
('isMemberOf', 64, 13),
('isMemberOf', 65, 13),
('isMemberOf', 66, 13),
('isMemberOf', 67, 10),
('isMemberOf', 67, 13),
('isMemberOf', 68, 13),
('isMemberOf', 69, 10),
('isMemberOf', 69, 13),
('isMemberOf', 70, 13),
('isMemberOf', 71, 13),
('isMemberOf', 72, 13),
('isMemberOf', 73, 13),
('isMemberOf', 74, 13),
('isMemberOf', 75, 13),
('isMemberOf', 76, 6),
('isMemberOf', 76, 13),
('isMemberOf', 77, 5),
('isMemberOf', 77, 13),
('isMemberOf', 78, 13),
('isMemberOf', 79, 13),
('isMemberOf', 80, 10),
('isMemberOf', 80, 13),
('isMemberOf', 81, 13),
('isMemberOf', 82, 10),
('isMemberOf', 82, 13),
('isMemberOf', 83, 10),
('isMemberOf', 83, 13),
('isMemberOf', 84, 10),
('isMemberOf', 84, 13),
('isMemberOf', 85, 10),
('isMemberOf', 85, 13),
('isMemberOf', 86, 10),
('isMemberOf', 86, 13),
('isMemberOf', 87, 10),
('isMemberOf', 87, 13),
('isMemberOf', 88, 10),
('isMemberOf', 88, 13),
('isMemberOf', 89, 10),
('isMemberOf', 89, 13),
('isMemberOf', 90, 10),
('isMemberOf', 90, 13),
('isMemberOf', 91, 10),
('isMemberOf', 91, 13),
('isMemberOf', 92, 10),
('isMemberOf', 92, 13),
('isMemberOf', 93, 10),
('isMemberOf', 93, 13),
('isMemberOf', 94, 10),
('isMemberOf', 94, 13),
('isMemberOf', 95, 10),
('isMemberOf', 95, 13),
('isMemberOf', 96, 10),
('isMemberOf', 96, 13),
('isMemberOf', 97, 10),
('isMemberOf', 97, 13),
('isMemberOf', 98, 10),
('isMemberOf', 98, 13),
('isMemberOf', 99, 10),
('isMemberOf', 99, 13),
('isMemberOf', 100, 10),
('isMemberOf', 100, 13),
('isMemberOf', 101, 10),
('isMemberOf', 101, 13),
('isMemberOf', 102, 10),
('isMemberOf', 102, 13),
('isMemberOf', 103, 10),
('isMemberOf', 103, 13),
('isMemberOf', 104, 10),
('isMemberOf', 104, 13),
('isMemberOf', 105, 10),
('isMemberOf', 105, 13),
('isMemberOf', 106, 10),
('isMemberOf', 106, 13),
('isMemberOf', 107, 10),
('isMemberOf', 107, 13),
('isMemberOf', 108, 10),
('isMemberOf', 108, 13),
('isMemberOf', 109, 10),
('isMemberOf', 109, 13),
('isMemberOf', 110, 10),
('isMemberOf', 110, 13),
('isMemberOf', 111, 10),
('isMemberOf', 111, 13),
('isMemberOf', 112, 10),
('isMemberOf', 112, 13),
('isMemberOf', 113, 10),
('isMemberOf', 113, 13),
('isMemberOf', 114, 10),
('isMemberOf', 114, 13),
('isMemberOf', 115, 10),
('isMemberOf', 115, 13),
('isMemberOf', 116, 13),
('isMemberOf', 117, 10),
('isMemberOf', 117, 13),
('isMemberOf', 118, 10),
('isMemberOf', 118, 13),
('isMemberOf', 119, 10),
('isMemberOf', 119, 13),
('isMemberOf', 120, 13),
('isMemberOf', 121, 13),
('isMemberOf', 122, 10),
('isMemberOf', 122, 13),
('isMemberOf', 123, 13),
('isMemberOf', 124, 10),
('isMemberOf', 124, 13),
('isMemberOf', 125, 10),
('isMemberOf', 125, 13),
('isMemberOf', 126, 7),
('isMemberOf', 126, 13),
('isMemberOf', 127, 7),
('isMemberOf', 127, 13),
('isMemberOf', 128, 7),
('isMemberOf', 128, 13),
('isMemberOf', 129, 7),
('isMemberOf', 129, 13),
('isMemberOf', 130, 7),
('isMemberOf', 130, 10),
('isMemberOf', 130, 13),
('isMemberOf', 131, 10),
('isMemberOf', 131, 13),
('isMemberOf', 132, 10),
('isMemberOf', 132, 13),
('isMemberOf', 133, 13),
('isMemberOf', 134, 10),
('isMemberOf', 134, 13),
('isMemberOf', 135, 10),
('isMemberOf', 135, 13),
('isMemberOf', 136, 13),
('isMemberOf', 137, 13),
('isMemberOf', 138, 10),
('isMemberOf', 138, 13),
('isMemberOf', 139, 13),
('isMemberOf', 140, 13),
('isMemberOf', 141, 13),
('isMemberOf', 142, 10),
('isMemberOf', 142, 13),
('isMemberOf', 143, 13),
('isMemberOf', 144, 13),
('isMemberOf', 145, 13),
('isMemberOf', 146, 13),
('isMemberOf', 147, 10),
('isMemberOf', 147, 13),
('isMemberOf', 148, 13),
('isMemberOf', 149, 10),
('isMemberOf', 149, 13),
('isMemberOf', 150, 13),
('isMemberOf', 151, 10),
('isMemberOf', 151, 13),
('isMemberOf', 152, 13),
('isMemberOf', 153, 13),
('isMemberOf', 154, 13),
('isMemberOf', 155, 13),
('isMemberOf', 156, 13),
('isMemberOf', 157, 10),
('isMemberOf', 157, 13),
('isMemberOf', 158, 10),
('isMemberOf', 158, 13),
('isMemberOf', 159, 10),
('isMemberOf', 159, 13),
('isMemberOf', 160, 10),
('isMemberOf', 160, 13),
('isMemberOf', 161, 10),
('isMemberOf', 161, 13),
('isMemberOf', 162, 10),
('isMemberOf', 162, 13),
('isMemberOf', 163, 13),
('isMemberOf', 164, 13),
('isMemberOf', 165, 13),
('isMemberOf', 166, 13),
('isMemberOf', 167, 10),
('isMemberOf', 167, 13),
('isMemberOf', 168, 13),
('isMemberOf', 169, 13),
('isMemberOf', 170, 10),
('isMemberOf', 170, 13),
('isMemberOf', 171, 13),
('isMemberOf', 172, 10),
('isMemberOf', 172, 13),
('isMemberOf', 173, 10),
('isMemberOf', 173, 13),
('isMemberOf', 174, 10),
('isMemberOf', 174, 13),
('isMemberOf', 175, 13),
('isMemberOf', 176, 10),
('isMemberOf', 176, 13),
('isMemberOf', 177, 10),
('isMemberOf', 177, 13),
('isMemberOf', 178, 10),
('isMemberOf', 178, 13),
('isMemberOf', 179, 10),
('isMemberOf', 179, 13),
('isMemberOf', 180, 13),
('isMemberOf', 181, 13),
('isMemberOf', 182, 10),
('isMemberOf', 182, 13),
('isMemberOf', 183, 13),
('isMemberOf', 184, 13),
('isMemberOf', 185, 13),
('isMemberOf', 186, 10),
('isMemberOf', 186, 13),
('isMemberOf', 187, 10),
('isMemberOf', 187, 13),
('isMemberOf', 188, 10),
('isMemberOf', 188, 13),
('isMemberOf', 189, 10),
('isMemberOf', 189, 13),
('isMemberOf', 190, 13),
('isMemberOf', 191, 10),
('isMemberOf', 191, 13),
('isMemberOf', 192, 13),
('isMemberOf', 193, 10),
('isMemberOf', 193, 13),
('isMemberOf', 194, 6),
('isMemberOf', 194, 13),
('isMemberOf', 195, 13),
('isMemberOf', 196, 13),
('isMemberOf', 197, 13),
('isMemberOf', 198, 13),
('isMemberOf', 199, 13),
('isMemberOf', 200, 7),
('isMemberOf', 200, 13),
('isMemberOf', 201, 13),
('isMemberOf', 202, 10),
('isMemberOf', 202, 13),
('isMemberOf', 203, 10),
('isMemberOf', 203, 13),
('isMemberOf', 204, 13),
('isMemberOf', 205, 13),
('isMemberOf', 206, 13),
('isMemberOf', 207, 7),
('isMemberOf', 207, 13),
('isMemberOf', 208, 13),
('isMemberOf', 209, 13),
('isMemberOf', 210, 13),
('isMemberOf', 211, 10),
('isMemberOf', 211, 13),
('isMemberOf', 212, 13),
('isMemberOf', 213, 13),
('isMemberOf', 214, 7),
('isMemberOf', 214, 13),
('isMemberOf', 215, 13),
('isMemberOf', 216, 7),
('isMemberOf', 216, 10),
('isMemberOf', 216, 13),
('isMemberOf', 217, 6),
('isMemberOf', 217, 13),
('isMemberOf', 218, 10),
('isMemberOf', 218, 13),
('isMemberOf', 219, 13),
('isMemberOf', 220, 13),
('isMemberOf', 221, 13),
('isMemberOf', 222, 13),
('isMemberOf', 223, 13),
('isMemberOf', 224, 13),
('isMemberOf', 225, 10),
('isMemberOf', 225, 13),
('isMemberOf', 226, 13),
('isMemberOf', 227, 13),
('isMemberOf', 228, 13),
('isMemberOf', 229, 13),
('isMemberOf', 230, 13),
('isMemberOf', 231, 10),
('isMemberOf', 231, 13),
('isMemberOf', 232, 13),
('isMemberOf', 233, 13),
('isMemberOf', 234, 13),
('isMemberOf', 235, 13),
('isMemberOf', 236, 13),
('isMemberOf', 237, 13),
('isMemberOf', 238, 13),
('isMemberOf', 239, 13),
('isMemberOf', 240, 13),
('isMemberOf', 241, 13),
('isMemberOf', 242, 13),
('isMemberOf', 243, 13),
('isMemberOf', 244, 13),
('isMemberOf', 245, 13),
('isMemberOf', 246, 13),
('isMemberOf', 247, 13),
('isMemberOf', 248, 13),
('isMemberOf', 249, 13),
('isMemberOf', 250, 13),
('isMemberOf', 251, 13),
('isMemberOf', 252, 13),
('isMemberOf', 253, 13),
('isMemberOf', 254, 13),
('isMemberOf', 255, 13),
('isMemberOf', 256, 13),
('isMemberOf', 257, 13),
('isMemberOf', 258, 13),
('isMemberOf', 259, 13),
('isMemberOf', 260, 13),
('isMemberOf', 261, 13),
('isMemberOf', 262, 10),
('isMemberOf', 262, 13),
('isMemberOf', 263, 13),
('isMemberOf', 264, 13),
('isMemberOf', 265, 13),
('isMemberOf', 266, 13),
('isMemberOf', 267, 13),
('isMemberOf', 268, 13),
('isMemberOf', 269, 13),
('isMemberOf', 270, 10),
('isMemberOf', 270, 13),
('isMemberOf', 271, 13),
('isMemberOf', 272, 13),
('isMemberOf', 273, 13),
('isMemberOf', 274, 5),
('isMemberOf', 274, 13),
('isMemberOf', 275, 10),
('isMemberOf', 275, 13),
('isMemberOf', 276, 13),
('isMemberOf', 277, 13),
('isMemberOf', 278, 13),
('isMemberOf', 279, 13),
('isMemberOf', 280, 10),
('isMemberOf', 280, 13),
('isMemberOf', 281, 13),
('isMemberOf', 282, 13),
('isMemberOf', 283, 10),
('isMemberOf', 283, 13),
('isMemberOf', 284, 10),
('isMemberOf', 284, 13),
('isMemberOf', 285, 10),
('isMemberOf', 285, 13),
('isMemberOf', 286, 13),
('isMemberOf', 287, 10),
('isMemberOf', 287, 13),
('isMemberOf', 288, 13),
('isMemberOf', 289, 13),
('isMemberOf', 290, 13),
('isMemberOf', 291, 13),
('isMemberOf', 292, 13),
('isMemberOf', 293, 13),
('isMemberOf', 294, 13),
('isMemberOf', 295, 10),
('isMemberOf', 295, 13),
('isMemberOf', 296, 13),
('isMemberOf', 297, 13),
('isMemberOf', 298, 13),
('isMemberOf', 299, 10),
('isMemberOf', 299, 13),
('isMemberOf', 300, 13),
('isMemberOf', 301, 13),
('isMemberOf', 302, 13),
('isMemberOf', 303, 10),
('isMemberOf', 303, 13),
('isMemberOf', 304, 10),
('isMemberOf', 304, 13),
('isMemberOf', 305, 7),
('isMemberOf', 305, 13),
('isMemberOf', 306, 10),
('isMemberOf', 306, 13),
('isMemberOf', 307, 10),
('isMemberOf', 307, 13),
('isMemberOf', 308, 10),
('isMemberOf', 308, 13),
('isMemberOf', 309, 10),
('isMemberOf', 309, 13),
('isMemberOf', 310, 10),
('isMemberOf', 310, 13),
('isMemberOf', 311, 10),
('isMemberOf', 311, 13),
('isMemberOf', 312, 10),
('isMemberOf', 312, 13),
('isMemberOf', 313, 10),
('isMemberOf', 313, 13),
('isMemberOf', 314, 10),
('isMemberOf', 314, 13),
('isMemberOf', 315, 10),
('isMemberOf', 315, 13),
('isMemberOf', 316, 10),
('isMemberOf', 316, 13),
('isMemberOf', 317, 10),
('isMemberOf', 317, 13),
('isMemberOf', 318, 10),
('isMemberOf', 318, 13),
('isMemberOf', 319, 10),
('isMemberOf', 319, 13),
('isMemberOf', 320, 10),
('isMemberOf', 320, 13),
('isMemberOf', 321, 10),
('isMemberOf', 321, 13),
('isMemberOf', 322, 10),
('isMemberOf', 322, 13),
('isMemberOf', 323, 10),
('isMemberOf', 323, 13),
('isMemberOf', 324, 10),
('isMemberOf', 324, 13),
('isMemberOf', 325, 10),
('isMemberOf', 325, 13),
('isMemberOf', 326, 10),
('isMemberOf', 326, 13),
('isMemberOf', 327, 13),
('isMemberOf', 328, 10),
('isMemberOf', 328, 13),
('isMemberOf', 329, 13),
('isMemberOf', 330, 13),
('isMemberOf', 331, 13),
('isMemberOf', 332, 10),
('isMemberOf', 332, 13),
('isMemberOf', 333, 13),
('isMemberOf', 334, 6),
('isMemberOf', 334, 13),
('isMemberOf', 335, 6),
('isMemberOf', 335, 13),
('isMemberOf', 336, 13),
('isMemberOf', 337, 13),
('isMemberOf', 338, 13),
('isMemberOf', 339, 13),
('isMemberOf', 340, 13),
('isMemberOf', 341, 13),
('isMemberOf', 342, 5),
('isMemberOf', 342, 10),
('isMemberOf', 342, 13),
('isMemberOf', 343, 10),
('isMemberOf', 343, 13),
('isMemberOf', 344, 10),
('isMemberOf', 344, 13),
('isMemberOf', 345, 10),
('isMemberOf', 345, 13),
('isMemberOf', 346, 10),
('isMemberOf', 346, 13),
('isMemberOf', 347, 13),
('isMemberOf', 348, 10),
('isMemberOf', 348, 13),
('isMemberOf', 349, 13),
('isMemberOf', 350, 13),
('isMemberOf', 351, 13),
('isMemberOf', 352, 13),
('isMemberOf', 353, 13),
('isMemberOf', 354, 13),
('isMemberOf', 355, 13),
('isMemberOf', 356, 13),
('isMemberOf', 357, 13),
('isMemberOf', 358, 13),
('isMemberOf', 359, 10),
('isMemberOf', 359, 13),
('isMemberOf', 360, 10),
('isMemberOf', 360, 13),
('isMemberOf', 361, 13),
('isMemberOf', 362, 10),
('isMemberOf', 362, 13),
('isMemberOf', 363, 10),
('isMemberOf', 363, 13),
('isMemberOf', 364, 10),
('isMemberOf', 364, 13),
('isMemberOf', 365, 10),
('isMemberOf', 365, 13),
('isMemberOf', 366, 10),
('isMemberOf', 366, 13),
('isMemberOf', 367, 13),
('isMemberOf', 368, 10),
('isMemberOf', 368, 13),
('isMemberOf', 369, 10),
('isMemberOf', 369, 13),
('isMemberOf', 370, 10),
('isMemberOf', 370, 13),
('isMemberOf', 371, 10),
('isMemberOf', 371, 13),
('isMemberOf', 372, 10),
('isMemberOf', 372, 13),
('isMemberOf', 373, 13),
('isMemberOf', 374, 13),
('isMemberOf', 375, 13),
('isMemberOf', 376, 10),
('isMemberOf', 376, 13),
('isMemberOf', 377, 13),
('isMemberOf', 378, 13),
('isMemberOf', 379, 13),
('isMemberOf', 380, 10),
('isMemberOf', 380, 13),
('isMemberOf', 381, 10),
('isMemberOf', 381, 13),
('isMemberOf', 382, 13),
('isMemberOf', 383, 10),
('isMemberOf', 383, 13),
('isMemberOf', 384, 13),
('isMemberOf', 385, 13),
('isMemberOf', 386, 10),
('isMemberOf', 386, 13),
('isMemberOf', 387, 13),
('isMemberOf', 388, 10),
('isMemberOf', 388, 13),
('isMemberOf', 389, 13),
('isMemberOf', 390, 13),
('isMemberOf', 391, 10),
('isMemberOf', 391, 13),
('isMemberOf', 392, 10),
('isMemberOf', 392, 13),
('isMemberOf', 393, 13),
('isMemberOf', 394, 10),
('isMemberOf', 394, 13),
('isMemberOf', 395, 10),
('isMemberOf', 395, 13),
('isMemberOf', 396, 10),
('isMemberOf', 396, 13),
('isMemberOf', 397, 6),
('isMemberOf', 397, 13),
('isMemberOf', 398, 10),
('isMemberOf', 398, 13),
('isMemberOf', 399, 10),
('isMemberOf', 399, 13),
('isMemberOf', 400, 10),
('isMemberOf', 400, 13),
('isMemberOf', 401, 10),
('isMemberOf', 401, 13),
('isMemberOf', 402, 10),
('isMemberOf', 402, 13),
('isMemberOf', 403, 13),
('isMemberOf', 404, 13),
('isMemberOf', 405, 10),
('isMemberOf', 405, 13),
('isMemberOf', 406, 10),
('isMemberOf', 406, 13),
('isMemberOf', 407, 10),
('isMemberOf', 407, 13),
('isMemberOf', 408, 10),
('isMemberOf', 408, 13),
('isMemberOf', 409, 13),
('isMemberOf', 410, 10),
('isMemberOf', 410, 13),
('isMemberOf', 411, 13),
('isMemberOf', 412, 10),
('isMemberOf', 412, 13),
('isMemberOf', 413, 10),
('isMemberOf', 413, 13),
('isMemberOf', 414, 10),
('isMemberOf', 414, 13),
('isMemberOf', 415, 10),
('isMemberOf', 415, 13),
('isMemberOf', 416, 10),
('isMemberOf', 416, 13),
('isMemberOf', 417, 13),
('isMemberOf', 418, 13),
('isMemberOf', 419, 13),
('isMemberOf', 420, 10),
('isMemberOf', 420, 13),
('isMemberOf', 421, 13),
('isMemberOf', 422, 10),
('isMemberOf', 422, 13),
('isMemberOf', 423, 10),
('isMemberOf', 423, 13),
('isMemberOf', 424, 10),
('isMemberOf', 424, 13),
('isMemberOf', 425, 10),
('isMemberOf', 425, 13),
('isMemberOf', 426, 10),
('isMemberOf', 426, 13),
('isMemberOf', 427, 10),
('isMemberOf', 427, 13),
('isMemberOf', 428, 10),
('isMemberOf', 428, 13),
('isMemberOf', 429, 10),
('isMemberOf', 429, 13),
('isMemberOf', 430, 10),
('isMemberOf', 430, 13),
('isMemberOf', 431, 10),
('isMemberOf', 431, 13),
('isMemberOf', 432, 10),
('isMemberOf', 432, 13),
('isMemberOf', 433, 13),
('isMemberOf', 434, 10),
('isMemberOf', 434, 13),
('isMemberOf', 435, 13),
('isMemberOf', 436, 13),
('isMemberOf', 437, 13),
('isMemberOf', 438, 13),
('isMemberOf', 439, 13),
('isMemberOf', 440, 13),
('isMemberOf', 441, 13),
('isMemberOf', 442, 10),
('isMemberOf', 442, 13),
('isMemberOf', 443, 13),
('isMemberOf', 444, 13),
('isMemberOf', 445, 6),
('isMemberOf', 445, 13),
('isMemberOf', 446, 10),
('isMemberOf', 446, 13),
('isMemberOf', 447, 10),
('isMemberOf', 447, 13),
('isMemberOf', 448, 10),
('isMemberOf', 448, 13),
('isMemberOf', 449, 10),
('isMemberOf', 449, 13),
('isMemberOf', 450, 10),
('isMemberOf', 450, 13),
('isMemberOf', 451, 10),
('isMemberOf', 451, 13),
('isMemberOf', 452, 13),
('isMemberOf', 453, 13),
('isMemberOf', 454, 10),
('isMemberOf', 454, 13),
('isMemberOf', 455, 13),
('isMemberOf', 456, 13),
('isMemberOf', 457, 13),
('isMemberOf', 458, 5),
('isMemberOf', 458, 13),
('isMemberOf', 459, 13),
('isMemberOf', 460, 10),
('isMemberOf', 460, 13),
('isMemberOf', 461, 10),
('isMemberOf', 461, 13),
('isMemberOf', 462, 13),
('isMemberOf', 463, 13),
('isMemberOf', 464, 13),
('isMemberOf', 465, 13),
('isMemberOf', 466, 10),
('isMemberOf', 466, 13),
('isMemberOf', 467, 13),
('isMemberOf', 468, 13),
('isMemberOf', 469, 13),
('isMemberOf', 470, 13),
('isMemberOf', 471, 13),
('isMemberOf', 472, 13),
('isMemberOf', 473, 10),
('isMemberOf', 473, 13),
('isMemberOf', 474, 13),
('isMemberOf', 475, 13),
('isMemberOf', 476, 13),
('isMemberOf', 477, 10),
('isMemberOf', 477, 13),
('isMemberOf', 478, 13),
('isMemberOf', 479, 13),
('isMemberOf', 480, 13),
('isMemberOf', 481, 13),
('isMemberOf', 482, 10),
('isMemberOf', 482, 13),
('isMemberOf', 483, 13),
('isMemberOf', 484, 10),
('isMemberOf', 484, 13),
('isMemberOf', 485, 10),
('isMemberOf', 485, 13),
('isMemberOf', 486, 10),
('isMemberOf', 486, 13),
('isMemberOf', 487, 13),
('isMemberOf', 488, 13),
('isMemberOf', 489, 13),
('isMemberOf', 490, 13),
('isMemberOf', 491, 10),
('isMemberOf', 491, 13),
('isMemberOf', 492, 10),
('isMemberOf', 492, 13),
('isMemberOf', 493, 13),
('isMemberOf', 494, 13),
('isMemberOf', 495, 13),
('isMemberOf', 496, 13),
('isMemberOf', 497, 13),
('isMemberOf', 498, 13),
('isMemberOf', 499, 13),
('isMemberOf', 500, 10),
('isMemberOf', 500, 13),
('isMemberOf', 501, 10),
('isMemberOf', 501, 13),
('isMemberOf', 502, 10),
('isMemberOf', 502, 13),
('isMemberOf', 503, 10),
('isMemberOf', 503, 13),
('isMemberOf', 504, 13),
('isMemberOf', 505, 13),
('isMemberOf', 506, 10),
('isMemberOf', 506, 13),
('isMemberOf', 507, 10),
('isMemberOf', 507, 13),
('isMemberOf', 508, 10),
('isMemberOf', 508, 13),
('isMemberOf', 509, 13),
('isMemberOf', 510, 13),
('isMemberOf', 511, 13),
('isMemberOf', 512, 13),
('isMemberOf', 513, 13),
('isMemberOf', 514, 13),
('isMemberOf', 515, 7),
('isMemberOf', 515, 13),
('isMemberOf', 516, 13),
('isMemberOf', 517, 13),
('isMemberOf', 518, 13),
('isMemberOf', 519, 13),
('isMemberOf', 520, 13),
('isMemberOf', 521, 13),
('isMemberOf', 522, 13),
('isMemberOf', 523, 10),
('isMemberOf', 523, 13),
('isMemberOf', 524, 10),
('isMemberOf', 524, 13),
('isMemberOf', 525, 10),
('isMemberOf', 525, 13),
('isMemberOf', 526, 10),
('isMemberOf', 526, 13),
('isMemberOf', 527, 13),
('isMemberOf', 528, 10),
('isMemberOf', 528, 13),
('isMemberOf', 529, 10),
('isMemberOf', 529, 13),
('isMemberOf', 530, 13),
('isMemberOf', 531, 13),
('isMemberOf', 532, 10),
('isMemberOf', 532, 13),
('isMemberOf', 533, 13),
('isMemberOf', 534, 13),
('isMemberOf', 535, 10),
('isMemberOf', 535, 13),
('isMemberOf', 536, 10),
('isMemberOf', 536, 13),
('isMemberOf', 537, 10),
('isMemberOf', 537, 13),
('isMemberOf', 538, 13),
('isMemberOf', 539, 10),
('isMemberOf', 539, 13),
('isMemberOf', 540, 10),
('isMemberOf', 540, 13),
('isMemberOf', 541, 10),
('isMemberOf', 541, 13),
('isMemberOf', 542, 13),
('isMemberOf', 543, 10),
('isMemberOf', 543, 13),
('isMemberOf', 544, 13),
('isMemberOf', 545, 13),
('isMemberOf', 546, 10),
('isMemberOf', 546, 13),
('isMemberOf', 547, 10),
('isMemberOf', 547, 13),
('isMemberOf', 548, 10),
('isMemberOf', 548, 13),
('isMemberOf', 549, 10),
('isMemberOf', 549, 13),
('isMemberOf', 550, 13),
('isMemberOf', 551, 13),
('isMemberOf', 552, 10),
('isMemberOf', 552, 13),
('isMemberOf', 553, 13),
('isMemberOf', 554, 13),
('isMemberOf', 555, 13),
('isMemberOf', 556, 13),
('isMemberOf', 557, 13),
('isMemberOf', 558, 13),
('isMemberOf', 559, 13),
('isMemberOf', 560, 10),
('isMemberOf', 560, 13),
('isMemberOf', 561, 10),
('isMemberOf', 561, 13),
('isMemberOf', 562, 13),
('isMemberOf', 563, 13),
('isMemberOf', 564, 13),
('isMemberOf', 565, 13),
('isMemberOf', 566, 13),
('isMemberOf', 567, 13),
('isMemberOf', 568, 13),
('isMemberOf', 569, 7),
('isMemberOf', 569, 10),
('isMemberOf', 569, 13),
('isMemberOf', 570, 13),
('isMemberOf', 571, 13),
('isMemberOf', 572, 13),
('isMemberOf', 573, 13),
('isMemberOf', 574, 13),
('isMemberOf', 575, 13),
('isMemberOf', 576, 13),
('isMemberOf', 577, 13),
('isMemberOf', 578, 13),
('isMemberOf', 579, 13),
('isMemberOf', 580, 13),
('isMemberOf', 581, 13),
('isMemberOf', 582, 13),
('isMemberOf', 583, 10),
('isMemberOf', 583, 13),
('isMemberOf', 584, 13),
('isMemberOf', 585, 13),
('isMemberOf', 586, 13),
('isMemberOf', 587, 10),
('isMemberOf', 587, 13),
('isMemberOf', 588, 13),
('isMemberOf', 589, 13),
('isMemberOf', 590, 5),
('isMemberOf', 590, 10),
('isMemberOf', 590, 13),
('isMemberOf', 591, 10),
('isMemberOf', 591, 13),
('isMemberOf', 592, 10),
('isMemberOf', 592, 13),
('isMemberOf', 593, 10),
('isMemberOf', 593, 13),
('isMemberOf', 594, 10),
('isMemberOf', 594, 13),
('isMemberOf', 595, 10),
('isMemberOf', 595, 13),
('isMemberOf', 596, 10),
('isMemberOf', 596, 13),
('isMemberOf', 597, 10),
('isMemberOf', 597, 13),
('isMemberOf', 598, 10),
('isMemberOf', 598, 13),
('isMemberOf', 599, 10),
('isMemberOf', 599, 13),
('isMemberOf', 600, 10),
('isMemberOf', 600, 13),
('isMemberOf', 601, 10),
('isMemberOf', 601, 13),
('isMemberOf', 602, 10),
('isMemberOf', 602, 13),
('isMemberOf', 603, 10),
('isMemberOf', 603, 13),
('isMemberOf', 604, 13),
('isMemberOf', 605, 13),
('isMemberOf', 606, 7),
('isMemberOf', 606, 10),
('isMemberOf', 606, 13),
('isMemberOf', 607, 13),
('isMemberOf', 608, 10),
('isMemberOf', 608, 13),
('isMemberOf', 609, 13),
('isMemberOf', 610, 10),
('isMemberOf', 610, 13),
('isMemberOf', 611, 13),
('isMemberOf', 612, 13),
('isMemberOf', 613, 13),
('isMemberOf', 614, 13),
('isMemberOf', 615, 10),
('isMemberOf', 615, 13),
('isMemberOf', 616, 10),
('isMemberOf', 616, 13),
('isMemberOf', 617, 10),
('isMemberOf', 617, 13),
('isMemberOf', 618, 13),
('isMemberOf', 619, 13),
('isMemberOf', 620, 10),
('isMemberOf', 620, 13),
('isMemberOf', 621, 13),
('isMemberOf', 622, 13),
('isMemberOf', 623, 10),
('isMemberOf', 623, 13),
('isMemberOf', 624, 10),
('isMemberOf', 624, 13),
('isMemberOf', 625, 10),
('isMemberOf', 625, 13),
('isMemberOf', 626, 10),
('isMemberOf', 626, 13),
('isMemberOf', 627, 13),
('isMemberOf', 628, 13),
('isMemberOf', 629, 13),
('isMemberOf', 630, 13),
('isMemberOf', 631, 13),
('isMemberOf', 632, 13),
('isMemberOf', 633, 13),
('isMemberOf', 634, 13),
('isMemberOf', 635, 13),
('isMemberOf', 636, 13),
('isMemberOf', 637, 13),
('isMemberOf', 638, 13),
('isMemberOf', 639, 10),
('isMemberOf', 639, 13),
('isMemberOf', 640, 10),
('isMemberOf', 640, 13),
('isMemberOf', 641, 13),
('isMemberOf', 642, 13),
('isMemberOf', 643, 13),
('isMemberOf', 644, 13),
('isMemberOf', 645, 10),
('isMemberOf', 645, 13),
('isMemberOf', 646, 13),
('isMemberOf', 647, 13),
('isMemberOf', 648, 13),
('isMemberOf', 649, 13),
('isMemberOf', 650, 13),
('isMemberOf', 651, 13),
('isMemberOf', 652, 13),
('isMemberOf', 653, 13),
('isMemberOf', 654, 13),
('isMemberOf', 655, 13),
('isMemberOf', 656, 13),
('isMemberOf', 657, 13),
('isMemberOf', 658, 13),
('isMemberOf', 659, 13),
('isMemberOf', 660, 13),
('isMemberOf', 661, 13),
('isMemberOf', 662, 13),
('isMemberOf', 663, 13),
('isMemberOf', 664, 13),
('isMemberOf', 665, 13),
('isMemberOf', 666, 13),
('isMemberOf', 667, 13),
('isMemberOf', 668, 10),
('isMemberOf', 668, 13),
('isMemberOf', 669, 7),
('isMemberOf', 669, 10),
('isMemberOf', 669, 13),
('isMemberOf', 670, 5),
('isMemberOf', 670, 13),
('isMemberOf', 671, 13),
('isMemberOf', 672, 13),
('isMemberOf', 673, 13),
('isMemberOf', 674, 10),
('isMemberOf', 674, 13),
('isMemberOf', 675, 10),
('isMemberOf', 675, 13),
('isMemberOf', 676, 10),
('isMemberOf', 676, 13),
('isMemberOf', 677, 10),
('isMemberOf', 677, 13),
('isMemberOf', 678, 10),
('isMemberOf', 678, 13),
('isMemberOf', 679, 13),
('isMemberOf', 680, 10),
('isMemberOf', 680, 13),
('isMemberOf', 681, 10),
('isMemberOf', 681, 13),
('isMemberOf', 682, 13),
('isMemberOf', 683, 13),
('isMemberOf', 684, 13),
('isMemberOf', 685, 13),
('isMemberOf', 686, 13),
('isMemberOf', 687, 13),
('isMemberOf', 688, 10),
('isMemberOf', 688, 13),
('isMemberOf', 689, 13),
('isMemberOf', 690, 13),
('isMemberOf', 691, 13),
('isMemberOf', 692, 13),
('isMemberOf', 693, 13),
('isMemberOf', 694, 13),
('isMemberOf', 695, 13),
('isMemberOf', 696, 13),
('isMemberOf', 697, 10),
('isMemberOf', 697, 13),
('isMemberOf', 698, 10),
('isMemberOf', 698, 13),
('isMemberOf', 699, 10),
('isMemberOf', 699, 13),
('isMemberOf', 700, 10),
('isMemberOf', 700, 13),
('isMemberOf', 701, 10),
('isMemberOf', 701, 13),
('isMemberOf', 702, 13),
('isMemberOf', 703, 13),
('isMemberOf', 704, 13),
('isMemberOf', 705, 13),
('isMemberOf', 706, 10),
('isMemberOf', 706, 13),
('isMemberOf', 707, 13),
('isMemberOf', 708, 13),
('isMemberOf', 709, 13),
('isMemberOf', 710, 13),
('isMemberOf', 711, 13),
('isMemberOf', 712, 13),
('isMemberOf', 713, 13),
('isMemberOf', 714, 13),
('isMemberOf', 715, 13),
('isMemberOf', 716, 13),
('isMemberOf', 717, 13),
('isMemberOf', 718, 13),
('isMemberOf', 719, 13),
('isMemberOf', 720, 13),
('isMemberOf', 721, 13),
('isMemberOf', 722, 10),
('isMemberOf', 722, 13),
('isMemberOf', 723, 10),
('isMemberOf', 723, 13),
('isMemberOf', 724, 10),
('isMemberOf', 724, 13),
('isMemberOf', 725, 10),
('isMemberOf', 725, 13),
('isMemberOf', 726, 10),
('isMemberOf', 726, 13),
('isMemberOf', 727, 13),
('isMemberOf', 728, 10),
('isMemberOf', 728, 13),
('isMemberOf', 729, 13),
('isMemberOf', 730, 13),
('isMemberOf', 731, 13),
('isMemberOf', 732, 13),
('isMemberOf', 733, 13),
('isMemberOf', 734, 13),
('isMemberOf', 735, 13),
('isMemberOf', 736, 10),
('isMemberOf', 736, 13),
('isMemberOf', 737, 13),
('isMemberOf', 738, 13),
('isMemberOf', 739, 13),
('isMemberOf', 740, 13),
('isMemberOf', 741, 13),
('isMemberOf', 742, 7),
('isMemberOf', 742, 10),
('isMemberOf', 742, 13),
('isMemberOf', 743, 13),
('isMemberOf', 744, 10),
('isMemberOf', 744, 13),
('isMemberOf', 745, 13),
('isMemberOf', 746, 10),
('isMemberOf', 746, 13),
('isMemberOf', 747, 13),
('isMemberOf', 748, 13),
('isMemberOf', 749, 13),
('isMemberOf', 750, 13),
('isMemberOf', 751, 13),
('isMemberOf', 752, 13),
('isMemberOf', 753, 13),
('isMemberOf', 754, 13),
('isMemberOf', 755, 13),
('isMemberOf', 756, 13),
('isMemberOf', 757, 13),
('isMemberOf', 758, 10),
('isMemberOf', 758, 13),
('isMemberOf', 759, 13),
('isMemberOf', 760, 13),
('isMemberOf', 761, 13),
('isMemberOf', 762, 13),
('isMemberOf', 763, 13),
('isMemberOf', 764, 13),
('isMemberOf', 765, 13),
('isMemberOf', 766, 13),
('isMemberOf', 767, 13),
('isMemberOf', 768, 13),
('isMemberOf', 769, 13),
('isMemberOf', 770, 13),
('isMemberOf', 771, 13),
('isMemberOf', 772, 13),
('isMemberOf', 773, 13),
('isMemberOf', 774, 13),
('isMemberOf', 775, 13),
('isMemberOf', 776, 13),
('isMemberOf', 777, 13),
('isMemberOf', 778, 5),
('isMemberOf', 778, 6),
('isMemberOf', 778, 13),
('isMemberOf', 779, 13),
('isMemberOf', 780, 13),
('isMemberOf', 781, 13),
('isMemberOf', 782, 13),
('isMemberOf', 783, 13),
('isMemberOf', 784, 13),
('isMemberOf', 785, 13),
('isMemberOf', 786, 13),
('isMemberOf', 787, 13);

-- --------------------------------------------------------

--
-- Tabellenstruktur für Tabelle `security_role`
--

DROP TABLE IF EXISTS `security_role`;
CREATE TABLE IF NOT EXISTS `security_role` (
  `ID` int(11) NOT NULL,
  `APPLICATION_ID` int(11) NOT NULL,
  `NAME` varchar(150) COLLATE utf8_unicode_ci NOT NULL,
  PRIMARY KEY (`ID`)
) ENGINE=InnoDB DEFAULT CHARSET=utf8 COLLATE=utf8_unicode_ci;

--
-- Daten für Tabelle `security_role`
--


-- --------------------------------------------------------

--
-- Tabellenstruktur für Tabelle `security_role_reference`
--

DROP TABLE IF EXISTS `security_role_reference`;
CREATE TABLE IF NOT EXISTS `security_role_reference` (
  `ID` int(11) NOT NULL,
  `PORTLET_DEFINITION_ID` int(11) NOT NULL,
  `ROLE_NAME` varchar(150) COLLATE utf8_unicode_ci NOT NULL,
  `ROLE_LINK` varchar(150) COLLATE utf8_unicode_ci DEFAULT NULL,
  PRIMARY KEY (`ID`)
) ENGINE=InnoDB DEFAULT CHARSET=utf8 COLLATE=utf8_unicode_ci;

--
-- Daten für Tabelle `security_role_reference`
--


-- --------------------------------------------------------

--
-- Tabellenstruktur für Tabelle `sso_site`
--

DROP TABLE IF EXISTS `sso_site`;
CREATE TABLE IF NOT EXISTS `sso_site` (
  `SITE_ID` int(11) NOT NULL,
  `NAME` varchar(254) COLLATE utf8_unicode_ci NOT NULL,
  `URL` varchar(254) COLLATE utf8_unicode_ci NOT NULL,
  `ALLOW_USER_SET` smallint(6) DEFAULT '0',
  `REQUIRES_CERTIFICATE` smallint(6) DEFAULT '0',
  `CHALLENGE_RESPONSE_AUTH` smallint(6) DEFAULT '0',
  `FORM_AUTH` smallint(6) DEFAULT '0',
  `FORM_USER_FIELD` varchar(128) COLLATE utf8_unicode_ci DEFAULT NULL,
  `FORM_PWD_FIELD` varchar(128) COLLATE utf8_unicode_ci DEFAULT NULL,
  `REALM` varchar(128) COLLATE utf8_unicode_ci DEFAULT NULL,
  `DOMAIN_ID` int(11) NOT NULL,
  PRIMARY KEY (`SITE_ID`),
  UNIQUE KEY `UIX_SITE_NAME` (`NAME`),
  UNIQUE KEY `UIX_SITE_URL` (`URL`),
  KEY `IX_SECURITY_DOMAIN_2` (`DOMAIN_ID`)
) ENGINE=InnoDB DEFAULT CHARSET=utf8 COLLATE=utf8_unicode_ci;

--
-- Daten für Tabelle `sso_site`
--


-- --------------------------------------------------------

--
-- Tabellenstruktur für Tabelle `user_activity`
--

DROP TABLE IF EXISTS `user_activity`;
CREATE TABLE IF NOT EXISTS `user_activity` (
  `ACTIVITY` varchar(40) COLLATE utf8_unicode_ci DEFAULT NULL,
  `CATEGORY` varchar(40) COLLATE utf8_unicode_ci DEFAULT NULL,
  `USER_NAME` varchar(80) COLLATE utf8_unicode_ci DEFAULT NULL,
  `TIME_STAMP` datetime DEFAULT NULL,
  `IPADDRESS` varchar(80) COLLATE utf8_unicode_ci DEFAULT NULL,
  `ATTR_NAME` varchar(200) COLLATE utf8_unicode_ci DEFAULT NULL,
  `ATTR_VALUE_BEFORE` varchar(1000) COLLATE utf8_unicode_ci DEFAULT NULL,
  `ATTR_VALUE_AFTER` varchar(1000) COLLATE utf8_unicode_ci DEFAULT NULL,
  `DESCRIPTION` varchar(128) COLLATE utf8_unicode_ci DEFAULT NULL
) ENGINE=InnoDB DEFAULT CHARSET=utf8 COLLATE=utf8_unicode_ci;

--
-- Daten für Tabelle `user_activity`
--


-- --------------------------------------------------------

--
-- Tabellenstruktur für Tabelle `user_attribute`
--

DROP TABLE IF EXISTS `user_attribute`;
CREATE TABLE IF NOT EXISTS `user_attribute` (
  `ID` int(11) NOT NULL,
  `APPLICATION_ID` int(11) NOT NULL,
  `NAME` varchar(150) COLLATE utf8_unicode_ci DEFAULT NULL,
  PRIMARY KEY (`ID`)
) ENGINE=InnoDB DEFAULT CHARSET=utf8 COLLATE=utf8_unicode_ci;

--
-- Daten für Tabelle `user_attribute`
--


-- --------------------------------------------------------

--
-- Tabellenstruktur für Tabelle `user_attribute_ref`
--

DROP TABLE IF EXISTS `user_attribute_ref`;
CREATE TABLE IF NOT EXISTS `user_attribute_ref` (
  `ID` int(11) NOT NULL,
  `APPLICATION_ID` int(11) NOT NULL,
  `NAME` varchar(150) COLLATE utf8_unicode_ci DEFAULT NULL,
  `NAME_LINK` varchar(150) COLLATE utf8_unicode_ci DEFAULT NULL,
  PRIMARY KEY (`ID`)
) ENGINE=InnoDB DEFAULT CHARSET=utf8 COLLATE=utf8_unicode_ci;

--
-- Daten für Tabelle `user_attribute_ref`
--


-- --------------------------------------------------------

--
-- Tabellenstruktur für Tabelle `user_statistics`
--

DROP TABLE IF EXISTS `user_statistics`;
CREATE TABLE IF NOT EXISTS `user_statistics` (
  `IPADDRESS` varchar(80) COLLATE utf8_unicode_ci DEFAULT NULL,
  `USER_NAME` varchar(80) COLLATE utf8_unicode_ci DEFAULT NULL,
  `TIME_STAMP` datetime DEFAULT NULL,
  `STATUS` int(11) DEFAULT NULL,
  `ELAPSED_TIME` bigint(20) DEFAULT NULL
) ENGINE=InnoDB DEFAULT CHARSET=utf8 COLLATE=utf8_unicode_ci;

--
-- Daten für Tabelle `user_statistics`
--


--
-- Constraints der exportierten Tabellen
--

--
-- Constraints der Tabelle `folder`
--
ALTER TABLE `folder`
  ADD CONSTRAINT `FK_FOLDER_1` FOREIGN KEY (`PARENT_ID`) REFERENCES `folder` (`FOLDER_ID`) ON DELETE CASCADE;
